adopted,agency,assumptions,chemical,ci_high,ci_low,clearance_mL_kg_day,document,jurisdiction_level,method,model,page_or_table,parameter,primary_source_cited,provenance,sex,species,units,units_as_published,url,value,value_as_published,year
,OEHHA,All exposure assessments assumed at steady state; slope of regression = clearance; absorption efficiency 0.91 for drinking-water arm; option A-3 preferred over Vd x ln2/T1/2 because it bypasses separate Vd and T1/2 estimation and uses human data only,PFOA,,,,Public Health Goals for PFOA and PFOS in Drinking Water (final technical support document),,,steady-state linear regression of intake vs serum across 8 exposure studies (no explicit Vd or T1/2 needed),Exec. Summary p.9; Sec 4.9 Fig 4.9.1 p.61; Table 4.9.3 p.64 (option A-3),clearance (CL) - ADOPTED for serum-to-dose conversion,Fromme 2007; Trudel 2008; Frisbee 2009; Brede 2010; Thompson 2010; Haug 2011; Lorber & Egeghy 2011; Vestergren 2012,regulatory_values.csv,M+F,human,L/kg-day,,https://oehha.ca.gov/sites/default/files/media/2024-10/pfoapfosphgfinaldraft040524.pdf,2.8e-4,,2024
,OEHHA,"Ronneby Sweden drinking water 8,000 ng/L; median serum 372 ng/mL in residents exposed >=10 y (N=1,176); water intake 1.4 L/d; absorption efficiency fa=0.9; BW 70 kg; steady state assumed by 2013; >=10 y subgroup chosen over >=29 y because 45.7% of the latter were 66-94 y and violate steady state",PFOS,,,,Public Health Goals for PFOA and PFOS in Drinking Water (final technical support document),,,one-compartment steady state: CL = Cw*1.4 L/d*fa /(Cserum*BW),Exec. Summary p.9; Sec 4.9 p.62; Table 4.9.3 p.64 (option S-2),clearance (CL) - ADOPTED for serum-to-dose conversion,Li et al. 2018c (Ronneby); Silva et al. 2020,regulatory_values.csv,M+F,human,L/kg-day,,https://oehha.ca.gov/sites/default/files/media/2024-10/pfoapfosphgfinaldraft040524.pdf,3.9e-4,,2024
,OEHHA,"Described as 'the best available estimate for PFOA T1/2 to date'; preferred over Bartell 2010 (2.3 y) used by US EPA 2016; used only for Vd calculation (option A-4), not for the adopted clearance",PFOA,,,,Public Health Goals for PFOA and PFOS in Drinking Water (final technical support document),,,first-order disappearance after cessation of drinking-water exposure,Sec 4.7 p.50; Table 4.7.1 p.51; Table 4.9.3 p.64,serum elimination half-life (T1/2) - ADOPTED,"Li et al. 2017e (C8 Panel reanalysis, N=455); Li et al. 2018c (Ronneby, N=106)",regulatory_values.csv,M+F,human,years,,https://oehha.ca.gov/sites/default/files/media/2024-10/pfoapfosphgfinaldraft040524.pdf,2.7,,2024
,OEHHA,Chosen as 'the best estimate based on available evidence'; replaces Olsen et al. 2007 (5.4 y) used by US EPA 2016,PFOS,,,,Public Health Goals for PFOA and PFOS in Drinking Water (final technical support document),,,first-order disappearance after cessation of drinking-water exposure,Sec 4.7 p.52; Table 4.7.2 p.52-53; Table 4.9.3 p.64,serum elimination half-life (T1/2) - ADOPTED,"Li et al. 2018c (Ronneby, N=106)",regulatory_values.csv,M+F,human,years,,https://oehha.ca.gov/sites/default/files/media/2024-10/pfoapfosphgfinaldraft040524.pdf,3.4,,2024
,OEHHA,"Little Hocking 3,550 ng/L water -> 227.58 ng/mL serum gives 335 mL/kg; Lubeck 500 ng/L -> 92.36 ng/mL gives 116 mL/kg; average 225 mL/kg; fa=0.91; BW 71.8 kg; T1/2=2.3 y; uses Frisbee 2009 C8 Panel serum rather than Emmett 2006 which OEHHA judged biased high",PFOA,335,116,,Public Health Goals for PFOA and PFOS in Drinking Water (final technical support document),,,1-compartment steady state Vd = Cw*1.4 L/d*fa*T1/2/(Cserum*ln2*BW),Sec 4.8 p.58; Table 4.9.3 p.64 (option A-2),volume of distribution (Vd) - OEHHA recalculation,Frisbee et al. 2009 (serum); Thompson et al. 2010 (method); Bartell et al. 2010 (T1/2),regulatory_values.csv,M+F,human,mL/kg,,https://oehha.ca.gov/sites/default/files/media/2024-10/pfoapfosphgfinaldraft040524.pdf,225,,2024
,OEHHA,"Ronneby: 8,000 ng/L water, 372 ng/mL serum, fa=0.9, T1/2=3.4 y, BW 70 kg. Table 4.9.3 lists 1,160 mL/kg for option S-2 (value implied by the adopted CL of 3.9e-4 L/kg-d and T1/2 3.4 y); the two numbers are not reconciled in the document",PFOS,,,,Public Health Goals for PFOA and PFOS in Drinking Water (final technical support document),,,1-compartment steady state Vd = Cw*1.4 L/d*fa*T1/2/(Cserum*ln2*BW),"Sec 4.8 p.59 (693 mL/kg); Table 4.9.3 p.64 (1,160 mL/kg)",volume of distribution (Vd) - OEHHA recalculation,Li et al. 2018c; Silva et al. 2020,regulatory_values.csv,M+F,human,mL/kg,,https://oehha.ca.gov/sites/default/files/media/2024-10/pfoapfosphgfinaldraft040524.pdf,693,,2024
,OEHHA,Bile flux 5 mL/kg-day (Davies & Morris 1993); bile:serum ratio 0.23 (average of 0.21 and 0.25); GM human renal clearance 0.060 mL/kg-day from 6 studies; reported as <=250 mL/kg (upper limit); corresponding CL <=1.75e-4 L/kg-day,PFOA,,,,Public Health Goals for PFOA and PFOS in Drinking Water (final technical support document),,,mass balance on renal + biliary clearance with enterohepatic reabsorption,Sec 4.9 p.59-60; Table 4.9.3 p.64 (option A-4),volume of distribution (Vd) - upper-limit alternative,Harada et al. 2007b; Fujii et al. 2015; Li et al. 2017e,regulatory_values.csv,M+F,human,mL/kg,,https://oehha.ca.gov/sites/default/files/media/2024-10/pfoapfosphgfinaldraft040524.pdf,250,,2024
,OEHHA,Bile flux 5 mL/kg-day; bile:serum ratio 0.6 (N=4 patients); GM human renal clearance 0.016 mL/kg-day from 6 studies; reported as <=616-620 mL/kg; corresponding CL <=3.16e-4 (3.2e-4) L/kg-day,PFOS,,,,Public Health Goals for PFOA and PFOS in Drinking Water (final technical support document),,,mass balance on renal + biliary clearance with enterohepatic reabsorption,Sec 4.9 p.63; Table 4.9.3 p.64 (option S-3),volume of distribution (Vd) - upper-limit alternative,Harada et al. 2007b; Li et al. 2018c,regulatory_values.csv,M+F,human,mL/kg,,https://oehha.ca.gov/sites/default/files/media/2024-10/pfoapfosphgfinaldraft040524.pdf,620,,2024
,OEHHA,Geometric mean of 6 studies AFTER excluding Zhang et al. 2013b (0.79 mL/kg-day) as an outlier; next-highest value was 0.09 mL/kg-day; Harada 2005a two sexes averaged,PFOA,,,,Public Health Goals for PFOA and PFOS in Drinking Water (final technical support document),,,"direct measurement, urine:serum",Table 4.5.1 p.43,renal clearance (CLR) geometric mean,Fu 2016; Gao 2015b; Zhang 2015; Fujii 2015; Zhou 2014; Harada 2005a,regulatory_values.csv,M+F,human,mL/kg-day,,https://oehha.ca.gov/sites/default/files/media/2024-10/pfoapfosphgfinaldraft040524.pdf,0.059,,2024
,OEHHA,Geometric mean of 6 studies; Zhang 2013b PFOS value (0.031) was retained (only the PFOA value was excluded as an outlier),PFOS,,,,Public Health Goals for PFOA and PFOS in Drinking Water (final technical support document),,,"direct measurement, urine:serum",Table 4.5.1 p.43,renal clearance (CLR) geometric mean,Fu 2016; Gao 2015b; Zhang 2015; Zhou 2014; Zhang 2013b; Harada 2005a,regulatory_values.csv,M+F,human,mL/kg-day,,https://oehha.ca.gov/sites/default/files/media/2024-10/pfoapfosphgfinaldraft040524.pdf,0.016,,2024
,OEHHA,Unbound fraction in blood fu assumed 0.02; OEHHA states this reabsorption 'would explain the exceptionally long human T1/2 relative to animals',PFOA,,,,Public Health Goals for PFOA and PFOS in Drinking Water (final technical support document),,,comparison of GFR x unbound fraction vs measured CLR,Sec 4.5 p.43; Appendix 6 Table A6.4,renal tubular reabsorption fraction,Han et al. 2012 (adapted),regulatory_values.csv,M+F,human,percent,,https://oehha.ca.gov/sites/default/files/media/2024-10/pfoapfosphgfinaldraft040524.pdf,99.8,,2024
,OEHHA,OEHHA declined US EPA 2019 updated DWI rates as not representative of California residents,PFOA,,,,Public Health Goals for PFOA and PFOS in Drinking Water (final technical support document),,,exposure factor (not TK),Exec. Summary p.~11,lifetime-weighted drinking water intake rate,OEHHA 2012 peer-reviewed California DWI rates,regulatory_values.csv,M+F,human,L/kg-day,,https://oehha.ca.gov/sites/default/files/media/2024-10/pfoapfosphgfinaldraft040524.pdf,0.053,,2024
,OEHHA,OEHHA reproduced Pizzurro 2019 compilation; human values in same table were those chosen by US EPA 2016,PFOA,,,,Public Health Goals for PFOA and PFOS in Drinking Water (final technical support document),,,as reported in cited review,Table 4.1.1 p.37,serum elimination half-life,Pizzurro et al. 2019 (review),regulatory_values.csv,F,rat,hours,,https://oehha.ca.gov/sites/default/files/media/2024-10/pfoapfosphgfinaldraft040524.pdf,1.9-4.6,,2024
,OEHHA,OEHHA reproduced Pizzurro 2019 compilation; human values in same table were those chosen by US EPA 2016,PFOA,,,,Public Health Goals for PFOA and PFOS in Drinking Water (final technical support document),,,as reported in cited review,Table 4.1.1 p.37,serum elimination half-life,Pizzurro et al. 2019 (review),regulatory_values.csv,M,rat,days,,https://oehha.ca.gov/sites/default/files/media/2024-10/pfoapfosphgfinaldraft040524.pdf,1.5-15,,2024
,OEHHA,OEHHA reproduced Pizzurro 2019 compilation; human values in same table were those chosen by US EPA 2016,PFOA,,,,Public Health Goals for PFOA and PFOS in Drinking Water (final technical support document),,,as reported in cited review,Table 4.1.1 p.37,serum elimination half-life,Pizzurro et al. 2019 (review),regulatory_values.csv,F,rat,hours,,https://oehha.ca.gov/sites/default/files/media/2024-10/pfoapfosphgfinaldraft040524.pdf,16.2,,2024
,OEHHA,OEHHA reproduced Pizzurro 2019 compilation; human values in same table were those chosen by US EPA 2016,PFOA,,,,Public Health Goals for PFOA and PFOS in Drinking Water (final technical support document),,,as reported in cited review,Table 4.1.1 p.37,serum elimination half-life,Pizzurro et al. 2019 (review),regulatory_values.csv,M,rat,days,,https://oehha.ca.gov/sites/default/files/media/2024-10/pfoapfosphgfinaldraft040524.pdf,6.5,,2024
,OEHHA,OEHHA reproduced Pizzurro 2019 compilation; human values in same table were those chosen by US EPA 2016,PFOA,,,,Public Health Goals for PFOA and PFOS in Drinking Water (final technical support document),,,as reported in cited review,Table 4.1.1 p.37,serum elimination half-life,Pizzurro et al. 2019 (review),regulatory_values.csv,F,rat,hours,,https://oehha.ca.gov/sites/default/files/media/2024-10/pfoapfosphgfinaldraft040524.pdf,24,,2024
,OEHHA,OEHHA reproduced Pizzurro 2019 compilation; human values in same table were those chosen by US EPA 2016,PFOA,,,,Public Health Goals for PFOA and PFOS in Drinking Water (final technical support document),,,as reported in cited review,Table 4.1.1 p.37,serum elimination half-life,Pizzurro et al. 2019 (review),regulatory_values.csv,M,rat,days,,https://oehha.ca.gov/sites/default/files/media/2024-10/pfoapfosphgfinaldraft040524.pdf,4.4,,2024
,OEHHA,OEHHA reproduced Pizzurro 2019 compilation; human values in same table were those chosen by US EPA 2016,PFOS,,,,Public Health Goals for PFOA and PFOS in Drinking Water (final technical support document),,,as reported in cited review,Table 4.1.1 p.37,serum elimination half-life,Pizzurro et al. 2019 (review),regulatory_values.csv,F,rat,days,,https://oehha.ca.gov/sites/default/files/media/2024-10/pfoapfosphgfinaldraft040524.pdf,24-83,,2024
,OEHHA,OEHHA reproduced Pizzurro 2019 compilation; human values in same table were those chosen by US EPA 2016,PFOS,,,,Public Health Goals for PFOA and PFOS in Drinking Water (final technical support document),,,as reported in cited review,Table 4.1.1 p.37,serum elimination half-life,Pizzurro et al. 2019 (review),regulatory_values.csv,M,rat,days,,https://oehha.ca.gov/sites/default/files/media/2024-10/pfoapfosphgfinaldraft040524.pdf,26-82,,2024
,OEHHA,OEHHA reproduced Pizzurro 2019 compilation; human values in same table were those chosen by US EPA 2016,PFOA,,,,Public Health Goals for PFOA and PFOS in Drinking Water (final technical support document),,,as reported in cited review,Table 4.1.1 p.37,serum elimination half-life,Pizzurro et al. 2019 (review),regulatory_values.csv,F,mouse,days,,https://oehha.ca.gov/sites/default/files/media/2024-10/pfoapfosphgfinaldraft040524.pdf,15.6,,2024
,OEHHA,OEHHA reproduced Pizzurro 2019 compilation; human values in same table were those chosen by US EPA 2016,PFOA,,,,Public Health Goals for PFOA and PFOS in Drinking Water (final technical support document),,,as reported in cited review,Table 4.1.1 p.37,serum elimination half-life,Pizzurro et al. 2019 (review),regulatory_values.csv,M,mouse,days,,https://oehha.ca.gov/sites/default/files/media/2024-10/pfoapfosphgfinaldraft040524.pdf,21.7,,2024
,OEHHA,OEHHA reproduced Pizzurro 2019 compilation; human values in same table were those chosen by US EPA 2016,PFOA,,,,Public Health Goals for PFOA and PFOS in Drinking Water (final technical support document),,,as reported in cited review,Table 4.1.1 p.37,serum elimination half-life,Pizzurro et al. 2019 (review),regulatory_values.csv,F,mouse,days,,https://oehha.ca.gov/sites/default/files/media/2024-10/pfoapfosphgfinaldraft040524.pdf,1.2,,2024
,OEHHA,OEHHA reproduced Pizzurro 2019 compilation; human values in same table were those chosen by US EPA 2016,PFOS,,,,Public Health Goals for PFOA and PFOS in Drinking Water (final technical support document),,,as reported in cited review,Table 4.1.1 p.37,serum elimination half-life,Pizzurro et al. 2019 (review),regulatory_values.csv,F,mouse,days,,https://oehha.ca.gov/sites/default/files/media/2024-10/pfoapfosphgfinaldraft040524.pdf,38,,2024
,OEHHA,OEHHA reproduced Pizzurro 2019 compilation; human values in same table were those chosen by US EPA 2016,PFOS,,,,Public Health Goals for PFOA and PFOS in Drinking Water (final technical support document),,,as reported in cited review,Table 4.1.1 p.37,serum elimination half-life,Pizzurro et al. 2019 (review),regulatory_values.csv,M,mouse,days,,https://oehha.ca.gov/sites/default/files/media/2024-10/pfoapfosphgfinaldraft040524.pdf,43,,2024
,OEHHA,OEHHA reproduced Pizzurro 2019 compilation; human values in same table were those chosen by US EPA 2016,PFOS,,,,Public Health Goals for PFOA and PFOS in Drinking Water (final technical support document),,,as reported in cited review,Table 4.1.1 p.37,serum elimination half-life,Pizzurro et al. 2019 (review),regulatory_values.csv,F,mouse,days,,https://oehha.ca.gov/sites/default/files/media/2024-10/pfoapfosphgfinaldraft040524.pdf,30,,2024
,OEHHA,OEHHA reproduced Pizzurro 2019 compilation; human values in same table were those chosen by US EPA 2016,PFOS,,,,Public Health Goals for PFOA and PFOS in Drinking Water (final technical support document),,,as reported in cited review,Table 4.1.1 p.37,serum elimination half-life,Pizzurro et al. 2019 (review),regulatory_values.csv,M,mouse,days,,https://oehha.ca.gov/sites/default/files/media/2024-10/pfoapfosphgfinaldraft040524.pdf,36,,2024
,OEHHA,OEHHA reproduced Pizzurro 2019 compilation; human values in same table were those chosen by US EPA 2016,PFOA,,,,Public Health Goals for PFOA and PFOS in Drinking Water (final technical support document),,,as reported in cited review,Table 4.1.1 p.37,serum elimination half-life,Pizzurro et al. 2019 (review),regulatory_values.csv,F,cynomolgus monkey,days,,https://oehha.ca.gov/sites/default/files/media/2024-10/pfoapfosphgfinaldraft040524.pdf,32.6,,2024
,OEHHA,OEHHA reproduced Pizzurro 2019 compilation; human values in same table were those chosen by US EPA 2016,PFOA,,,,Public Health Goals for PFOA and PFOS in Drinking Water (final technical support document),,,as reported in cited review,Table 4.1.1 p.37,serum elimination half-life,Pizzurro et al. 2019 (review),regulatory_values.csv,M,cynomolgus monkey,days,,https://oehha.ca.gov/sites/default/files/media/2024-10/pfoapfosphgfinaldraft040524.pdf,20,,2024
,OEHHA,OEHHA reproduced Pizzurro 2019 compilation; human values in same table were those chosen by US EPA 2016,PFOS,,,,Public Health Goals for PFOA and PFOS in Drinking Water (final technical support document),,,as reported in cited review,Table 4.1.1 p.37,serum elimination half-life,Pizzurro et al. 2019 (review),regulatory_values.csv,F,cynomolgus monkey,days,,https://oehha.ca.gov/sites/default/files/media/2024-10/pfoapfosphgfinaldraft040524.pdf,110-200,,2024
,OEHHA,OEHHA reproduced Pizzurro 2019 compilation; human values in same table were those chosen by US EPA 2016,PFOS,,,,Public Health Goals for PFOA and PFOS in Drinking Water (final technical support document),,,as reported in cited review,Table 4.1.1 p.37,serum elimination half-life,Pizzurro et al. 2019 (review),regulatory_values.csv,M,cynomolgus monkey,days,,https://oehha.ca.gov/sites/default/files/media/2024-10/pfoapfosphgfinaldraft040524.pdf,132-200,,2024
,OEHHA,OEHHA reproduced Pizzurro 2019 compilation; human values in same table were those chosen by US EPA 2016,PFOA,,,,Public Health Goals for PFOA and PFOS in Drinking Water (final technical support document),,,as reported in cited review,Sec 4.1 p.37 text,serum elimination half-life,Pizzurro et al. 2019 (review),regulatory_values.csv,NR,rabbit,hours,,https://oehha.ca.gov/sites/default/files/media/2024-10/pfoapfosphgfinaldraft040524.pdf,5.5-7,,2024
,OEHHA,OEHHA reproduced Pizzurro 2019 compilation; human values in same table were those chosen by US EPA 2016,PFOA,,,,Public Health Goals for PFOA and PFOS in Drinking Water (final technical support document),,,as reported in cited review,Sec 4.1 p.37 text,serum elimination half-life,Pizzurro et al. 2019 (review),regulatory_values.csv,NR,dog,days,,https://oehha.ca.gov/sites/default/files/media/2024-10/pfoapfosphgfinaldraft040524.pdf,10.6-20.1,,2024
,OEHHA,OEHHA reproduced Pizzurro 2019 compilation; human values in same table were those chosen by US EPA 2016,PFOA,,,,Public Health Goals for PFOA and PFOS in Drinking Water (final technical support document),,,as reported in cited review,Sec 4.1 p.37 text,serum elimination half-life,Pizzurro et al. 2019 (review),regulatory_values.csv,NR,Japanese macaque,days,,https://oehha.ca.gov/sites/default/files/media/2024-10/pfoapfosphgfinaldraft040524.pdf,2.7-5.6,,2024
,OEHHA,"OEHHA: 'Such dramatic differences in half-lives indicate that interspecies dose extrapolations have to be done using TK considerations, such as clearance rates or PBPK models'",PFOA,,,,Public Health Goals for PFOA and PFOS in Drinking Water (final technical support document),,,,Sec 4.1 p.38,interspecies half-life ratio (human:rat male),Pizzurro et al. 2019; US EPA 2016b,regulatory_values.csv,M+F,human,fold,,https://oehha.ca.gov/sites/default/files/media/2024-10/pfoapfosphgfinaldraft040524.pdf,~200,,2024
,OEHHA,,PFOA,,,,Public Health Goals for PFOA and PFOS in Drinking Water (final technical support document),,,,Sec 4.1 p.38,interspecies half-life ratio (human:mouse),Pizzurro et al. 2019; US EPA 2016b,regulatory_values.csv,M+F,human,fold,,https://oehha.ca.gov/sites/default/files/media/2024-10/pfoapfosphgfinaldraft040524.pdf,~40,,2024
,OEHHA,,PFOS,,,,Public Health Goals for PFOA and PFOS in Drinking Water (final technical support document),,,,Sec 4.1 p.38,interspecies half-life ratio (human:rat or mouse),Pizzurro et al. 2019; US EPA 2016d,regulatory_values.csv,M+F,human,fold,,https://oehha.ca.gov/sites/default/files/media/2024-10/pfoapfosphgfinaldraft040524.pdf,~40,,2024
,OEHHA,"Vdc=140 mL/kg, k12=3.3 /h, k21=0.1 /h; OEHHA judged these optimized Vd values 'less reliable than Vd values directly estimated from experimental data'",PFOA,,,,Public Health Goals for PFOA and PFOS in Drinking Water (final technical support document),,,2-compartment; Vd = Vdc + Vdt where Vdt = k12*Vdc/k21,Table 4.8.2 p.56,"volume of distribution (Vd) from Andersen 2006 model, OEHHA-recalculated",Andersen et al. 2006 (parameters); Wambaugh et al. 2013 (formula),regulatory_values.csv,M+F,monkey,mL/kg,,https://oehha.ca.gov/sites/default/files/media/2024-10/pfoapfosphgfinaldraft040524.pdf,4800,,2024
,OEHHA,"Vdc=220 mL/kg, k12=3.3 /h, k21=0.1 /h",PFOS,,,,Public Health Goals for PFOA and PFOS in Drinking Water (final technical support document),,,2-compartment; Vd = Vdc + Vdt,Table 4.8.2 p.56,"volume of distribution (Vd) from Andersen 2006 model, OEHHA-recalculated",Andersen et al. 2006; Wambaugh et al. 2013,regulatory_values.csv,M+F,monkey,mL/kg,,https://oehha.ca.gov/sites/default/files/media/2024-10/pfoapfosphgfinaldraft040524.pdf,7500,,2024
,OEHHA,"OEHHA recomputed Harada 2003 as 541 mL/kg (not the reported 300), then doubled to 1,080 because exposure duration (26 wk) was only ~1 T1/2 (200 d) so Css reached only 50% of true steady state; with T1/2 3.4 y gives CL 6.0e-4 L/kg-day (an option OEHHA did NOT adopt)",PFOS,,,,Public Health Goals for PFOA and PFOS in Drinking Water (final technical support document),,,"1-compartment steady state, Vd = Dose*T1/2/(Css*ln2), then doubled",Table 4.8.1 footnote a p.55; Sec 4.8 p.59,"volume of distribution (Vd) - subchronic, OEHHA-corrected",Harada et al. 2003 using Seacat et al. 2002 data,regulatory_values.csv,M+F,cynomolgus monkey,mL/kg,,https://oehha.ca.gov/sites/default/files/media/2024-10/pfoapfosphgfinaldraft040524.pdf,1080,,2024
,OEHHA,"Rejected for human use: 'may not be accurately applied to humans because of experimental limitations or species differences, such as decreased absorption efficiency in chronic gavage experiments in monkeys and inability to account for effects of biliary secretion/enterohepatic circulation'",PFOA,4470,1300,,Public Health Goals for PFOA and PFOS in Drinking Water (final technical support document),,,1-compartment steady state Vd = Dose/(ke*Css),Table 4.8.1 p.54; Sec 4.9 p.63,"volume of distribution (Vd) - chronic monkey, rejected",Vestergren & Cousins 2009 using Butenhoff et al. 2004a and Griffith & Long 1980,regulatory_values.csv,M+F,monkey,mL/kg,,https://oehha.ca.gov/sites/default/files/media/2024-10/pfoapfosphgfinaldraft040524.pdf,3300,,2024
,OEHHA,"37.3% of total elimination for average woman 30-40 y; assumes T1/2 2.1 y (PFOA, American women), Vd 200 mL/kg, BW 74.8 kg, menstrual loss 868 mL/y, milk:serum 0.029, milk 700 mL/d, one pregnancy and 6 months lactation per lifetime",PFOA,,,,Public Health Goals for PFOA and PFOS in Drinking Water (final technical support document),,,Gomis et al. 2017 multi-term elimination model reproduced by OEHHA,Table 4.5.2 p.44,elimination rate - plasma elimination term,Gomis et al. 2017,regulatory_values.csv,F,human,1/year,,https://oehha.ca.gov/sites/default/files/media/2024-10/pfoapfosphgfinaldraft040524.pdf,0.33,,2024
,OEHHA,"56.1% of total elimination; OEHHA notes limitation of 'using fixed previously reported Vd estimates, which may not be optimal'",PFOA,,,,Public Health Goals for PFOA and PFOS in Drinking Water (final technical support document),,,Gomis et al. 2017 model,Table 4.5.2 p.44,elimination rate - lactation term,Gomis et al. 2017,regulatory_values.csv,F,human,1/year,,https://oehha.ca.gov/sites/default/files/media/2024-10/pfoapfosphgfinaldraft040524.pdf,0.50,,2024
,OEHHA,6.57% of total elimination; OEHHA concluded menstrual contribution 'may not be significant',PFOA,,,,Public Health Goals for PFOA and PFOS in Drinking Water (final technical support document),,,Gomis et al. 2017 model,Table 4.5.2 p.44,elimination rate - menstrual blood term,Gomis et al. 2017,regulatory_values.csv,F,human,1/year,,https://oehha.ca.gov/sites/default/files/media/2024-10/pfoapfosphgfinaldraft040524.pdf,0.057,,2024
,OEHHA,"54.8% of total; assumes T1/2 3.3 y (PFOS, American women), Vd 235 mL/kg",PFOS,,,,Public Health Goals for PFOA and PFOS in Drinking Water (final technical support document),,,Gomis et al. 2017 model,Table 4.5.2 p.44,elimination rate - plasma elimination term,Gomis et al. 2017,regulatory_values.csv,F,human,1/year,,https://oehha.ca.gov/sites/default/files/media/2024-10/pfoapfosphgfinaldraft040524.pdf,0.21,,2024
,OEHHA,"OEHHA: 'this evaluation assumed and did not experimentally determine the time to steady state... OEHHA does not consider the PFOA T1/2 reported in the Dourson et al. (2019) study to be of sufficient quality or representative of environmental exposure'. Method: clinical trial, assumed steady state at ~36 weeks at a given dose",PFOA,,,,Public Health Goals for PFOA and PFOS in Drinking Water (final technical support document),,,as reported by the cited study,Table 4.7.1 p.51; Sec 4.7 p.51,"serum elimination half-life (reviewed, not adopted)",Dourson et al. 2019,regulatory_values.csv,M+F,human,years,,https://oehha.ca.gov/sites/default/files/media/2024-10/pfoapfosphgfinaldraft040524.pdf,<0.7,,2024
,OEHHA,"Calculated from urinary clearance; OEHHA: such studies 'are based on the premise of the predominance of renal elimination, and moreover, depend on a chosen Vd value'. The Zhang 2013b PFOA renal clearance (0.79 mL/kg-day) was excluded as an outlier from the CLR geometric mean",PFOA,,,,Public Health Goals for PFOA and PFOS in Drinking Water (final technical support document),,,as reported by the cited study,Table 4.7.1 p.51; Table 4.5.1 p.43,"serum elimination half-life (reviewed, not adopted)",Zhang et al. 2013b,regulatory_values.csv,M+F,human,years,,https://oehha.ca.gov/sites/default/files/media/2024-10/pfoapfosphgfinaldraft040524.pdf,2.8,,2024
,OEHHA,"Geometric mean, calculated from urinary clearance",PFOS,,,,Public Health Goals for PFOA and PFOS in Drinking Water (final technical support document),,,as reported by the cited study,Table 4.7.2 p.52,"serum elimination half-life (reviewed, not adopted)",Zhang et al. 2013b,regulatory_values.csv,M+F,human,years,,https://oehha.ca.gov/sites/default/files/media/2024-10/pfoapfosphgfinaldraft040524.pdf,22,,2024
,OEHHA,Lower-exposure C8 Panel subgroup; OEHHA attributes the longer value partly to unaccounted declining background exposure: 'it is impossible to determine how much the higher T1/2 values obtained for lower initial serum levels in this study were influenced by uncertainty in the level of background adjustment',PFOA,,,,Public Health Goals for PFOA and PFOS in Drinking Water (final technical support document),,,as reported by the cited study,Table 4.7.1 p.51; Sec 4.7 p.50-51,"serum elimination half-life (reviewed, not adopted)",Seals et al. 2011,regulatory_values.csv,M+F,human,years,,https://oehha.ca.gov/sites/default/files/media/2024-10/pfoapfosphgfinaldraft040524.pdf,8.5-10.1,,2024
,OEHHA,"Airport workers followed 5 months (occupational, N=17); listed but not selected",PFOA,,,,Public Health Goals for PFOA and PFOS in Drinking Water (final technical support document),,,as reported by the cited study,Table 4.7.1 p.51,"serum elimination half-life (reviewed, not adopted)",Xu et al. 2020a,regulatory_values.csv,M+F,human,years,,https://oehha.ca.gov/sites/default/files/media/2024-10/pfoapfosphgfinaldraft040524.pdf,1.5-1.8,,2024
,OEHHA,Airport workers followed 5 months (N=17); listed but not selected,PFOS,,,,Public Health Goals for PFOA and PFOS in Drinking Water (final technical support document),,,as reported by the cited study,Table 4.7.2 p.53,"serum elimination half-life (reviewed, not adopted)",Xu et al. 2020a,regulatory_values.csv,M+F,human,years,,https://oehha.ca.gov/sites/default/files/media/2024-10/pfoapfosphgfinaldraft040524.pdf,1.7-2.9,,2024
,OEHHA,Population-based cross-sectional model; OEHHA: 'relied on an a priori chosen Vd value',PFOA,,,,Public Health Goals for PFOA and PFOS in Drinking Water (final technical support document),,,as reported by the cited study,Table 4.7.1 p.51,"serum elimination half-life (reviewed, not adopted)",Gomis et al. 2017,regulatory_values.csv,M+F,human,years,,https://oehha.ca.gov/sites/default/files/media/2024-10/pfoapfosphgfinaldraft040524.pdf,1.8-2.4,,2024
,OEHHA,"Geometric mean, occupational, from urinary clearance",PFOA,,,,Public Health Goals for PFOA and PFOS in Drinking Water (final technical support document),,,as reported by the cited study,Table 4.7.1 p.51,"serum elimination half-life (reviewed, not adopted)",Fu et al. 2016,regulatory_values.csv,M+F,human,years,,https://oehha.ca.gov/sites/default/files/media/2024-10/pfoapfosphgfinaldraft040524.pdf,11.7,,2024
,OEHHA,Decatur AL; 'PFOA T1/2 was estimated using a one-compartment TK model that required an assumption of a specific PFOA Vd value... would introduce additional levels of uncertainty',PFOA,,,,Public Health Goals for PFOA and PFOS in Drinking Water (final technical support document),,,as reported by the cited study,Table 4.7.1 p.51,"serum elimination half-life (reviewed, not adopted)",Worley et al. 2017b,regulatory_values.csv,M+F,human,years,,https://oehha.ca.gov/sites/default/files/media/2024-10/pfoapfosphgfinaldraft040524.pdf,3.9,,2024
,OEHHA,"C8 Panel 1 y, N=200; the value US EPA 2016 used; OEHHA used it only for Vd calculation",PFOA,,,,Public Health Goals for PFOA and PFOS in Drinking Water (final technical support document),,,as reported by the cited study,Table 4.7.1 p.51,"serum elimination half-life (reviewed, not adopted)",Bartell et al. 2010,regulatory_values.csv,M+F,human,years,,https://oehha.ca.gov/sites/default/files/media/2024-10/pfoapfosphgfinaldraft040524.pdf,2.3,,2024
,OEHHA,"Retired workers, N=26; the value US EPA 2016 used; superseded by Li 2018c in OEHHA",PFOS,,,,Public Health Goals for PFOA and PFOS in Drinking Water (final technical support document),,,as reported by the cited study,Table 4.7.2 p.52,"serum elimination half-life (reviewed, not adopted)",Olsen et al. 2007,regulatory_values.csv,M+F,human,years,,https://oehha.ca.gov/sites/default/files/media/2024-10/pfoapfosphgfinaldraft040524.pdf,5.4,,2024
,OEHHA,"Disappearance method on declining CA serum levels 2009-2016 (mothers, N=450; PFOA 1.65->0.7 ng/mL, PFOS 4.8->2 ng/mL); OEHHA: higher values 'could be due to lower exposure levels and/or continuous background exposures'",PFOA,,,,Public Health Goals for PFOA and PFOS in Drinking Water (final technical support document),,,as reported by the cited study,Sec 4.7 p.53,"serum elimination half-life (reviewed, not adopted)",California Biomonitoring (Kim et al. 2020),regulatory_values.csv,M+F,human,years,,https://oehha.ca.gov/sites/default/files/media/2024-10/pfoapfosphgfinaldraft040524.pdf,~6,,2024
,US EPA,"Assumes serum at steady state, exposure estimated from community drinking water concentration, 91% bioavailability, and T1/2 = 2.3 y from Bartell et al. 2010. EPA explicitly considered updating to 200 mL/kg (consistent with its own chosen 2.7 y) but declined because 2.3 y 'was calculated under very similar conditions as the other data in the Thompson et al. (2010a) population'",PFOA,,,,"Human Health Toxicity Assessment for Perfluorooctanoic Acid (PFOA), EPA-815R24006",,,1-compartment steady state,Table 4-6 p.4-35; Sec 4 p.4-35/4-36,volume of distribution (Vd) - ADOPTED,Thompson et al. 2010a,regulatory_values.csv,M+F,human,mL/kg,,https://www.epa.gov/system/files/documents/2024-05/final-human-health-toxicity-assessment-pfoa.pdf,170,,2024
,US EPA,"Selection criteria: demographically representative population, clear decrease in exposure at a known time, high N, long follow-up. C8 Panel N=455, mean final sample 3.9 y after filtration; corroborated by Ronneby N=106 (median 6 samples/person, 2 y observation)",PFOA,,,,"Human Health Toxicity Assessment for Perfluorooctanoic Acid (PFOA), EPA-815R24006",,,first-order disappearance after exposure reduction,Table 4-6 p.4-35; Sec 4 p.4-35,serum elimination half-life - ADOPTED,Li et al. 2017d; Li et al. 2018c,regulatory_values.csv,M+F,human,years,,https://www.epa.gov/system/files/documents/2024-05/final-human-health-toxicity-assessment-pfoa.pdf,2.7,,2024
,US EPA,"Calculated, not measured. Used directly in the updated Verner et al. (2016) lactational-transfer model and to compute steady-state adult serum. Original Verner 2016 values were Vd 170 mL/kg, T1/2 3.8 y, CL 0.085 mL/kg-d. With updated parameters predicted PFOA serum is ~70% of original during pregnancy and ~60% in the child's first year",PFOA,,,,"Human Health Toxicity Assessment for Perfluorooctanoic Acid (PFOA), EPA-815R24006",,,CL = Vd * ln(2)/T1/2,Table 4-6 p.4-35,clearance (CL) - ADOPTED,derived (Thompson 2010a Vd; Li 2017d T1/2),regulatory_values.csv,M+F,human,mL/kg-day,,https://www.epa.gov/system/files/documents/2024-05/final-human-health-toxicity-assessment-pfoa.pdf,0.120,,2024
,US EPA,,PFOA,,,,"Human Health Toxicity Assessment for Perfluorooctanoic Acid (PFOA), EPA-815R24006",,,Verner et al. 2016 model (updated),Table 4-6 p.4-35,cord serum:maternal serum ratio,average of literature values (see EPA 2024a Appendix),regulatory_values.csv,M+F,human,unitless,,https://www.epa.gov/system/files/documents/2024-05/final-human-health-toxicity-assessment-pfoa.pdf,0.83,,2024
,US EPA,,PFOA,,,,"Human Health Toxicity Assessment for Perfluorooctanoic Acid (PFOA), EPA-815R24006",,,Verner et al. 2016 model (updated),Table 4-6 p.4-35,milk:serum partition coefficient,average of studies in Table 4-7,regulatory_values.csv,F,human,unitless,,https://www.epa.gov/system/files/documents/2024-05/final-human-health-toxicity-assessment-pfoa.pdf,0.049,,2024
,US EPA,Male/female averaged into a single value,PFOA,,,,"Human Health Toxicity Assessment for Perfluorooctanoic Acid (PFOA), EPA-815R24006",,,Verner-type model parameterization,Table 4-5,elimination half-life (gestation/lactation model),"average of male/female half-lives in Dzierlenga et al. 2019a, Kim et al. 2016, Kemper et al. 2003",regulatory_values.csv,M+F,rat,days,,https://www.epa.gov/system/files/documents/2024-05/final-human-health-toxicity-assessment-pfoa.pdf,2.23,,2024
,US EPA,,PFOA,,,,"Human Health Toxicity Assessment for Perfluorooctanoic Acid (PFOA), EPA-815R24006",,,Verner-type model parameterization,Table 4-5,elimination half-life (gestation/lactation model),Fujii et al. 2020,regulatory_values.csv,M+F,mouse,days,,https://www.epa.gov/system/files/documents/2024-05/final-human-health-toxicity-assessment-pfoa.pdf,18.5,,2024
,US EPA,,PFOA,,,,"Human Health Toxicity Assessment for Perfluorooctanoic Acid (PFOA), EPA-815R24006",,,,Table 4-5,volume of distribution (Vd),Kim et al. 2016; Dzierlenga et al. 2019a,regulatory_values.csv,M+F,rat,L/kg,,https://www.epa.gov/system/files/documents/2024-05/final-human-health-toxicity-assessment-pfoa.pdf,0.18,,2024
,US EPA,,PFOA,,,,"Human Health Toxicity Assessment for Perfluorooctanoic Acid (PFOA), EPA-815R24006",,,,Table 4-5,volume of distribution (Vd),Fujii et al. 2020,regulatory_values.csv,M+F,mouse,L/kg,,https://www.epa.gov/system/files/documents/2024-05/final-human-health-toxicity-assessment-pfoa.pdf,0.2,,2024
,US EPA,"'In humans, the volume of distribution (Vd) for PFOA has been assigned values between 170 and 200 mL/kg'; Gomis et al. 2017 averaged animal+human values and got 200 mL/kg",PFOA,200,170,,"Human Health Toxicity Assessment for Perfluorooctanoic Acid (PFOA), EPA-815R24006",,,literature range,Sec 3.3.1.2.x p.~3-x and Sec 4 p.4-36,volume of distribution (Vd) range considered,EPA 2024a Appendix B,regulatory_values.csv,M+F,human,mL/kg,,https://www.epa.gov/system/files/documents/2024-05/final-human-health-toxicity-assessment-pfoa.pdf,170,,2024
,US EPA,"Derived as 1.35 x PFOA Vd of 170 mL/kg, the 1.35 factor from Andersen et al. 2006 optimized Vdc ratio. EPA notes that if its chosen 2.7 y PFOA half-life were used instead, PFOA Vd would be 200 mL/kg and PFOS Vd 271 mL/kg; Gomis et al. 2017 average was 235 mL/kg",PFOS,,,,"Human Health Toxicity Assessment for Perfluorooctane Sulfonic Acid (PFOS), EPA-815R24007",,,1-compartment; PFOS Vd derived from PFOA Vd,Table 4-6 p.4-33; Sec 5.6.2 p.5-19,volume of distribution (Vd) - ADOPTED,Thompson et al. 2010a,regulatory_values.csv,M+F,human,mL/kg,,https://www.epa.gov/system/files/documents/2024-05/final-human-health-toxicity-assessment-pfos.pdf,230,,2024
,US EPA,Same selection criteria as PFOA; replaces 5.5 y in the original Verner et al. 2016 model,PFOS,,,,"Human Health Toxicity Assessment for Perfluorooctane Sulfonic Acid (PFOS), EPA-815R24007",,,first-order disappearance after exposure reduction,Table 4-6 p.4-33; Sec 4 p.4-33,serum elimination half-life - ADOPTED,Li et al. 2018b,regulatory_values.csv,M+F,human,years,,https://www.epa.gov/system/files/documents/2024-05/final-human-health-toxicity-assessment-pfos.pdf,3.4,,2024
,US EPA,Used as the serum-to-dose factor: HED = POD(serum) x 0.128 mL/kg-day. Original Verner 2016 value 0.079 mL/kg-day,PFOS,,,,"Human Health Toxicity Assessment for Perfluorooctane Sulfonic Acid (PFOS), EPA-815R24007",,,CL = Vd * ln(2)/T1/2,Table 4-6 p.4-33; HED derivations Sec 5,clearance (CL) - ADOPTED,derived (Thompson 2010a Vd; Li 2018b T1/2),regulatory_values.csv,M+F,human,mL/kg-day,,https://www.epa.gov/system/files/documents/2024-05/final-human-health-toxicity-assessment-pfos.pdf,0.128,,2024
,US EPA,,PFOS,,,,"Human Health Toxicity Assessment for Perfluorooctane Sulfonic Acid (PFOS), EPA-815R24007",,,Verner et al. 2016 model (updated),Table 4-6 p.4-33,cord serum:maternal serum ratio,average of literature values,regulatory_values.csv,M+F,human,unitless,,https://www.epa.gov/system/files/documents/2024-05/final-human-health-toxicity-assessment-pfos.pdf,0.40,,2024
,US EPA,,PFOS,,,,"Human Health Toxicity Assessment for Perfluorooctane Sulfonic Acid (PFOS), EPA-815R24007",,,Verner et al. 2016 model (updated),Table 4-6 p.4-33,milk:serum partition coefficient,average of studies in Table 4-7,regulatory_values.csv,F,human,unitless,,https://www.epa.gov/system/files/documents/2024-05/final-human-health-toxicity-assessment-pfos.pdf,0.016,,2024
,US EPA,,PFOS,,,,"Human Health Toxicity Assessment for Perfluorooctane Sulfonic Acid (PFOS), EPA-815R24007",,,Verner-type model parameterization,Table 4-5,elimination half-life (gestation/lactation model),see EPA PFOS Table 4-5 footnote c,regulatory_values.csv,M+F,rat,days,,https://www.epa.gov/system/files/documents/2024-05/final-human-health-toxicity-assessment-pfos.pdf,40,,2024
,US EPA,,PFOS,,,,"Human Health Toxicity Assessment for Perfluorooctane Sulfonic Acid (PFOS), EPA-815R24007",,,Verner-type model parameterization,Table 4-5,elimination half-life (gestation/lactation model),see EPA PFOS Table 4-5 footnote g,regulatory_values.csv,M+F,mouse,days,,https://www.epa.gov/system/files/documents/2024-05/final-human-health-toxicity-assessment-pfos.pdf,36.87,,2024
,US EPA,,PFOS,,,,"Human Health Toxicity Assessment for Perfluorooctane Sulfonic Acid (PFOS), EPA-815R24007",,,,Table 4-5,volume of distribution (Vd),see EPA PFOS Table 4-5 footnote d,regulatory_values.csv,M+F,rat,L/kg,,https://www.epa.gov/system/files/documents/2024-05/final-human-health-toxicity-assessment-pfos.pdf,0.28,,2024
,US EPA,,PFOS,,,,"Human Health Toxicity Assessment for Perfluorooctane Sulfonic Acid (PFOS), EPA-815R24007",,,,Table 4-5,volume of distribution (Vd),see EPA PFOS Table 4-5 footnote g,regulatory_values.csv,M+F,mouse,L/kg,,https://www.epa.gov/system/files/documents/2024-05/final-human-health-toxicity-assessment-pfos.pdf,0.26,,2024
,US EPA,0.044 mL/kg/day in young women and 0.024 mL/kg/day in men and older women for total PFOS; Fu et al. 2016 estimated 0.010 mL/kg/day,PFOS,,,,"Human Health Toxicity Assessment for Perfluorooctane Sulfonic Acid (PFOS), EPA-815R24007",,,direct measurement,Sec 3.3.1.2.x p.~3-x,urinary clearance,Zhang et al. 2013 (as cited by EPA),regulatory_values.csv,F,human,mL/kg-day,,https://www.epa.gov/system/files/documents/2024-05/final-human-health-toxicity-assessment-pfos.pdf,0.044,,2024
,US EPA (IRIS),"Mean ke 0.00252 h-1 (90% CI 0.00136-0.00477); Vd taken as 0.7315 L/kg = average of male and female MONKEY Vd because no human Vd exists; lower bound set from rat Vd 0.33 L/kg and upper bound from the single highest monkey 1.54 L/kg, giving a 16-fold range",PFHxA,7.35,0.45,,"IRIS Toxicological Review of Perfluorohexanoic Acid (PFHxA) and Related Salts, EPA/635/R-23/027Fa",,,hierarchical Bayesian 1-compartment on occupational serum time course; CL = Vd * ke,Sec 3.1.x p.~3-2x; Table 5-3; Table 5-4 p.5-14,clearance (CL) - ADOPTED,ke from Russell et al. 2013 ski-wax technicians re-analysed by EPA; Vd from Chengelis et al. 2009a (monkey),regulatory_values.csv,M+F,human,mL/kg-hour,,https://iris.epa.gov/static/pdfs/0704tr.pdf,1.84,,2023
,US EPA (IRIS),DAF (CLh:CLa) = 1.1e-2 (range 2.8e-3 to 4.5e-2),PFHxA,,,,"IRIS Toxicological Review of Perfluorohexanoic Acid (PFHxA) and Related Salts, EPA/635/R-23/027Fa",,,non-compartmental / species-specific,Table 5-4 p.5-14,clearance (CL),see IRIS PFHxA Appendix C,regulatory_values.csv,M,rat,L/hour-kg,,https://iris.epa.gov/static/pdfs/0704tr.pdf,0.163,,2023
,US EPA (IRIS),DAF = 4.8e-3 (range 1.2e-3 to 1.9e-2). Sex-specific DAFs are required because 'the internal dose in male rats at a given applied dose will be different from the internal dose in female rats given the same dose',PFHxA,,,,"IRIS Toxicological Review of Perfluorohexanoic Acid (PFHxA) and Related Salts, EPA/635/R-23/027Fa",,,non-compartmental / species-specific,Table 5-4 p.5-14,clearance (CL),see IRIS PFHxA Appendix C,regulatory_values.csv,F,rat,L/hour-kg,,https://iris.epa.gov/static/pdfs/0704tr.pdf,0.383,,2023
,US EPA (IRIS),DAF = 2.1e-2 (range 5.0e-3 to 8.2e-2),PFHxA,,,,"IRIS Toxicological Review of Perfluorohexanoic Acid (PFHxA) and Related Salts, EPA/635/R-23/027Fa",,,non-compartmental / species-specific,Table 5-4 p.5-14,clearance (CL),see IRIS PFHxA Appendix C,regulatory_values.csv,M,mouse,L/hour-kg,,https://iris.epa.gov/static/pdfs/0704tr.pdf,0.0894,,2023
,US EPA (IRIS),DAF = 8.9e-3 (range 2.2e-3 to 3.6e-2),PFHxA,,,,"IRIS Toxicological Review of Perfluorohexanoic Acid (PFHxA) and Related Salts, EPA/635/R-23/027Fa",,,non-compartmental / species-specific,Table 5-4 p.5-14,clearance (CL),see IRIS PFHxA Appendix C,regulatory_values.csv,F,mouse,L/hour-kg,,https://iris.epa.gov/static/pdfs/0704tr.pdf,0.206,,2023
,US EPA (IRIS),"Gives DAFs of 0.84 (male rat), 1.5 (male mouse), 0.36 (female rat), 0.67 (female mouse); EPA preferred the data-driven option because PFHxS/PFOA/PFNA 'read-across' of measured human vs rat clearance supported similar Vd rather than similar CL across species",PFHxA,,,,"IRIS Toxicological Review of Perfluorohexanoic Acid (PFHxA) and Related Salts, EPA/635/R-23/027Fa",,,allometric scaling of CL,Table 5-4 p.5-14,clearance (CL) - alternative allometric option (not adopted),IRIS PFHxA Table 5-3,regulatory_values.csv,M+F,human,L/hour-kg,,https://iris.epa.gov/static/pdfs/0704tr.pdf,0.137,,2023
,US EPA (IRIS),"Four subjects (both known females, one Cordova male, one Cottage Grove subject) excluded because their half-life estimate was highly sensitive to the assumed pre-sampling exposure; one below-LLOQ point excluded",PFBA,,,,"IRIS Toxicological Review of Perfluorobutanoic Acid (PFBA) and Related Salts, EPA/635/R-22/277Fa",,,"mixed-effects (clustered) fit; alternatives: mean 81.8 h, median 67.5 h",Sec 3.1.4 and Sec 5 p.5-9; Appendix C,serum elimination half-life - ADOPTED,"Chang et al. 2008 (8 subjects, 20 observations)",regulatory_values.csv,M,human,hours,,https://iris.epa.gov/static/pdfs/0701tr.pdf,67.9,,2022
,US EPA (IRIS),Average of male (526) and female (443) monkey Vd; no human Vd available,PFBA,526,443,,"IRIS Toxicological Review of Perfluorobutanoic Acid (PFBA) and Related Salts, EPA/635/R-22/277Fa",,,assumed equal to monkey,Sec 5 p.5-9,volume of distribution (Vd) - ADOPTED,Chang et al. 2008 Table 4 (monkey),regulatory_values.csv,M+F,human,mL/kg,,https://iris.epa.gov/static/pdfs/0701tr.pdf,484.5,,2022
,US EPA (IRIS),Equivalent to 0.12 L/kg-day. HED = POD x (MW PFBA/MW NH4-PFB) x (CLhuman/CLanimal); linearity assumed valid only up to ~30 mg/kg-day,PFBA,,,,"IRIS Toxicological Review of Perfluorobutanoic Acid (PFBA) and Related Salts, EPA/635/R-22/277Fa",,,CL = Vd/T1/2 x ln2 (= 0.12 L/kg-day),Table 5-3 p.5-10,clearance (CL) - ADOPTED,derived from Chang et al. 2008,regulatory_values.csv,M+F,human,mL/kg-hour,,https://iris.epa.gov/static/pdfs/0701tr.pdf,4.95,,2022
,US EPA (IRIS),DAF (CLh:CLa) = 0.229 vs DAF (BW^0.75) = 0.236,PFBA,,,,"IRIS Toxicological Review of Perfluorobutanoic Acid (PFBA) and Related Salts, EPA/635/R-22/277Fa",,,average of CL=dose/AUC across oral and i.v.,Table 5-3 p.5-10,clearance (CL),"Chang et al. 2008 Tables 2,3,5,6",regulatory_values.csv,M,rat,mL/kg-hour,,https://iris.epa.gov/static/pdfs/0701tr.pdf,21.61,,2022
,US EPA (IRIS),DAF (CLh:CLa) = 0.051 vs DAF (BW^0.75) = 0.236 - a 4.6-fold divergence from the default allometric assumption,PFBA,,,,"IRIS Toxicological Review of Perfluorobutanoic Acid (PFBA) and Related Salts, EPA/635/R-22/277Fa",,,average of CL=dose/AUC,Table 5-3 p.5-10,clearance (CL),Chang et al. 2008,regulatory_values.csv,F,rat,mL/kg-hour,,https://iris.epa.gov/static/pdfs/0701tr.pdf,96.62,,2022
,US EPA (IRIS),"100 mg/kg group excluded (CL ~3x male / ~2x female higher than at 10-30 mg/kg, possibly saturation of renal absorption or serum binding); DAF 0.490 vs BW^0.75 DAF 0.139",PFBA,,,,"IRIS Toxicological Review of Perfluorobutanoic Acid (PFBA) and Related Salts, EPA/635/R-22/277Fa",,,average of CL=dose/AUC at 10 and 30 mg/kg,Table 5-3 p.5-10,clearance (CL),Chang et al. 2008 Table 3,regulatory_values.csv,M,mouse,mL/kg-hour,,https://iris.epa.gov/static/pdfs/0701tr.pdf,10.10,,2022
,US EPA (IRIS),DAF 0.177 vs BW^0.75 DAF 0.139,PFBA,,,,"IRIS Toxicological Review of Perfluorobutanoic Acid (PFBA) and Related Salts, EPA/635/R-22/277Fa",,,average of CL=dose/AUC,Table 5-3 p.5-10,clearance (CL),Chang et al. 2008,regulatory_values.csv,F,mouse,mL/kg-hour,,https://iris.epa.gov/static/pdfs/0701tr.pdf,27.93,,2022
,US EPA (IRIS),BW^0.75 scaling from this value would predict 38.7 h in men - in range of human data,PFBA,,,,"IRIS Toxicological Review of Perfluorobutanoic Acid (PFBA) and Related Salts, EPA/635/R-22/277Fa",,,,Sec 3.1.4; Sec 5 p.5-9,serum elimination half-life,Chang et al. 2008,regulatory_values.csv,M,rat,hours,,https://iris.epa.gov/static/pdfs/0701tr.pdf,9.22,,2022
,US EPA (IRIS),"BW^0.75 scaling would predict 7.4 h in women, 'much less than that estimated using the human data available from Chang et al. (2008)' - EPA's stated reason for rejecting default allometry",PFBA,,,,"IRIS Toxicological Review of Perfluorobutanoic Acid (PFBA) and Related Salts, EPA/635/R-22/277Fa",,,,Sec 3.1.4; Sec 5 p.5-9,serum elimination half-life,Chang et al. 2008,regulatory_values.csv,F,rat,hours,,https://iris.epa.gov/static/pdfs/0701tr.pdf,1.76,,2022
,US EPA (IRIS),Range of estimates spans ~5-fold; EPA judged the true value unlikely to be below the 0.019 mL/kg-day minimum from Zhang et al. 2013b; adopted value is 2.2x that minimum,PFHxS,,0.019,,"IRIS Toxicological Review of Perfluorohexanesulfonic Acid (PFHxS) and Related Salts, EPA/635/R-25/012Fa",,,weighted geometric mean across estimates,Sec 3.1.x p.3-36/3-37; Table 3-4,clearance (CL) - ADOPTED,Zhang et al. 2013b; Fu et al. 2016; Li et al. 2018; Li et al. 2022b; Verner & Longnecker 2015; NHANES analysis,regulatory_values.csv,M + older F,human,mL/kg-day,,https://iris.epa.gov/static/pdfs/0705tr.pdf,0.041,,2025
,US EPA (IRIS),"Women of childbearing age assigned 1.765x the male/older-female clearance; cross-checked as (0.041+0.033)/0.041 = 1.8. NOT applied to nondevelopmental endpoints (e.g. thyroid in adult female rats), where 'the analysis effectively assumes that all women are effectively amenorrheic'. Variability among women is instead covered by UFh,PK = 3",PFHxS,,,,"IRIS Toxicological Review of Perfluorohexanesulfonic Acid (PFHxS) and Related Salts, EPA/635/R-25/012Fa",,,adopted CL x 1.765,Sec 3.1.x p.3-36/3-37,clearance (CL) - ADOPTED,NHANES sex-difference analysis; Verner & Longnecker 2015 menstrual clearance 0.033 mL/kg-day,regulatory_values.csv,F of reproductive age,human,mL/kg-day,,https://iris.epa.gov/static/pdfs/0705tr.pdf,0.072,,2025
,US EPA (IRIS),Fu et al. reported GM half-life 19.9 y in men using an assumed Vd of 230 mL/kg; EPA back-calculated CL. Reported population GM urinary clearance was 0.023 mL/kg-day; women 0.024 mL/kg-day,PFHxS,,,,"IRIS Toxicological Review of Perfluorohexanesulfonic Acid (PFHxS) and Related Salts, EPA/635/R-25/012Fa",,,back-calculated from reported half-life and assumed Vd,Sec 3.1.x p.~3-30,clearance (CL) back-calculated,Fu et al. 2016,regulatory_values.csv,M,human,mL/kg-day,,https://iris.epa.gov/static/pdfs/0705tr.pdf,0.022,,2025
,US EPA (IRIS),,PFHxS,,,,"IRIS Toxicological Review of Perfluorohexanesulfonic Acid (PFHxS) and Related Salts, EPA/635/R-25/012Fa",,,direct urine:serum measurement,Sec 3.1.x p.~3-32; Figure 3-3,renal clearance (geometric mean),Zhang et al. 2013b,regulatory_values.csv,M+F,human,mL/kg-day,,https://iris.epa.gov/static/pdfs/0705tr.pdf,0.028,,2025
,US EPA (IRIS),N=20 males aged 15-50,PFHxS,,,,"IRIS Toxicological Review of Perfluorohexanesulfonic Acid (PFHxS) and Related Salts, EPA/635/R-25/012Fa",,,first-order disappearance,Sec 3.1.x p.3-29,serum elimination half-life (reviewed),Li et al. 2018,regulatory_values.csv,M,human,years,,https://iris.epa.gov/static/pdfs/0705tr.pdf,7.4,,2025
,US EPA (IRIS),N=30 females aged 15-50,PFHxS,,,,"IRIS Toxicological Review of Perfluorohexanesulfonic Acid (PFHxS) and Related Salts, EPA/635/R-25/012Fa",,,first-order disappearance,Sec 3.1.x p.3-29,serum elimination half-life (reviewed),Li et al. 2018,regulatory_values.csv,F,human,years,,https://iris.epa.gov/static/pdfs/0705tr.pdf,4.7,,2025
,US EPA (IRIS),"N=114. Age-stratified means: 3.01 y (1-14 y), 5.26 y (15-50 y), 6.41 y (>50 y). EPA attributes the low paediatric value 'almost certainly' to dilution into growing bodies, and the 15-50 y male/female gap (5.39 vs 4.48 y) to menstrual fluid loss",PFHxS,9.29,2.34,,"IRIS Toxicological Review of Perfluorohexanesulfonic Acid (PFHxS) and Related Salts, EPA/635/R-25/012Fa",,,"median (5th, 95th percentile)",Sec 3.1.x p.3-29,serum elimination half-life (reviewed),Li et al. 2022b,regulatory_values.csv,M+F,human,years,,https://iris.epa.gov/static/pdfs/0705tr.pdf,5.4,,2025
,US EPA (IRIS),Cohort of 2 females and 24 males at retirement,PFHxS,,,,"IRIS Toxicological Review of Perfluorohexanesulfonic Acid (PFHxS) and Related Salts, EPA/635/R-25/012Fa",,,first-order disappearance,Sec 3.1.x p.3-29,serum elimination half-life (reviewed),Olsen et al. 2007,regulatory_values.csv,M+F,human,years,,https://iris.epa.gov/static/pdfs/0705tr.pdf,8.5,,2025
,US EPA (IRIS),Males show renal resorption; the 5.46 mL/kg-day figure is given for female rats,PFHxS,,,,"IRIS Toxicological Review of Perfluorohexanesulfonic Acid (PFHxS) and Related Salts, EPA/635/R-25/012Fa",,,population model with renal resorption,Sec 3.1.x p.~3-44,clearance (population mean),see IRIS PFHxS Sec 3.1,regulatory_values.csv,F,rat,mL/kg-day,,https://iris.epa.gov/static/pdfs/0705tr.pdf,5.46,,2025
,US EPA (IRIS),,PFHxS,,,,"IRIS Toxicological Review of Perfluorohexanesulfonic Acid (PFHxS) and Related Salts, EPA/635/R-25/012Fa",,,paired with half-life 16.5 d at the 16 mg/kg dose,Sec 3.1.x p.~3-41,volume of distribution (Vd),see IRIS PFHxS Sec 3.1,regulatory_values.csv,M,rat,mL/kg,,https://iris.epa.gov/static/pdfs/0705tr.pdf,137,,2025
,US EPA (IRIS),At the 16 mg/kg dose,PFHxS,,,,"IRIS Toxicological Review of Perfluorohexanesulfonic Acid (PFHxS) and Related Salts, EPA/635/R-25/012Fa",,,,Sec 3.1.x p.~3-41,serum elimination half-life,see IRIS PFHxS Sec 3.1,regulatory_values.csv,M,rat,days,,https://iris.epa.gov/static/pdfs/0705tr.pdf,16.5,,2025
,ATSDR,"ATSDR presents ranges, not a single adopted value; 'for PFOA, the estimated elimination half-life is measured in years in humans and in hours in female rats'",PFOA,,,,Toxicological Profile for Perfluoroalkyls,,,compilation of published estimates; Table 1-1 is a summary of Table 3-5,Table 1-1 p.5 (detail in Table 3-5 pp.583-590),estimated elimination half-life (range),see ATSDR Table 3-5 for study-level citations,regulatory_values.csv,M+F/NR,human,years,,https://www.atsdr.cdc.gov/ToxProfiles/tp200.pdf,2.1-10.1,,2021
,ATSDR,"ATSDR presents ranges, not a single adopted value; 'for PFOA, the estimated elimination half-life is measured in years in humans and in hours in female rats'",PFOA,,,,Toxicological Profile for Perfluoroalkyls,,,compilation of published estimates; Table 1-1 is a summary of Table 3-5,Table 1-1 p.5 (detail in Table 3-5 pp.583-590),estimated elimination half-life (range),see ATSDR Table 3-5 for study-level citations,regulatory_values.csv,M+F/NR,nonhuman primate,days,,https://www.atsdr.cdc.gov/ToxProfiles/tp200.pdf,20.1-32.6,,2021
,ATSDR,"ATSDR presents ranges, not a single adopted value; 'for PFOA, the estimated elimination half-life is measured in years in humans and in hours in female rats'",PFOA,,,,Toxicological Profile for Perfluoroalkyls,,,compilation of published estimates; Table 1-1 is a summary of Table 3-5,Table 1-1 p.5 (detail in Table 3-5 pp.583-590),estimated elimination half-life (range),see ATSDR Table 3-5 for study-level citations,regulatory_values.csv,M,rat,hours,,https://www.atsdr.cdc.gov/ToxProfiles/tp200.pdf,44-322,,2021
,ATSDR,"ATSDR presents ranges, not a single adopted value; 'for PFOA, the estimated elimination half-life is measured in years in humans and in hours in female rats'",PFOA,,,,Toxicological Profile for Perfluoroalkyls,,,compilation of published estimates; Table 1-1 is a summary of Table 3-5,Table 1-1 p.5 (detail in Table 3-5 pp.583-590),estimated elimination half-life (range),see ATSDR Table 3-5 for study-level citations,regulatory_values.csv,F,rat,hours,,https://www.atsdr.cdc.gov/ToxProfiles/tp200.pdf,1.9-16.2,,2021
,ATSDR,"ATSDR presents ranges, not a single adopted value; 'for PFOA, the estimated elimination half-life is measured in years in humans and in hours in female rats'",PFOS,,,,Toxicological Profile for Perfluoroalkyls,,,compilation of published estimates; Table 1-1 is a summary of Table 3-5,Table 1-1 p.5 (detail in Table 3-5 pp.583-590),estimated elimination half-life (range),see ATSDR Table 3-5 for study-level citations,regulatory_values.csv,M+F/NR,human,years,,https://www.atsdr.cdc.gov/ToxProfiles/tp200.pdf,3.3-27,,2021
,ATSDR,"ATSDR presents ranges, not a single adopted value; 'for PFOA, the estimated elimination half-life is measured in years in humans and in hours in female rats'",PFOS,,,,Toxicological Profile for Perfluoroalkyls,,,compilation of published estimates; Table 1-1 is a summary of Table 3-5,Table 1-1 p.5 (detail in Table 3-5 pp.583-590),estimated elimination half-life (range),see ATSDR Table 3-5 for study-level citations,regulatory_values.csv,M+F/NR,nonhuman primate,days,,https://www.atsdr.cdc.gov/ToxProfiles/tp200.pdf,110-170,,2021
,ATSDR,"ATSDR presents ranges, not a single adopted value; 'for PFOA, the estimated elimination half-life is measured in years in humans and in hours in female rats'",PFOS,,,,Toxicological Profile for Perfluoroalkyls,,,compilation of published estimates; Table 1-1 is a summary of Table 3-5,Table 1-1 p.5 (detail in Table 3-5 pp.583-590),estimated elimination half-life (range),see ATSDR Table 3-5 for study-level citations,regulatory_values.csv,M+F/NR,rat,hours,,https://www.atsdr.cdc.gov/ToxProfiles/tp200.pdf,179-1968,,2021
,ATSDR,"ATSDR presents ranges, not a single adopted value; 'for PFOA, the estimated elimination half-life is measured in years in humans and in hours in female rats'",PFOS,,,,Toxicological Profile for Perfluoroalkyls,,,compilation of published estimates; Table 1-1 is a summary of Table 3-5,Table 1-1 p.5 (detail in Table 3-5 pp.583-590),estimated elimination half-life (range),see ATSDR Table 3-5 for study-level citations,regulatory_values.csv,M+F/NR,mouse,hours,,https://www.atsdr.cdc.gov/ToxProfiles/tp200.pdf,731-1027,,2021
,ATSDR,"ATSDR presents ranges, not a single adopted value; 'for PFOA, the estimated elimination half-life is measured in years in humans and in hours in female rats'",PFHxS,,,,Toxicological Profile for Perfluoroalkyls,,,compilation of published estimates; Table 1-1 is a summary of Table 3-5,Table 1-1 p.5 (detail in Table 3-5 pp.583-590),estimated elimination half-life (range),see ATSDR Table 3-5 for study-level citations,regulatory_values.csv,M+F/NR,human,years,,https://www.atsdr.cdc.gov/ToxProfiles/tp200.pdf,4.7-35,,2021
,ATSDR,"ATSDR presents ranges, not a single adopted value; 'for PFOA, the estimated elimination half-life is measured in years in humans and in hours in female rats'",PFHxS,,,,Toxicological Profile for Perfluoroalkyls,,,compilation of published estimates; Table 1-1 is a summary of Table 3-5,Table 1-1 p.5 (detail in Table 3-5 pp.583-590),estimated elimination half-life (range),see ATSDR Table 3-5 for study-level citations,regulatory_values.csv,M+F/NR,nonhuman primate,days,,https://www.atsdr.cdc.gov/ToxProfiles/tp200.pdf,87-141,,2021
,ATSDR,"ATSDR presents ranges, not a single adopted value; 'for PFOA, the estimated elimination half-life is measured in years in humans and in hours in female rats'",PFHxS,,,,Toxicological Profile for Perfluoroalkyls,,,compilation of published estimates; Table 1-1 is a summary of Table 3-5,Table 1-1 p.5 (detail in Table 3-5 pp.583-590),estimated elimination half-life (range),see ATSDR Table 3-5 for study-level citations,regulatory_values.csv,M,rat,hours,,https://www.atsdr.cdc.gov/ToxProfiles/tp200.pdf,382-688,,2021
,ATSDR,"ATSDR presents ranges, not a single adopted value; 'for PFOA, the estimated elimination half-life is measured in years in humans and in hours in female rats'",PFHxS,,,,Toxicological Profile for Perfluoroalkyls,,,compilation of published estimates; Table 1-1 is a summary of Table 3-5,Table 1-1 p.5 (detail in Table 3-5 pp.583-590),estimated elimination half-life (range),see ATSDR Table 3-5 for study-level citations,regulatory_values.csv,F,rat,hours,,https://www.atsdr.cdc.gov/ToxProfiles/tp200.pdf,1.03-41.28,,2021
,ATSDR,"ATSDR presents ranges, not a single adopted value; 'for PFOA, the estimated elimination half-life is measured in years in humans and in hours in female rats'",PFHxS,,,,Toxicological Profile for Perfluoroalkyls,,,compilation of published estimates; Table 1-1 is a summary of Table 3-5,Table 1-1 p.5 (detail in Table 3-5 pp.583-590),estimated elimination half-life (range),see ATSDR Table 3-5 for study-level citations,regulatory_values.csv,M+F/NR,mouse,hours,,https://www.atsdr.cdc.gov/ToxProfiles/tp200.pdf,597-643,,2021
,ATSDR,"ATSDR presents ranges, not a single adopted value; 'for PFOA, the estimated elimination half-life is measured in years in humans and in hours in female rats'",PFNA,,,,Toxicological Profile for Perfluoroalkyls,,,compilation of published estimates; Table 1-1 is a summary of Table 3-5,Table 1-1 p.5 (detail in Table 3-5 pp.583-590),estimated elimination half-life (range),see ATSDR Table 3-5 for study-level citations,regulatory_values.csv,M+F/NR,human,years,,https://www.atsdr.cdc.gov/ToxProfiles/tp200.pdf,2.5-4.3,,2021
,ATSDR,"ATSDR presents ranges, not a single adopted value; 'for PFOA, the estimated elimination half-life is measured in years in humans and in hours in female rats'",PFNA,,,,Toxicological Profile for Perfluoroalkyls,,,compilation of published estimates; Table 1-1 is a summary of Table 3-5,Table 1-1 p.5 (detail in Table 3-5 pp.583-590),estimated elimination half-life (range),see ATSDR Table 3-5 for study-level citations,regulatory_values.csv,M,rat,hours,,https://www.atsdr.cdc.gov/ToxProfiles/tp200.pdf,710-1128,,2021
,ATSDR,"ATSDR presents ranges, not a single adopted value; 'for PFOA, the estimated elimination half-life is measured in years in humans and in hours in female rats'",PFNA,,,,Toxicological Profile for Perfluoroalkyls,,,compilation of published estimates; Table 1-1 is a summary of Table 3-5,Table 1-1 p.5 (detail in Table 3-5 pp.583-590),estimated elimination half-life (range),see ATSDR Table 3-5 for study-level citations,regulatory_values.csv,F,rat,hours,,https://www.atsdr.cdc.gov/ToxProfiles/tp200.pdf,33.6-58.6,,2021
,ATSDR,"ATSDR presents ranges, not a single adopted value; 'for PFOA, the estimated elimination half-life is measured in years in humans and in hours in female rats'",PFNA,,,,Toxicological Profile for Perfluoroalkyls,,,compilation of published estimates; Table 1-1 is a summary of Table 3-5,Table 1-1 p.5 (detail in Table 3-5 pp.583-590),estimated elimination half-life (range),see ATSDR Table 3-5 for study-level citations,regulatory_values.csv,M+F/NR,mouse,hours,,https://www.atsdr.cdc.gov/ToxProfiles/tp200.pdf,619.2-1653,,2021
,ATSDR,"ATSDR presents ranges, not a single adopted value; 'for PFOA, the estimated elimination half-life is measured in years in humans and in hours in female rats'",PFBS,,,,Toxicological Profile for Perfluoroalkyls,,,compilation of published estimates; Table 1-1 is a summary of Table 3-5,Table 1-1 p.5 (detail in Table 3-5 pp.583-590),estimated elimination half-life (range),see ATSDR Table 3-5 for study-level citations,regulatory_values.csv,M+F/NR,human,hours,,https://www.atsdr.cdc.gov/ToxProfiles/tp200.pdf,665,,2021
,ATSDR,"ATSDR presents ranges, not a single adopted value; 'for PFOA, the estimated elimination half-life is measured in years in humans and in hours in female rats'",PFBS,,,,Toxicological Profile for Perfluoroalkyls,,,compilation of published estimates; Table 1-1 is a summary of Table 3-5,Table 1-1 p.5 (detail in Table 3-5 pp.583-590),estimated elimination half-life (range),see ATSDR Table 3-5 for study-level citations,regulatory_values.csv,M+F/NR,nonhuman primate,hours,,https://www.atsdr.cdc.gov/ToxProfiles/tp200.pdf,8.0-95.2,,2021
,ATSDR,"ATSDR presents ranges, not a single adopted value; 'for PFOA, the estimated elimination half-life is measured in years in humans and in hours in female rats'",PFBS,,,,Toxicological Profile for Perfluoroalkyls,,,compilation of published estimates; Table 1-1 is a summary of Table 3-5,Table 1-1 p.5 (detail in Table 3-5 pp.583-590),estimated elimination half-life (range),see ATSDR Table 3-5 for study-level citations,regulatory_values.csv,M+F/NR,rat,hours,,https://www.atsdr.cdc.gov/ToxProfiles/tp200.pdf,2.1-7.42,,2021
,ATSDR,"ATSDR presents ranges, not a single adopted value; 'for PFOA, the estimated elimination half-life is measured in years in humans and in hours in female rats'",PFBA,,,,Toxicological Profile for Perfluoroalkyls,,,compilation of published estimates; Table 1-1 is a summary of Table 3-5,Table 1-1 p.5 (detail in Table 3-5 pp.583-590),estimated elimination half-life (range),see ATSDR Table 3-5 for study-level citations,regulatory_values.csv,M+F/NR,human,hours,,https://www.atsdr.cdc.gov/ToxProfiles/tp200.pdf,72-81,,2021
,ATSDR,"ATSDR presents ranges, not a single adopted value; 'for PFOA, the estimated elimination half-life is measured in years in humans and in hours in female rats'",PFBA,,,,Toxicological Profile for Perfluoroalkyls,,,compilation of published estimates; Table 1-1 is a summary of Table 3-5,Table 1-1 p.5 (detail in Table 3-5 pp.583-590),estimated elimination half-life (range),see ATSDR Table 3-5 for study-level citations,regulatory_values.csv,M+F/NR,nonhuman primate,hours,,https://www.atsdr.cdc.gov/ToxProfiles/tp200.pdf,40.3-41.0,,2021
,ATSDR,"ATSDR presents ranges, not a single adopted value; 'for PFOA, the estimated elimination half-life is measured in years in humans and in hours in female rats'",PFBA,,,,Toxicological Profile for Perfluoroalkyls,,,compilation of published estimates; Table 1-1 is a summary of Table 3-5,Table 1-1 p.5 (detail in Table 3-5 pp.583-590),estimated elimination half-life (range),see ATSDR Table 3-5 for study-level citations,regulatory_values.csv,M+F/NR,rat,hours,,https://www.atsdr.cdc.gov/ToxProfiles/tp200.pdf,1.03-9.22,,2021
,ATSDR,"ATSDR presents ranges, not a single adopted value; 'for PFOA, the estimated elimination half-life is measured in years in humans and in hours in female rats'",PFBA,,,,Toxicological Profile for Perfluoroalkyls,,,compilation of published estimates; Table 1-1 is a summary of Table 3-5,Table 1-1 p.5 (detail in Table 3-5 pp.583-590),estimated elimination half-life (range),see ATSDR Table 3-5 for study-level citations,regulatory_values.csv,M+F/NR,mouse,hours,,https://www.atsdr.cdc.gov/ToxProfiles/tp200.pdf,2.79-13.34,,2021
,ATSDR,"N=26 (24 M, 2 F) retired workers",PFOA,4.4,3.1,,Toxicological Profile for Perfluoroalkyls,,,first-order; GM 3.5 y,Table 3-5 p.583,serum elimination half-life (study-level),Olsen et al. 2007a,regulatory_values.csv,M+F,human,years,,https://www.atsdr.cdc.gov/ToxProfiles/tp200.pdf,3.8,,2021
,ATSDR,"N=20, ages 15-50",PFOA,3.4,2.4,,Toxicological Profile for Perfluoroalkyls,,,first-order disappearance,Table 3-5 p.583,serum elimination half-life (study-level),Li et al. 2018,regulatory_values.csv,M,human,years,,https://www.atsdr.cdc.gov/ToxProfiles/tp200.pdf,2.8,,2021
,ATSDR,"N=30, ages 15-50",PFOA,3.0,2.0,,Toxicological Profile for Perfluoroalkyls,,,first-order disappearance,Table 3-5 p.583,serum elimination half-life (study-level),Li et al. 2018,regulatory_values.csv,F,human,years,,https://www.atsdr.cdc.gov/ToxProfiles/tp200.pdf,2.4,,2021
,ATSDR,"N=66, >50 years",PFOA,,,,Toxicological Profile for Perfluoroalkyls,,,urinary-clearance based; SE 0.4; GM 1.2,Table 3-5 p.583,serum elimination half-life (study-level),Zhang et al. 2013,regulatory_values.csv,M+F,human,years,,https://www.atsdr.cdc.gov/ToxProfiles/tp200.pdf,2.6,,2021
,ATSDR,"N=20, <=50 years",PFOA,,,,Toxicological Profile for Perfluoroalkyls,,,urinary-clearance based; SE 0.3; GM 1.5,Table 3-5 p.583,serum elimination half-life (study-level),Zhang et al. 2013,regulatory_values.csv,F,human,years,,https://www.atsdr.cdc.gov/ToxProfiles/tp200.pdf,2.1,,2021
,ATSDR,"N=200, age 54+/-15",PFOA,2.4,2.1,,Toxicological Profile for Perfluoroalkyls,,,first-order disappearance,Table 3-5 p.583,serum elimination half-life (study-level),Bartell et al. 2010,regulatory_values.csv,M+F,human,years,,https://www.atsdr.cdc.gov/ToxProfiles/tp200.pdf,2.3,,2021
,ATSDR,"N=26 (24 M, 2 F)",PFOS,6.9,3.9,,Toxicological Profile for Perfluoroalkyls,,,first-order; GM 4.8 y,Table 3-5 p.583,serum elimination half-life (study-level),Olsen et al. 2007a,regulatory_values.csv,M+F,human,years,,https://www.atsdr.cdc.gov/ToxProfiles/tp200.pdf,5.4,,2021
,ATSDR,'Bartell (2012) estimated that the bias from background exposure could result in 1-26% overestimation of calculated PFOA half-lives and that greater overestimations can occur for half-[lives of other PFAS]',PFOA,,,,Toxicological Profile for Perfluoroalkyls,,,analytical bias estimate,Chapter 3 p.~590,half-life overestimation bias from background exposure,Bartell 2012,regulatory_values.csv,M+F,human,percent,,https://www.atsdr.cdc.gov/ToxProfiles/tp200.pdf,1-26,,2021
,EFSA CONTAM Panel,"'The variation in reported half-lives for PFOS and PFOA is a source of uncertainty, since in the respective PBPK models defined values of 5.4 and 2.3 years for PFOS and PFOA, respectively, were taken into account for developing the models.' Tissue/plasma partition coefficients calculated from ex vivo tissue concentration data",PFOA,,,,"Risk to human health related to the presence of perfluoroalkyl substances in food, EFSA Journal 2020;18(9):6223",,,"human PBPK model (Loccisano-type, as modified by EFSA CONTAM 2018)",Sec 3.6.4.3; Appendix M,serum elimination half-life used in the PBPK model,model development value cited by EFSA,regulatory_values.csv,M+F,human,years,,https://doi.org/10.2903/j.efsa.2020.6223,2.3,,2020
,EFSA CONTAM Panel,Same uncertainty statement as PFOA,PFOS,,,,"Risk to human health related to the presence of perfluoroalkyl substances in food, EFSA Journal 2020;18(9):6223",,,human PBPK model,Sec 3.6.4.3; Appendix M,serum elimination half-life used in the PBPK model,Olsen et al. 2007 (value); model per EFSA CONTAM 2018,regulatory_values.csv,M+F,human,years,,https://doi.org/10.2903/j.efsa.2020.6223,5.4,,2020
,EFSA CONTAM Panel,"'Due to the lack of PBPK models for PFHxS and PFNA, the PBPK modelling was based on summing PFOA and PFNA, as well as PFHxS and PFOS and applying the models for PFOA and PFOS, respectively. Since in practice PFNA and PFHxS contribute little to the overall exposure, this will have a minor effect on the estimations.' Median serum ratio used: 0.015 for PFHxS/PFOS",PFHxS,,,,"Risk to human health related to the presence of perfluoroalkyl substances in food, EFSA Journal 2020;18(9):6223",,,none; PFHxS summed with PFOS and the PFOS model applied,Sec 3.6.4.3; Appendix M note,half-life - no PBK model available,EFSA CONTAM Panel 2020,regulatory_values.csv,M+F,human,NA,,https://doi.org/10.2903/j.efsa.2020.6223,NA,,2020
,EFSA CONTAM Panel,Median serum ratio used: 0.03 for PFOA/PFNA,PFNA,,,,"Risk to human health related to the presence of perfluoroalkyl substances in food, EFSA Journal 2020;18(9):6223",,,none; PFNA summed with PFOA and the PFOA model applied,Sec 3.6.4.3; Appendix M note,half-life - no PBK model available,EFSA CONTAM Panel 2020,regulatory_values.csv,M+F,human,NA,,https://doi.org/10.2903/j.efsa.2020.6223,NA,,2020
,EFSA CONTAM Panel,"CONTAM Panel: 'Bearing in mind these limitations in kinetic calculation or reporting, the CONTAM Panel considered that Olsen et al. (2007) and Li et al. (2018a) provided the best estimate' for PFHxS",PFHxS,9.7,6.0,,"Risk to human health related to the presence of perfluoroalkyl substances in food, EFSA Journal 2020;18(9):6223",,,first-order disappearance (drinking water),Table 15 (Sec 3.3.1.2),serum elimination half-life - CONTAM best estimate,Li et al. 2018a,regulatory_values.csv,M,human,years,,https://doi.org/10.2903/j.efsa.2020.6223,7.4,,2020
,EFSA CONTAM Panel,N=30,PFHxS,6.0,4.6,,"Risk to human health related to the presence of perfluoroalkyl substances in food, EFSA Journal 2020;18(9):6223",,,first-order disappearance (drinking water),Table 15,serum elimination half-life - CONTAM best estimate,Li et al. 2018a,regulatory_values.csv,F,human,years,,https://doi.org/10.2903/j.efsa.2020.6223,4.7,,2020
,EFSA CONTAM Panel,"N=24 M, 2 F",PFHxS,10.6,6.4,,"Risk to human health related to the presence of perfluoroalkyl substances in food, EFSA Journal 2020;18(9):6223",,,first-order (occupational),Table 15,serum elimination half-life - CONTAM best estimate,Olsen et al. 2007,regulatory_values.csv,M+F,human,years,,https://doi.org/10.2903/j.efsa.2020.6223,8.5,,2020
,EFSA CONTAM Panel,CONTAM: half-lives from renal clearance 'should be viewed as upper limits due to the possibility that there might be other elimination routes than via the urine'; further uncertainties are estimation from single time-point serum measurements and reliance on the Thompson et al. 2010 PFOA Vd,PFHxS,13,2.3,,"Risk to human health related to the presence of perfluoroalkyl substances in food, EFSA Journal 2020;18(9):6223",,,geometric mean from renal clearance + assumed Vd,Table 15; Sec 3.3.1.2,serum elimination half-life - rejected as upper limit,Zhang et al. 2013a,regulatory_values.csv,F<=50y,human,years,,https://doi.org/10.2903/j.efsa.2020.6223,7.1,,2020
,EFSA CONTAM Panel,Same critique,PFHxS,182,1.6,,"Risk to human health related to the presence of perfluoroalkyl substances in food, EFSA Journal 2020;18(9):6223",,,geometric mean from renal clearance + assumed Vd,Table 15,serum elimination half-life - rejected as upper limit,Zhang et al. 2013a,regulatory_values.csv,M 20-88y + F>50y,human,years,,https://doi.org/10.2903/j.efsa.2020.6223,25,,2020
,EFSA CONTAM Panel,"CONTAM: values 'reported as means but without indications of range or inter-individual variability, may be overestimated, due to other sources of ongoing exposure'",PFHxS,,,,"Risk to human health related to the presence of perfluoroalkyl substances in food, EFSA Journal 2020;18(9):6223",,,two time points + intake from drinking water,Table 15,serum elimination half-life - criticised,Worley et al. 2017,regulatory_values.csv,M+F,human,years,,https://doi.org/10.2903/j.efsa.2020.6223,15.5,,2020
,EFSA CONTAM Panel,"M n=7, F n=2",PFBA,6.3,1.8,,"Risk to human health related to the presence of perfluoroalkyl substances in food, EFSA Journal 2020;18(9):6223",,,,Table 15,serum elimination half-life,Chang et al. 2008,regulatory_values.csv,M+F,human,days,,https://doi.org/10.2903/j.efsa.2020.6223,2.5,,2020
,EFSA CONTAM Panel,n=7; total clearance 4.33 mL/kg-day,PFHxA,49,14,,"Risk to human health related to the presence of perfluoroalkyl substances in food, EFSA Journal 2020;18(9):6223",,,geometric mean,Table 15,serum elimination half-life,Russell et al. 2013,regulatory_values.csv,M,human,days,,https://doi.org/10.2903/j.efsa.2020.6223,32,,2020
,EFSA CONTAM Panel,Highest total clearance among the PFAS in Table 15 along with PFHpA,PFHxA,,,,"Risk to human health related to the presence of perfluoroalkyl substances in food, EFSA Journal 2020;18(9):6223",,,,Table 15,total clearance (urinary+biliary),Russell et al. 2013,regulatory_values.csv,M,human,mL/kg-day,,https://doi.org/10.2903/j.efsa.2020.6223,4.33,,2020
,EFSA CONTAM Panel,"M n=5, F n=1",PFBS,39.3,16.1,,"Risk to human health related to the presence of perfluoroalkyl substances in food, EFSA Journal 2020;18(9):6223",,,,Table 15,serum elimination half-life,Olsen et al. 2009,regulatory_values.csv,M+F,human,days,,https://doi.org/10.2903/j.efsa.2020.6223,27.7,,2020
,EFSA CONTAM Panel,n=16; renal clearance 0.25 mL/kg-day (95% CI 0.13-0.37),PFNA,7.7,0.38,,"Risk to human health related to the presence of perfluoroalkyl substances in food, EFSA Journal 2020;18(9):6223",,,geometric mean from renal clearance,Table 15,serum elimination half-life,Zhang et al. 2013a,regulatory_values.csv,F<=50y,human,years,,https://doi.org/10.2903/j.efsa.2020.6223,1.7,,2020
,EFSA CONTAM Panel,n=50; renal clearance 0.15 mL/kg-day (95% CI 0.099-0.20),PFNA,20,0.34,,"Risk to human health related to the presence of perfluoroalkyl substances in food, EFSA Journal 2020;18(9):6223",,,geometric mean from renal clearance,Table 15,serum elimination half-life,Zhang et al. 2013a,regulatory_values.csv,M 20-88y + F>50y,human,years,,https://doi.org/10.2903/j.efsa.2020.6223,3.2,,2020
,EFSA CONTAM Panel,"M n=5, F n=5",PFNA,,,,"Risk to human health related to the presence of perfluoroalkyl substances in food, EFSA Journal 2020;18(9):6223",,,urinary + biliary,Table 15,total clearance,Fujii et al. 2015,regulatory_values.csv,M+F,human,mL/kg-day,,https://doi.org/10.2903/j.efsa.2020.6223,0.062,,2020
,EFSA CONTAM Panel,n=20 males,PFOA,,,,"Risk to human health related to the presence of perfluoroalkyl substances in food, EFSA Journal 2020;18(9):6223",,,urinary + biliary,Table 15,total clearance,Harada et al. 2005,regulatory_values.csv,M+F,human,mL/kg-day,,https://doi.org/10.2903/j.efsa.2020.6223,0.132,,2020
,EFSA CONTAM Panel,n=20 males,PFOS,,,,"Risk to human health related to the presence of perfluoroalkyl substances in food, EFSA Journal 2020;18(9):6223",,,urinary + biliary,Table 15,total clearance,Harada et al. 2005,regulatory_values.csv,M+F,human,mL/kg-day,,https://doi.org/10.2903/j.efsa.2020.6223,0.066,,2020
,EFSA CONTAM Panel,"'estimated half-lives for PFOA and PFOS (expressed as arithmetic means) vary from 2.3 to 8.5 years and from 3.1 to 7.4 years, respectively'",PFOA,8.5,2.3,,"Risk to human health related to the presence of perfluoroalkyl substances in food, EFSA Journal 2020;18(9):6223",,,arithmetic means across studies,Sec 3.3.1.2,serum elimination half-life range quoted,EFSA 2008; ATSDR 2018; EFSA CONTAM Panel 2018,regulatory_values.csv,M+F,human,years,,https://doi.org/10.2903/j.efsa.2020.6223,2.3,,2020
,EFSA CONTAM Panel,,PFOS,7.4,3.1,,"Risk to human health related to the presence of perfluoroalkyl substances in food, EFSA Journal 2020;18(9):6223",,,arithmetic means across studies,Sec 3.3.1.2,serum elimination half-life range quoted,EFSA 2008; ATSDR 2018; EFSA CONTAM Panel 2018,regulatory_values.csv,M+F,human,years,,https://doi.org/10.2903/j.efsa.2020.6223,3.1,,2020
,EFSA CONTAM Panel,'Available total clearance values (sum of urinary and biliary clearance) are presented in Table 15 and are generally 50-100 times smaller than in rodents',PFOA,,,,"Risk to human health related to the presence of perfluoroalkyl substances in food, EFSA Journal 2020;18(9):6223",,,comparison of Table 15 (human) with Tables C.2/C.3 (animal),Sec 3.3.1.2,human-vs-rodent total clearance ratio,Fujii et al. 2015; Zhang et al. 2013a; Russell et al. 2013,regulatory_values.csv,M+F,human,fold lower in humans,,https://doi.org/10.2903/j.efsa.2020.6223,50-100,,2020
,EFSA CONTAM Panel,"'Humans have a high percentage of PFOA renal tubular reabsorption due to the high affinity of PFOA for human uptake transport proteins such as OAT1, OAT3 and URAT1'; 'OAT4 and URAT1 are key transporters in renal reabsorption of PFCAs in humans and, as a result, may contribute to their long half-life'; hepatic OATP1B1/1B3/2B1, NTCP and OSTalpha/beta contribute to enterohepatic recycling",PFOA,,,,"Risk to human health related to the presence of perfluoroalkyl substances in food, EFSA Journal 2020;18(9):6223",,,transporter-based,Sec 3.3.1.2,mechanism for long human half-life,Yang et al. 2010; Zhao et al. 2015; Zhao et al. 2017,regulatory_values.csv,M+F,human,qualitative,,https://doi.org/10.2903/j.efsa.2020.6223,NA,,2020
,EFSA CONTAM Panel,'The half-life of PFOA in male and female Sprague-Dawley rats was found to range from 3 to 14 h in females and from 8 to 12 days in males',PFOA,14,3,,"Risk to human health related to the presence of perfluoroalkyl substances in food, EFSA Journal 2020;18(9):6223",,,as reported,Sec 3.3.1.1; Table C.3,serum elimination half-life,Dzierlenga et al. (as cited by EFSA); Pizzurro et al. 2019,regulatory_values.csv,F,rat,hours,,https://doi.org/10.2903/j.efsa.2020.6223,3,,2020
,EFSA CONTAM Panel,,PFOA,12,8,,"Risk to human health related to the presence of perfluoroalkyl substances in food, EFSA Journal 2020;18(9):6223",,,as reported,Sec 3.3.1.1; Table C.3,serum elimination half-life,Dzierlenga et al. (as cited by EFSA),regulatory_values.csv,M,rat,days,,https://doi.org/10.2903/j.efsa.2020.6223,8,,2020
,EFSA CONTAM Panel,"Single i.v. 10 mg/kg bw, 10-week follow-up; females fitted with a one-compartment model",PFHxS,,,,"Risk to human health related to the presence of perfluoroalkyl substances in food, EFSA Journal 2020;18(9):6223",,,two-compartment model for males,Sec 3.3.1.1; Table C.3,serum elimination half-life,Sundstrom et al. 2012,regulatory_values.csv,M,rat,days,,https://doi.org/10.2903/j.efsa.2020.6223,29,,2020
,EFSA CONTAM Panel,~18-fold shorter than males,PFHxS,,,,"Risk to human health related to the presence of perfluoroalkyl substances in food, EFSA Journal 2020;18(9):6223",,,one-compartment model for females,Sec 3.3.1.1; Table C.3,serum elimination half-life,Sundstrom et al. 2012,regulatory_values.csv,F,rat,days,,https://doi.org/10.2903/j.efsa.2020.6223,1.6,,2020
,EFSA CONTAM Panel,"~30 d at 1 mg/kg bw and 28 d at 20 mg/kg bw; female 25 d and 27 d - no marked sex difference in mouse, in contrast to rat",PFHxS,30,28,,"Risk to human health related to the presence of perfluoroalkyl substances in food, EFSA Journal 2020;18(9):6223",,,,Sec 3.3.1.1; Table C.3,serum elimination half-life,Sundstrom et al. 2012,regulatory_values.csv,M,mouse,days,,https://doi.org/10.2903/j.efsa.2020.6223,30,,2020
,EFSA CONTAM Panel,Clearance 7.4 mL/kg-day; female 4.4 days and 16.6 mL/kg-day,PFNA,,,,"Risk to human health related to the presence of perfluoroalkyl substances in food, EFSA Journal 2020;18(9):6223",,,"one-compartment, i.v.",Sec 3.3.1.1; Table C.3,serum elimination half-life,cited in EFSA Table C.3,regulatory_values.csv,M,rat,days,,https://doi.org/10.2903/j.efsa.2020.6223,40.2,,2020
,EFSA CONTAM Panel,Clearance 16.6 mL/kg-day; urine is the major excretion route and elimination is greater in females,PFNA,,,,"Risk to human health related to the presence of perfluoroalkyl substances in food, EFSA Journal 2020;18(9):6223",,,"one-compartment, i.v.",Sec 3.3.1.1; Table C.3,serum elimination half-life,cited in EFSA Table C.3,regulatory_values.csv,F,rat,days,,https://doi.org/10.2903/j.efsa.2020.6223,4.4,,2020
,EFSA CONTAM Panel,Males 34.4-228 days; 'rates of PFNA serum elimination were slightly faster in females than males',PFNA,,,,"Risk to human health related to the presence of perfluoroalkyl substances in food, EFSA Journal 2020;18(9):6223",,,dose dependent,Sec 3.3.1.1; Table C.3,serum elimination half-life,cited in EFSA Table C.3,regulatory_values.csv,F,mouse,days,,https://doi.org/10.2903/j.efsa.2020.6223,25.7-68.8,,2020
,EFSA CONTAM Panel,Clearance 254 mL/kg-day (M) vs 835 mL/kg-day (F); female half-life 3.1 h,PFBA,,,,"Risk to human health related to the presence of perfluoroalkyl substances in food, EFSA Journal 2020;18(9):6223",,,single oral 30 mg/kg bw,Sec 3.3.1.1; Table C.3,serum elimination half-life,cited in EFSA Table C.3,regulatory_values.csv,M,rat,hours,,https://doi.org/10.2903/j.efsa.2020.6223,16.3,,2020
,EFSA CONTAM Panel,Female 0.64 h; ~70% of dose recovered in urine 0-24 h,PFBS,,,,"Risk to human health related to the presence of perfluoroalkyl substances in food, EFSA Journal 2020;18(9):6223",,,single i.v. 10 mg/kg bw,Sec 3.3.1.1; Table C.3,serum elimination half-life,cited in EFSA Table C.3,regulatory_values.csv,M,rat,hours,,https://doi.org/10.2903/j.efsa.2020.6223,2.1,,2020
,EFSA CONTAM Panel,,PFBS,,,,"Risk to human health related to the presence of perfluoroalkyl substances in food, EFSA Journal 2020;18(9):6223",,,single i.v. 10 mg/kg bw,Sec 3.3.1.1; Table C.3,serum elimination half-life,cited in EFSA Table C.3,regulatory_values.csv,M+F,monkey,hours,,https://doi.org/10.2903/j.efsa.2020.6223,8.1-15,,2020
,EFSA CONTAM Panel,Female 0.4 h,PFHxA,,,,"Risk to human health related to the presence of perfluoroalkyl substances in food, EFSA Journal 2020;18(9):6223",,,single i.v. 10 mg/kg bw,Sec 3.3.1.1; Table C.3,serum elimination half-life,Chengelis et al. (as cited by EFSA),regulatory_values.csv,M,rat,hours,,https://doi.org/10.2903/j.efsa.2020.6223,1.0,,2020
,EFSA CONTAM Panel,No significant sex differences in monkeys,PFHxA,,,,"Risk to human health related to the presence of perfluoroalkyl substances in food, EFSA Journal 2020;18(9):6223",,,single i.v. 10 mg/kg bw,Sec 3.3.1.1; Table C.3,serum elimination half-life,Chengelis et al. (as cited by EFSA),regulatory_values.csv,M+F,monkey,hours,,https://doi.org/10.2903/j.efsa.2020.6223,2.4-5.3,,2020
,Health Canada (via OEHHA response-to-comments),"As reported by OEHHA: 'The calculated hCL was 0.07 ml/kg-day, which is 5.5 times lower than the value chosen by OEHHA (3.9x10-4 L/kg-day)... The difference... is due to longer half-life and smaller volume of distribution estimates that were chosen for the hCL prior to the availability of the more recent literature used by OEHHA.' Health Canada did not use a human PBPK model",PFOS,,,,Responses to Peer Review and Public Comments on the PHGs for PFOA and PFOS in Drinking Water,,,CL = Vd x ln2/T1/2,Response 30 p.127,human clearance (hCL),Health Canada 2018,regulatory_values.csv,M+F,human,mL/kg-day,,https://oehha.ca.gov/sites/default/files/media/2024-10/pfoapfosresponsestocomments040424.pdf,0.07,,2024
,US EPA (CPHEA),Key conclusions (abstract): standard BW-based scaling of volume of distribution 'generally agrees with reported human values' while standard allometric scaling of clearance 'is not appropriate for most of the PFAS investigated'; differences attributed to 'sex- and species-specific differences in active transporter abundance and PFAS binding affinity' and to renal vs hepatobiliary clearance mechanisms; 'considerable differences in clearance for PFAS in some species when comparing across different sexes and routes of exposure',PFBA; PFBS; PFHxA; PFHxS; PFOA; PFOS; PFNA; PFDA,,,,"Dzierlenga et al., Estimation of species- and sex-specific PFAS pharmacokinetics in mice, rats, and non-human primates using a Bayesian hierarchical methodology, Toxicol Appl Pharmacol",,,"hierarchical Bayesian inference over one- and two-compartment models with an alternative parameterization to improve identifiability; informative priors on absorption rate, clearance and Vd",Abstract (full text not retrieved),"clearance, volume of distribution, half-life (framework, not a single value)",numerous published single-dose animal studies,regulatory_values.csv,M and F separately,mouse; rat; non-human primate,various,,https://doi.org/10.1016/j.taap.2025.117336,see paper,,2025
yes,"Connecticut Department of Public Health (CT DPH), Environmental Health and Drinking Water Branch",,6:2 Cl-PFESA (F-53B major component),,,0.0285,"CT DPH Drinking Water Action Levels for six PFAS, set July 2023 (Fields C. and Che X., presented at the Northeast Conference on the Science of PFAS, 2 April 2024)",US state,other or unstated,,slide 26 '6:2 chloropolyfluoroether sulfonic acid (6:2 Cl-PFESA)'; summary table slides 19-20,,"Zhang et al. 2018 liver effects in male mice, NOAEL 18.9 mg/L INTERNAL (serum) dose; human half-life 5585 d from CT DPH compilation",all_agency_clearance.csv,,,,L/kg-day (reported rounded to 0.000029),https://www.newmoa.org/wp-content/uploads/2024/10/FieldsCheToxicologyApril2024.pdf,,0.0000285,2024
no,EFSA CONTAM Panel,,PFHxA,,,4.33,"Risk to human health related to the presence of perfluoroalkyl substances in food, EFSA Journal 2020;18(9):6223",federal,other or unstated,,Table 15,,Russell et al. 2013,all_agency_clearance.csv,,,,mL/kg-day,https://doi.org/10.2903/j.efsa.2020.6223,,4.33,2020
yes,US EPA (IRIS),,PFHxA,,,44.160000000000004,"IRIS Toxicological Review of Perfluorohexanoic Acid (PFHxA) and Related Salts, EPA/635/R-23/027Fa",federal,animal-derived,,Sec 3.1.x p.~3-2x; Table 5-3; Table 5-4 p.5-14,,ke from Russell et al. 2013 ski-wax technicians re-analysed by EPA; Vd from Chengelis et al. 2009a (monkey),all_agency_clearance.csv,,,,mL/kg-hour,https://iris.epa.gov/static/pdfs/0704tr.pdf,,1.84,2023
no,US EPA (IRIS),,PFHxS,,,0.022,"IRIS Toxicological Review of Perfluorohexanesulfonic Acid (PFHxS) and Related Salts, EPA/635/R-25/012Fa",federal,renal clearance only,,Sec 3.1.x p.~3-30,,Fu et al. 2016,all_agency_clearance.csv,,,,mL/kg-day,https://iris.epa.gov/static/pdfs/0705tr.pdf,,0.022,2025
no,US EPA (IRIS),,PFHxS,,,0.028,"IRIS Toxicological Review of Perfluorohexanesulfonic Acid (PFHxS) and Related Salts, EPA/635/R-25/012Fa",federal,renal clearance only,,Sec 3.1.x p.~3-32; Figure 3-3,,Zhang et al. 2013b,all_agency_clearance.csv,,,,mL/kg-day,https://iris.epa.gov/static/pdfs/0705tr.pdf,,0.028,2025
yes,US EPA (IRIS),,PFHxS,,,0.041,"IRIS Toxicological Review of Perfluorohexanesulfonic Acid (PFHxS) and Related Salts, EPA/635/R-25/012Fa",federal,renal clearance only,,Sec 3.1.x p.3-36/3-37; Table 3-4,,Zhang et al. 2013b; Fu et al. 2016; Li et al. 2018; Li et al. 2022b; Verner & Longnecker 2015; NHANES analysis,all_agency_clearance.csv,,,,mL/kg-day,https://iris.epa.gov/static/pdfs/0705tr.pdf,,0.041,2025
yes,US EPA (IRIS),,PFHxS,,,0.072,"IRIS Toxicological Review of Perfluorohexanesulfonic Acid (PFHxS) and Related Salts, EPA/635/R-25/012Fa",federal,other or unstated,,Sec 3.1.x p.3-36/3-37,,NHANES sex-difference analysis; Verner & Longnecker 2015 menstrual clearance 0.033 mL/kg-day,all_agency_clearance.csv,,,,mL/kg-day,https://iris.epa.gov/static/pdfs/0705tr.pdf,,0.072,2025
yes,New York State Department of Health (NYS DOH),,PFHxS,,,0.086,"Regulatory Impact Statement for amendments to 10 NYCRR Subpart 5-1 - MCLs and Notification Levels for PFAS and emerging contaminants (in the Public Health and Health Planning Council full council agenda packet, 8 December 2022)",US state,adopted from another agency,,RIS p. 50-51 (extracted lines 7255-7271),,"NH DES 2019 (which derived it as female-specific Vd 213 mL/kg x ln2/1716 d); Chang et al. 2018 decreased litter size in mice exposed before mating and through gestation; benchmark serum 13,900 ng/mL",all_agency_clearance.csv,,,,mL/kg-day (8.6e-5 L/kg-day),https://health.ny.gov/facilities/public_health_and_health_planning_council/meetings/2022-12-08/docs/full_council_agenda.pdf,,0.086,2022
yes,New Hampshire Department of Environmental Services (NHDES),,PFHxS,,,0.0861,"Technical Background Report for the June 2019 Proposed Maximum Contaminant Levels (MCLs) and Ambient Groundwater Quality Standards (AGQSs) for PFOS, PFOA, PFNA and PFHxS (report R-WD-19-29, with peer review by S.M. Roberts)",US state,animal-derived,,"p. 19-20, 'Estimation of a human equivalent oral dose' for PFHxS",,Sundstrom et al. 2012 FEMALE cynomolgus monkey Vd 213 mL/kg; Li et al. 2018 FEMALE average half-life 1716 days (4.7 y),all_agency_clearance.csv,,,,mL/kg-day (8.61e-5 L/kg-day),https://www.des.nh.gov/sites/g/files/ehbemt341/files/documents/r-wd-19-29-final.pdf,,8.61e-2,2019
yes,Minnesota Department of Health (MDH),,PFHxS,,,0.09000000000000001,Toxicological Summary for: Perfluorohexane sulfonate (PFHxS) - Health-Based Guidance for Water,US state,animal-derived,,"p. PFHxS-2, 'Dose Adjustment Factor (DAF)' block",,Vd from Sundstrom et al. 2012 (monkey); half-life from Li et al. 2018 (human),all_agency_clearance.csv,,,,L/kg-day (0.090 mL/kg-day),https://www.health.state.mn.us/communities/environment/risk/docs/guidance/gw/pfhxs.pdf,,0.000090,2023
yes,Michigan PFAS Action Response Team (MPART) Science Advisory Workgroup,,PFHxS,,,0.09000000000000001,Health-Based Drinking Water Value Recommendations for PFAS in Michigan,US state,animal-derived,,"p. 18, HED row",,Sundstrom et al. 2012 (monkey Vd 0.25 L/kg); Li et al. 2018 (human half-life 1935 days),all_agency_clearance.csv,,,,L/kg-day,https://www.michigan.gov/-/media/Project/Websites/PFAS-Response/Reports/2019-Health-Based-Drinking-Water-Value-Recommendations-PFAS-MI.pdf,,0.000090,2019
no,EFSA CONTAM Panel,,PFNA,,,0.062,"Risk to human health related to the presence of perfluoroalkyl substances in food, EFSA Journal 2020;18(9):6223",federal,renal clearance only,,Table 15,,Fujii et al. 2015,all_agency_clearance.csv,,,,mL/kg-day,https://doi.org/10.2903/j.efsa.2020.6223,,0.062,2020
yes,New Hampshire Department of Environmental Services (NHDES),,PFNA,,,0.0883,"Technical Background Report for the June 2019 Proposed Maximum Contaminant Levels (MCLs) and Ambient Groundwater Quality Standards (AGQSs) for PFOS, PFOA, PFNA and PFHxS (report R-WD-19-29, with peer review by S.M. Roberts)",US state,renal clearance only,,"p. 15-16, 'Estimation of a human equivalent oral dose' for PFNA",,"Vd 200 mL/kg (ATSDR 2018, from Ohmori et al. 2003 rat data); half-life 1570 d (4.3 y) from Zhang et al. 2013 (urinary/renal clearance, Chinese population n=86)",all_agency_clearance.csv,,,,mL/kg-day (8.83e-5 L/kg-day),https://www.des.nh.gov/sites/g/files/ehbemt341/files/documents/r-wd-19-29-final.pdf,,8.83e-2,2019
no,Michigan PFAS Action Response Team (MPART) Science Advisory Workgroup,,PFNA,,,0.09780000000000001,Health-Based Drinking Water Value Recommendations for PFAS in Michigan,US state,renal clearance only,,"p. 10, HED row (derived)",,Zhang et al. 2013 (t-half); Ohmori et al. 2003 via ATSDR 2018 (Vd),all_agency_clearance.csv,,,,L/kg-day,https://www.michigan.gov/-/media/Project/Websites/PFAS-Response/Reports/2019-Health-Based-Drinking-Water-Value-Recommendations-PFAS-MI.pdf,,9.78e-5,2019
yes,New York State Department of Health (NYS DOH),,PFNA,,,0.098,"Regulatory Impact Statement for amendments to 10 NYCRR Subpart 5-1 - MCLs and Notification Levels for PFAS and emerging contaminants (in the Public Health and Health Planning Council full council agenda packet, 8 December 2022)",US state,adopted from another agency,,RIS p. 51-52 (extracted lines 7285-7303),,"MI SAW 2019 (Vd 0.2 L/kg from ATSDR 2018/Ohmori et al. 2003 x ln2/1417 d from Zhang et al. 2013); Das et al. 2015 mouse GD1-17, serum NOAEL 6,800 ng/mL",all_agency_clearance.csv,,,,mL/kg-day (9.8e-5 L/kg-day),https://health.ny.gov/facilities/public_health_and_health_planning_council/meetings/2022-12-08/docs/full_council_agenda.pdf,,0.098,2022
no,OEHHA,,PFOA,,,0.059,Public Health Goals for PFOA and PFOS in Drinking Water (final technical support document),federal,renal clearance only,,Table 4.5.1 p.43,,Fu 2016; Gao 2015b; Zhang 2015; Fujii 2015; Zhou 2014; Harada 2005a,all_agency_clearance.csv,,,,mL/kg-day,https://oehha.ca.gov/sites/default/files/media/2024-10/pfoapfosphgfinaldraft040524.pdf,,0.059,2024
yes,New York State Department of Health (NYS DOH),,PFOA,,,0.092,"Regulatory Impact Statement for amendments to 10 NYCRR Subpart 5-1 - MCLs and Notification Levels for PFAS and emerging contaminants (in the Public Health and Health Planning Council full council agenda packet, 8 December 2022)",US state,animal-derived,,Regulatory Impact Statement p. 52-53 of the RIS (extracted lines 7317-7342 of the 343-page packet),,"Macon et al. 2011 (increased liver weight in offspring of mice exposed during pregnancy); serum LOEL 4,980 ng/mL",all_agency_clearance.csv,,,,mL/kg-day (9.2e-5 L/kg-day),https://health.ny.gov/facilities/public_health_and_health_planning_council/meetings/2022-12-08/docs/full_council_agenda.pdf,,0.092,2022
no,ITRC (Interstate Technology and Regulatory Council) census - value as reported by ITRC for the named agency,,PFOA,,,0.09899999999999999,"ITRC PFAS Basis for PFOA and PFOS values in water (Excel companion to the ITRC PFAS Technical and Regulatory Guidance Document), March 2020",US state (census),other or unstated,,"sheet 'Water PFOA', row 10 (Michigan DHHS 2019)",,"Bartell et al. 2010 half-life 840 days (2.3 y), per ITRC; POD 8.29 mg/L serum from Onishchenko et al. 2011 mouse, with TWA predicted by the Wambaugh et al. 2013 model as used in draft ATSDR 2018",all_agency_clearance.csv,,,,L/kg-day,https://pfas-1.itrcweb.org/external-data-tables/,,0.000099,2020
yes,US EPA,,PFOA,,,0.12,"Human Health Toxicity Assessment for Perfluorooctanoic Acid (PFOA), EPA-815R24006",federal,computed from Thompson 2010 assumed Vd,,Table 4-6 p.4-35,,derived (Thompson 2010a Vd; Li 2017d T1/2),all_agency_clearance.csv,,,,mL/kg-day,https://www.epa.gov/system/files/documents/2024-05/final-human-health-toxicity-assessment-pfoa.pdf,,0.120,2024
no,EFSA CONTAM Panel,,PFOA,,,0.132,"Risk to human health related to the presence of perfluoroalkyl substances in food, EFSA Journal 2020;18(9):6223",federal,renal clearance only,,Table 15,,Harada et al. 2005,all_agency_clearance.csv,,,,mL/kg-day,https://doi.org/10.2903/j.efsa.2020.6223,,0.132,2020
yes,"New Jersey Drinking Water Quality Institute (DWQI), Health Effects Subcommittee",,PFOA,,,0.13999999999999999,Health-based Maximum Contaminant Level Support Document: Perfluorooctanoic Acid (PFOA) - Appendix A,US state,measured: intake vs serum at steady state,,p. 57-58 (Pharmacokinetic modeling section); Abstract p. 1; extracted lines 2558-2612,,Lorber & Egeghy 2011 (model); Vd from Thompson et al. 2010; half-life from Bartell et al. 2010a (C8 Health Study),all_agency_clearance.csv,,,,L/kg-day (0.14 mL/kg-day),https://www.nj.gov/dep/watersupply/pdf/pfoa-appendixa.pdf,,1.4e-4,2017
no,Michigan PFAS Action Response Team (MPART) Science Advisory Workgroup,,PFOA,,,0.13999999999999999,Health-Based Drinking Water Value Recommendations for PFAS in Michigan,US state,computed from Thompson 2010 assumed Vd,,"p. 12, HED row (derived)",,Thompson et al. 2010 (Vd); Bartell et al. 2010 (t-half),all_agency_clearance.csv,,,,L/kg-day,https://www.michigan.gov/-/media/Project/Websites/PFAS-Response/Reports/2019-Health-Based-Drinking-Water-Value-Recommendations-PFAS-MI.pdf,,1.40e-4,2019
no,Drexel PFAS Advisory Group (DPAG) under contract to Pennsylvania DEP,,PFOA,,,0.13999999999999999,Maximum Contaminant Level Goal Drinking Water Recommendations for Per- and Polyfluoroalkyl Substances (PFAS) in the Commonwealth of Pennsylvania (January 2021),US state,computed from Thompson 2010 assumed Vd,,"Section 4 (PFOA), p. 29-32 and Table 3; extracted lines 1143-1236",,Bartell et al. 2010 (half-life 840 days = 2.3 y); Thompson et al. 2010 (Vd 0.17 L/kg),all_agency_clearance.csv,,,,L/kg-day,https://files.dep.state.pa.us/PublicParticipation/Public%20Participation%20Center/PubPartCenterPortalFiles/Environmental%20Quality%20Board/2021/June%2015/03_PFAS%20Petition/01a_App%201%20Drexel%20PFAS%20Report%20January%202021.pdf,,1.4e-4,2021
no,Pennsylvania Department of Environmental Protection (DEP) / Environmental Quality Board,,PFOA,,,0.13999999999999999,"Proposed Rulemaking, 25 Pa. Code Ch. 109 - Safe Drinking Water PFAS MCL Rule (preamble)",US state,computed from Thompson 2010 assumed Vd,,"preamble PFOA table (extracted lines 361-365, 519-562)",,Bartell et al. 2010; Thompson et al. 2010,all_agency_clearance.csv,,,,L/kg-day,https://www.pacodeandbulletin.gov/Display/pabull?file=/secure/pabulletin/data/vol53/53-2/46.html,,1.4e-4,2022
yes,New Hampshire Department of Environmental Services (NHDES),,PFOA,,,0.14,"Technical Background Report for the June 2019 Proposed Maximum Contaminant Levels (MCLs) and Ambient Groundwater Quality Standards (AGQSs) for PFOS, PFOA, PFNA and PFHxS (report R-WD-19-29, with peer review by S.M. Roberts)",US state,computed from Thompson 2010 assumed Vd,,"p. 7-8, 'Estimation of a human equivalent oral dose' for PFOA",,Thompson et al. 2010 and US EPA 2016a (Vd 170 mL/kg); Bartell et al. 2010 (half-life 840 d = 2.3 y),all_agency_clearance.csv,,,,mL/kg-day (1.40e-4 L/kg-day),https://www.des.nh.gov/sites/g/files/ehbemt341/files/documents/r-wd-19-29-final.pdf,,1.40e-1,2019
yes,OEHHA,,PFOA,,,0.27999999999999997,Public Health Goals for PFOA and PFOS in Drinking Water (final technical support document),federal,measured: intake vs serum at steady state,,Exec. Summary p.9; Sec 4.9 Fig 4.9.1 p.61; Table 4.9.3 p.64 (option A-3),,Fromme 2007; Trudel 2008; Frisbee 2009; Brede 2010; Thompson 2010; Haug 2011; Lorber & Egeghy 2011; Vestergren 2012,all_agency_clearance.csv,,,,L/kg-day,https://oehha.ca.gov/sites/default/files/media/2024-10/pfoapfosphgfinaldraft040524.pdf,,2.8e-4,2024
no,Minnesota Department of Health (MDH),,PFOA,,,0.28,Toxicological Summary for: Perfluorooctanoate (PFOA) - Health-Based Guidance for Water,US state,adopted from another agency,,"p. PFOA-5, 'Volume of Distribution' row of TK parameter table",,California EPA OEHHA 2023 (PFOA/PFOS PHG technical support document),all_agency_clearance.csv,,,,mL/kg-day,https://www.health.state.mn.us/communities/environment/risk/docs/guidance/gw/pfoa.pdf,,0.28,2025
no,OEHHA,,PFOS,,,0.016,Public Health Goals for PFOA and PFOS in Drinking Water (final technical support document),federal,renal clearance only,,Table 4.5.1 p.43,,Fu 2016; Gao 2015b; Zhang 2015; Zhou 2014; Zhang 2013b; Harada 2005a,all_agency_clearance.csv,,,,mL/kg-day,https://oehha.ca.gov/sites/default/files/media/2024-10/pfoapfosphgfinaldraft040524.pdf,,0.016,2024
no,US EPA,,PFOS,,,0.044,"Human Health Toxicity Assessment for Perfluorooctane Sulfonic Acid (PFOS), EPA-815R24007",federal,renal clearance only,,Sec 3.3.1.2.x p.~3-x,,Zhang et al. 2013 (as cited by EPA),all_agency_clearance.csv,,,,mL/kg-day,https://www.epa.gov/system/files/documents/2024-05/final-human-health-toxicity-assessment-pfos.pdf,,0.044,2024
no,EFSA CONTAM Panel,,PFOS,,,0.066,"Risk to human health related to the presence of perfluoroalkyl substances in food, EFSA Journal 2020;18(9):6223",federal,renal clearance only,,Table 15,,Harada et al. 2005,all_agency_clearance.csv,,,,mL/kg-day,https://doi.org/10.2903/j.efsa.2020.6223,,0.066,2020
no,ITRC (Interstate Technology and Regulatory Council) census - value as reported by ITRC for the named agency,,PFOS,,,0.0699,"ITRC PFAS Basis for PFOA and PFOS values in water (Excel companion to the ITRC PFAS Technical and Regulatory Guidance Document), March 2020",US state (census),animal-derived,,"sheet 'Water PFOS', row 10 (Michigan DHHS 2019)",,"per ITRC, 't1/2 of 840 days (2.3 yrs) from Bartell et al. (2010)' - which is the PFOA half-life, evidently a transcription error in the ITRC table; POD 0.000515 mg/kg-day from an 84-day RAT study with TWA from Wambaugh et al. 2013",all_agency_clearance.csv,,,,L/kg-day,https://pfas-1.itrcweb.org/external-data-tables/,,0.0000699,2020
no,Health Canada (via OEHHA response-to-comments),,PFOS,,,0.07,Responses to Peer Review and Public Comments on the PHGs for PFOA and PFOS in Drinking Water,federal,adopted from another agency,,Response 30 p.127,,Health Canada 2018,all_agency_clearance.csv,,,,mL/kg-day,https://oehha.ca.gov/sites/default/files/media/2024-10/pfoapfosresponsestocomments040424.pdf,,0.07,2024
no,ITRC (Interstate Technology and Regulatory Council) census - value as reported by ITRC for the named agency,,PFOS,,,0.08,"ITRC PFAS Basis for PFOA and PFOS values in water (Excel companion to the ITRC PFAS Technical and Regulatory Guidance Document), March 2020",US state,animal-derived,,"sheet 'Water PFOS', rows 6-7 (California OEHHA 2019)",,rat 105-week cancer study with TWA serum from AUC by linear interpolation; mouse 60-day noncancer study with serum measured at end of dosing,all_agency_clearance.csv,,,,L/kg-day,https://pfas-1.itrcweb.org/external-data-tables/,,0.00008 (cancer) / 0.000081 (noncancer),2020
yes,"New Jersey Drinking Water Quality Institute (DWQI), Health Effects Subcommittee",,PFOS,,,0.081,Appendix A: Health-based Maximum Contaminant Level Support Document: Perfluorooctane Sulfonate (PFOS),US state,adopted from another agency,,"p. 24, extracted lines 1973-1990; Appendix 3 p. 316",,"US EPA 2016b derivation; Vd from Thompson et al. 2010a,b; half-life from Olsen et al. 2007 (retired 3M workers)",all_agency_clearance.csv,,,,L/kg-day (0.081 mL/kg-day),https://www.nj.gov/dep/watersupply/pdf/pfos-recommendation-appendix-a.pdf,,8.1e-5,2018
no,"New Jersey Drinking Water Quality Institute (DWQI), Health Effects Subcommittee",,PFOS,,,0.11,Appendix A: Health-based Maximum Contaminant Level Support Document: Perfluorooctane Sulfonate (PFOS),US state,measured: intake vs serum at steady state,,"Appendix 3, 'Clearance factor developed with alternative approach', p. 316-317, extracted lines 15380-15425",,Egeghy & Lorber 2011 total intake 160 ng/day; NHANES 2000-2008 average geometric-mean adult serum PFOS 20.6 ng/mL,all_agency_clearance.csv,,,,mL/kg-day (1.1e-4 L/kg-day),https://www.nj.gov/dep/watersupply/pdf/pfos-recommendation-appendix-a.pdf,,0.11,2018
yes,US EPA,,PFOS,,,0.128,"Human Health Toxicity Assessment for Perfluorooctane Sulfonic Acid (PFOS), EPA-815R24007",federal,computed from Thompson 2010 assumed Vd,,Table 4-6 p.4-33; HED derivations Sec 5,,derived (Thompson 2010a Vd; Li 2018b T1/2),all_agency_clearance.csv,,,,mL/kg-day,https://www.epa.gov/system/files/documents/2024-05/final-human-health-toxicity-assessment-pfos.pdf,,0.128,2024
yes,New Hampshire Department of Environmental Services (NHDES),,PFOS,,,0.128,"Technical Background Report for the June 2019 Proposed Maximum Contaminant Levels (MCLs) and Ambient Groundwater Quality Standards (AGQSs) for PFOS, PFOA, PFNA and PFHxS (report R-WD-19-29, with peer review by S.M. Roberts)",US state,computed from Thompson 2010 assumed Vd,,"p. 11-12, 'Estimation of a human equivalent oral dose' for PFOS",,"Thompson et al. 2010 (Vd 230 mL/kg); Li et al. 2018 (half-life 1241 d = 3.4 y, average across men and women)",all_agency_clearance.csv,,,,mL/kg-day (1.28e-4 L/kg-day),https://www.des.nh.gov/sites/g/files/ehbemt341/files/documents/r-wd-19-29-final.pdf,,1.28e-1,2019
no,Michigan PFAS Action Response Team (MPART) Science Advisory Workgroup,,PFOS,,,0.129,Health-Based Drinking Water Value Recommendations for PFAS in Michigan,US state,computed from Thompson 2010 assumed Vd,,"p. 16, HED row (derived)",,Thompson et al. 2010 (Vd); Li et al. 2018 (t-half),all_agency_clearance.csv,,,,L/kg-day,https://www.michigan.gov/-/media/Project/Websites/PFAS-Response/Reports/2019-Health-Based-Drinking-Water-Value-Recommendations-PFAS-MI.pdf,,1.29e-4,2019
no,Drexel PFAS Advisory Group (DPAG) under contract to Pennsylvania DEP,,PFOS,,,0.12999999999999998,Maximum Contaminant Level Goal Drinking Water Recommendations for Per- and Polyfluoroalkyl Substances (PFAS) in the Commonwealth of Pennsylvania (January 2021),US state,computed from Thompson 2010 assumed Vd,,"Section 5 (PFOS), p. 35-38, Table 4 and Figure 7; extracted lines 1390-1520",,Li et al. 2018 (half-life 1241 days = 3.4 y); Vd 0.23 L/kg attributed to EPA / Thompson et al. 2010; POD from Dong et al. 2011,all_agency_clearance.csv,,,,L/kg-day (1.3e-4),https://files.dep.state.pa.us/PublicParticipation/Public%20Participation%20Center/PubPartCenterPortalFiles/Environmental%20Quality%20Board/2021/June%2015/03_PFAS%20Petition/01a_App%201%20Drexel%20PFAS%20Report%20January%202021.pdf,,0.00013,2021
no,Pennsylvania Department of Environmental Protection (DEP) / Environmental Quality Board,,PFOS,,,0.12999999999999998,"Proposed Rulemaking, 25 Pa. Code Ch. 109 - Safe Drinking Water PFAS MCL Rule (preamble)",US state,adopted from another agency,,preamble PFOS table (extracted lines 784-861),,Li et al. 2018; MDH 2020 PFOS,all_agency_clearance.csv,,,,L/kg-day,https://www.pacodeandbulletin.gov/Display/pabull?file=/secure/pabulletin/data/vol53/53-2/46.html,,0.00013,2022
yes,OEHHA,,PFOS,,,0.39,Public Health Goals for PFOA and PFOS in Drinking Water (final technical support document),federal,measured: intake vs serum at steady state,,Exec. Summary p.9; Sec 4.9 p.62; Table 4.9.3 p.64 (option S-2),,Li et al. 2018c (Ronneby); Silva et al. 2020,all_agency_clearance.csv,,,,L/kg-day,https://oehha.ca.gov/sites/default/files/media/2024-10/pfoapfosphgfinaldraft040524.pdf,,3.9e-4,2024
no,Minnesota Department of Health (MDH),,PFOS,,,0.39,Toxicological Summary for: Perfluorooctane sulfonate (PFOS) - Health-Based Guidance for Water,US state,adopted from another agency,,"p. PFOS-5, 'Volume of Distribution' row",,California EPA OEHHA 2023 (PFOA/PFOS PHG technical support document); OEHHA in turn derived it from Li et al. 2018 (Ronneby) and Silva et al. 2020,all_agency_clearance.csv,,,,mL/kg-day,https://www.health.state.mn.us/communities/environment/risk/docs/guidance/gw/pfos.pdf,,0.39,2025
