dataset_name,chemical,species,sex,parameter,value,units,original_source_cited,notes
Zurlinden 2025 EPA CPHEA Bayesian hierarchical animal PFAS PK (Table 3),PFBA,rat,Male,absorbed fraction (fa),0.815,unitless,Posterior mean of Bayesian hierarchical fit to 20 published time-course studies (Table 2); see papers/Zurlinden 2025 bayesian-animal-pk.txt,95% credible interval 0.556-1; Toxicol Appl Pharmacol 499:117336 Table 3; doi:10.1016/j.taap.2025.117336
Zurlinden 2025 EPA CPHEA Bayesian hierarchical animal PFAS PK (Table 3),PFBA,rat,Male,"clearance (CL), BW-normalised",528.7,mL/kg-day,Posterior mean of Bayesian hierarchical fit to 20 published time-course studies (Table 2); see papers/Zurlinden 2025 bayesian-animal-pk.txt,95% credible interval 102.5-981; Toxicol Appl Pharmacol 499:117336 Table 3; doi:10.1016/j.taap.2025.117336
Zurlinden 2025 EPA CPHEA Bayesian hierarchical animal PFAS PK (Table 3),PFBA,rat,Male,steady-state volume of distribution (Vd),216.7,mL/kg,Posterior mean of Bayesian hierarchical fit to 20 published time-course studies (Table 2); see papers/Zurlinden 2025 bayesian-animal-pk.txt,95% credible interval 82.94-346.5; Toxicol Appl Pharmacol 499:117336 Table 3; doi:10.1016/j.taap.2025.117336
Zurlinden 2025 EPA CPHEA Bayesian hierarchical animal PFAS PK (Table 3),PFBA,rat,Male,steady-state half-life (t1/2),0.348,days,Posterior mean of Bayesian hierarchical fit to 20 published time-course studies (Table 2); see papers/Zurlinden 2025 bayesian-animal-pk.txt,95% credible interval 0.052-0.744; Toxicol Appl Pharmacol 499:117336 Table 3; doi:10.1016/j.taap.2025.117336
Zurlinden 2025 EPA CPHEA Bayesian hierarchical animal PFAS PK (Table 3),PFBA,rat,Female,absorbed fraction (fa),0.814,unitless,Posterior mean of Bayesian hierarchical fit to 20 published time-course studies (Table 2); see papers/Zurlinden 2025 bayesian-animal-pk.txt,95% credible interval 0.561-0.999; Toxicol Appl Pharmacol 499:117336 Table 3; doi:10.1016/j.taap.2025.117336
Zurlinden 2025 EPA CPHEA Bayesian hierarchical animal PFAS PK (Table 3),PFBA,rat,Female,"clearance (CL), BW-normalised",1889,mL/kg-day,Posterior mean of Bayesian hierarchical fit to 20 published time-course studies (Table 2); see papers/Zurlinden 2025 bayesian-animal-pk.txt,95% credible interval 427-3364; Toxicol Appl Pharmacol 499:117336 Table 3; doi:10.1016/j.taap.2025.117336
Zurlinden 2025 EPA CPHEA Bayesian hierarchical animal PFAS PK (Table 3),PFBA,rat,Female,steady-state volume of distribution (Vd),221.4,mL/kg,Posterior mean of Bayesian hierarchical fit to 20 published time-course studies (Table 2); see papers/Zurlinden 2025 bayesian-animal-pk.txt,95% credible interval 68.47-390.3; Toxicol Appl Pharmacol 499:117336 Table 3; doi:10.1016/j.taap.2025.117336
Zurlinden 2025 EPA CPHEA Bayesian hierarchical animal PFAS PK (Table 3),PFBA,rat,Female,steady-state half-life (t1/2),0.098,days,Posterior mean of Bayesian hierarchical fit to 20 published time-course studies (Table 2); see papers/Zurlinden 2025 bayesian-animal-pk.txt,95% credible interval 0.013-0.216; Toxicol Appl Pharmacol 499:117336 Table 3; doi:10.1016/j.taap.2025.117336
Zurlinden 2025 EPA CPHEA Bayesian hierarchical animal PFAS PK (Table 3),PFBA,mouse,Male,"clearance (CL), BW-normalised",298.2,mL/kg-day,Posterior mean of Bayesian hierarchical fit to 20 published time-course studies (Table 2); see papers/Zurlinden 2025 bayesian-animal-pk.txt,95% credible interval 137.8-466.8; Toxicol Appl Pharmacol 499:117336 Table 3; doi:10.1016/j.taap.2025.117336
Zurlinden 2025 EPA CPHEA Bayesian hierarchical animal PFAS PK (Table 3),PFBA,mouse,Male,steady-state volume of distribution (Vd),288,mL/kg,Posterior mean of Bayesian hierarchical fit to 20 published time-course studies (Table 2); see papers/Zurlinden 2025 bayesian-animal-pk.txt,95% credible interval 114.5-472.2; Toxicol Appl Pharmacol 499:117336 Table 3; doi:10.1016/j.taap.2025.117336
Zurlinden 2025 EPA CPHEA Bayesian hierarchical animal PFAS PK (Table 3),PFBA,mouse,Male,steady-state half-life (t1/2),0.724,days,Posterior mean of Bayesian hierarchical fit to 20 published time-course studies (Table 2); see papers/Zurlinden 2025 bayesian-animal-pk.txt,95% credible interval 0.195-1.336; Toxicol Appl Pharmacol 499:117336 Table 3; doi:10.1016/j.taap.2025.117336
Zurlinden 2025 EPA CPHEA Bayesian hierarchical animal PFAS PK (Table 3),PFBA,mouse,Female,"clearance (CL), BW-normalised",866.6,mL/kg-day,Posterior mean of Bayesian hierarchical fit to 20 published time-course studies (Table 2); see papers/Zurlinden 2025 bayesian-animal-pk.txt,95% credible interval 378.6-1385; Toxicol Appl Pharmacol 499:117336 Table 3; doi:10.1016/j.taap.2025.117336
Zurlinden 2025 EPA CPHEA Bayesian hierarchical animal PFAS PK (Table 3),PFBA,mouse,Female,steady-state volume of distribution (Vd),214.1,mL/kg,Posterior mean of Bayesian hierarchical fit to 20 published time-course studies (Table 2); see papers/Zurlinden 2025 bayesian-animal-pk.txt,95% credible interval 102.1-331.7; Toxicol Appl Pharmacol 499:117336 Table 3; doi:10.1016/j.taap.2025.117336
Zurlinden 2025 EPA CPHEA Bayesian hierarchical animal PFAS PK (Table 3),PFBA,mouse,Female,steady-state half-life (t1/2),0.186,days,Posterior mean of Bayesian hierarchical fit to 20 published time-course studies (Table 2); see papers/Zurlinden 2025 bayesian-animal-pk.txt,95% credible interval 0.064-0.343; Toxicol Appl Pharmacol 499:117336 Table 3; doi:10.1016/j.taap.2025.117336
Zurlinden 2025 EPA CPHEA Bayesian hierarchical animal PFAS PK (Table 3),PFBA,non-human primate (cynomolgus monkey),Male,"clearance (CL), BW-normalised",2061,mL/kg-day,Posterior mean of Bayesian hierarchical fit to 20 published time-course studies (Table 2); see papers/Zurlinden 2025 bayesian-animal-pk.txt,95% credible interval 1546-2576; Toxicol Appl Pharmacol 499:117336 Table 3; doi:10.1016/j.taap.2025.117336
Zurlinden 2025 EPA CPHEA Bayesian hierarchical animal PFAS PK (Table 3),PFBA,non-human primate (cynomolgus monkey),Male,steady-state volume of distribution (Vd),592.2,mL/kg,Posterior mean of Bayesian hierarchical fit to 20 published time-course studies (Table 2); see papers/Zurlinden 2025 bayesian-animal-pk.txt,95% credible interval 335.5-869.2; Toxicol Appl Pharmacol 499:117336 Table 3; doi:10.1016/j.taap.2025.117336
Zurlinden 2025 EPA CPHEA Bayesian hierarchical animal PFAS PK (Table 3),PFBA,non-human primate (cynomolgus monkey),Male,steady-state half-life (t1/2),0.197,days,Posterior mean of Bayesian hierarchical fit to 20 published time-course studies (Table 2); see papers/Zurlinden 2025 bayesian-animal-pk.txt,95% credible interval 0.148-0.248; Toxicol Appl Pharmacol 499:117336 Table 3; doi:10.1016/j.taap.2025.117336
Zurlinden 2025 EPA CPHEA Bayesian hierarchical animal PFAS PK (Table 3),PFBA,non-human primate (cynomolgus monkey),Female,"clearance (CL), BW-normalised",1341,mL/kg-day,Posterior mean of Bayesian hierarchical fit to 20 published time-course studies (Table 2); see papers/Zurlinden 2025 bayesian-animal-pk.txt,95% credible interval 964.6-1742; Toxicol Appl Pharmacol 499:117336 Table 3; doi:10.1016/j.taap.2025.117336
Zurlinden 2025 EPA CPHEA Bayesian hierarchical animal PFAS PK (Table 3),PFBA,non-human primate (cynomolgus monkey),Female,steady-state volume of distribution (Vd),436.9,mL/kg,Posterior mean of Bayesian hierarchical fit to 20 published time-course studies (Table 2); see papers/Zurlinden 2025 bayesian-animal-pk.txt,95% credible interval 232.2-649.6; Toxicol Appl Pharmacol 499:117336 Table 3; doi:10.1016/j.taap.2025.117336
Zurlinden 2025 EPA CPHEA Bayesian hierarchical animal PFAS PK (Table 3),PFBA,non-human primate (cynomolgus monkey),Female,steady-state half-life (t1/2),0.284,days,Posterior mean of Bayesian hierarchical fit to 20 published time-course studies (Table 2); see papers/Zurlinden 2025 bayesian-animal-pk.txt,95% credible interval 0.229-0.337; Toxicol Appl Pharmacol 499:117336 Table 3; doi:10.1016/j.taap.2025.117336
Zurlinden 2025 EPA CPHEA Bayesian hierarchical animal PFAS PK (Table 3),PFBS,rat,Male,absorbed fraction (fa),0.795,unitless,Posterior mean of Bayesian hierarchical fit to 20 published time-course studies (Table 2); see papers/Zurlinden 2025 bayesian-animal-pk.txt,95% credible interval 0.523-0.998; Toxicol Appl Pharmacol 499:117336 Table 3; doi:10.1016/j.taap.2025.117336
Zurlinden 2025 EPA CPHEA Bayesian hierarchical animal PFAS PK (Table 3),PFBS,rat,Male,"clearance (CL), BW-normalised",1330,mL/kg-day,Posterior mean of Bayesian hierarchical fit to 20 published time-course studies (Table 2); see papers/Zurlinden 2025 bayesian-animal-pk.txt,95% credible interval 782.2-1944; Toxicol Appl Pharmacol 499:117336 Table 3; doi:10.1016/j.taap.2025.117336
Zurlinden 2025 EPA CPHEA Bayesian hierarchical animal PFAS PK (Table 3),PFBS,rat,Male,steady-state volume of distribution (Vd),223.9,mL/kg,Posterior mean of Bayesian hierarchical fit to 20 published time-course studies (Table 2); see papers/Zurlinden 2025 bayesian-animal-pk.txt,95% credible interval 132-337.6; Toxicol Appl Pharmacol 499:117336 Table 3; doi:10.1016/j.taap.2025.117336
Zurlinden 2025 EPA CPHEA Bayesian hierarchical animal PFAS PK (Table 3),PFBS,rat,Male,steady-state half-life (t1/2),0.12,days,Posterior mean of Bayesian hierarchical fit to 20 published time-course studies (Table 2); see papers/Zurlinden 2025 bayesian-animal-pk.txt,95% credible interval 0.065-0.189; Toxicol Appl Pharmacol 499:117336 Table 3; doi:10.1016/j.taap.2025.117336
Zurlinden 2025 EPA CPHEA Bayesian hierarchical animal PFAS PK (Table 3),PFBS,rat,Female,absorbed fraction (fa),0.854,unitless,Posterior mean of Bayesian hierarchical fit to 20 published time-course studies (Table 2); see papers/Zurlinden 2025 bayesian-animal-pk.txt,95% credible interval 0.632-0.999; Toxicol Appl Pharmacol 499:117336 Table 3; doi:10.1016/j.taap.2025.117336
Zurlinden 2025 EPA CPHEA Bayesian hierarchical animal PFAS PK (Table 3),PFBS,rat,Female,"clearance (CL), BW-normalised",5361,mL/kg-day,Posterior mean of Bayesian hierarchical fit to 20 published time-course studies (Table 2); see papers/Zurlinden 2025 bayesian-animal-pk.txt,95% credible interval 3223-7606; Toxicol Appl Pharmacol 499:117336 Table 3; doi:10.1016/j.taap.2025.117336
Zurlinden 2025 EPA CPHEA Bayesian hierarchical animal PFAS PK (Table 3),PFBS,rat,Female,steady-state volume of distribution (Vd),305.1,mL/kg,Posterior mean of Bayesian hierarchical fit to 20 published time-course studies (Table 2); see papers/Zurlinden 2025 bayesian-animal-pk.txt,95% credible interval 195.7-427.8; Toxicol Appl Pharmacol 499:117336 Table 3; doi:10.1016/j.taap.2025.117336
Zurlinden 2025 EPA CPHEA Bayesian hierarchical animal PFAS PK (Table 3),PFBS,rat,Female,steady-state half-life (t1/2),0.041,days,Posterior mean of Bayesian hierarchical fit to 20 published time-course studies (Table 2); see papers/Zurlinden 2025 bayesian-animal-pk.txt,95% credible interval 0.022-0.063; Toxicol Appl Pharmacol 499:117336 Table 3; doi:10.1016/j.taap.2025.117336
Zurlinden 2025 EPA CPHEA Bayesian hierarchical animal PFAS PK (Table 3),PFBS,mouse,Male,"clearance (CL), BW-normalised",1150,mL/kg-day,Posterior mean of Bayesian hierarchical fit to 20 published time-course studies (Table 2); see papers/Zurlinden 2025 bayesian-animal-pk.txt,95% credible interval 927.9-1394; Toxicol Appl Pharmacol 499:117336 Table 3; doi:10.1016/j.taap.2025.117336
Zurlinden 2025 EPA CPHEA Bayesian hierarchical animal PFAS PK (Table 3),PFBS,mouse,Male,steady-state volume of distribution (Vd),309.5,mL/kg,Posterior mean of Bayesian hierarchical fit to 20 published time-course studies (Table 2); see papers/Zurlinden 2025 bayesian-animal-pk.txt,95% credible interval 216.6-403.8; Toxicol Appl Pharmacol 499:117336 Table 3; doi:10.1016/j.taap.2025.117336
Zurlinden 2025 EPA CPHEA Bayesian hierarchical animal PFAS PK (Table 3),PFBS,mouse,Male,steady-state half-life (t1/2),0.186,days,Posterior mean of Bayesian hierarchical fit to 20 published time-course studies (Table 2); see papers/Zurlinden 2025 bayesian-animal-pk.txt,95% credible interval 0.154-0.221; Toxicol Appl Pharmacol 499:117336 Table 3; doi:10.1016/j.taap.2025.117336
Zurlinden 2025 EPA CPHEA Bayesian hierarchical animal PFAS PK (Table 3),PFBS,mouse,Female,"clearance (CL), BW-normalised",1963,mL/kg-day,Posterior mean of Bayesian hierarchical fit to 20 published time-course studies (Table 2); see papers/Zurlinden 2025 bayesian-animal-pk.txt,95% credible interval 1342-2613; Toxicol Appl Pharmacol 499:117336 Table 3; doi:10.1016/j.taap.2025.117336
Zurlinden 2025 EPA CPHEA Bayesian hierarchical animal PFAS PK (Table 3),PFBS,mouse,Female,steady-state volume of distribution (Vd),356.9,mL/kg,Posterior mean of Bayesian hierarchical fit to 20 published time-course studies (Table 2); see papers/Zurlinden 2025 bayesian-animal-pk.txt,95% credible interval 206.5-513.7; Toxicol Appl Pharmacol 499:117336 Table 3; doi:10.1016/j.taap.2025.117336
Zurlinden 2025 EPA CPHEA Bayesian hierarchical animal PFAS PK (Table 3),PFBS,mouse,Female,steady-state half-life (t1/2),0.125,days,Posterior mean of Bayesian hierarchical fit to 20 published time-course studies (Table 2); see papers/Zurlinden 2025 bayesian-animal-pk.txt,95% credible interval 0.099-0.154; Toxicol Appl Pharmacol 499:117336 Table 3; doi:10.1016/j.taap.2025.117336
Zurlinden 2025 EPA CPHEA Bayesian hierarchical animal PFAS PK (Table 3),PFBS,non-human primate (cynomolgus monkey),Male,"clearance (CL), BW-normalised",361,mL/kg-day,Posterior mean of Bayesian hierarchical fit to 20 published time-course studies (Table 2); see papers/Zurlinden 2025 bayesian-animal-pk.txt,95% credible interval 142.2-609.2; Toxicol Appl Pharmacol 499:117336 Table 3; doi:10.1016/j.taap.2025.117336
Zurlinden 2025 EPA CPHEA Bayesian hierarchical animal PFAS PK (Table 3),PFBS,non-human primate (cynomolgus monkey),Male,steady-state volume of distribution (Vd),270,mL/kg,Posterior mean of Bayesian hierarchical fit to 20 published time-course studies (Table 2); see papers/Zurlinden 2025 bayesian-animal-pk.txt,95% credible interval 94.44-479.8; Toxicol Appl Pharmacol 499:117336 Table 3; doi:10.1016/j.taap.2025.117336
Zurlinden 2025 EPA CPHEA Bayesian hierarchical animal PFAS PK (Table 3),PFBS,non-human primate (cynomolgus monkey),Male,steady-state half-life (t1/2),0.564,days,Posterior mean of Bayesian hierarchical fit to 20 published time-course studies (Table 2); see papers/Zurlinden 2025 bayesian-animal-pk.txt,95% credible interval 0.135-1.077; Toxicol Appl Pharmacol 499:117336 Table 3; doi:10.1016/j.taap.2025.117336
Zurlinden 2025 EPA CPHEA Bayesian hierarchical animal PFAS PK (Table 3),PFBS,non-human primate (cynomolgus monkey),Female,"clearance (CL), BW-normalised",443.7,mL/kg-day,Posterior mean of Bayesian hierarchical fit to 20 published time-course studies (Table 2); see papers/Zurlinden 2025 bayesian-animal-pk.txt,95% credible interval 125.2-771.3; Toxicol Appl Pharmacol 499:117336 Table 3; doi:10.1016/j.taap.2025.117336
Zurlinden 2025 EPA CPHEA Bayesian hierarchical animal PFAS PK (Table 3),PFBS,non-human primate (cynomolgus monkey),Female,steady-state volume of distribution (Vd),298.5,mL/kg,Posterior mean of Bayesian hierarchical fit to 20 published time-course studies (Table 2); see papers/Zurlinden 2025 bayesian-animal-pk.txt,95% credible interval 97.43-543.5; Toxicol Appl Pharmacol 499:117336 Table 3; doi:10.1016/j.taap.2025.117336
Zurlinden 2025 EPA CPHEA Bayesian hierarchical animal PFAS PK (Table 3),PFBS,non-human primate (cynomolgus monkey),Female,steady-state half-life (t1/2),0.528,days,Posterior mean of Bayesian hierarchical fit to 20 published time-course studies (Table 2); see papers/Zurlinden 2025 bayesian-animal-pk.txt,95% credible interval 0.101-1.055; Toxicol Appl Pharmacol 499:117336 Table 3; doi:10.1016/j.taap.2025.117336
Zurlinden 2025 EPA CPHEA Bayesian hierarchical animal PFAS PK (Table 3),PFHxA,rat,Male,absorbed fraction (fa),0.911,unitless,Posterior mean of Bayesian hierarchical fit to 20 published time-course studies (Table 2); see papers/Zurlinden 2025 bayesian-animal-pk.txt,95% credible interval 0.786-0.999; Toxicol Appl Pharmacol 499:117336 Table 3; doi:10.1016/j.taap.2025.117336
Zurlinden 2025 EPA CPHEA Bayesian hierarchical animal PFAS PK (Table 3),PFHxA,rat,Male,"clearance (CL), BW-normalised",3118,mL/kg-day,Posterior mean of Bayesian hierarchical fit to 20 published time-course studies (Table 2); see papers/Zurlinden 2025 bayesian-animal-pk.txt,95% credible interval 2622-3597; Toxicol Appl Pharmacol 499:117336 Table 3; doi:10.1016/j.taap.2025.117336
Zurlinden 2025 EPA CPHEA Bayesian hierarchical animal PFAS PK (Table 3),PFHxA,rat,Male,steady-state volume of distribution (Vd),426.4,mL/kg,Posterior mean of Bayesian hierarchical fit to 20 published time-course studies (Table 2); see papers/Zurlinden 2025 bayesian-animal-pk.txt,95% credible interval 292.3-557.7; Toxicol Appl Pharmacol 499:117336 Table 3; doi:10.1016/j.taap.2025.117336
Zurlinden 2025 EPA CPHEA Bayesian hierarchical animal PFAS PK (Table 3),PFHxA,rat,Male,steady-state half-life (t1/2),0.095,days,Posterior mean of Bayesian hierarchical fit to 20 published time-course studies (Table 2); see papers/Zurlinden 2025 bayesian-animal-pk.txt,95% credible interval 0.066-0.124; Toxicol Appl Pharmacol 499:117336 Table 3; doi:10.1016/j.taap.2025.117336
Zurlinden 2025 EPA CPHEA Bayesian hierarchical animal PFAS PK (Table 3),PFHxA,rat,Female,absorbed fraction (fa),0.836,unitless,Posterior mean of Bayesian hierarchical fit to 20 published time-course studies (Table 2); see papers/Zurlinden 2025 bayesian-animal-pk.txt,95% credible interval 0.603-0.999; Toxicol Appl Pharmacol 499:117336 Table 3; doi:10.1016/j.taap.2025.117336
Zurlinden 2025 EPA CPHEA Bayesian hierarchical animal PFAS PK (Table 3),PFHxA,rat,Female,"clearance (CL), BW-normalised",8115,mL/kg-day,Posterior mean of Bayesian hierarchical fit to 20 published time-course studies (Table 2); see papers/Zurlinden 2025 bayesian-animal-pk.txt,95% credible interval 4532-1.17e+04; Toxicol Appl Pharmacol 499:117336 Table 3; doi:10.1016/j.taap.2025.117336
Zurlinden 2025 EPA CPHEA Bayesian hierarchical animal PFAS PK (Table 3),PFHxA,rat,Female,steady-state volume of distribution (Vd),387.8,mL/kg,Posterior mean of Bayesian hierarchical fit to 20 published time-course studies (Table 2); see papers/Zurlinden 2025 bayesian-animal-pk.txt,95% credible interval 215.2-576.8; Toxicol Appl Pharmacol 499:117336 Table 3; doi:10.1016/j.taap.2025.117336
Zurlinden 2025 EPA CPHEA Bayesian hierarchical animal PFAS PK (Table 3),PFHxA,rat,Female,steady-state half-life (t1/2),0.034,days,Posterior mean of Bayesian hierarchical fit to 20 published time-course studies (Table 2); see papers/Zurlinden 2025 bayesian-animal-pk.txt,95% credible interval 0.017-0.053; Toxicol Appl Pharmacol 499:117336 Table 3; doi:10.1016/j.taap.2025.117336
Zurlinden 2025 EPA CPHEA Bayesian hierarchical animal PFAS PK (Table 3),PFHxA,mouse,Male,"clearance (CL), BW-normalised",2207,mL/kg-day,Posterior mean of Bayesian hierarchical fit to 20 published time-course studies (Table 2); see papers/Zurlinden 2025 bayesian-animal-pk.txt,95% credible interval 1841-2595; Toxicol Appl Pharmacol 499:117336 Table 3; doi:10.1016/j.taap.2025.117336
Zurlinden 2025 EPA CPHEA Bayesian hierarchical animal PFAS PK (Table 3),PFHxA,mouse,Male,steady-state volume of distribution (Vd),686.9,mL/kg,Posterior mean of Bayesian hierarchical fit to 20 published time-course studies (Table 2); see papers/Zurlinden 2025 bayesian-animal-pk.txt,95% credible interval 401.1-1038; Toxicol Appl Pharmacol 499:117336 Table 3; doi:10.1016/j.taap.2025.117336
Zurlinden 2025 EPA CPHEA Bayesian hierarchical animal PFAS PK (Table 3),PFHxA,mouse,Male,steady-state half-life (t1/2),0.215,days,Posterior mean of Bayesian hierarchical fit to 20 published time-course studies (Table 2); see papers/Zurlinden 2025 bayesian-animal-pk.txt,95% credible interval 0.141-0.309; Toxicol Appl Pharmacol 499:117336 Table 3; doi:10.1016/j.taap.2025.117336
Zurlinden 2025 EPA CPHEA Bayesian hierarchical animal PFAS PK (Table 3),PFHxA,mouse,Female,"clearance (CL), BW-normalised",4441,mL/kg-day,Posterior mean of Bayesian hierarchical fit to 20 published time-course studies (Table 2); see papers/Zurlinden 2025 bayesian-animal-pk.txt,95% credible interval 2865-6069; Toxicol Appl Pharmacol 499:117336 Table 3; doi:10.1016/j.taap.2025.117336
Zurlinden 2025 EPA CPHEA Bayesian hierarchical animal PFAS PK (Table 3),PFHxA,mouse,Female,steady-state volume of distribution (Vd),1525,mL/kg,Posterior mean of Bayesian hierarchical fit to 20 published time-course studies (Table 2); see papers/Zurlinden 2025 bayesian-animal-pk.txt,95% credible interval 211.9-3665; Toxicol Appl Pharmacol 499:117336 Table 3; doi:10.1016/j.taap.2025.117336
Zurlinden 2025 EPA CPHEA Bayesian hierarchical animal PFAS PK (Table 3),PFHxA,mouse,Female,steady-state half-life (t1/2),0.251,days,Posterior mean of Bayesian hierarchical fit to 20 published time-course studies (Table 2); see papers/Zurlinden 2025 bayesian-animal-pk.txt,95% credible interval 0.025-0.63; Toxicol Appl Pharmacol 499:117336 Table 3; doi:10.1016/j.taap.2025.117336
Zurlinden 2025 EPA CPHEA Bayesian hierarchical animal PFAS PK (Table 3),PFHxA,non-human primate (cynomolgus monkey),Male,"clearance (CL), BW-normalised",4686,mL/kg-day,Posterior mean of Bayesian hierarchical fit to 20 published time-course studies (Table 2); see papers/Zurlinden 2025 bayesian-animal-pk.txt,95% credible interval 2778-6877; Toxicol Appl Pharmacol 499:117336 Table 3; doi:10.1016/j.taap.2025.117336
Zurlinden 2025 EPA CPHEA Bayesian hierarchical animal PFAS PK (Table 3),PFHxA,non-human primate (cynomolgus monkey),Male,steady-state volume of distribution (Vd),827.4,mL/kg,Posterior mean of Bayesian hierarchical fit to 20 published time-course studies (Table 2); see papers/Zurlinden 2025 bayesian-animal-pk.txt,95% credible interval 383.3-1342; Toxicol Appl Pharmacol 499:117336 Table 3; doi:10.1016/j.taap.2025.117336
Zurlinden 2025 EPA CPHEA Bayesian hierarchical animal PFAS PK (Table 3),PFHxA,non-human primate (cynomolgus monkey),Male,steady-state half-life (t1/2),0.121,days,Posterior mean of Bayesian hierarchical fit to 20 published time-course studies (Table 2); see papers/Zurlinden 2025 bayesian-animal-pk.txt,95% credible interval 0.09-0.16; Toxicol Appl Pharmacol 499:117336 Table 3; doi:10.1016/j.taap.2025.117336
Zurlinden 2025 EPA CPHEA Bayesian hierarchical animal PFAS PK (Table 3),PFHxA,non-human primate (cynomolgus monkey),Female,"clearance (CL), BW-normalised",5042,mL/kg-day,Posterior mean of Bayesian hierarchical fit to 20 published time-course studies (Table 2); see papers/Zurlinden 2025 bayesian-animal-pk.txt,95% credible interval 3839-6335; Toxicol Appl Pharmacol 499:117336 Table 3; doi:10.1016/j.taap.2025.117336
Zurlinden 2025 EPA CPHEA Bayesian hierarchical animal PFAS PK (Table 3),PFHxA,non-human primate (cynomolgus monkey),Female,steady-state volume of distribution (Vd),392.6,mL/kg,Posterior mean of Bayesian hierarchical fit to 20 published time-course studies (Table 2); see papers/Zurlinden 2025 bayesian-animal-pk.txt,95% credible interval 255.3-541.2; Toxicol Appl Pharmacol 499:117336 Table 3; doi:10.1016/j.taap.2025.117336
Zurlinden 2025 EPA CPHEA Bayesian hierarchical animal PFAS PK (Table 3),PFHxA,non-human primate (cynomolgus monkey),Female,steady-state half-life (t1/2),0.054,days,Posterior mean of Bayesian hierarchical fit to 20 published time-course studies (Table 2); see papers/Zurlinden 2025 bayesian-animal-pk.txt,95% credible interval 0.045-0.063; Toxicol Appl Pharmacol 499:117336 Table 3; doi:10.1016/j.taap.2025.117336
Zurlinden 2025 EPA CPHEA Bayesian hierarchical animal PFAS PK (Table 3),PFHxS,rat,Male,absorbed fraction (fa),0.869,unitless,Posterior mean of Bayesian hierarchical fit to 20 published time-course studies (Table 2); see papers/Zurlinden 2025 bayesian-animal-pk.txt,95% credible interval 0.667-1; Toxicol Appl Pharmacol 499:117336 Table 3; doi:10.1016/j.taap.2025.117336
Zurlinden 2025 EPA CPHEA Bayesian hierarchical animal PFAS PK (Table 3),PFHxS,rat,Male,"clearance (CL), BW-normalised",4.79,mL/kg-day,Posterior mean of Bayesian hierarchical fit to 20 published time-course studies (Table 2); see papers/Zurlinden 2025 bayesian-animal-pk.txt,95% credible interval 3.39-6.19; Toxicol Appl Pharmacol 499:117336 Table 3; doi:10.1016/j.taap.2025.117336
Zurlinden 2025 EPA CPHEA Bayesian hierarchical animal PFAS PK (Table 3),PFHxS,rat,Male,steady-state volume of distribution (Vd),201.6,mL/kg,Posterior mean of Bayesian hierarchical fit to 20 published time-course studies (Table 2); see papers/Zurlinden 2025 bayesian-animal-pk.txt,95% credible interval 134.3-265.6; Toxicol Appl Pharmacol 499:117336 Table 3; doi:10.1016/j.taap.2025.117336
Zurlinden 2025 EPA CPHEA Bayesian hierarchical animal PFAS PK (Table 3),PFHxS,rat,Male,steady-state half-life (t1/2),29.71,days,Posterior mean of Bayesian hierarchical fit to 20 published time-course studies (Table 2); see papers/Zurlinden 2025 bayesian-animal-pk.txt,95% credible interval 18.35-42.11; Toxicol Appl Pharmacol 499:117336 Table 3; doi:10.1016/j.taap.2025.117336
Zurlinden 2025 EPA CPHEA Bayesian hierarchical animal PFAS PK (Table 3),PFHxS,rat,Female,absorbed fraction (fa),0.896,unitless,Posterior mean of Bayesian hierarchical fit to 20 published time-course studies (Table 2); see papers/Zurlinden 2025 bayesian-animal-pk.txt,95% credible interval 0.728-0.999; Toxicol Appl Pharmacol 499:117336 Table 3; doi:10.1016/j.taap.2025.117336
Zurlinden 2025 EPA CPHEA Bayesian hierarchical animal PFAS PK (Table 3),PFHxS,rat,Female,"clearance (CL), BW-normalised",98.21,mL/kg-day,Posterior mean of Bayesian hierarchical fit to 20 published time-course studies (Table 2); see papers/Zurlinden 2025 bayesian-animal-pk.txt,95% credible interval 65.05-134.6; Toxicol Appl Pharmacol 499:117336 Table 3; doi:10.1016/j.taap.2025.117336
Zurlinden 2025 EPA CPHEA Bayesian hierarchical animal PFAS PK (Table 3),PFHxS,rat,Female,steady-state volume of distribution (Vd),239.6,mL/kg,Posterior mean of Bayesian hierarchical fit to 20 published time-course studies (Table 2); see papers/Zurlinden 2025 bayesian-animal-pk.txt,95% credible interval 158.7-319.5; Toxicol Appl Pharmacol 499:117336 Table 3; doi:10.1016/j.taap.2025.117336
Zurlinden 2025 EPA CPHEA Bayesian hierarchical animal PFAS PK (Table 3),PFHxS,rat,Female,steady-state half-life (t1/2),1.744,days,Posterior mean of Bayesian hierarchical fit to 20 published time-course studies (Table 2); see papers/Zurlinden 2025 bayesian-animal-pk.txt,95% credible interval 0.961-2.588; Toxicol Appl Pharmacol 499:117336 Table 3; doi:10.1016/j.taap.2025.117336
Zurlinden 2025 EPA CPHEA Bayesian hierarchical animal PFAS PK (Table 3),PFHxS,mouse,Male,"clearance (CL), BW-normalised",3.81,mL/kg-day,Posterior mean of Bayesian hierarchical fit to 20 published time-course studies (Table 2); see papers/Zurlinden 2025 bayesian-animal-pk.txt,95% credible interval 3.49-4.13; Toxicol Appl Pharmacol 499:117336 Table 3; doi:10.1016/j.taap.2025.117336
Zurlinden 2025 EPA CPHEA Bayesian hierarchical animal PFAS PK (Table 3),PFHxS,mouse,Male,steady-state volume of distribution (Vd),150.6,mL/kg,Posterior mean of Bayesian hierarchical fit to 20 published time-course studies (Table 2); see papers/Zurlinden 2025 bayesian-animal-pk.txt,95% credible interval 133.8-168; Toxicol Appl Pharmacol 499:117336 Table 3; doi:10.1016/j.taap.2025.117336
Zurlinden 2025 EPA CPHEA Bayesian hierarchical animal PFAS PK (Table 3),PFHxS,mouse,Male,steady-state half-life (t1/2),27.4,days,Posterior mean of Bayesian hierarchical fit to 20 published time-course studies (Table 2); see papers/Zurlinden 2025 bayesian-animal-pk.txt,95% credible interval 25.62-29.45; Toxicol Appl Pharmacol 499:117336 Table 3; doi:10.1016/j.taap.2025.117336
Zurlinden 2025 EPA CPHEA Bayesian hierarchical animal PFAS PK (Table 3),PFHxS,mouse,Female,"clearance (CL), BW-normalised",3.14,mL/kg-day,Posterior mean of Bayesian hierarchical fit to 20 published time-course studies (Table 2); see papers/Zurlinden 2025 bayesian-animal-pk.txt,95% credible interval 2.95-3.32; Toxicol Appl Pharmacol 499:117336 Table 3; doi:10.1016/j.taap.2025.117336
Zurlinden 2025 EPA CPHEA Bayesian hierarchical animal PFAS PK (Table 3),PFHxS,mouse,Female,steady-state volume of distribution (Vd),120.7,mL/kg,Posterior mean of Bayesian hierarchical fit to 20 published time-course studies (Table 2); see papers/Zurlinden 2025 bayesian-animal-pk.txt,95% credible interval 111.1-130.4; Toxicol Appl Pharmacol 499:117336 Table 3; doi:10.1016/j.taap.2025.117336
Zurlinden 2025 EPA CPHEA Bayesian hierarchical animal PFAS PK (Table 3),PFHxS,mouse,Female,steady-state half-life (t1/2),26.66,days,Posterior mean of Bayesian hierarchical fit to 20 published time-course studies (Table 2); see papers/Zurlinden 2025 bayesian-animal-pk.txt,95% credible interval 25.44-27.95; Toxicol Appl Pharmacol 499:117336 Table 3; doi:10.1016/j.taap.2025.117336
Zurlinden 2025 EPA CPHEA Bayesian hierarchical animal PFAS PK (Table 3),PFHxS,non-human primate (cynomolgus monkey),Male,"clearance (CL), BW-normalised",1.17,mL/kg-day,Posterior mean of Bayesian hierarchical fit to 20 published time-course studies (Table 2); see papers/Zurlinden 2025 bayesian-animal-pk.txt,95% credible interval 0.6-1.7; Toxicol Appl Pharmacol 499:117336 Table 3; doi:10.1016/j.taap.2025.117336
Zurlinden 2025 EPA CPHEA Bayesian hierarchical animal PFAS PK (Table 3),PFHxS,non-human primate (cynomolgus monkey),Male,steady-state volume of distribution (Vd),272,mL/kg,Posterior mean of Bayesian hierarchical fit to 20 published time-course studies (Table 2); see papers/Zurlinden 2025 bayesian-animal-pk.txt,95% credible interval 234.6-311.8; Toxicol Appl Pharmacol 499:117336 Table 3; doi:10.1016/j.taap.2025.117336
Zurlinden 2025 EPA CPHEA Bayesian hierarchical animal PFAS PK (Table 3),PFHxS,non-human primate (cynomolgus monkey),Male,steady-state half-life (t1/2),177.6,days,Posterior mean of Bayesian hierarchical fit to 20 published time-course studies (Table 2); see papers/Zurlinden 2025 bayesian-animal-pk.txt,95% credible interval 90.56-296.9; Toxicol Appl Pharmacol 499:117336 Table 3; doi:10.1016/j.taap.2025.117336
Zurlinden 2025 EPA CPHEA Bayesian hierarchical animal PFAS PK (Table 3),PFHxS,non-human primate (cynomolgus monkey),Female,"clearance (CL), BW-normalised",2.1,mL/kg-day,Posterior mean of Bayesian hierarchical fit to 20 published time-course studies (Table 2); see papers/Zurlinden 2025 bayesian-animal-pk.txt,95% credible interval 1.7-2.48; Toxicol Appl Pharmacol 499:117336 Table 3; doi:10.1016/j.taap.2025.117336
Zurlinden 2025 EPA CPHEA Bayesian hierarchical animal PFAS PK (Table 3),PFHxS,non-human primate (cynomolgus monkey),Female,steady-state volume of distribution (Vd),222.9,mL/kg,Posterior mean of Bayesian hierarchical fit to 20 published time-course studies (Table 2); see papers/Zurlinden 2025 bayesian-animal-pk.txt,95% credible interval 191.2-252.9; Toxicol Appl Pharmacol 499:117336 Table 3; doi:10.1016/j.taap.2025.117336
Zurlinden 2025 EPA CPHEA Bayesian hierarchical animal PFAS PK (Table 3),PFHxS,non-human primate (cynomolgus monkey),Female,steady-state half-life (t1/2),74.38,days,Posterior mean of Bayesian hierarchical fit to 20 published time-course studies (Table 2); see papers/Zurlinden 2025 bayesian-animal-pk.txt,95% credible interval 56.84-93.43; Toxicol Appl Pharmacol 499:117336 Table 3; doi:10.1016/j.taap.2025.117336
Zurlinden 2025 EPA CPHEA Bayesian hierarchical animal PFAS PK (Table 3),PFOA,rat,Male,absorbed fraction (fa),0.928,unitless,Posterior mean of Bayesian hierarchical fit to 20 published time-course studies (Table 2); see papers/Zurlinden 2025 bayesian-animal-pk.txt,95% credible interval 0.824-0.999; Toxicol Appl Pharmacol 499:117336 Table 3; doi:10.1016/j.taap.2025.117336
Zurlinden 2025 EPA CPHEA Bayesian hierarchical animal PFAS PK (Table 3),PFOA,rat,Male,"clearance (CL), BW-normalised",15.07,mL/kg-day,Posterior mean of Bayesian hierarchical fit to 20 published time-course studies (Table 2); see papers/Zurlinden 2025 bayesian-animal-pk.txt,95% credible interval 8.31-22.63; Toxicol Appl Pharmacol 499:117336 Table 3; doi:10.1016/j.taap.2025.117336
Zurlinden 2025 EPA CPHEA Bayesian hierarchical animal PFAS PK (Table 3),PFOA,rat,Male,steady-state volume of distribution (Vd),289.4,mL/kg,Posterior mean of Bayesian hierarchical fit to 20 published time-course studies (Table 2); see papers/Zurlinden 2025 bayesian-animal-pk.txt,95% credible interval 190.5-380.1; Toxicol Appl Pharmacol 499:117336 Table 3; doi:10.1016/j.taap.2025.117336
Zurlinden 2025 EPA CPHEA Bayesian hierarchical animal PFAS PK (Table 3),PFOA,rat,Male,steady-state half-life (t1/2),14.2,days,Posterior mean of Bayesian hierarchical fit to 20 published time-course studies (Table 2); see papers/Zurlinden 2025 bayesian-animal-pk.txt,95% credible interval 6.291-23.18; Toxicol Appl Pharmacol 499:117336 Table 3; doi:10.1016/j.taap.2025.117336
Zurlinden 2025 EPA CPHEA Bayesian hierarchical animal PFAS PK (Table 3),PFOA,rat,Female,absorbed fraction (fa),0.894,unitless,Posterior mean of Bayesian hierarchical fit to 20 published time-course studies (Table 2); see papers/Zurlinden 2025 bayesian-animal-pk.txt,95% credible interval 0.735-1; Toxicol Appl Pharmacol 499:117336 Table 3; doi:10.1016/j.taap.2025.117336
Zurlinden 2025 EPA CPHEA Bayesian hierarchical animal PFAS PK (Table 3),PFOA,rat,Female,"clearance (CL), BW-normalised",666.3,mL/kg-day,Posterior mean of Bayesian hierarchical fit to 20 published time-course studies (Table 2); see papers/Zurlinden 2025 bayesian-animal-pk.txt,95% credible interval 474.4-859; Toxicol Appl Pharmacol 499:117336 Table 3; doi:10.1016/j.taap.2025.117336
Zurlinden 2025 EPA CPHEA Bayesian hierarchical animal PFAS PK (Table 3),PFOA,rat,Female,steady-state volume of distribution (Vd),648.6,mL/kg,Posterior mean of Bayesian hierarchical fit to 20 published time-course studies (Table 2); see papers/Zurlinden 2025 bayesian-animal-pk.txt,95% credible interval 282.3-1183; Toxicol Appl Pharmacol 499:117336 Table 3; doi:10.1016/j.taap.2025.117336
Zurlinden 2025 EPA CPHEA Bayesian hierarchical animal PFAS PK (Table 3),PFOA,rat,Female,steady-state half-life (t1/2),0.69,days,Posterior mean of Bayesian hierarchical fit to 20 published time-course studies (Table 2); see papers/Zurlinden 2025 bayesian-animal-pk.txt,95% credible interval 0.271-1.31; Toxicol Appl Pharmacol 499:117336 Table 3; doi:10.1016/j.taap.2025.117336
Zurlinden 2025 EPA CPHEA Bayesian hierarchical animal PFAS PK (Table 3),PFOA,mouse,Male,"clearance (CL), BW-normalised",6.94,mL/kg-day,Posterior mean of Bayesian hierarchical fit to 20 published time-course studies (Table 2); see papers/Zurlinden 2025 bayesian-animal-pk.txt,95% credible interval 6.08-7.77; Toxicol Appl Pharmacol 499:117336 Table 3; doi:10.1016/j.taap.2025.117336
Zurlinden 2025 EPA CPHEA Bayesian hierarchical animal PFAS PK (Table 3),PFOA,mouse,Male,steady-state volume of distribution (Vd),252.2,mL/kg,Posterior mean of Bayesian hierarchical fit to 20 published time-course studies (Table 2); see papers/Zurlinden 2025 bayesian-animal-pk.txt,95% credible interval 206-303.8; Toxicol Appl Pharmacol 499:117336 Table 3; doi:10.1016/j.taap.2025.117336
Zurlinden 2025 EPA CPHEA Bayesian hierarchical animal PFAS PK (Table 3),PFOA,mouse,Male,steady-state half-life (t1/2),25.63,days,Posterior mean of Bayesian hierarchical fit to 20 published time-course studies (Table 2); see papers/Zurlinden 2025 bayesian-animal-pk.txt,95% credible interval 20.12-31.97; Toxicol Appl Pharmacol 499:117336 Table 3; doi:10.1016/j.taap.2025.117336
Zurlinden 2025 EPA CPHEA Bayesian hierarchical animal PFAS PK (Table 3),PFOA,mouse,Female,"clearance (CL), BW-normalised",12.38,mL/kg-day,Posterior mean of Bayesian hierarchical fit to 20 published time-course studies (Table 2); see papers/Zurlinden 2025 bayesian-animal-pk.txt,95% credible interval 3.28-25.4; Toxicol Appl Pharmacol 499:117336 Table 3; doi:10.1016/j.taap.2025.117336
Zurlinden 2025 EPA CPHEA Bayesian hierarchical animal PFAS PK (Table 3),PFOA,mouse,Female,steady-state volume of distribution (Vd),298.5,mL/kg,Posterior mean of Bayesian hierarchical fit to 20 published time-course studies (Table 2); see papers/Zurlinden 2025 bayesian-animal-pk.txt,95% credible interval 76.39-569.5; Toxicol Appl Pharmacol 499:117336 Table 3; doi:10.1016/j.taap.2025.117336
Zurlinden 2025 EPA CPHEA Bayesian hierarchical animal PFAS PK (Table 3),PFOA,mouse,Female,steady-state half-life (t1/2),21.45,days,Posterior mean of Bayesian hierarchical fit to 20 published time-course studies (Table 2); see papers/Zurlinden 2025 bayesian-animal-pk.txt,95% credible interval 2.501-53.1; Toxicol Appl Pharmacol 499:117336 Table 3; doi:10.1016/j.taap.2025.117336
Zurlinden 2025 EPA CPHEA Bayesian hierarchical animal PFAS PK (Table 3),PFOA,non-human primate (cynomolgus monkey),Male,"clearance (CL), BW-normalised",10.83,mL/kg-day,Posterior mean of Bayesian hierarchical fit to 20 published time-course studies (Table 2); see papers/Zurlinden 2025 bayesian-animal-pk.txt,95% credible interval 8.06-13.71; Toxicol Appl Pharmacol 499:117336 Table 3; doi:10.1016/j.taap.2025.117336
Zurlinden 2025 EPA CPHEA Bayesian hierarchical animal PFAS PK (Table 3),PFOA,non-human primate (cynomolgus monkey),Male,steady-state volume of distribution (Vd),179,mL/kg,Posterior mean of Bayesian hierarchical fit to 20 published time-course studies (Table 2); see papers/Zurlinden 2025 bayesian-animal-pk.txt,95% credible interval 124.3-236.2; Toxicol Appl Pharmacol 499:117336 Table 3; doi:10.1016/j.taap.2025.117336
Zurlinden 2025 EPA CPHEA Bayesian hierarchical animal PFAS PK (Table 3),PFOA,non-human primate (cynomolgus monkey),Male,steady-state half-life (t1/2),11.45,days,Posterior mean of Bayesian hierarchical fit to 20 published time-course studies (Table 2); see papers/Zurlinden 2025 bayesian-animal-pk.txt,95% credible interval 9.765-13.26; Toxicol Appl Pharmacol 499:117336 Table 3; doi:10.1016/j.taap.2025.117336
Zurlinden 2025 EPA CPHEA Bayesian hierarchical animal PFAS PK (Table 3),PFOA,non-human primate (cynomolgus monkey),Female,"clearance (CL), BW-normalised",4.64,mL/kg-day,Posterior mean of Bayesian hierarchical fit to 20 published time-course studies (Table 2); see papers/Zurlinden 2025 bayesian-animal-pk.txt,95% credible interval 3.95-5.39; Toxicol Appl Pharmacol 499:117336 Table 3; doi:10.1016/j.taap.2025.117336
Zurlinden 2025 EPA CPHEA Bayesian hierarchical animal PFAS PK (Table 3),PFOA,non-human primate (cynomolgus monkey),Female,steady-state volume of distribution (Vd),169.4,mL/kg,Posterior mean of Bayesian hierarchical fit to 20 published time-course studies (Table 2); see papers/Zurlinden 2025 bayesian-animal-pk.txt,95% credible interval 140.5-199.1; Toxicol Appl Pharmacol 499:117336 Table 3; doi:10.1016/j.taap.2025.117336
Zurlinden 2025 EPA CPHEA Bayesian hierarchical animal PFAS PK (Table 3),PFOA,non-human primate (cynomolgus monkey),Female,steady-state half-life (t1/2),25.34,days,Posterior mean of Bayesian hierarchical fit to 20 published time-course studies (Table 2); see papers/Zurlinden 2025 bayesian-animal-pk.txt,95% credible interval 21.67-29.26; Toxicol Appl Pharmacol 499:117336 Table 3; doi:10.1016/j.taap.2025.117336
Zurlinden 2025 EPA CPHEA Bayesian hierarchical animal PFAS PK (Table 3),PFOS,rat,Male,absorbed fraction (fa),0.853,unitless,Posterior mean of Bayesian hierarchical fit to 20 published time-course studies (Table 2); see papers/Zurlinden 2025 bayesian-animal-pk.txt,95% credible interval 0.641-0.999; Toxicol Appl Pharmacol 499:117336 Table 3; doi:10.1016/j.taap.2025.117336
Zurlinden 2025 EPA CPHEA Bayesian hierarchical animal PFAS PK (Table 3),PFOS,rat,Male,"clearance (CL), BW-normalised",5.51,mL/kg-day,Posterior mean of Bayesian hierarchical fit to 20 published time-course studies (Table 2); see papers/Zurlinden 2025 bayesian-animal-pk.txt,95% credible interval 3.66-7.39; Toxicol Appl Pharmacol 499:117336 Table 3; doi:10.1016/j.taap.2025.117336
Zurlinden 2025 EPA CPHEA Bayesian hierarchical animal PFAS PK (Table 3),PFOS,rat,Male,steady-state volume of distribution (Vd),441.9,mL/kg,Posterior mean of Bayesian hierarchical fit to 20 published time-course studies (Table 2); see papers/Zurlinden 2025 bayesian-animal-pk.txt,95% credible interval 289.3-608.6; Toxicol Appl Pharmacol 499:117336 Table 3; doi:10.1016/j.taap.2025.117336
Zurlinden 2025 EPA CPHEA Bayesian hierarchical animal PFAS PK (Table 3),PFOS,rat,Male,steady-state half-life (t1/2),57.08,days,Posterior mean of Bayesian hierarchical fit to 20 published time-course studies (Table 2); see papers/Zurlinden 2025 bayesian-animal-pk.txt,95% credible interval 33.41-85.94; Toxicol Appl Pharmacol 499:117336 Table 3; doi:10.1016/j.taap.2025.117336
Zurlinden 2025 EPA CPHEA Bayesian hierarchical animal PFAS PK (Table 3),PFOS,rat,Female,absorbed fraction (fa),0.885,unitless,Posterior mean of Bayesian hierarchical fit to 20 published time-course studies (Table 2); see papers/Zurlinden 2025 bayesian-animal-pk.txt,95% credible interval 0.69-0.999; Toxicol Appl Pharmacol 499:117336 Table 3; doi:10.1016/j.taap.2025.117336
Zurlinden 2025 EPA CPHEA Bayesian hierarchical animal PFAS PK (Table 3),PFOS,rat,Female,"clearance (CL), BW-normalised",4.64,mL/kg-day,Posterior mean of Bayesian hierarchical fit to 20 published time-course studies (Table 2); see papers/Zurlinden 2025 bayesian-animal-pk.txt,95% credible interval 2.48-6.86; Toxicol Appl Pharmacol 499:117336 Table 3; doi:10.1016/j.taap.2025.117336
Zurlinden 2025 EPA CPHEA Bayesian hierarchical animal PFAS PK (Table 3),PFOS,rat,Female,steady-state volume of distribution (Vd),345.7,mL/kg,Posterior mean of Bayesian hierarchical fit to 20 published time-course studies (Table 2); see papers/Zurlinden 2025 bayesian-animal-pk.txt,95% credible interval 214.8-476.4; Toxicol Appl Pharmacol 499:117336 Table 3; doi:10.1016/j.taap.2025.117336
Zurlinden 2025 EPA CPHEA Bayesian hierarchical animal PFAS PK (Table 3),PFOS,rat,Female,steady-state half-life (t1/2),54.73,days,Posterior mean of Bayesian hierarchical fit to 20 published time-course studies (Table 2); see papers/Zurlinden 2025 bayesian-animal-pk.txt,95% credible interval 25.33-89.66; Toxicol Appl Pharmacol 499:117336 Table 3; doi:10.1016/j.taap.2025.117336
Zurlinden 2025 EPA CPHEA Bayesian hierarchical animal PFAS PK (Table 3),PFOS,mouse,Male,"clearance (CL), BW-normalised",5.59,mL/kg-day,Posterior mean of Bayesian hierarchical fit to 20 published time-course studies (Table 2); see papers/Zurlinden 2025 bayesian-animal-pk.txt,95% credible interval 5.18-6.01; Toxicol Appl Pharmacol 499:117336 Table 3; doi:10.1016/j.taap.2025.117336
Zurlinden 2025 EPA CPHEA Bayesian hierarchical animal PFAS PK (Table 3),PFOS,mouse,Male,steady-state volume of distribution (Vd),286,mL/kg,Posterior mean of Bayesian hierarchical fit to 20 published time-course studies (Table 2); see papers/Zurlinden 2025 bayesian-animal-pk.txt,95% credible interval 257-315.2; Toxicol Appl Pharmacol 499:117336 Table 3; doi:10.1016/j.taap.2025.117336
Zurlinden 2025 EPA CPHEA Bayesian hierarchical animal PFAS PK (Table 3),PFOS,mouse,Male,steady-state half-life (t1/2),35.49,days,Posterior mean of Bayesian hierarchical fit to 20 published time-course studies (Table 2); see papers/Zurlinden 2025 bayesian-animal-pk.txt,95% credible interval 32.35-38.55; Toxicol Appl Pharmacol 499:117336 Table 3; doi:10.1016/j.taap.2025.117336
Zurlinden 2025 EPA CPHEA Bayesian hierarchical animal PFAS PK (Table 3),PFOS,mouse,Female,"clearance (CL), BW-normalised",5.79,mL/kg-day,Posterior mean of Bayesian hierarchical fit to 20 published time-course studies (Table 2); see papers/Zurlinden 2025 bayesian-animal-pk.txt,95% credible interval 5.41-6.2; Toxicol Appl Pharmacol 499:117336 Table 3; doi:10.1016/j.taap.2025.117336
Zurlinden 2025 EPA CPHEA Bayesian hierarchical animal PFAS PK (Table 3),PFOS,mouse,Female,steady-state volume of distribution (Vd),274.2,mL/kg,Posterior mean of Bayesian hierarchical fit to 20 published time-course studies (Table 2); see papers/Zurlinden 2025 bayesian-animal-pk.txt,95% credible interval 247.4-299.9; Toxicol Appl Pharmacol 499:117336 Table 3; doi:10.1016/j.taap.2025.117336
Zurlinden 2025 EPA CPHEA Bayesian hierarchical animal PFAS PK (Table 3),PFOS,mouse,Female,steady-state half-life (t1/2),32.81,days,Posterior mean of Bayesian hierarchical fit to 20 published time-course studies (Table 2); see papers/Zurlinden 2025 bayesian-animal-pk.txt,95% credible interval 30.25-35.3; Toxicol Appl Pharmacol 499:117336 Table 3; doi:10.1016/j.taap.2025.117336
Zurlinden 2025 EPA CPHEA Bayesian hierarchical animal PFAS PK (Table 3),PFOS,non-human primate (cynomolgus monkey),Male,"clearance (CL), BW-normalised",1.1,mL/kg-day,Posterior mean of Bayesian hierarchical fit to 20 published time-course studies (Table 2); see papers/Zurlinden 2025 bayesian-animal-pk.txt,95% credible interval 0.86-1.34; Toxicol Appl Pharmacol 499:117336 Table 3; doi:10.1016/j.taap.2025.117336
Zurlinden 2025 EPA CPHEA Bayesian hierarchical animal PFAS PK (Table 3),PFOS,non-human primate (cynomolgus monkey),Male,steady-state volume of distribution (Vd),212.1,mL/kg,Posterior mean of Bayesian hierarchical fit to 20 published time-course studies (Table 2); see papers/Zurlinden 2025 bayesian-animal-pk.txt,95% credible interval 189.5-232.2; Toxicol Appl Pharmacol 499:117336 Table 3; doi:10.1016/j.taap.2025.117336
Zurlinden 2025 EPA CPHEA Bayesian hierarchical animal PFAS PK (Table 3),PFOS,non-human primate (cynomolgus monkey),Male,steady-state half-life (t1/2),135.9,days,Posterior mean of Bayesian hierarchical fit to 20 published time-course studies (Table 2); see papers/Zurlinden 2025 bayesian-animal-pk.txt,95% credible interval 100.5-178.8; Toxicol Appl Pharmacol 499:117336 Table 3; doi:10.1016/j.taap.2025.117336
Zurlinden 2025 EPA CPHEA Bayesian hierarchical animal PFAS PK (Table 3),PFOS,non-human primate (cynomolgus monkey),Female,"clearance (CL), BW-normalised",1.91,mL/kg-day,Posterior mean of Bayesian hierarchical fit to 20 published time-course studies (Table 2); see papers/Zurlinden 2025 bayesian-animal-pk.txt,95% credible interval 1.56-2.25; Toxicol Appl Pharmacol 499:117336 Table 3; doi:10.1016/j.taap.2025.117336
Zurlinden 2025 EPA CPHEA Bayesian hierarchical animal PFAS PK (Table 3),PFOS,non-human primate (cynomolgus monkey),Female,steady-state volume of distribution (Vd),262.8,mL/kg,Posterior mean of Bayesian hierarchical fit to 20 published time-course studies (Table 2); see papers/Zurlinden 2025 bayesian-animal-pk.txt,95% credible interval 235-291.9; Toxicol Appl Pharmacol 499:117336 Table 3; doi:10.1016/j.taap.2025.117336
Zurlinden 2025 EPA CPHEA Bayesian hierarchical animal PFAS PK (Table 3),PFOS,non-human primate (cynomolgus monkey),Female,steady-state half-life (t1/2),96.3,days,Posterior mean of Bayesian hierarchical fit to 20 published time-course studies (Table 2); see papers/Zurlinden 2025 bayesian-animal-pk.txt,95% credible interval 74.73-120.3; Toxicol Appl Pharmacol 499:117336 Table 3; doi:10.1016/j.taap.2025.117336
Zurlinden 2025 EPA CPHEA Bayesian hierarchical animal PFAS PK (Table 3),PFNA,rat,Male,absorbed fraction (fa),0.863,unitless,Posterior mean of Bayesian hierarchical fit to 20 published time-course studies (Table 2); see papers/Zurlinden 2025 bayesian-animal-pk.txt,95% credible interval 0.646-1; Toxicol Appl Pharmacol 499:117336 Table 3; doi:10.1016/j.taap.2025.117336
Zurlinden 2025 EPA CPHEA Bayesian hierarchical animal PFAS PK (Table 3),PFNA,rat,Male,"clearance (CL), BW-normalised",3.3,mL/kg-day,Posterior mean of Bayesian hierarchical fit to 20 published time-course studies (Table 2); see papers/Zurlinden 2025 bayesian-animal-pk.txt,95% credible interval 1.73-5.03; Toxicol Appl Pharmacol 499:117336 Table 3; doi:10.1016/j.taap.2025.117336
Zurlinden 2025 EPA CPHEA Bayesian hierarchical animal PFAS PK (Table 3),PFNA,rat,Male,steady-state volume of distribution (Vd),239.8,mL/kg,Posterior mean of Bayesian hierarchical fit to 20 published time-course studies (Table 2); see papers/Zurlinden 2025 bayesian-animal-pk.txt,95% credible interval 130.4-355.2; Toxicol Appl Pharmacol 499:117336 Table 3; doi:10.1016/j.taap.2025.117336
Zurlinden 2025 EPA CPHEA Bayesian hierarchical animal PFAS PK (Table 3),PFNA,rat,Male,steady-state half-life (t1/2),53.72,days,Posterior mean of Bayesian hierarchical fit to 20 published time-course studies (Table 2); see papers/Zurlinden 2025 bayesian-animal-pk.txt,95% credible interval 22.22-90.98; Toxicol Appl Pharmacol 499:117336 Table 3; doi:10.1016/j.taap.2025.117336
Zurlinden 2025 EPA CPHEA Bayesian hierarchical animal PFAS PK (Table 3),PFNA,rat,Female,absorbed fraction (fa),0.937,unitless,Posterior mean of Bayesian hierarchical fit to 20 published time-course studies (Table 2); see papers/Zurlinden 2025 bayesian-animal-pk.txt,95% credible interval 0.841-1; Toxicol Appl Pharmacol 499:117336 Table 3; doi:10.1016/j.taap.2025.117336
Zurlinden 2025 EPA CPHEA Bayesian hierarchical animal PFAS PK (Table 3),PFNA,rat,Female,"clearance (CL), BW-normalised",68.17,mL/kg-day,Posterior mean of Bayesian hierarchical fit to 20 published time-course studies (Table 2); see papers/Zurlinden 2025 bayesian-animal-pk.txt,95% credible interval 58.8-77.35; Toxicol Appl Pharmacol 499:117336 Table 3; doi:10.1016/j.taap.2025.117336
Zurlinden 2025 EPA CPHEA Bayesian hierarchical animal PFAS PK (Table 3),PFNA,rat,Female,steady-state volume of distribution (Vd),277.8,mL/kg,Posterior mean of Bayesian hierarchical fit to 20 published time-course studies (Table 2); see papers/Zurlinden 2025 bayesian-animal-pk.txt,95% credible interval 225.9-330.6; Toxicol Appl Pharmacol 499:117336 Table 3; doi:10.1016/j.taap.2025.117336
Zurlinden 2025 EPA CPHEA Bayesian hierarchical animal PFAS PK (Table 3),PFNA,rat,Female,steady-state half-life (t1/2),2.831,days,Posterior mean of Bayesian hierarchical fit to 20 published time-course studies (Table 2); see papers/Zurlinden 2025 bayesian-animal-pk.txt,95% credible interval 2.284-3.348; Toxicol Appl Pharmacol 499:117336 Table 3; doi:10.1016/j.taap.2025.117336
Zurlinden 2025 EPA CPHEA Bayesian hierarchical animal PFAS PK (Table 3),PFNA,mouse,Male,"clearance (CL), BW-normalised",3.93,mL/kg-day,Posterior mean of Bayesian hierarchical fit to 20 published time-course studies (Table 2); see papers/Zurlinden 2025 bayesian-animal-pk.txt,95% credible interval 0.83-6.35; Toxicol Appl Pharmacol 499:117336 Table 3; doi:10.1016/j.taap.2025.117336
Zurlinden 2025 EPA CPHEA Bayesian hierarchical animal PFAS PK (Table 3),PFNA,mouse,Male,steady-state volume of distribution (Vd),602.6,mL/kg,Posterior mean of Bayesian hierarchical fit to 20 published time-course studies (Table 2); see papers/Zurlinden 2025 bayesian-animal-pk.txt,95% credible interval 508.5-729.3; Toxicol Appl Pharmacol 499:117336 Table 3; doi:10.1016/j.taap.2025.117336
Zurlinden 2025 EPA CPHEA Bayesian hierarchical animal PFAS PK (Table 3),PFNA,mouse,Male,steady-state half-life (t1/2),227.5,days,Posterior mean of Bayesian hierarchical fit to 20 published time-course studies (Table 2); see papers/Zurlinden 2025 bayesian-animal-pk.txt,95% credible interval 46.7-445.9; Toxicol Appl Pharmacol 499:117336 Table 3; doi:10.1016/j.taap.2025.117336
Zurlinden 2025 EPA CPHEA Bayesian hierarchical animal PFAS PK (Table 3),PFNA,mouse,Female,"clearance (CL), BW-normalised",4.19,mL/kg-day,Posterior mean of Bayesian hierarchical fit to 20 published time-course studies (Table 2); see papers/Zurlinden 2025 bayesian-animal-pk.txt,95% credible interval 3.1-5.24; Toxicol Appl Pharmacol 499:117336 Table 3; doi:10.1016/j.taap.2025.117336
Zurlinden 2025 EPA CPHEA Bayesian hierarchical animal PFAS PK (Table 3),PFNA,mouse,Female,steady-state volume of distribution (Vd),348.4,mL/kg,Posterior mean of Bayesian hierarchical fit to 20 published time-course studies (Table 2); see papers/Zurlinden 2025 bayesian-animal-pk.txt,95% credible interval 304.1-395.1; Toxicol Appl Pharmacol 499:117336 Table 3; doi:10.1016/j.taap.2025.117336
Zurlinden 2025 EPA CPHEA Bayesian hierarchical animal PFAS PK (Table 3),PFNA,mouse,Female,steady-state half-life (t1/2),59.44,days,Posterior mean of Bayesian hierarchical fit to 20 published time-course studies (Table 2); see papers/Zurlinden 2025 bayesian-animal-pk.txt,95% credible interval 39.45-84.55; Toxicol Appl Pharmacol 499:117336 Table 3; doi:10.1016/j.taap.2025.117336
Zurlinden 2025 EPA CPHEA Bayesian hierarchical animal PFAS PK (Table 3),PFDA,rat,Male,absorbed fraction (fa),0.849,unitless,Posterior mean of Bayesian hierarchical fit to 20 published time-course studies (Table 2); see papers/Zurlinden 2025 bayesian-animal-pk.txt,95% credible interval 0.62-1; Toxicol Appl Pharmacol 499:117336 Table 3; doi:10.1016/j.taap.2025.117336
Zurlinden 2025 EPA CPHEA Bayesian hierarchical animal PFAS PK (Table 3),PFDA,rat,Male,"clearance (CL), BW-normalised",3.46,mL/kg-day,Posterior mean of Bayesian hierarchical fit to 20 published time-course studies (Table 2); see papers/Zurlinden 2025 bayesian-animal-pk.txt,95% credible interval 1.68-5.54; Toxicol Appl Pharmacol 499:117336 Table 3; doi:10.1016/j.taap.2025.117336
Zurlinden 2025 EPA CPHEA Bayesian hierarchical animal PFAS PK (Table 3),PFDA,rat,Male,steady-state volume of distribution (Vd),405.5,mL/kg,Posterior mean of Bayesian hierarchical fit to 20 published time-course studies (Table 2); see papers/Zurlinden 2025 bayesian-animal-pk.txt,95% credible interval 249.2-579; Toxicol Appl Pharmacol 499:117336 Table 3; doi:10.1016/j.taap.2025.117336
Zurlinden 2025 EPA CPHEA Bayesian hierarchical animal PFAS PK (Table 3),PFDA,rat,Male,steady-state half-life (t1/2),88.41,days,Posterior mean of Bayesian hierarchical fit to 20 published time-course studies (Table 2); see papers/Zurlinden 2025 bayesian-animal-pk.txt,95% credible interval 35.63-153.3; Toxicol Appl Pharmacol 499:117336 Table 3; doi:10.1016/j.taap.2025.117336
Zurlinden 2025 EPA CPHEA Bayesian hierarchical animal PFAS PK (Table 3),PFDA,rat,Female,absorbed fraction (fa),0.867,unitless,Posterior mean of Bayesian hierarchical fit to 20 published time-course studies (Table 2); see papers/Zurlinden 2025 bayesian-animal-pk.txt,95% credible interval 0.655-1; Toxicol Appl Pharmacol 499:117336 Table 3; doi:10.1016/j.taap.2025.117336
Zurlinden 2025 EPA CPHEA Bayesian hierarchical animal PFAS PK (Table 3),PFDA,rat,Female,"clearance (CL), BW-normalised",3.22,mL/kg-day,Posterior mean of Bayesian hierarchical fit to 20 published time-course studies (Table 2); see papers/Zurlinden 2025 bayesian-animal-pk.txt,95% credible interval 1.78-4.82; Toxicol Appl Pharmacol 499:117336 Table 3; doi:10.1016/j.taap.2025.117336
Zurlinden 2025 EPA CPHEA Bayesian hierarchical animal PFAS PK (Table 3),PFDA,rat,Female,steady-state volume of distribution (Vd),300.7,mL/kg,Posterior mean of Bayesian hierarchical fit to 20 published time-course studies (Table 2); see papers/Zurlinden 2025 bayesian-animal-pk.txt,95% credible interval 188.2-446.4; Toxicol Appl Pharmacol 499:117336 Table 3; doi:10.1016/j.taap.2025.117336
Zurlinden 2025 EPA CPHEA Bayesian hierarchical animal PFAS PK (Table 3),PFDA,rat,Female,steady-state half-life (t1/2),68.78,days,Posterior mean of Bayesian hierarchical fit to 20 published time-course studies (Table 2); see papers/Zurlinden 2025 bayesian-animal-pk.txt,95% credible interval 27.72-116.2; Toxicol Appl Pharmacol 499:117336 Table 3; doi:10.1016/j.taap.2025.117336
Zurlinden 2025 EPA CPHEA Bayesian hierarchical animal PFAS PK (Table 4),PFBA,human (extrapolated),Male,volume of distribution (Vd) - allometrically scaled to 80 kg human,0.33,L/kg,"Allometric scaling of animal posteriors (Vd b=1; CL b=0.75), this study",95% CI 0.2-0.53; Table 4; EPA conclusion: BW^0.75 allometric scaling does NOT reliably predict human PFAS clearance; doi:10.1016/j.taap.2025.117336
Zurlinden 2025 EPA CPHEA Bayesian hierarchical animal PFAS PK (Table 4),PFBA,human (extrapolated),Female,volume of distribution (Vd) - allometrically scaled to 80 kg human,0.28,L/kg,"Allometric scaling of animal posteriors (Vd b=1; CL b=0.75), this study",95% CI 0.17-0.45; Table 4; EPA conclusion: BW^0.75 allometric scaling does NOT reliably predict human PFAS clearance; doi:10.1016/j.taap.2025.117336
Zurlinden 2025 EPA CPHEA Bayesian hierarchical animal PFAS PK (Table 4),PFBA,human (extrapolated),Male,clearance (CL) - allometrically scaled to 80 kg human (b=0.75),59.5,L/kg-year,"Allometric scaling of animal posteriors (Vd b=1; CL b=0.75), this study",95% CI 13.2-247; Table 4; EPA conclusion: BW^0.75 allometric scaling does NOT reliably predict human PFAS clearance; doi:10.1016/j.taap.2025.117336
Zurlinden 2025 EPA CPHEA Bayesian hierarchical animal PFAS PK (Table 4),PFBA,human (extrapolated),Female,clearance (CL) - allometrically scaled to 80 kg human (b=0.75),112,L/kg-year,"Allometric scaling of animal posteriors (Vd b=1; CL b=0.75), this study",95% CI 25.4-489; Table 4; EPA conclusion: BW^0.75 allometric scaling does NOT reliably predict human PFAS clearance; doi:10.1016/j.taap.2025.117336
Zurlinden 2025 EPA CPHEA Bayesian hierarchical animal PFAS PK (Table 4),PFBA,human,M+F,clearance (CL) - REPORTED human value for comparison,43.8,L/kg-year,U.S. EPA (2022) IRIS PFBA,Table 4; EPA conclusion: BW^0.75 allometric scaling does NOT reliably predict human PFAS clearance; doi:10.1016/j.taap.2025.117336
Zurlinden 2025 EPA CPHEA Bayesian hierarchical animal PFAS PK (Table 4),PFBS,human (extrapolated),Male,volume of distribution (Vd) - allometrically scaled to 80 kg human,0.27,L/kg,"Allometric scaling of animal posteriors (Vd b=1; CL b=0.75), this study",95% CI 0.17-0.43; Table 4; EPA conclusion: BW^0.75 allometric scaling does NOT reliably predict human PFAS clearance; doi:10.1016/j.taap.2025.117336
Zurlinden 2025 EPA CPHEA Bayesian hierarchical animal PFAS PK (Table 4),PFBS,human (extrapolated),Female,volume of distribution (Vd) - allometrically scaled to 80 kg human,0.32,L/kg,"Allometric scaling of animal posteriors (Vd b=1; CL b=0.75), this study",95% CI 0.2-0.52; Table 4; EPA conclusion: BW^0.75 allometric scaling does NOT reliably predict human PFAS clearance; doi:10.1016/j.taap.2025.117336
Zurlinden 2025 EPA CPHEA Bayesian hierarchical animal PFAS PK (Table 4),PFBS,human (extrapolated),Male,clearance (CL) - allometrically scaled to 80 kg human (b=0.75),71.4,L/kg-year,"Allometric scaling of animal posteriors (Vd b=1; CL b=0.75), this study",95% CI 15-287; Table 4; EPA conclusion: BW^0.75 allometric scaling does NOT reliably predict human PFAS clearance; doi:10.1016/j.taap.2025.117336
Zurlinden 2025 EPA CPHEA Bayesian hierarchical animal PFAS PK (Table 4),PFBS,human (extrapolated),Female,clearance (CL) - allometrically scaled to 80 kg human (b=0.75),144,L/kg-year,"Allometric scaling of animal posteriors (Vd b=1; CL b=0.75), this study",95% CI 33.9-608; Table 4; EPA conclusion: BW^0.75 allometric scaling does NOT reliably predict human PFAS clearance; doi:10.1016/j.taap.2025.117336
Zurlinden 2025 EPA CPHEA Bayesian hierarchical animal PFAS PK (Table 4),PFBS,human,M+F,clearance (CL) - REPORTED human value for comparison,1.31,L/kg-year,U.S. EPA (2021) PFBS,Table 4; EPA conclusion: BW^0.75 allometric scaling does NOT reliably predict human PFAS clearance; doi:10.1016/j.taap.2025.117336
Zurlinden 2025 EPA CPHEA Bayesian hierarchical animal PFAS PK (Table 4),PFHxA,human (extrapolated),Male,volume of distribution (Vd) - allometrically scaled to 80 kg human,0.63,L/kg,"Allometric scaling of animal posteriors (Vd b=1; CL b=0.75), this study",95% CI 0.39-1.0; Table 4; EPA conclusion: BW^0.75 allometric scaling does NOT reliably predict human PFAS clearance; doi:10.1016/j.taap.2025.117336
Zurlinden 2025 EPA CPHEA Bayesian hierarchical animal PFAS PK (Table 4),PFHxA,human (extrapolated),Female,volume of distribution (Vd) - allometrically scaled to 80 kg human,0.62,L/kg,"Allometric scaling of animal posteriors (Vd b=1; CL b=0.75), this study",95% CI 0.38-0.99; Table 4; EPA conclusion: BW^0.75 allometric scaling does NOT reliably predict human PFAS clearance; doi:10.1016/j.taap.2025.117336
Zurlinden 2025 EPA CPHEA Bayesian hierarchical animal PFAS PK (Table 4),PFHxA,human (extrapolated),Male,clearance (CL) - allometrically scaled to 80 kg human (b=0.75),275,L/kg-year,"Allometric scaling of animal posteriors (Vd b=1; CL b=0.75), this study",95% CI 66.1-1150; Table 4; EPA conclusion: BW^0.75 allometric scaling does NOT reliably predict human PFAS clearance; doi:10.1016/j.taap.2025.117336
Zurlinden 2025 EPA CPHEA Bayesian hierarchical animal PFAS PK (Table 4),PFHxA,human (extrapolated),Female,clearance (CL) - allometrically scaled to 80 kg human (b=0.75),490,L/kg-year,"Allometric scaling of animal posteriors (Vd b=1; CL b=0.75), this study",95% CI 116-2080; Table 4; EPA conclusion: BW^0.75 allometric scaling does NOT reliably predict human PFAS clearance; doi:10.1016/j.taap.2025.117336
Zurlinden 2025 EPA CPHEA Bayesian hierarchical animal PFAS PK (Table 4),PFHxA,human,M+F,clearance (CL) - REPORTED human value for comparison,16.2,L/kg-year,U.S. EPA (2023) IRIS PFHxA,Table 4; EPA conclusion: BW^0.75 allometric scaling does NOT reliably predict human PFAS clearance; doi:10.1016/j.taap.2025.117336
Zurlinden 2025 EPA CPHEA Bayesian hierarchical animal PFAS PK (Table 4),PFHxS,human (extrapolated),Male,volume of distribution (Vd) - allometrically scaled to 80 kg human,0.2,L/kg,"Allometric scaling of animal posteriors (Vd b=1; CL b=0.75), this study",95% CI 0.13-0.33; Table 4; EPA conclusion: BW^0.75 allometric scaling does NOT reliably predict human PFAS clearance; doi:10.1016/j.taap.2025.117336
Zurlinden 2025 EPA CPHEA Bayesian hierarchical animal PFAS PK (Table 4),PFHxS,human (extrapolated),Female,volume of distribution (Vd) - allometrically scaled to 80 kg human,0.19,L/kg,"Allometric scaling of animal posteriors (Vd b=1; CL b=0.75), this study",95% CI 0.12-0.31; Table 4; EPA conclusion: BW^0.75 allometric scaling does NOT reliably predict human PFAS clearance; doi:10.1016/j.taap.2025.117336
Zurlinden 2025 EPA CPHEA Bayesian hierarchical animal PFAS PK (Table 4),PFHxS,human,M+F,volume of distribution (Vd) - REPORTED human value for comparison,0.29,L/kg,Chiu et al. (2022),95% CI 0.17-0.45; Table 4; EPA conclusion: BW^0.75 allometric scaling does NOT reliably predict human PFAS clearance; doi:10.1016/j.taap.2025.117336
Zurlinden 2025 EPA CPHEA Bayesian hierarchical animal PFAS PK (Table 4),PFHxS,human (extrapolated),Male,clearance (CL) - allometrically scaled to 80 kg human (b=0.75),0.24,L/kg-year,"Allometric scaling of animal posteriors (Vd b=1; CL b=0.75), this study",95% CI 0.053-0.98; Table 4; EPA conclusion: BW^0.75 allometric scaling does NOT reliably predict human PFAS clearance; doi:10.1016/j.taap.2025.117336
Zurlinden 2025 EPA CPHEA Bayesian hierarchical animal PFAS PK (Table 4),PFHxS,human (extrapolated),Female,clearance (CL) - allometrically scaled to 80 kg human (b=0.75),0.753,L/kg-year,"Allometric scaling of animal posteriors (Vd b=1; CL b=0.75), this study",95% CI 0.162-2.99; Table 4; EPA conclusion: BW^0.75 allometric scaling does NOT reliably predict human PFAS clearance; doi:10.1016/j.taap.2025.117336
Zurlinden 2025 EPA CPHEA Bayesian hierarchical animal PFAS PK (Table 4),PFHxS,human,M+F,clearance (CL) - REPORTED human value for comparison,0.025,L/kg-year,Chiu et al. (2022),95% CI 0.012-0.039; Table 4; EPA conclusion: BW^0.75 allometric scaling does NOT reliably predict human PFAS clearance; doi:10.1016/j.taap.2025.117336
Zurlinden 2025 EPA CPHEA Bayesian hierarchical animal PFAS PK (Table 4),PFOA,human (extrapolated),Male,volume of distribution (Vd) - allometrically scaled to 80 kg human,0.24,L/kg,"Allometric scaling of animal posteriors (Vd b=1; CL b=0.75), this study",95% CI 0.15-0.38; Table 4; EPA conclusion: BW^0.75 allometric scaling does NOT reliably predict human PFAS clearance; doi:10.1016/j.taap.2025.117336
Zurlinden 2025 EPA CPHEA Bayesian hierarchical animal PFAS PK (Table 4),PFOA,human (extrapolated),Female,volume of distribution (Vd) - allometrically scaled to 80 kg human,0.32,L/kg,"Allometric scaling of animal posteriors (Vd b=1; CL b=0.75), this study",95% CI 0.2-0.52; Table 4; EPA conclusion: BW^0.75 allometric scaling does NOT reliably predict human PFAS clearance; doi:10.1016/j.taap.2025.117336
Zurlinden 2025 EPA CPHEA Bayesian hierarchical animal PFAS PK (Table 4),PFOA,human,M+F,volume of distribution (Vd) - REPORTED human value for comparison,0.43,L/kg,Chiu et al. (2022),95% CI 0.32-0.59; Table 4; EPA conclusion: BW^0.75 allometric scaling does NOT reliably predict human PFAS clearance; doi:10.1016/j.taap.2025.117336
Zurlinden 2025 EPA CPHEA Bayesian hierarchical animal PFAS PK (Table 4),PFOA,human (extrapolated),Male,clearance (CL) - allometrically scaled to 80 kg human (b=0.75),0.911,L/kg-year,"Allometric scaling of animal posteriors (Vd b=1; CL b=0.75), this study",95% CI 0.208-4.07; Table 4; EPA conclusion: BW^0.75 allometric scaling does NOT reliably predict human PFAS clearance; doi:10.1016/j.taap.2025.117336
Zurlinden 2025 EPA CPHEA Bayesian hierarchical animal PFAS PK (Table 4),PFOA,human (extrapolated),Female,clearance (CL) - allometrically scaled to 80 kg human (b=0.75),2.94,L/kg-year,"Allometric scaling of animal posteriors (Vd b=1; CL b=0.75), this study",95% CI 0.665-12.2; Table 4; EPA conclusion: BW^0.75 allometric scaling does NOT reliably predict human PFAS clearance; doi:10.1016/j.taap.2025.117336
Zurlinden 2025 EPA CPHEA Bayesian hierarchical animal PFAS PK (Table 4),PFOA,human,M+F,clearance (CL) - REPORTED human value for comparison,0.095,L/kg-year,Chiu et al. (2022),95% CI 0.074-0.13; Table 4; EPA conclusion: BW^0.75 allometric scaling does NOT reliably predict human PFAS clearance; doi:10.1016/j.taap.2025.117336
Zurlinden 2025 EPA CPHEA Bayesian hierarchical animal PFAS PK (Table 4),PFOS,human (extrapolated),Male,volume of distribution (Vd) - allometrically scaled to 80 kg human,0.3,L/kg,"Allometric scaling of animal posteriors (Vd b=1; CL b=0.75), this study",95% CI 0.19-0.49; Table 4; EPA conclusion: BW^0.75 allometric scaling does NOT reliably predict human PFAS clearance; doi:10.1016/j.taap.2025.117336
Zurlinden 2025 EPA CPHEA Bayesian hierarchical animal PFAS PK (Table 4),PFOS,human (extrapolated),Female,volume of distribution (Vd) - allometrically scaled to 80 kg human,0.29,L/kg,"Allometric scaling of animal posteriors (Vd b=1; CL b=0.75), this study",95% CI 0.18-0.48; Table 4; EPA conclusion: BW^0.75 allometric scaling does NOT reliably predict human PFAS clearance; doi:10.1016/j.taap.2025.117336
Zurlinden 2025 EPA CPHEA Bayesian hierarchical animal PFAS PK (Table 4),PFOS,human,M+F,volume of distribution (Vd) - REPORTED human value for comparison,0.32,L/kg,Chiu et al. (2022),95% CI 0.22-0.47; Table 4; EPA conclusion: BW^0.75 allometric scaling does NOT reliably predict human PFAS clearance; doi:10.1016/j.taap.2025.117336
Zurlinden 2025 EPA CPHEA Bayesian hierarchical animal PFAS PK (Table 4),PFOS,human (extrapolated),Male,clearance (CL) - allometrically scaled to 80 kg human (b=0.75),0.28,L/kg-year,"Allometric scaling of animal posteriors (Vd b=1; CL b=0.75), this study",95% CI 0.063-1.25; Table 4; EPA conclusion: BW^0.75 allometric scaling does NOT reliably predict human PFAS clearance; doi:10.1016/j.taap.2025.117336
Zurlinden 2025 EPA CPHEA Bayesian hierarchical animal PFAS PK (Table 4),PFOS,human (extrapolated),Female,clearance (CL) - allometrically scaled to 80 kg human (b=0.75),0.322,L/kg-year,"Allometric scaling of animal posteriors (Vd b=1; CL b=0.75), this study",95% CI 0.072-1.33; Table 4; EPA conclusion: BW^0.75 allometric scaling does NOT reliably predict human PFAS clearance; doi:10.1016/j.taap.2025.117336
Zurlinden 2025 EPA CPHEA Bayesian hierarchical animal PFAS PK (Table 4),PFOS,human,M+F,clearance (CL) - REPORTED human value for comparison,0.066,L/kg-year,Chiu et al. (2022),95% CI 0.048-0.092; Table 4; EPA conclusion: BW^0.75 allometric scaling does NOT reliably predict human PFAS clearance; doi:10.1016/j.taap.2025.117336
Zurlinden 2025 EPA CPHEA Bayesian hierarchical animal PFAS PK (Table 4),PFNA,human (extrapolated),Male,volume of distribution (Vd) - allometrically scaled to 80 kg human,0.38,L/kg,"Allometric scaling of animal posteriors (Vd b=1; CL b=0.75), this study",95% CI 0.2-0.68; Table 4; EPA conclusion: BW^0.75 allometric scaling does NOT reliably predict human PFAS clearance; doi:10.1016/j.taap.2025.117336
Zurlinden 2025 EPA CPHEA Bayesian hierarchical animal PFAS PK (Table 4),PFNA,human (extrapolated),Female,volume of distribution (Vd) - allometrically scaled to 80 kg human,0.31,L/kg,"Allometric scaling of animal posteriors (Vd b=1; CL b=0.75), this study",95% CI 0.17-0.56; Table 4; EPA conclusion: BW^0.75 allometric scaling does NOT reliably predict human PFAS clearance; doi:10.1016/j.taap.2025.117336
Zurlinden 2025 EPA CPHEA Bayesian hierarchical animal PFAS PK (Table 4),PFNA,human,M+F,volume of distribution (Vd) - REPORTED human value for comparison,0.19,L/kg,Chiu et al. (2022),95% CI 0.11-0.3; Table 4; EPA conclusion: BW^0.75 allometric scaling does NOT reliably predict human PFAS clearance; doi:10.1016/j.taap.2025.117336
Zurlinden 2025 EPA CPHEA Bayesian hierarchical animal PFAS PK (Table 4),PFNA,human (extrapolated),Male,clearance (CL) - allometrically scaled to 80 kg human (b=0.75),0.233,L/kg-year,"Allometric scaling of animal posteriors (Vd b=1; CL b=0.75), this study",95% CI 0.039-1.5; Table 4; EPA conclusion: BW^0.75 allometric scaling does NOT reliably predict human PFAS clearance; doi:10.1016/j.taap.2025.117336
Zurlinden 2025 EPA CPHEA Bayesian hierarchical animal PFAS PK (Table 4),PFNA,human (extrapolated),Female,clearance (CL) - allometrically scaled to 80 kg human (b=0.75),1.1,L/kg-year,"Allometric scaling of animal posteriors (Vd b=1; CL b=0.75), this study",95% CI 0.19-7.19; Table 4; EPA conclusion: BW^0.75 allometric scaling does NOT reliably predict human PFAS clearance; doi:10.1016/j.taap.2025.117336
Zurlinden 2025 EPA CPHEA Bayesian hierarchical animal PFAS PK (Table 4),PFNA,human,M+F,clearance (CL) - REPORTED human value for comparison,0.056,L/kg-year,Chiu et al. (2022),95% CI 0.033-0.093; Table 4; EPA conclusion: BW^0.75 allometric scaling does NOT reliably predict human PFAS clearance; doi:10.1016/j.taap.2025.117336
EPA httk R package v2.7.4 - pfas.clearance table,PFOA,human,Female,serum elimination half-life (t1/2),20150,hours,"Bartell et al. 2010, Li et al. 2018, Worley et al. 2017, Xu et al. 2020, Zhang et al. 2013",DTXSID DTXSID8031865; httk 2.7.4 data/Tables.RData object pfas.clearance; https://cran.r-project.org/src/contrib/httk_2.7.4.tar.gz
EPA httk R package v2.7.4 - pfas.clearance table,PFOA,human,Female,volume of distribution (Vd),0.17,L/kg,Thompson et al. 2010,DTXSID DTXSID8031865; httk 2.7.4 data/Tables.RData object pfas.clearance; https://cran.r-project.org/src/contrib/httk_2.7.4.tar.gz
EPA httk R package v2.7.4 - pfas.clearance table,PFOA,human,Female,elimination rate constant (kelim),3.44e-05,1/hour,"computed = ln2/t1/2; Bartell et al. 2010, Li et al. 2018, Worley et al. 2017, Xu et al. 2020, Zhang et al. 2013",DTXSID DTXSID8031865; httk 2.7.4 data/Tables.RData object pfas.clearance; https://cran.r-project.org/src/contrib/httk_2.7.4.tar.gz
EPA httk R package v2.7.4 - pfas.clearance table,PFOA,human,Female,clearance (CL),5.848e-06,L/kg-hour,"COMPUTED = kelim x Vd; Hl:Bartell et al. 2010, Li et al. 2018, Worley et al. 2017, Xu et al. 2020, Zhang et al. 2013; Vd:Thompson et al. 2010","Clearance is DERIVED from half-life and Vd, not measured; DTXSID DTXSID8031865; httk 2.7.4 data/Tables.RData object pfas.clearance; https://cran.r-project.org/src/contrib/httk_2.7.4.tar.gz"
EPA httk R package v2.7.4 - pfas.clearance table,PFOA,human,Male,serum elimination half-life (t1/2),22340,hours,"Bartell et al. 2010, Li et al. 2018, Olsen et al. 2007, Worley et al. 2017, Xu et al. 2020, Zhang et al. 2013",DTXSID DTXSID8031865; httk 2.7.4 data/Tables.RData object pfas.clearance; https://cran.r-project.org/src/contrib/httk_2.7.4.tar.gz
EPA httk R package v2.7.4 - pfas.clearance table,PFOA,human,Male,volume of distribution (Vd),0.17,L/kg,Thompson et al. 2010,DTXSID DTXSID8031865; httk 2.7.4 data/Tables.RData object pfas.clearance; https://cran.r-project.org/src/contrib/httk_2.7.4.tar.gz
EPA httk R package v2.7.4 - pfas.clearance table,PFOA,human,Male,elimination rate constant (kelim),3.103e-05,1/hour,"computed = ln2/t1/2; Bartell et al. 2010, Li et al. 2018, Olsen et al. 2007, Worley et al. 2017, Xu et al. 2020, Zhang et al. 2013",DTXSID DTXSID8031865; httk 2.7.4 data/Tables.RData object pfas.clearance; https://cran.r-project.org/src/contrib/httk_2.7.4.tar.gz
EPA httk R package v2.7.4 - pfas.clearance table,PFOA,human,Male,clearance (CL),5.275e-06,L/kg-hour,"COMPUTED = kelim x Vd; Hl:Bartell et al. 2010, Li et al. 2018, Olsen et al. 2007, Worley et al. 2017, Xu et al. 2020, Zhang et al. 2013; Vd:Thompson et al. 2010","Clearance is DERIVED from half-life and Vd, not measured; DTXSID DTXSID8031865; httk 2.7.4 data/Tables.RData object pfas.clearance; https://cran.r-project.org/src/contrib/httk_2.7.4.tar.gz"
EPA httk R package v2.7.4 - pfas.clearance table,PFOA,monkey,Female,serum elimination half-life (t1/2),782.4,hours,Butenhoff et al. 2004,DTXSID DTXSID8031865; httk 2.7.4 data/Tables.RData object pfas.clearance; https://cran.r-project.org/src/contrib/httk_2.7.4.tar.gz
EPA httk R package v2.7.4 - pfas.clearance table,PFOA,monkey,Female,volume of distribution (Vd),0.198,L/kg,Butenhoff et al. 2004,DTXSID DTXSID8031865; httk 2.7.4 data/Tables.RData object pfas.clearance; https://cran.r-project.org/src/contrib/httk_2.7.4.tar.gz
EPA httk R package v2.7.4 - pfas.clearance table,PFOA,monkey,Female,elimination rate constant (kelim),0.0008859,1/hour,computed = ln2/t1/2; Butenhoff et al. 2004,DTXSID DTXSID8031865; httk 2.7.4 data/Tables.RData object pfas.clearance; https://cran.r-project.org/src/contrib/httk_2.7.4.tar.gz
EPA httk R package v2.7.4 - pfas.clearance table,PFOA,monkey,Female,clearance (CL),0.0001754,L/kg-hour,COMPUTED = kelim x Vd; Hl:Butenhoff et al. 2004; Vd:Butenhoff et al. 2004,"Clearance is DERIVED from half-life and Vd, not measured; DTXSID DTXSID8031865; httk 2.7.4 data/Tables.RData object pfas.clearance; https://cran.r-project.org/src/contrib/httk_2.7.4.tar.gz"
EPA httk R package v2.7.4 - pfas.clearance table,PFOA,monkey,Male,serum elimination half-life (t1/2),492,hours,Butenhoff et al. 2004,DTXSID DTXSID8031865; httk 2.7.4 data/Tables.RData object pfas.clearance; https://cran.r-project.org/src/contrib/httk_2.7.4.tar.gz
EPA httk R package v2.7.4 - pfas.clearance table,PFOA,monkey,Male,volume of distribution (Vd),0.181,L/kg,Butenhoff et al. 2004,DTXSID DTXSID8031865; httk 2.7.4 data/Tables.RData object pfas.clearance; https://cran.r-project.org/src/contrib/httk_2.7.4.tar.gz
EPA httk R package v2.7.4 - pfas.clearance table,PFOA,monkey,Male,elimination rate constant (kelim),0.001409,1/hour,computed = ln2/t1/2; Butenhoff et al. 2004,DTXSID DTXSID8031865; httk 2.7.4 data/Tables.RData object pfas.clearance; https://cran.r-project.org/src/contrib/httk_2.7.4.tar.gz
EPA httk R package v2.7.4 - pfas.clearance table,PFOA,monkey,Male,clearance (CL),0.000255,L/kg-hour,COMPUTED = kelim x Vd; Hl:Butenhoff et al. 2004; Vd:Butenhoff et al. 2004,"Clearance is DERIVED from half-life and Vd, not measured; DTXSID DTXSID8031865; httk 2.7.4 data/Tables.RData object pfas.clearance; https://cran.r-project.org/src/contrib/httk_2.7.4.tar.gz"
EPA httk R package v2.7.4 - pfas.clearance table,PFOA,rat,Female,serum elimination half-life (t1/2),2.835,hours,"Dzierlenga et al. 2020, Kim et al. 2016, Ohmori et al. 2003, Vanden Heuvel et al. 1991",DTXSID DTXSID8031865; httk 2.7.4 data/Tables.RData object pfas.clearance; https://cran.r-project.org/src/contrib/httk_2.7.4.tar.gz
EPA httk R package v2.7.4 - pfas.clearance table,PFOA,rat,Female,volume of distribution (Vd),0.154,L/kg,"Dzierlenga et al 2020, Kim et al. 2016, Ohmori et al. 2003",DTXSID DTXSID8031865; httk 2.7.4 data/Tables.RData object pfas.clearance; https://cran.r-project.org/src/contrib/httk_2.7.4.tar.gz
EPA httk R package v2.7.4 - pfas.clearance table,PFOA,rat,Female,elimination rate constant (kelim),0.2445,1/hour,"computed = ln2/t1/2; Dzierlenga et al. 2020, Kim et al. 2016, Ohmori et al. 2003, Vanden Heuvel et al. 1991",DTXSID DTXSID8031865; httk 2.7.4 data/Tables.RData object pfas.clearance; https://cran.r-project.org/src/contrib/httk_2.7.4.tar.gz
EPA httk R package v2.7.4 - pfas.clearance table,PFOA,rat,Female,clearance (CL),0.03765,L/kg-hour,"COMPUTED = kelim x Vd; Hl:Dzierlenga et al. 2020, Kim et al. 2016, Ohmori et al. 2003, Vanden Heuvel et al. 1991; Vd:Dzierlenga et al 2020, Kim et al. 2016, Ohmori et al. 2003","Clearance is DERIVED from half-life and Vd, not measured; DTXSID DTXSID8031865; httk 2.7.4 data/Tables.RData object pfas.clearance; https://cran.r-project.org/src/contrib/httk_2.7.4.tar.gz"
EPA httk R package v2.7.4 - pfas.clearance table,PFOA,rat,Male,serum elimination half-life (t1/2),236.5,hours,"Dzierlenga et al. 2020, Kim et al. 2016, Ohmori et al. 2003, Vanden Heuvel et al. 1991",DTXSID DTXSID8031865; httk 2.7.4 data/Tables.RData object pfas.clearance; https://cran.r-project.org/src/contrib/httk_2.7.4.tar.gz
EPA httk R package v2.7.4 - pfas.clearance table,PFOA,rat,Male,volume of distribution (Vd),0.113,L/kg,"Dzierlenga et al 2020, Kim et al. 2016, Ohmori et al. 2003",DTXSID DTXSID8031865; httk 2.7.4 data/Tables.RData object pfas.clearance; https://cran.r-project.org/src/contrib/httk_2.7.4.tar.gz
EPA httk R package v2.7.4 - pfas.clearance table,PFOA,rat,Male,elimination rate constant (kelim),0.002931,1/hour,"computed = ln2/t1/2; Dzierlenga et al. 2020, Kim et al. 2016, Ohmori et al. 2003, Vanden Heuvel et al. 1991",DTXSID DTXSID8031865; httk 2.7.4 data/Tables.RData object pfas.clearance; https://cran.r-project.org/src/contrib/httk_2.7.4.tar.gz
EPA httk R package v2.7.4 - pfas.clearance table,PFOA,rat,Male,clearance (CL),0.0003312,L/kg-hour,"COMPUTED = kelim x Vd; Hl:Dzierlenga et al. 2020, Kim et al. 2016, Ohmori et al. 2003, Vanden Heuvel et al. 1991; Vd:Dzierlenga et al 2020, Kim et al. 2016, Ohmori et al. 2003","Clearance is DERIVED from half-life and Vd, not measured; DTXSID DTXSID8031865; httk 2.7.4 data/Tables.RData object pfas.clearance; https://cran.r-project.org/src/contrib/httk_2.7.4.tar.gz"
EPA httk R package v2.7.4 - pfas.clearance table,PFOA,mouse,Female,serum elimination half-life (t1/2),374.4,hours,Lou et al. 2009,DTXSID DTXSID8031865; httk 2.7.4 data/Tables.RData object pfas.clearance; https://cran.r-project.org/src/contrib/httk_2.7.4.tar.gz
EPA httk R package v2.7.4 - pfas.clearance table,PFOA,mouse,Female,volume of distribution (Vd),0.1805,L/kg,Lou et al. 2009,DTXSID DTXSID8031865; httk 2.7.4 data/Tables.RData object pfas.clearance; https://cran.r-project.org/src/contrib/httk_2.7.4.tar.gz
EPA httk R package v2.7.4 - pfas.clearance table,PFOA,mouse,Female,elimination rate constant (kelim),0.001851,1/hour,computed = ln2/t1/2; Lou et al. 2009,DTXSID DTXSID8031865; httk 2.7.4 data/Tables.RData object pfas.clearance; https://cran.r-project.org/src/contrib/httk_2.7.4.tar.gz
EPA httk R package v2.7.4 - pfas.clearance table,PFOA,mouse,Female,clearance (CL),0.0003341,L/kg-hour,COMPUTED = kelim x Vd; Hl:Lou et al. 2009; Vd:Lou et al. 2009,"Clearance is DERIVED from half-life and Vd, not measured; DTXSID DTXSID8031865; httk 2.7.4 data/Tables.RData object pfas.clearance; https://cran.r-project.org/src/contrib/httk_2.7.4.tar.gz"
EPA httk R package v2.7.4 - pfas.clearance table,PFOA,mouse,Male,serum elimination half-life (t1/2),520.8,hours,Lou et al. 2009,DTXSID DTXSID8031865; httk 2.7.4 data/Tables.RData object pfas.clearance; https://cran.r-project.org/src/contrib/httk_2.7.4.tar.gz
EPA httk R package v2.7.4 - pfas.clearance table,PFOA,mouse,Male,volume of distribution (Vd),0.1805,L/kg,Lou et al. 2009,DTXSID DTXSID8031865; httk 2.7.4 data/Tables.RData object pfas.clearance; https://cran.r-project.org/src/contrib/httk_2.7.4.tar.gz
EPA httk R package v2.7.4 - pfas.clearance table,PFOA,mouse,Male,elimination rate constant (kelim),0.001331,1/hour,computed = ln2/t1/2; Lou et al. 2009,DTXSID DTXSID8031865; httk 2.7.4 data/Tables.RData object pfas.clearance; https://cran.r-project.org/src/contrib/httk_2.7.4.tar.gz
EPA httk R package v2.7.4 - pfas.clearance table,PFOA,mouse,Male,clearance (CL),0.0002402,L/kg-hour,COMPUTED = kelim x Vd; Hl:Lou et al. 2009; Vd:Lou et al. 2009,"Clearance is DERIVED from half-life and Vd, not measured; DTXSID DTXSID8031865; httk 2.7.4 data/Tables.RData object pfas.clearance; https://cran.r-project.org/src/contrib/httk_2.7.4.tar.gz"
EPA httk R package v2.7.4 - pfas.clearance table,PFBA,human,Female,serum elimination half-life (t1/2),1728,hours,Chang et al. 2008,DTXSID DTXSID4059916; httk 2.7.4 data/Tables.RData object pfas.clearance; https://cran.r-project.org/src/contrib/httk_2.7.4.tar.gz
EPA httk R package v2.7.4 - pfas.clearance table,PFBA,human,Female,volume of distribution (Vd),0.205,L/kg,Dawson et al. 2023,DEFAULT/surrogate Vd 0.205 L/kg from Dawson et al. 2023 - NOT chemical-specific; DTXSID DTXSID4059916; httk 2.7.4 data/Tables.RData object pfas.clearance; https://cran.r-project.org/src/contrib/httk_2.7.4.tar.gz
EPA httk R package v2.7.4 - pfas.clearance table,PFBA,human,Female,elimination rate constant (kelim),0.0004011,1/hour,computed = ln2/t1/2; Chang et al. 2008,DTXSID DTXSID4059916; httk 2.7.4 data/Tables.RData object pfas.clearance; https://cran.r-project.org/src/contrib/httk_2.7.4.tar.gz
EPA httk R package v2.7.4 - pfas.clearance table,PFBA,human,Female,clearance (CL),8.223e-05,L/kg-hour,COMPUTED = kelim x Vd; Hl:Chang et al. 2008; Vd:Dawson et al. 2023,"Clearance is DERIVED from half-life and Vd, not measured; DTXSID DTXSID4059916; httk 2.7.4 data/Tables.RData object pfas.clearance; https://cran.r-project.org/src/contrib/httk_2.7.4.tar.gz"
EPA httk R package v2.7.4 - pfas.clearance table,PFBA,human,Male,serum elimination half-life (t1/2),1728,hours,Chang et al. 2008,DTXSID DTXSID4059916; httk 2.7.4 data/Tables.RData object pfas.clearance; https://cran.r-project.org/src/contrib/httk_2.7.4.tar.gz
EPA httk R package v2.7.4 - pfas.clearance table,PFBA,human,Male,volume of distribution (Vd),0.205,L/kg,Dawson et al. 2023,DEFAULT/surrogate Vd 0.205 L/kg from Dawson et al. 2023 - NOT chemical-specific; DTXSID DTXSID4059916; httk 2.7.4 data/Tables.RData object pfas.clearance; https://cran.r-project.org/src/contrib/httk_2.7.4.tar.gz
EPA httk R package v2.7.4 - pfas.clearance table,PFBA,human,Male,elimination rate constant (kelim),0.0004011,1/hour,computed = ln2/t1/2; Chang et al. 2008,DTXSID DTXSID4059916; httk 2.7.4 data/Tables.RData object pfas.clearance; https://cran.r-project.org/src/contrib/httk_2.7.4.tar.gz
EPA httk R package v2.7.4 - pfas.clearance table,PFBA,human,Male,clearance (CL),8.223e-05,L/kg-hour,COMPUTED = kelim x Vd; Hl:Chang et al. 2008; Vd:Dawson et al. 2023,"Clearance is DERIVED from half-life and Vd, not measured; DTXSID DTXSID4059916; httk 2.7.4 data/Tables.RData object pfas.clearance; https://cran.r-project.org/src/contrib/httk_2.7.4.tar.gz"
EPA httk R package v2.7.4 - pfas.clearance table,PFBA,monkey,Female,serum elimination half-life (t1/2),984.2,hours,Chang et al. 2008,DTXSID DTXSID4059916; httk 2.7.4 data/Tables.RData object pfas.clearance; https://cran.r-project.org/src/contrib/httk_2.7.4.tar.gz
EPA httk R package v2.7.4 - pfas.clearance table,PFBA,monkey,Female,volume of distribution (Vd),0.443,L/kg,Chang et al. 2008,DTXSID DTXSID4059916; httk 2.7.4 data/Tables.RData object pfas.clearance; https://cran.r-project.org/src/contrib/httk_2.7.4.tar.gz
EPA httk R package v2.7.4 - pfas.clearance table,PFBA,monkey,Female,elimination rate constant (kelim),0.0007043,1/hour,computed = ln2/t1/2; Chang et al. 2008,DTXSID DTXSID4059916; httk 2.7.4 data/Tables.RData object pfas.clearance; https://cran.r-project.org/src/contrib/httk_2.7.4.tar.gz
EPA httk R package v2.7.4 - pfas.clearance table,PFBA,monkey,Female,clearance (CL),0.000312,L/kg-hour,COMPUTED = kelim x Vd; Hl:Chang et al. 2008; Vd:Chang et al. 2008,"Clearance is DERIVED from half-life and Vd, not measured; DTXSID DTXSID4059916; httk 2.7.4 data/Tables.RData object pfas.clearance; https://cran.r-project.org/src/contrib/httk_2.7.4.tar.gz"
EPA httk R package v2.7.4 - pfas.clearance table,PFBA,monkey,Male,serum elimination half-life (t1/2),967.7,hours,Chang et al. 2008,DTXSID DTXSID4059916; httk 2.7.4 data/Tables.RData object pfas.clearance; https://cran.r-project.org/src/contrib/httk_2.7.4.tar.gz
EPA httk R package v2.7.4 - pfas.clearance table,PFBA,monkey,Male,volume of distribution (Vd),0.526,L/kg,Chang et al. 2008,DTXSID DTXSID4059916; httk 2.7.4 data/Tables.RData object pfas.clearance; https://cran.r-project.org/src/contrib/httk_2.7.4.tar.gz
EPA httk R package v2.7.4 - pfas.clearance table,PFBA,monkey,Male,elimination rate constant (kelim),0.0007163,1/hour,computed = ln2/t1/2; Chang et al. 2008,DTXSID DTXSID4059916; httk 2.7.4 data/Tables.RData object pfas.clearance; https://cran.r-project.org/src/contrib/httk_2.7.4.tar.gz
EPA httk R package v2.7.4 - pfas.clearance table,PFBA,monkey,Male,clearance (CL),0.0003768,L/kg-hour,COMPUTED = kelim x Vd; Hl:Chang et al. 2008; Vd:Chang et al. 2008,"Clearance is DERIVED from half-life and Vd, not measured; DTXSID DTXSID4059916; httk 2.7.4 data/Tables.RData object pfas.clearance; https://cran.r-project.org/src/contrib/httk_2.7.4.tar.gz"
EPA httk R package v2.7.4 - pfas.clearance table,PFBA,mouse,Female,serum elimination half-life (t1/2),6.35,hours,Chang et al. 2008,DTXSID DTXSID4059916; httk 2.7.4 data/Tables.RData object pfas.clearance; https://cran.r-project.org/src/contrib/httk_2.7.4.tar.gz
EPA httk R package v2.7.4 - pfas.clearance table,PFBA,mouse,Female,volume of distribution (Vd),0.134,L/kg,Chang et al. 2008,DTXSID DTXSID4059916; httk 2.7.4 data/Tables.RData object pfas.clearance; https://cran.r-project.org/src/contrib/httk_2.7.4.tar.gz
EPA httk R package v2.7.4 - pfas.clearance table,PFBA,mouse,Female,elimination rate constant (kelim),0.1092,1/hour,computed = ln2/t1/2; Chang et al. 2008,DTXSID DTXSID4059916; httk 2.7.4 data/Tables.RData object pfas.clearance; https://cran.r-project.org/src/contrib/httk_2.7.4.tar.gz
EPA httk R package v2.7.4 - pfas.clearance table,PFBA,mouse,Female,clearance (CL),0.01463,L/kg-hour,COMPUTED = kelim x Vd; Hl:Chang et al. 2008; Vd:Chang et al. 2008,"Clearance is DERIVED from half-life and Vd, not measured; DTXSID DTXSID4059916; httk 2.7.4 data/Tables.RData object pfas.clearance; https://cran.r-project.org/src/contrib/httk_2.7.4.tar.gz"
EPA httk R package v2.7.4 - pfas.clearance table,PFBA,mouse,Male,serum elimination half-life (t1/2),13.34,hours,Chang et al. 2008,DTXSID DTXSID4059916; httk 2.7.4 data/Tables.RData object pfas.clearance; https://cran.r-project.org/src/contrib/httk_2.7.4.tar.gz
EPA httk R package v2.7.4 - pfas.clearance table,PFBA,mouse,Male,volume of distribution (Vd),0.195,L/kg,Chang et al. 2008,DTXSID DTXSID4059916; httk 2.7.4 data/Tables.RData object pfas.clearance; https://cran.r-project.org/src/contrib/httk_2.7.4.tar.gz
EPA httk R package v2.7.4 - pfas.clearance table,PFBA,mouse,Male,elimination rate constant (kelim),0.05196,1/hour,computed = ln2/t1/2; Chang et al. 2008,DTXSID DTXSID4059916; httk 2.7.4 data/Tables.RData object pfas.clearance; https://cran.r-project.org/src/contrib/httk_2.7.4.tar.gz
EPA httk R package v2.7.4 - pfas.clearance table,PFBA,mouse,Male,clearance (CL),0.01013,L/kg-hour,COMPUTED = kelim x Vd; Hl:Chang et al. 2008; Vd:Chang et al. 2008,"Clearance is DERIVED from half-life and Vd, not measured; DTXSID DTXSID4059916; httk 2.7.4 data/Tables.RData object pfas.clearance; https://cran.r-project.org/src/contrib/httk_2.7.4.tar.gz"
EPA httk R package v2.7.4 - pfas.clearance table,PFBA,rat,Female,serum elimination half-life (t1/2),1.76,hours,Chang et al. 2008,DTXSID DTXSID4059916; httk 2.7.4 data/Tables.RData object pfas.clearance; https://cran.r-project.org/src/contrib/httk_2.7.4.tar.gz
EPA httk R package v2.7.4 - pfas.clearance table,PFBA,rat,Female,volume of distribution (Vd),0.18,L/kg,Chang et al. 2008,DTXSID DTXSID4059916; httk 2.7.4 data/Tables.RData object pfas.clearance; https://cran.r-project.org/src/contrib/httk_2.7.4.tar.gz
EPA httk R package v2.7.4 - pfas.clearance table,PFBA,rat,Female,elimination rate constant (kelim),0.3938,1/hour,computed = ln2/t1/2; Chang et al. 2008,DTXSID DTXSID4059916; httk 2.7.4 data/Tables.RData object pfas.clearance; https://cran.r-project.org/src/contrib/httk_2.7.4.tar.gz
EPA httk R package v2.7.4 - pfas.clearance table,PFBA,rat,Female,clearance (CL),0.07088,L/kg-hour,COMPUTED = kelim x Vd; Hl:Chang et al. 2008; Vd:Chang et al. 2008,"Clearance is DERIVED from half-life and Vd, not measured; DTXSID DTXSID4059916; httk 2.7.4 data/Tables.RData object pfas.clearance; https://cran.r-project.org/src/contrib/httk_2.7.4.tar.gz"
EPA httk R package v2.7.4 - pfas.clearance table,PFBA,rat,Male,serum elimination half-life (t1/2),9.22,hours,Chang et al. 2008,DTXSID DTXSID4059916; httk 2.7.4 data/Tables.RData object pfas.clearance; https://cran.r-project.org/src/contrib/httk_2.7.4.tar.gz
EPA httk R package v2.7.4 - pfas.clearance table,PFBA,rat,Male,volume of distribution (Vd),0.231,L/kg,Chang et al. 2008,DTXSID DTXSID4059916; httk 2.7.4 data/Tables.RData object pfas.clearance; https://cran.r-project.org/src/contrib/httk_2.7.4.tar.gz
EPA httk R package v2.7.4 - pfas.clearance table,PFBA,rat,Male,elimination rate constant (kelim),0.07518,1/hour,computed = ln2/t1/2; Chang et al. 2008,DTXSID DTXSID4059916; httk 2.7.4 data/Tables.RData object pfas.clearance; https://cran.r-project.org/src/contrib/httk_2.7.4.tar.gz
EPA httk R package v2.7.4 - pfas.clearance table,PFBA,rat,Male,clearance (CL),0.01737,L/kg-hour,COMPUTED = kelim x Vd; Hl:Chang et al. 2008; Vd:Chang et al. 2008,"Clearance is DERIVED from half-life and Vd, not measured; DTXSID DTXSID4059916; httk 2.7.4 data/Tables.RData object pfas.clearance; https://cran.r-project.org/src/contrib/httk_2.7.4.tar.gz"
EPA httk R package v2.7.4 - pfas.clearance table,PFOS,monkey,Female,serum elimination half-life (t1/2),2640,hours,Chang et al. 2012,DTXSID DTXSID3031864; httk 2.7.4 data/Tables.RData object pfas.clearance; https://cran.r-project.org/src/contrib/httk_2.7.4.tar.gz
EPA httk R package v2.7.4 - pfas.clearance table,PFOS,monkey,Female,volume of distribution (Vd),0.274,L/kg,Chang et al. 2012,DTXSID DTXSID3031864; httk 2.7.4 data/Tables.RData object pfas.clearance; https://cran.r-project.org/src/contrib/httk_2.7.4.tar.gz
EPA httk R package v2.7.4 - pfas.clearance table,PFOS,monkey,Female,elimination rate constant (kelim),0.0002626,1/hour,computed = ln2/t1/2; Chang et al. 2012,DTXSID DTXSID3031864; httk 2.7.4 data/Tables.RData object pfas.clearance; https://cran.r-project.org/src/contrib/httk_2.7.4.tar.gz
EPA httk R package v2.7.4 - pfas.clearance table,PFOS,monkey,Female,clearance (CL),7.195e-05,L/kg-hour,COMPUTED = kelim x Vd; Hl:Chang et al. 2012; Vd:Chang et al. 2012,"Clearance is DERIVED from half-life and Vd, not measured; DTXSID DTXSID3031864; httk 2.7.4 data/Tables.RData object pfas.clearance; https://cran.r-project.org/src/contrib/httk_2.7.4.tar.gz"
EPA httk R package v2.7.4 - pfas.clearance table,PFOS,monkey,Male,serum elimination half-life (t1/2),3168,hours,Chang et al. 2012,DTXSID DTXSID3031864; httk 2.7.4 data/Tables.RData object pfas.clearance; https://cran.r-project.org/src/contrib/httk_2.7.4.tar.gz
EPA httk R package v2.7.4 - pfas.clearance table,PFOS,monkey,Male,volume of distribution (Vd),0.202,L/kg,Chang et al. 2012,DTXSID DTXSID3031864; httk 2.7.4 data/Tables.RData object pfas.clearance; https://cran.r-project.org/src/contrib/httk_2.7.4.tar.gz
EPA httk R package v2.7.4 - pfas.clearance table,PFOS,monkey,Male,elimination rate constant (kelim),0.0002188,1/hour,computed = ln2/t1/2; Chang et al. 2012,DTXSID DTXSID3031864; httk 2.7.4 data/Tables.RData object pfas.clearance; https://cran.r-project.org/src/contrib/httk_2.7.4.tar.gz
EPA httk R package v2.7.4 - pfas.clearance table,PFOS,monkey,Male,clearance (CL),4.42e-05,L/kg-hour,COMPUTED = kelim x Vd; Hl:Chang et al. 2012; Vd:Chang et al. 2012,"Clearance is DERIVED from half-life and Vd, not measured; DTXSID DTXSID3031864; httk 2.7.4 data/Tables.RData object pfas.clearance; https://cran.r-project.org/src/contrib/httk_2.7.4.tar.gz"
EPA httk R package v2.7.4 - pfas.clearance table,PFOS,mouse,Female,serum elimination half-life (t1/2),819,hours,Chang et al. 2012,DTXSID DTXSID3031864; httk 2.7.4 data/Tables.RData object pfas.clearance; https://cran.r-project.org/src/contrib/httk_2.7.4.tar.gz
EPA httk R package v2.7.4 - pfas.clearance table,PFOS,mouse,Female,volume of distribution (Vd),0.261,L/kg,Chang et al. 2012,DTXSID DTXSID3031864; httk 2.7.4 data/Tables.RData object pfas.clearance; https://cran.r-project.org/src/contrib/httk_2.7.4.tar.gz
EPA httk R package v2.7.4 - pfas.clearance table,PFOS,mouse,Female,elimination rate constant (kelim),0.0008463,1/hour,computed = ln2/t1/2; Chang et al. 2012,DTXSID DTXSID3031864; httk 2.7.4 data/Tables.RData object pfas.clearance; https://cran.r-project.org/src/contrib/httk_2.7.4.tar.gz
EPA httk R package v2.7.4 - pfas.clearance table,PFOS,mouse,Female,clearance (CL),0.0002209,L/kg-hour,COMPUTED = kelim x Vd; Hl:Chang et al. 2012; Vd:Chang et al. 2012,"Clearance is DERIVED from half-life and Vd, not measured; DTXSID DTXSID3031864; httk 2.7.4 data/Tables.RData object pfas.clearance; https://cran.r-project.org/src/contrib/httk_2.7.4.tar.gz"
EPA httk R package v2.7.4 - pfas.clearance table,PFOS,mouse,Male,serum elimination half-life (t1/2),950.8,hours,Chang et al. 2012,DTXSID DTXSID3031864; httk 2.7.4 data/Tables.RData object pfas.clearance; https://cran.r-project.org/src/contrib/httk_2.7.4.tar.gz
EPA httk R package v2.7.4 - pfas.clearance table,PFOS,mouse,Male,volume of distribution (Vd),0.263,L/kg,Chang et al. 2012,DTXSID DTXSID3031864; httk 2.7.4 data/Tables.RData object pfas.clearance; https://cran.r-project.org/src/contrib/httk_2.7.4.tar.gz
EPA httk R package v2.7.4 - pfas.clearance table,PFOS,mouse,Male,elimination rate constant (kelim),0.000729,1/hour,computed = ln2/t1/2; Chang et al. 2012,DTXSID DTXSID3031864; httk 2.7.4 data/Tables.RData object pfas.clearance; https://cran.r-project.org/src/contrib/httk_2.7.4.tar.gz
EPA httk R package v2.7.4 - pfas.clearance table,PFOS,mouse,Male,clearance (CL),0.0001917,L/kg-hour,COMPUTED = kelim x Vd; Hl:Chang et al. 2012; Vd:Chang et al. 2012,"Clearance is DERIVED from half-life and Vd, not measured; DTXSID DTXSID3031864; httk 2.7.4 data/Tables.RData object pfas.clearance; https://cran.r-project.org/src/contrib/httk_2.7.4.tar.gz"
EPA httk R package v2.7.4 - pfas.clearance table,PFOS,rat,Female,serum elimination half-life (t1/2),912,hours,"Chang et al. 2012, Huang et al. 2019a, Kim et al. 2016",DTXSID DTXSID3031864; httk 2.7.4 data/Tables.RData object pfas.clearance; https://cran.r-project.org/src/contrib/httk_2.7.4.tar.gz
EPA httk R package v2.7.4 - pfas.clearance table,PFOS,rat,Female,volume of distribution (Vd),0.5535,L/kg,"Chang et al. 2012, Huang et al. 2019, Kim et al. 2016",DTXSID DTXSID3031864; httk 2.7.4 data/Tables.RData object pfas.clearance; https://cran.r-project.org/src/contrib/httk_2.7.4.tar.gz
EPA httk R package v2.7.4 - pfas.clearance table,PFOS,rat,Female,elimination rate constant (kelim),0.00076,1/hour,"computed = ln2/t1/2; Chang et al. 2012, Huang et al. 2019a, Kim et al. 2016",DTXSID DTXSID3031864; httk 2.7.4 data/Tables.RData object pfas.clearance; https://cran.r-project.org/src/contrib/httk_2.7.4.tar.gz
EPA httk R package v2.7.4 - pfas.clearance table,PFOS,rat,Female,clearance (CL),0.0004207,L/kg-hour,"COMPUTED = kelim x Vd; Hl:Chang et al. 2012, Huang et al. 2019a, Kim et al. 2016; Vd:Chang et al. 2012, Huang et al. 2019, Kim et al. 2016","Clearance is DERIVED from half-life and Vd, not measured; DTXSID DTXSID3031864; httk 2.7.4 data/Tables.RData object pfas.clearance; https://cran.r-project.org/src/contrib/httk_2.7.4.tar.gz"
EPA httk R package v2.7.4 - pfas.clearance table,PFOS,rat,Male,serum elimination half-life (t1/2),889.3,hours,"Chang et al. 2012, Huang et al. 2019a, Kim et al. 2016",DTXSID DTXSID3031864; httk 2.7.4 data/Tables.RData object pfas.clearance; https://cran.r-project.org/src/contrib/httk_2.7.4.tar.gz
EPA httk R package v2.7.4 - pfas.clearance table,PFOS,rat,Male,volume of distribution (Vd),0.707,L/kg,"Chang et al. 2012, Huang et al. 2019, Kim et al. 2016",DTXSID DTXSID3031864; httk 2.7.4 data/Tables.RData object pfas.clearance; https://cran.r-project.org/src/contrib/httk_2.7.4.tar.gz
EPA httk R package v2.7.4 - pfas.clearance table,PFOS,rat,Male,elimination rate constant (kelim),0.0007794,1/hour,"computed = ln2/t1/2; Chang et al. 2012, Huang et al. 2019a, Kim et al. 2016",DTXSID DTXSID3031864; httk 2.7.4 data/Tables.RData object pfas.clearance; https://cran.r-project.org/src/contrib/httk_2.7.4.tar.gz
EPA httk R package v2.7.4 - pfas.clearance table,PFOS,rat,Male,clearance (CL),0.000551,L/kg-hour,"COMPUTED = kelim x Vd; Hl:Chang et al. 2012, Huang et al. 2019a, Kim et al. 2016; Vd:Chang et al. 2012, Huang et al. 2019, Kim et al. 2016","Clearance is DERIVED from half-life and Vd, not measured; DTXSID DTXSID3031864; httk 2.7.4 data/Tables.RData object pfas.clearance; https://cran.r-project.org/src/contrib/httk_2.7.4.tar.gz"
EPA httk R package v2.7.4 - pfas.clearance table,PFOS,human,Female,serum elimination half-life (t1/2),28910,hours,"Li et al. 2018, Olsen et al. 2007, Worley et al. 2017, Xu et al. 2020, Zhang et al. 2013",DTXSID DTXSID3031864; httk 2.7.4 data/Tables.RData object pfas.clearance; https://cran.r-project.org/src/contrib/httk_2.7.4.tar.gz
EPA httk R package v2.7.4 - pfas.clearance table,PFOS,human,Female,volume of distribution (Vd),0.23,L/kg,Thompson et al. 2010,DTXSID DTXSID3031864; httk 2.7.4 data/Tables.RData object pfas.clearance; https://cran.r-project.org/src/contrib/httk_2.7.4.tar.gz
EPA httk R package v2.7.4 - pfas.clearance table,PFOS,human,Female,elimination rate constant (kelim),2.398e-05,1/hour,"computed = ln2/t1/2; Li et al. 2018, Olsen et al. 2007, Worley et al. 2017, Xu et al. 2020, Zhang et al. 2013",DTXSID DTXSID3031864; httk 2.7.4 data/Tables.RData object pfas.clearance; https://cran.r-project.org/src/contrib/httk_2.7.4.tar.gz
EPA httk R package v2.7.4 - pfas.clearance table,PFOS,human,Female,clearance (CL),5.515e-06,L/kg-hour,"COMPUTED = kelim x Vd; Hl:Li et al. 2018, Olsen et al. 2007, Worley et al. 2017, Xu et al. 2020, Zhang et al. 2013; Vd:Thompson et al. 2010","Clearance is DERIVED from half-life and Vd, not measured; DTXSID DTXSID3031864; httk 2.7.4 data/Tables.RData object pfas.clearance; https://cran.r-project.org/src/contrib/httk_2.7.4.tar.gz"
EPA httk R package v2.7.4 - pfas.clearance table,PFOS,human,Male,serum elimination half-life (t1/2),40300,hours,"Li et al. 2018, Olsen et al. 2007, Worley et al. 2017, Xu et al. 2020, Zhang et al. 2013",DTXSID DTXSID3031864; httk 2.7.4 data/Tables.RData object pfas.clearance; https://cran.r-project.org/src/contrib/httk_2.7.4.tar.gz
EPA httk R package v2.7.4 - pfas.clearance table,PFOS,human,Male,volume of distribution (Vd),0.23,L/kg,Thompson et al. 2010,DTXSID DTXSID3031864; httk 2.7.4 data/Tables.RData object pfas.clearance; https://cran.r-project.org/src/contrib/httk_2.7.4.tar.gz
EPA httk R package v2.7.4 - pfas.clearance table,PFOS,human,Male,elimination rate constant (kelim),1.72e-05,1/hour,"computed = ln2/t1/2; Li et al. 2018, Olsen et al. 2007, Worley et al. 2017, Xu et al. 2020, Zhang et al. 2013",DTXSID DTXSID3031864; httk 2.7.4 data/Tables.RData object pfas.clearance; https://cran.r-project.org/src/contrib/httk_2.7.4.tar.gz
EPA httk R package v2.7.4 - pfas.clearance table,PFOS,human,Male,clearance (CL),3.956e-06,L/kg-hour,"COMPUTED = kelim x Vd; Hl:Li et al. 2018, Olsen et al. 2007, Worley et al. 2017, Xu et al. 2020, Zhang et al. 2013; Vd:Thompson et al. 2010","Clearance is DERIVED from half-life and Vd, not measured; DTXSID DTXSID3031864; httk 2.7.4 data/Tables.RData object pfas.clearance; https://cran.r-project.org/src/contrib/httk_2.7.4.tar.gz"
EPA httk R package v2.7.4 - pfas.clearance table,PFBS,monkey,Female,serum elimination half-life (t1/2),1096,hours,"Chengelis et al. 2009, Olsen et al. 2009",DTXSID DTXSID5030030; httk 2.7.4 data/Tables.RData object pfas.clearance; https://cran.r-project.org/src/contrib/httk_2.7.4.tar.gz
EPA httk R package v2.7.4 - pfas.clearance table,PFBS,monkey,Female,volume of distribution (Vd),0.255,L/kg,Olsen et al. 2009,DTXSID DTXSID5030030; httk 2.7.4 data/Tables.RData object pfas.clearance; https://cran.r-project.org/src/contrib/httk_2.7.4.tar.gz
EPA httk R package v2.7.4 - pfas.clearance table,PFBS,monkey,Female,elimination rate constant (kelim),0.0006324,1/hour,"computed = ln2/t1/2; Chengelis et al. 2009, Olsen et al. 2009",DTXSID DTXSID5030030; httk 2.7.4 data/Tables.RData object pfas.clearance; https://cran.r-project.org/src/contrib/httk_2.7.4.tar.gz
EPA httk R package v2.7.4 - pfas.clearance table,PFBS,monkey,Female,clearance (CL),0.0001613,L/kg-hour,"COMPUTED = kelim x Vd; Hl:Chengelis et al. 2009, Olsen et al. 2009; Vd:Olsen et al. 2009","Clearance is DERIVED from half-life and Vd, not measured; DTXSID DTXSID5030030; httk 2.7.4 data/Tables.RData object pfas.clearance; https://cran.r-project.org/src/contrib/httk_2.7.4.tar.gz"
EPA httk R package v2.7.4 - pfas.clearance table,PFBS,monkey,Male,serum elimination half-life (t1/2),1322,hours,"Chengelis et al. 2009, Olsen et al. 2009",DTXSID DTXSID5030030; httk 2.7.4 data/Tables.RData object pfas.clearance; https://cran.r-project.org/src/contrib/httk_2.7.4.tar.gz
EPA httk R package v2.7.4 - pfas.clearance table,PFBS,monkey,Male,volume of distribution (Vd),0.254,L/kg,Olsen et al. 2009,DTXSID DTXSID5030030; httk 2.7.4 data/Tables.RData object pfas.clearance; https://cran.r-project.org/src/contrib/httk_2.7.4.tar.gz
EPA httk R package v2.7.4 - pfas.clearance table,PFBS,monkey,Male,elimination rate constant (kelim),0.0005243,1/hour,"computed = ln2/t1/2; Chengelis et al. 2009, Olsen et al. 2009",DTXSID DTXSID5030030; httk 2.7.4 data/Tables.RData object pfas.clearance; https://cran.r-project.org/src/contrib/httk_2.7.4.tar.gz
EPA httk R package v2.7.4 - pfas.clearance table,PFBS,monkey,Male,clearance (CL),0.0001332,L/kg-hour,"COMPUTED = kelim x Vd; Hl:Chengelis et al. 2009, Olsen et al. 2009; Vd:Olsen et al. 2009","Clearance is DERIVED from half-life and Vd, not measured; DTXSID DTXSID5030030; httk 2.7.4 data/Tables.RData object pfas.clearance; https://cran.r-project.org/src/contrib/httk_2.7.4.tar.gz"
EPA httk R package v2.7.4 - pfas.clearance table,PFBS,rat,Female,serum elimination half-life (t1/2),2.4,hours,"Chengelis et al. 2009, Huang et al. 2019a, Olsen et al. 2009",DTXSID DTXSID5030030; httk 2.7.4 data/Tables.RData object pfas.clearance; https://cran.r-project.org/src/contrib/httk_2.7.4.tar.gz
EPA httk R package v2.7.4 - pfas.clearance table,PFBS,rat,Female,volume of distribution (Vd),0.3395,L/kg,"Huang et al. 2019, Olsen et al. 2009",DTXSID DTXSID5030030; httk 2.7.4 data/Tables.RData object pfas.clearance; https://cran.r-project.org/src/contrib/httk_2.7.4.tar.gz
EPA httk R package v2.7.4 - pfas.clearance table,PFBS,rat,Female,elimination rate constant (kelim),0.2888,1/hour,"computed = ln2/t1/2; Chengelis et al. 2009, Huang et al. 2019a, Olsen et al. 2009",DTXSID DTXSID5030030; httk 2.7.4 data/Tables.RData object pfas.clearance; https://cran.r-project.org/src/contrib/httk_2.7.4.tar.gz
EPA httk R package v2.7.4 - pfas.clearance table,PFBS,rat,Female,clearance (CL),0.09805,L/kg-hour,"COMPUTED = kelim x Vd; Hl:Chengelis et al. 2009, Huang et al. 2019a, Olsen et al. 2009; Vd:Huang et al. 2019, Olsen et al. 2009","Clearance is DERIVED from half-life and Vd, not measured; DTXSID DTXSID5030030; httk 2.7.4 data/Tables.RData object pfas.clearance; https://cran.r-project.org/src/contrib/httk_2.7.4.tar.gz"
EPA httk R package v2.7.4 - pfas.clearance table,PFBS,rat,Male,serum elimination half-life (t1/2),4.785,hours,"Chengelis et al. 2009, Huang et al. 2019a, Olsen et al. 2009",DTXSID DTXSID5030030; httk 2.7.4 data/Tables.RData object pfas.clearance; https://cran.r-project.org/src/contrib/httk_2.7.4.tar.gz
EPA httk R package v2.7.4 - pfas.clearance table,PFBS,rat,Male,volume of distribution (Vd),0.3047,L/kg,"Huang et al. 2019, Olsen et al. 2009",DTXSID DTXSID5030030; httk 2.7.4 data/Tables.RData object pfas.clearance; https://cran.r-project.org/src/contrib/httk_2.7.4.tar.gz
EPA httk R package v2.7.4 - pfas.clearance table,PFBS,rat,Male,elimination rate constant (kelim),0.1449,1/hour,"computed = ln2/t1/2; Chengelis et al. 2009, Huang et al. 2019a, Olsen et al. 2009",DTXSID DTXSID5030030; httk 2.7.4 data/Tables.RData object pfas.clearance; https://cran.r-project.org/src/contrib/httk_2.7.4.tar.gz
EPA httk R package v2.7.4 - pfas.clearance table,PFBS,rat,Male,clearance (CL),0.04415,L/kg-hour,"COMPUTED = kelim x Vd; Hl:Chengelis et al. 2009, Huang et al. 2019a, Olsen et al. 2009; Vd:Huang et al. 2019, Olsen et al. 2009","Clearance is DERIVED from half-life and Vd, not measured; DTXSID DTXSID5030030; httk 2.7.4 data/Tables.RData object pfas.clearance; https://cran.r-project.org/src/contrib/httk_2.7.4.tar.gz"
EPA httk R package v2.7.4 - pfas.clearance table,PFBS,mouse,Female,serum elimination half-life (t1/2),4.5,hours,Lau et al. 2020,DTXSID DTXSID5030030; httk 2.7.4 data/Tables.RData object pfas.clearance; https://cran.r-project.org/src/contrib/httk_2.7.4.tar.gz
EPA httk R package v2.7.4 - pfas.clearance table,PFBS,mouse,Female,volume of distribution (Vd),0.2265,L/kg,Lau et al. 2020,DTXSID DTXSID5030030; httk 2.7.4 data/Tables.RData object pfas.clearance; https://cran.r-project.org/src/contrib/httk_2.7.4.tar.gz
EPA httk R package v2.7.4 - pfas.clearance table,PFBS,mouse,Female,elimination rate constant (kelim),0.154,1/hour,computed = ln2/t1/2; Lau et al. 2020,DTXSID DTXSID5030030; httk 2.7.4 data/Tables.RData object pfas.clearance; https://cran.r-project.org/src/contrib/httk_2.7.4.tar.gz
EPA httk R package v2.7.4 - pfas.clearance table,PFBS,mouse,Female,clearance (CL),0.03488,L/kg-hour,COMPUTED = kelim x Vd; Hl:Lau et al. 2020; Vd:Lau et al. 2020,"Clearance is DERIVED from half-life and Vd, not measured; DTXSID DTXSID5030030; httk 2.7.4 data/Tables.RData object pfas.clearance; https://cran.r-project.org/src/contrib/httk_2.7.4.tar.gz"
EPA httk R package v2.7.4 - pfas.clearance table,PFBS,mouse,Male,serum elimination half-life (t1/2),5.8,hours,Lau et al. 2020,DTXSID DTXSID5030030; httk 2.7.4 data/Tables.RData object pfas.clearance; https://cran.r-project.org/src/contrib/httk_2.7.4.tar.gz
EPA httk R package v2.7.4 - pfas.clearance table,PFBS,mouse,Male,volume of distribution (Vd),0.21,L/kg,Lau et al. 2020,DTXSID DTXSID5030030; httk 2.7.4 data/Tables.RData object pfas.clearance; https://cran.r-project.org/src/contrib/httk_2.7.4.tar.gz
EPA httk R package v2.7.4 - pfas.clearance table,PFBS,mouse,Male,elimination rate constant (kelim),0.1195,1/hour,computed = ln2/t1/2; Lau et al. 2020,DTXSID DTXSID5030030; httk 2.7.4 data/Tables.RData object pfas.clearance; https://cran.r-project.org/src/contrib/httk_2.7.4.tar.gz
EPA httk R package v2.7.4 - pfas.clearance table,PFBS,mouse,Male,clearance (CL),0.0251,L/kg-hour,COMPUTED = kelim x Vd; Hl:Lau et al. 2020; Vd:Lau et al. 2020,"Clearance is DERIVED from half-life and Vd, not measured; DTXSID DTXSID5030030; httk 2.7.4 data/Tables.RData object pfas.clearance; https://cran.r-project.org/src/contrib/httk_2.7.4.tar.gz"
EPA httk R package v2.7.4 - pfas.clearance table,PFBS,human,Female,serum elimination half-life (t1/2),311,hours,"Olsen et al. 2009, Xu et al. 2020",DTXSID DTXSID5030030; httk 2.7.4 data/Tables.RData object pfas.clearance; https://cran.r-project.org/src/contrib/httk_2.7.4.tar.gz
EPA httk R package v2.7.4 - pfas.clearance table,PFBS,human,Female,volume of distribution (Vd),0.205,L/kg,Dawson et al. 2023,DEFAULT/surrogate Vd 0.205 L/kg from Dawson et al. 2023 - NOT chemical-specific; DTXSID DTXSID5030030; httk 2.7.4 data/Tables.RData object pfas.clearance; https://cran.r-project.org/src/contrib/httk_2.7.4.tar.gz
EPA httk R package v2.7.4 - pfas.clearance table,PFBS,human,Female,elimination rate constant (kelim),0.002229,1/hour,"computed = ln2/t1/2; Olsen et al. 2009, Xu et al. 2020",DTXSID DTXSID5030030; httk 2.7.4 data/Tables.RData object pfas.clearance; https://cran.r-project.org/src/contrib/httk_2.7.4.tar.gz
EPA httk R package v2.7.4 - pfas.clearance table,PFBS,human,Female,clearance (CL),0.0004569,L/kg-hour,"COMPUTED = kelim x Vd; Hl:Olsen et al. 2009, Xu et al. 2020; Vd:Dawson et al. 2023","Clearance is DERIVED from half-life and Vd, not measured; DTXSID DTXSID5030030; httk 2.7.4 data/Tables.RData object pfas.clearance; https://cran.r-project.org/src/contrib/httk_2.7.4.tar.gz"
EPA httk R package v2.7.4 - pfas.clearance table,PFBS,human,Male,serum elimination half-life (t1/2),333.8,hours,"Olsen et al. 2009, Xu et al. 2020",DTXSID DTXSID5030030; httk 2.7.4 data/Tables.RData object pfas.clearance; https://cran.r-project.org/src/contrib/httk_2.7.4.tar.gz
EPA httk R package v2.7.4 - pfas.clearance table,PFBS,human,Male,volume of distribution (Vd),0.205,L/kg,Dawson et al. 2023,DEFAULT/surrogate Vd 0.205 L/kg from Dawson et al. 2023 - NOT chemical-specific; DTXSID DTXSID5030030; httk 2.7.4 data/Tables.RData object pfas.clearance; https://cran.r-project.org/src/contrib/httk_2.7.4.tar.gz
EPA httk R package v2.7.4 - pfas.clearance table,PFBS,human,Male,elimination rate constant (kelim),0.002077,1/hour,"computed = ln2/t1/2; Olsen et al. 2009, Xu et al. 2020",DTXSID DTXSID5030030; httk 2.7.4 data/Tables.RData object pfas.clearance; https://cran.r-project.org/src/contrib/httk_2.7.4.tar.gz
EPA httk R package v2.7.4 - pfas.clearance table,PFBS,human,Male,clearance (CL),0.0004258,L/kg-hour,"COMPUTED = kelim x Vd; Hl:Olsen et al. 2009, Xu et al. 2020; Vd:Dawson et al. 2023","Clearance is DERIVED from half-life and Vd, not measured; DTXSID DTXSID5030030; httk 2.7.4 data/Tables.RData object pfas.clearance; https://cran.r-project.org/src/contrib/httk_2.7.4.tar.gz"
EPA httk R package v2.7.4 - pfas.clearance table,PFHxA,monkey,Female,serum elimination half-life (t1/2),2.4,hours,Chengelis et al. 2009,DTXSID DTXSID3031862; httk 2.7.4 data/Tables.RData object pfas.clearance; https://cran.r-project.org/src/contrib/httk_2.7.4.tar.gz
EPA httk R package v2.7.4 - pfas.clearance table,PFHxA,monkey,Female,volume of distribution (Vd),0.205,L/kg,Dawson et al. 2023,DEFAULT/surrogate Vd 0.205 L/kg from Dawson et al. 2023 - NOT chemical-specific; DTXSID DTXSID3031862; httk 2.7.4 data/Tables.RData object pfas.clearance; https://cran.r-project.org/src/contrib/httk_2.7.4.tar.gz
EPA httk R package v2.7.4 - pfas.clearance table,PFHxA,monkey,Female,elimination rate constant (kelim),0.2888,1/hour,computed = ln2/t1/2; Chengelis et al. 2009,DTXSID DTXSID3031862; httk 2.7.4 data/Tables.RData object pfas.clearance; https://cran.r-project.org/src/contrib/httk_2.7.4.tar.gz
EPA httk R package v2.7.4 - pfas.clearance table,PFHxA,monkey,Female,clearance (CL),0.0592,L/kg-hour,COMPUTED = kelim x Vd; Hl:Chengelis et al. 2009; Vd:Dawson et al. 2023,"Clearance is DERIVED from half-life and Vd, not measured; DTXSID DTXSID3031862; httk 2.7.4 data/Tables.RData object pfas.clearance; https://cran.r-project.org/src/contrib/httk_2.7.4.tar.gz"
EPA httk R package v2.7.4 - pfas.clearance table,PFHxA,monkey,Male,serum elimination half-life (t1/2),5.3,hours,Chengelis et al. 2009,DTXSID DTXSID3031862; httk 2.7.4 data/Tables.RData object pfas.clearance; https://cran.r-project.org/src/contrib/httk_2.7.4.tar.gz
EPA httk R package v2.7.4 - pfas.clearance table,PFHxA,monkey,Male,volume of distribution (Vd),0.205,L/kg,Dawson et al. 2023,DEFAULT/surrogate Vd 0.205 L/kg from Dawson et al. 2023 - NOT chemical-specific; DTXSID DTXSID3031862; httk 2.7.4 data/Tables.RData object pfas.clearance; https://cran.r-project.org/src/contrib/httk_2.7.4.tar.gz
EPA httk R package v2.7.4 - pfas.clearance table,PFHxA,monkey,Male,elimination rate constant (kelim),0.1308,1/hour,computed = ln2/t1/2; Chengelis et al. 2009,DTXSID DTXSID3031862; httk 2.7.4 data/Tables.RData object pfas.clearance; https://cran.r-project.org/src/contrib/httk_2.7.4.tar.gz
EPA httk R package v2.7.4 - pfas.clearance table,PFHxA,monkey,Male,clearance (CL),0.02681,L/kg-hour,COMPUTED = kelim x Vd; Hl:Chengelis et al. 2009; Vd:Dawson et al. 2023,"Clearance is DERIVED from half-life and Vd, not measured; DTXSID DTXSID3031862; httk 2.7.4 data/Tables.RData object pfas.clearance; https://cran.r-project.org/src/contrib/httk_2.7.4.tar.gz"
EPA httk R package v2.7.4 - pfas.clearance table,PFHxA,rat,Female,serum elimination half-life (t1/2),2.235,hours,"Chengelis et al. 2009, Dzierlenga et al. 2020, Gannon et al. 2011, Kabadi et al. 2018",DTXSID DTXSID3031862; httk 2.7.4 data/Tables.RData object pfas.clearance; https://cran.r-project.org/src/contrib/httk_2.7.4.tar.gz
EPA httk R package v2.7.4 - pfas.clearance table,PFHxA,rat,Female,volume of distribution (Vd),0.205,L/kg,Dawson et al. 2023,DEFAULT/surrogate Vd 0.205 L/kg from Dawson et al. 2023 - NOT chemical-specific; DTXSID DTXSID3031862; httk 2.7.4 data/Tables.RData object pfas.clearance; https://cran.r-project.org/src/contrib/httk_2.7.4.tar.gz
EPA httk R package v2.7.4 - pfas.clearance table,PFHxA,rat,Female,elimination rate constant (kelim),0.3101,1/hour,"computed = ln2/t1/2; Chengelis et al. 2009, Dzierlenga et al. 2020, Gannon et al. 2011, Kabadi et al. 2018",DTXSID DTXSID3031862; httk 2.7.4 data/Tables.RData object pfas.clearance; https://cran.r-project.org/src/contrib/httk_2.7.4.tar.gz
EPA httk R package v2.7.4 - pfas.clearance table,PFHxA,rat,Female,clearance (CL),0.06357,L/kg-hour,"COMPUTED = kelim x Vd; Hl:Chengelis et al. 2009, Dzierlenga et al. 2020, Gannon et al. 2011, Kabadi et al. 2018; Vd:Dawson et al. 2023","Clearance is DERIVED from half-life and Vd, not measured; DTXSID DTXSID3031862; httk 2.7.4 data/Tables.RData object pfas.clearance; https://cran.r-project.org/src/contrib/httk_2.7.4.tar.gz"
EPA httk R package v2.7.4 - pfas.clearance table,PFHxA,rat,Male,serum elimination half-life (t1/2),2.5,hours,"Chengelis et al. 2009, Dzierlenga et al. 2020, Gannon et al. 2011, Kabadi et al. 2018",DTXSID DTXSID3031862; httk 2.7.4 data/Tables.RData object pfas.clearance; https://cran.r-project.org/src/contrib/httk_2.7.4.tar.gz
EPA httk R package v2.7.4 - pfas.clearance table,PFHxA,rat,Male,volume of distribution (Vd),0.205,L/kg,Dawson et al. 2023,DEFAULT/surrogate Vd 0.205 L/kg from Dawson et al. 2023 - NOT chemical-specific; DTXSID DTXSID3031862; httk 2.7.4 data/Tables.RData object pfas.clearance; https://cran.r-project.org/src/contrib/httk_2.7.4.tar.gz
EPA httk R package v2.7.4 - pfas.clearance table,PFHxA,rat,Male,elimination rate constant (kelim),0.2773,1/hour,"computed = ln2/t1/2; Chengelis et al. 2009, Dzierlenga et al. 2020, Gannon et al. 2011, Kabadi et al. 2018",DTXSID DTXSID3031862; httk 2.7.4 data/Tables.RData object pfas.clearance; https://cran.r-project.org/src/contrib/httk_2.7.4.tar.gz
EPA httk R package v2.7.4 - pfas.clearance table,PFHxA,rat,Male,clearance (CL),0.05685,L/kg-hour,"COMPUTED = kelim x Vd; Hl:Chengelis et al. 2009, Dzierlenga et al. 2020, Gannon et al. 2011, Kabadi et al. 2018; Vd:Dawson et al. 2023","Clearance is DERIVED from half-life and Vd, not measured; DTXSID DTXSID3031862; httk 2.7.4 data/Tables.RData object pfas.clearance; https://cran.r-project.org/src/contrib/httk_2.7.4.tar.gz"
EPA httk R package v2.7.4 - pfas.clearance table,PFHxA,human,Female,serum elimination half-life (t1/2),768,hours,Russell et al. 2013,DTXSID DTXSID3031862; httk 2.7.4 data/Tables.RData object pfas.clearance; https://cran.r-project.org/src/contrib/httk_2.7.4.tar.gz
EPA httk R package v2.7.4 - pfas.clearance table,PFHxA,human,Female,volume of distribution (Vd),0.205,L/kg,Dawson et al. 2023,DEFAULT/surrogate Vd 0.205 L/kg from Dawson et al. 2023 - NOT chemical-specific; DTXSID DTXSID3031862; httk 2.7.4 data/Tables.RData object pfas.clearance; https://cran.r-project.org/src/contrib/httk_2.7.4.tar.gz
EPA httk R package v2.7.4 - pfas.clearance table,PFHxA,human,Female,elimination rate constant (kelim),0.0009025,1/hour,computed = ln2/t1/2; Russell et al. 2013,DTXSID DTXSID3031862; httk 2.7.4 data/Tables.RData object pfas.clearance; https://cran.r-project.org/src/contrib/httk_2.7.4.tar.gz
EPA httk R package v2.7.4 - pfas.clearance table,PFHxA,human,Female,clearance (CL),0.000185,L/kg-hour,COMPUTED = kelim x Vd; Hl:Russell et al. 2013; Vd:Dawson et al. 2023,"Clearance is DERIVED from half-life and Vd, not measured; DTXSID DTXSID3031862; httk 2.7.4 data/Tables.RData object pfas.clearance; https://cran.r-project.org/src/contrib/httk_2.7.4.tar.gz"
EPA httk R package v2.7.4 - pfas.clearance table,PFHxA,human,Male,serum elimination half-life (t1/2),768,hours,Russell et al. 2013,DTXSID DTXSID3031862; httk 2.7.4 data/Tables.RData object pfas.clearance; https://cran.r-project.org/src/contrib/httk_2.7.4.tar.gz
EPA httk R package v2.7.4 - pfas.clearance table,PFHxA,human,Male,volume of distribution (Vd),0.205,L/kg,Dawson et al. 2023,DEFAULT/surrogate Vd 0.205 L/kg from Dawson et al. 2023 - NOT chemical-specific; DTXSID DTXSID3031862; httk 2.7.4 data/Tables.RData object pfas.clearance; https://cran.r-project.org/src/contrib/httk_2.7.4.tar.gz
EPA httk R package v2.7.4 - pfas.clearance table,PFHxA,human,Male,elimination rate constant (kelim),0.0009025,1/hour,computed = ln2/t1/2; Russell et al. 2013,DTXSID DTXSID3031862; httk 2.7.4 data/Tables.RData object pfas.clearance; https://cran.r-project.org/src/contrib/httk_2.7.4.tar.gz
EPA httk R package v2.7.4 - pfas.clearance table,PFHxA,human,Male,clearance (CL),0.000185,L/kg-hour,COMPUTED = kelim x Vd; Hl:Russell et al. 2013; Vd:Dawson et al. 2023,"Clearance is DERIVED from half-life and Vd, not measured; DTXSID DTXSID3031862; httk 2.7.4 data/Tables.RData object pfas.clearance; https://cran.r-project.org/src/contrib/httk_2.7.4.tar.gz"
EPA httk R package v2.7.4 - pfas.clearance table,PFDA,rat,Female,serum elimination half-life (t1/2),20500,hours,"Dzierlenga et al. 2020, Kim et al. 2019, Ohmori et al. 2003",DTXSID DTXSID3031860; httk 2.7.4 data/Tables.RData object pfas.clearance; https://cran.r-project.org/src/contrib/httk_2.7.4.tar.gz
EPA httk R package v2.7.4 - pfas.clearance table,PFDA,rat,Female,volume of distribution (Vd),0.178,L/kg,"Dzierlenga et al 2020, Kim et al. 2019, Ohmori et al. 2003",DTXSID DTXSID3031860; httk 2.7.4 data/Tables.RData object pfas.clearance; https://cran.r-project.org/src/contrib/httk_2.7.4.tar.gz
EPA httk R package v2.7.4 - pfas.clearance table,PFDA,rat,Female,elimination rate constant (kelim),3.381e-05,1/hour,"computed = ln2/t1/2; Dzierlenga et al. 2020, Kim et al. 2019, Ohmori et al. 2003",DTXSID DTXSID3031860; httk 2.7.4 data/Tables.RData object pfas.clearance; https://cran.r-project.org/src/contrib/httk_2.7.4.tar.gz
EPA httk R package v2.7.4 - pfas.clearance table,PFDA,rat,Female,clearance (CL),6.018e-06,L/kg-hour,"COMPUTED = kelim x Vd; Hl:Dzierlenga et al. 2020, Kim et al. 2019, Ohmori et al. 2003; Vd:Dzierlenga et al 2020, Kim et al. 2019, Ohmori et al. 2003","Clearance is DERIVED from half-life and Vd, not measured; DTXSID DTXSID3031860; httk 2.7.4 data/Tables.RData object pfas.clearance; https://cran.r-project.org/src/contrib/httk_2.7.4.tar.gz"
EPA httk R package v2.7.4 - pfas.clearance table,PFDA,rat,Male,serum elimination half-life (t1/2),21700,hours,"Dzierlenga et al. 2020, Kim et al. 2019, Ohmori et al. 2003",DTXSID DTXSID3031860; httk 2.7.4 data/Tables.RData object pfas.clearance; https://cran.r-project.org/src/contrib/httk_2.7.4.tar.gz
EPA httk R package v2.7.4 - pfas.clearance table,PFDA,rat,Male,volume of distribution (Vd),0.236,L/kg,"Dzierlenga et al 2020, Kim et al. 2019, Ohmori et al. 2003",DTXSID DTXSID3031860; httk 2.7.4 data/Tables.RData object pfas.clearance; https://cran.r-project.org/src/contrib/httk_2.7.4.tar.gz
EPA httk R package v2.7.4 - pfas.clearance table,PFDA,rat,Male,elimination rate constant (kelim),3.194e-05,1/hour,"computed = ln2/t1/2; Dzierlenga et al. 2020, Kim et al. 2019, Ohmori et al. 2003",DTXSID DTXSID3031860; httk 2.7.4 data/Tables.RData object pfas.clearance; https://cran.r-project.org/src/contrib/httk_2.7.4.tar.gz
EPA httk R package v2.7.4 - pfas.clearance table,PFDA,rat,Male,clearance (CL),7.538e-06,L/kg-hour,"COMPUTED = kelim x Vd; Hl:Dzierlenga et al. 2020, Kim et al. 2019, Ohmori et al. 2003; Vd:Dzierlenga et al 2020, Kim et al. 2019, Ohmori et al. 2003","Clearance is DERIVED from half-life and Vd, not measured; DTXSID DTXSID3031860; httk 2.7.4 data/Tables.RData object pfas.clearance; https://cran.r-project.org/src/contrib/httk_2.7.4.tar.gz"
EPA httk R package v2.7.4 - pfas.clearance table,PFDA,human,Female,serum elimination half-life (t1/2),35040,hours,Zhang et al. 2013,DTXSID DTXSID3031860; httk 2.7.4 data/Tables.RData object pfas.clearance; https://cran.r-project.org/src/contrib/httk_2.7.4.tar.gz
EPA httk R package v2.7.4 - pfas.clearance table,PFDA,human,Female,volume of distribution (Vd),0.205,L/kg,Dawson et al. 2023,DEFAULT/surrogate Vd 0.205 L/kg from Dawson et al. 2023 - NOT chemical-specific; DTXSID DTXSID3031860; httk 2.7.4 data/Tables.RData object pfas.clearance; https://cran.r-project.org/src/contrib/httk_2.7.4.tar.gz
EPA httk R package v2.7.4 - pfas.clearance table,PFDA,human,Female,elimination rate constant (kelim),1.978e-05,1/hour,computed = ln2/t1/2; Zhang et al. 2013,DTXSID DTXSID3031860; httk 2.7.4 data/Tables.RData object pfas.clearance; https://cran.r-project.org/src/contrib/httk_2.7.4.tar.gz
EPA httk R package v2.7.4 - pfas.clearance table,PFDA,human,Female,clearance (CL),4.055e-06,L/kg-hour,COMPUTED = kelim x Vd; Hl:Zhang et al. 2013; Vd:Dawson et al. 2023,"Clearance is DERIVED from half-life and Vd, not measured; DTXSID DTXSID3031860; httk 2.7.4 data/Tables.RData object pfas.clearance; https://cran.r-project.org/src/contrib/httk_2.7.4.tar.gz"
EPA httk R package v2.7.4 - pfas.clearance table,PFDA,human,Male,serum elimination half-life (t1/2),62200,hours,Zhang et al. 2013,DTXSID DTXSID3031860; httk 2.7.4 data/Tables.RData object pfas.clearance; https://cran.r-project.org/src/contrib/httk_2.7.4.tar.gz
EPA httk R package v2.7.4 - pfas.clearance table,PFDA,human,Male,volume of distribution (Vd),0.205,L/kg,Dawson et al. 2023,DEFAULT/surrogate Vd 0.205 L/kg from Dawson et al. 2023 - NOT chemical-specific; DTXSID DTXSID3031860; httk 2.7.4 data/Tables.RData object pfas.clearance; https://cran.r-project.org/src/contrib/httk_2.7.4.tar.gz
EPA httk R package v2.7.4 - pfas.clearance table,PFDA,human,Male,elimination rate constant (kelim),1.114e-05,1/hour,computed = ln2/t1/2; Zhang et al. 2013,DTXSID DTXSID3031860; httk 2.7.4 data/Tables.RData object pfas.clearance; https://cran.r-project.org/src/contrib/httk_2.7.4.tar.gz
EPA httk R package v2.7.4 - pfas.clearance table,PFDA,human,Male,clearance (CL),2.284e-06,L/kg-hour,COMPUTED = kelim x Vd; Hl:Zhang et al. 2013; Vd:Dawson et al. 2023,"Clearance is DERIVED from half-life and Vd, not measured; DTXSID DTXSID3031860; httk 2.7.4 data/Tables.RData object pfas.clearance; https://cran.r-project.org/src/contrib/httk_2.7.4.tar.gz"
EPA httk R package v2.7.4 - pfas.clearance table,HFPO-DA (GenX),monkey,Female,serum elimination half-life (t1/2),1910,hours,Gannon et al. 2016,DTXSID DTXSID70880215; httk 2.7.4 data/Tables.RData object pfas.clearance; https://cran.r-project.org/src/contrib/httk_2.7.4.tar.gz
EPA httk R package v2.7.4 - pfas.clearance table,HFPO-DA (GenX),monkey,Female,volume of distribution (Vd),0.205,L/kg,Dawson et al. 2023,DEFAULT/surrogate Vd 0.205 L/kg from Dawson et al. 2023 - NOT chemical-specific; DTXSID DTXSID70880215; httk 2.7.4 data/Tables.RData object pfas.clearance; https://cran.r-project.org/src/contrib/httk_2.7.4.tar.gz
EPA httk R package v2.7.4 - pfas.clearance table,HFPO-DA (GenX),monkey,Female,elimination rate constant (kelim),0.0003629,1/hour,computed = ln2/t1/2; Gannon et al. 2016,DTXSID DTXSID70880215; httk 2.7.4 data/Tables.RData object pfas.clearance; https://cran.r-project.org/src/contrib/httk_2.7.4.tar.gz
EPA httk R package v2.7.4 - pfas.clearance table,HFPO-DA (GenX),monkey,Female,clearance (CL),7.439e-05,L/kg-hour,COMPUTED = kelim x Vd; Hl:Gannon et al. 2016; Vd:Dawson et al. 2023,"Clearance is DERIVED from half-life and Vd, not measured; DTXSID DTXSID70880215; httk 2.7.4 data/Tables.RData object pfas.clearance; https://cran.r-project.org/src/contrib/httk_2.7.4.tar.gz"
EPA httk R package v2.7.4 - pfas.clearance table,HFPO-DA (GenX),monkey,Male,serum elimination half-life (t1/2),1538,hours,Gannon et al. 2016,DTXSID DTXSID70880215; httk 2.7.4 data/Tables.RData object pfas.clearance; https://cran.r-project.org/src/contrib/httk_2.7.4.tar.gz
EPA httk R package v2.7.4 - pfas.clearance table,HFPO-DA (GenX),monkey,Male,volume of distribution (Vd),0.205,L/kg,Dawson et al. 2023,DEFAULT/surrogate Vd 0.205 L/kg from Dawson et al. 2023 - NOT chemical-specific; DTXSID DTXSID70880215; httk 2.7.4 data/Tables.RData object pfas.clearance; https://cran.r-project.org/src/contrib/httk_2.7.4.tar.gz
EPA httk R package v2.7.4 - pfas.clearance table,HFPO-DA (GenX),monkey,Male,elimination rate constant (kelim),0.0004507,1/hour,computed = ln2/t1/2; Gannon et al. 2016,DTXSID DTXSID70880215; httk 2.7.4 data/Tables.RData object pfas.clearance; https://cran.r-project.org/src/contrib/httk_2.7.4.tar.gz
EPA httk R package v2.7.4 - pfas.clearance table,HFPO-DA (GenX),monkey,Male,clearance (CL),9.239e-05,L/kg-hour,COMPUTED = kelim x Vd; Hl:Gannon et al. 2016; Vd:Dawson et al. 2023,"Clearance is DERIVED from half-life and Vd, not measured; DTXSID DTXSID70880215; httk 2.7.4 data/Tables.RData object pfas.clearance; https://cran.r-project.org/src/contrib/httk_2.7.4.tar.gz"
EPA httk R package v2.7.4 - pfas.clearance table,HFPO-DA (GenX),mouse,Female,serum elimination half-life (t1/2),580.8,hours,Gannon et al. 2016,DTXSID DTXSID70880215; httk 2.7.4 data/Tables.RData object pfas.clearance; https://cran.r-project.org/src/contrib/httk_2.7.4.tar.gz
EPA httk R package v2.7.4 - pfas.clearance table,HFPO-DA (GenX),mouse,Female,volume of distribution (Vd),0.205,L/kg,Dawson et al. 2023,DEFAULT/surrogate Vd 0.205 L/kg from Dawson et al. 2023 - NOT chemical-specific; DTXSID DTXSID70880215; httk 2.7.4 data/Tables.RData object pfas.clearance; https://cran.r-project.org/src/contrib/httk_2.7.4.tar.gz
EPA httk R package v2.7.4 - pfas.clearance table,HFPO-DA (GenX),mouse,Female,elimination rate constant (kelim),0.001193,1/hour,computed = ln2/t1/2; Gannon et al. 2016,DTXSID DTXSID70880215; httk 2.7.4 data/Tables.RData object pfas.clearance; https://cran.r-project.org/src/contrib/httk_2.7.4.tar.gz
EPA httk R package v2.7.4 - pfas.clearance table,HFPO-DA (GenX),mouse,Female,clearance (CL),0.0002446,L/kg-hour,COMPUTED = kelim x Vd; Hl:Gannon et al. 2016; Vd:Dawson et al. 2023,"Clearance is DERIVED from half-life and Vd, not measured; DTXSID DTXSID70880215; httk 2.7.4 data/Tables.RData object pfas.clearance; https://cran.r-project.org/src/contrib/httk_2.7.4.tar.gz"
EPA httk R package v2.7.4 - pfas.clearance table,HFPO-DA (GenX),mouse,Male,serum elimination half-life (t1/2),885.6,hours,Gannon et al. 2016,DTXSID DTXSID70880215; httk 2.7.4 data/Tables.RData object pfas.clearance; https://cran.r-project.org/src/contrib/httk_2.7.4.tar.gz
EPA httk R package v2.7.4 - pfas.clearance table,HFPO-DA (GenX),mouse,Male,volume of distribution (Vd),0.205,L/kg,Dawson et al. 2023,DEFAULT/surrogate Vd 0.205 L/kg from Dawson et al. 2023 - NOT chemical-specific; DTXSID DTXSID70880215; httk 2.7.4 data/Tables.RData object pfas.clearance; https://cran.r-project.org/src/contrib/httk_2.7.4.tar.gz
EPA httk R package v2.7.4 - pfas.clearance table,HFPO-DA (GenX),mouse,Male,elimination rate constant (kelim),0.0007827,1/hour,computed = ln2/t1/2; Gannon et al. 2016,DTXSID DTXSID70880215; httk 2.7.4 data/Tables.RData object pfas.clearance; https://cran.r-project.org/src/contrib/httk_2.7.4.tar.gz
EPA httk R package v2.7.4 - pfas.clearance table,HFPO-DA (GenX),mouse,Male,clearance (CL),0.0001605,L/kg-hour,COMPUTED = kelim x Vd; Hl:Gannon et al. 2016; Vd:Dawson et al. 2023,"Clearance is DERIVED from half-life and Vd, not measured; DTXSID DTXSID70880215; httk 2.7.4 data/Tables.RData object pfas.clearance; https://cran.r-project.org/src/contrib/httk_2.7.4.tar.gz"
EPA httk R package v2.7.4 - pfas.clearance table,HFPO-DA (GenX),rat,Female,serum elimination half-life (t1/2),1080,hours,Gannon et al. 2016,DTXSID DTXSID70880215; httk 2.7.4 data/Tables.RData object pfas.clearance; https://cran.r-project.org/src/contrib/httk_2.7.4.tar.gz
EPA httk R package v2.7.4 - pfas.clearance table,HFPO-DA (GenX),rat,Female,volume of distribution (Vd),0.205,L/kg,Dawson et al. 2023,DEFAULT/surrogate Vd 0.205 L/kg from Dawson et al. 2023 - NOT chemical-specific; DTXSID DTXSID70880215; httk 2.7.4 data/Tables.RData object pfas.clearance; https://cran.r-project.org/src/contrib/httk_2.7.4.tar.gz
EPA httk R package v2.7.4 - pfas.clearance table,HFPO-DA (GenX),rat,Female,elimination rate constant (kelim),0.0006418,1/hour,computed = ln2/t1/2; Gannon et al. 2016,DTXSID DTXSID70880215; httk 2.7.4 data/Tables.RData object pfas.clearance; https://cran.r-project.org/src/contrib/httk_2.7.4.tar.gz
EPA httk R package v2.7.4 - pfas.clearance table,HFPO-DA (GenX),rat,Female,clearance (CL),0.0001316,L/kg-hour,COMPUTED = kelim x Vd; Hl:Gannon et al. 2016; Vd:Dawson et al. 2023,"Clearance is DERIVED from half-life and Vd, not measured; DTXSID DTXSID70880215; httk 2.7.4 data/Tables.RData object pfas.clearance; https://cran.r-project.org/src/contrib/httk_2.7.4.tar.gz"
EPA httk R package v2.7.4 - pfas.clearance table,HFPO-DA (GenX),rat,Male,serum elimination half-life (t1/2),1936,hours,Gannon et al. 2016,DTXSID DTXSID70880215; httk 2.7.4 data/Tables.RData object pfas.clearance; https://cran.r-project.org/src/contrib/httk_2.7.4.tar.gz
EPA httk R package v2.7.4 - pfas.clearance table,HFPO-DA (GenX),rat,Male,volume of distribution (Vd),0.205,L/kg,Dawson et al. 2023,DEFAULT/surrogate Vd 0.205 L/kg from Dawson et al. 2023 - NOT chemical-specific; DTXSID DTXSID70880215; httk 2.7.4 data/Tables.RData object pfas.clearance; https://cran.r-project.org/src/contrib/httk_2.7.4.tar.gz
EPA httk R package v2.7.4 - pfas.clearance table,HFPO-DA (GenX),rat,Male,elimination rate constant (kelim),0.000358,1/hour,computed = ln2/t1/2; Gannon et al. 2016,DTXSID DTXSID70880215; httk 2.7.4 data/Tables.RData object pfas.clearance; https://cran.r-project.org/src/contrib/httk_2.7.4.tar.gz
EPA httk R package v2.7.4 - pfas.clearance table,HFPO-DA (GenX),rat,Male,clearance (CL),7.339e-05,L/kg-hour,COMPUTED = kelim x Vd; Hl:Gannon et al. 2016; Vd:Dawson et al. 2023,"Clearance is DERIVED from half-life and Vd, not measured; DTXSID DTXSID70880215; httk 2.7.4 data/Tables.RData object pfas.clearance; https://cran.r-project.org/src/contrib/httk_2.7.4.tar.gz"
EPA httk R package v2.7.4 - pfas.clearance table,PFHxS,rat,Female,serum elimination half-life (t1/2),37.44,hours,"Huang et al. 2019, Kim et al. 2016, Sundstrom et al. 2012",DTXSID DTXSID7040150; httk 2.7.4 data/Tables.RData object pfas.clearance; https://cran.r-project.org/src/contrib/httk_2.7.4.tar.gz
EPA httk R package v2.7.4 - pfas.clearance table,PFHxS,rat,Female,volume of distribution (Vd),0.171,L/kg,"Huang et al. 2019, Kim et al. 2016, Kim et al. 2018, Sundstrom et al. 2012",DTXSID DTXSID7040150; httk 2.7.4 data/Tables.RData object pfas.clearance; https://cran.r-project.org/src/contrib/httk_2.7.4.tar.gz
EPA httk R package v2.7.4 - pfas.clearance table,PFHxS,rat,Female,elimination rate constant (kelim),0.01851,1/hour,"computed = ln2/t1/2; Huang et al. 2019, Kim et al. 2016, Sundstrom et al. 2012",DTXSID DTXSID7040150; httk 2.7.4 data/Tables.RData object pfas.clearance; https://cran.r-project.org/src/contrib/httk_2.7.4.tar.gz
EPA httk R package v2.7.4 - pfas.clearance table,PFHxS,rat,Female,clearance (CL),0.003165,L/kg-hour,"COMPUTED = kelim x Vd; Hl:Huang et al. 2019, Kim et al. 2016, Sundstrom et al. 2012; Vd:Huang et al. 2019, Kim et al. 2016, Kim et al. 2018, Sundstrom et al. 2012","Clearance is DERIVED from half-life and Vd, not measured; DTXSID DTXSID7040150; httk 2.7.4 data/Tables.RData object pfas.clearance; https://cran.r-project.org/src/contrib/httk_2.7.4.tar.gz"
EPA httk R package v2.7.4 - pfas.clearance table,PFHxS,rat,Male,serum elimination half-life (t1/2),645.6,hours,"Huang et al. 2019, Kim et al. 2016, Sundstrom et al. 2012",DTXSID DTXSID7040150; httk 2.7.4 data/Tables.RData object pfas.clearance; https://cran.r-project.org/src/contrib/httk_2.7.4.tar.gz
EPA httk R package v2.7.4 - pfas.clearance table,PFHxS,rat,Male,volume of distribution (Vd),0.269,L/kg,"Huang et al. 2019, Kim et al. 2016, Kim et al. 2018, Sundstrom et al. 2012",DTXSID DTXSID7040150; httk 2.7.4 data/Tables.RData object pfas.clearance; https://cran.r-project.org/src/contrib/httk_2.7.4.tar.gz
EPA httk R package v2.7.4 - pfas.clearance table,PFHxS,rat,Male,elimination rate constant (kelim),0.001074,1/hour,"computed = ln2/t1/2; Huang et al. 2019, Kim et al. 2016, Sundstrom et al. 2012",DTXSID DTXSID7040150; httk 2.7.4 data/Tables.RData object pfas.clearance; https://cran.r-project.org/src/contrib/httk_2.7.4.tar.gz
EPA httk R package v2.7.4 - pfas.clearance table,PFHxS,rat,Male,clearance (CL),0.0002889,L/kg-hour,"COMPUTED = kelim x Vd; Hl:Huang et al. 2019, Kim et al. 2016, Sundstrom et al. 2012; Vd:Huang et al. 2019, Kim et al. 2016, Kim et al. 2018, Sundstrom et al. 2012","Clearance is DERIVED from half-life and Vd, not measured; DTXSID DTXSID7040150; httk 2.7.4 data/Tables.RData object pfas.clearance; https://cran.r-project.org/src/contrib/httk_2.7.4.tar.gz"
EPA httk R package v2.7.4 - pfas.clearance table,PFHxS,human,Female,serum elimination half-life (t1/2),46430,hours,"Li et al. 2018, Worley et al. 2017, Xu et al. 2020, Zhang et al. 2013",DTXSID DTXSID7040150; httk 2.7.4 data/Tables.RData object pfas.clearance; https://cran.r-project.org/src/contrib/httk_2.7.4.tar.gz
EPA httk R package v2.7.4 - pfas.clearance table,PFHxS,human,Female,volume of distribution (Vd),0.205,L/kg,Dawson et al. 2023,DEFAULT/surrogate Vd 0.205 L/kg from Dawson et al. 2023 - NOT chemical-specific; DTXSID DTXSID7040150; httk 2.7.4 data/Tables.RData object pfas.clearance; https://cran.r-project.org/src/contrib/httk_2.7.4.tar.gz
EPA httk R package v2.7.4 - pfas.clearance table,PFHxS,human,Female,elimination rate constant (kelim),1.493e-05,1/hour,"computed = ln2/t1/2; Li et al. 2018, Worley et al. 2017, Xu et al. 2020, Zhang et al. 2013",DTXSID DTXSID7040150; httk 2.7.4 data/Tables.RData object pfas.clearance; https://cran.r-project.org/src/contrib/httk_2.7.4.tar.gz
EPA httk R package v2.7.4 - pfas.clearance table,PFHxS,human,Female,clearance (CL),3.061e-06,L/kg-hour,"COMPUTED = kelim x Vd; Hl:Li et al. 2018, Worley et al. 2017, Xu et al. 2020, Zhang et al. 2013; Vd:Dawson et al. 2023","Clearance is DERIVED from half-life and Vd, not measured; DTXSID DTXSID7040150; httk 2.7.4 data/Tables.RData object pfas.clearance; https://cran.r-project.org/src/contrib/httk_2.7.4.tar.gz"
EPA httk R package v2.7.4 - pfas.clearance table,PFHxS,human,Male,serum elimination half-life (t1/2),64820,hours,"Li et al. 2018, Worley et al. 2017, Xu et al. 2020, Zhang et al. 2013",DTXSID DTXSID7040150; httk 2.7.4 data/Tables.RData object pfas.clearance; https://cran.r-project.org/src/contrib/httk_2.7.4.tar.gz
EPA httk R package v2.7.4 - pfas.clearance table,PFHxS,human,Male,volume of distribution (Vd),0.205,L/kg,Dawson et al. 2023,DEFAULT/surrogate Vd 0.205 L/kg from Dawson et al. 2023 - NOT chemical-specific; DTXSID DTXSID7040150; httk 2.7.4 data/Tables.RData object pfas.clearance; https://cran.r-project.org/src/contrib/httk_2.7.4.tar.gz
EPA httk R package v2.7.4 - pfas.clearance table,PFHxS,human,Male,elimination rate constant (kelim),1.069e-05,1/hour,"computed = ln2/t1/2; Li et al. 2018, Worley et al. 2017, Xu et al. 2020, Zhang et al. 2013",DTXSID DTXSID7040150; httk 2.7.4 data/Tables.RData object pfas.clearance; https://cran.r-project.org/src/contrib/httk_2.7.4.tar.gz
EPA httk R package v2.7.4 - pfas.clearance table,PFHxS,human,Male,clearance (CL),2.191e-06,L/kg-hour,"COMPUTED = kelim x Vd; Hl:Li et al. 2018, Worley et al. 2017, Xu et al. 2020, Zhang et al. 2013; Vd:Dawson et al. 2023","Clearance is DERIVED from half-life and Vd, not measured; DTXSID DTXSID7040150; httk 2.7.4 data/Tables.RData object pfas.clearance; https://cran.r-project.org/src/contrib/httk_2.7.4.tar.gz"
EPA httk R package v2.7.4 - pfas.clearance table,PFHxS,monkey,Female,serum elimination half-life (t1/2),2088,hours,Sundstrom et al. 2012,DTXSID DTXSID7040150; httk 2.7.4 data/Tables.RData object pfas.clearance; https://cran.r-project.org/src/contrib/httk_2.7.4.tar.gz
EPA httk R package v2.7.4 - pfas.clearance table,PFHxS,monkey,Female,volume of distribution (Vd),0.147,L/kg,Sundstrom et al. 2012,DTXSID DTXSID7040150; httk 2.7.4 data/Tables.RData object pfas.clearance; https://cran.r-project.org/src/contrib/httk_2.7.4.tar.gz
EPA httk R package v2.7.4 - pfas.clearance table,PFHxS,monkey,Female,elimination rate constant (kelim),0.000332,1/hour,computed = ln2/t1/2; Sundstrom et al. 2012,DTXSID DTXSID7040150; httk 2.7.4 data/Tables.RData object pfas.clearance; https://cran.r-project.org/src/contrib/httk_2.7.4.tar.gz
EPA httk R package v2.7.4 - pfas.clearance table,PFHxS,monkey,Female,clearance (CL),4.88e-05,L/kg-hour,COMPUTED = kelim x Vd; Hl:Sundstrom et al. 2012; Vd:Sundstrom et al. 2012,"Clearance is DERIVED from half-life and Vd, not measured; DTXSID DTXSID7040150; httk 2.7.4 data/Tables.RData object pfas.clearance; https://cran.r-project.org/src/contrib/httk_2.7.4.tar.gz"
EPA httk R package v2.7.4 - pfas.clearance table,PFHxS,monkey,Male,serum elimination half-life (t1/2),3384,hours,Sundstrom et al. 2012,DTXSID DTXSID7040150; httk 2.7.4 data/Tables.RData object pfas.clearance; https://cran.r-project.org/src/contrib/httk_2.7.4.tar.gz
EPA httk R package v2.7.4 - pfas.clearance table,PFHxS,monkey,Male,volume of distribution (Vd),0.287,L/kg,Sundstrom et al. 2012,DTXSID DTXSID7040150; httk 2.7.4 data/Tables.RData object pfas.clearance; https://cran.r-project.org/src/contrib/httk_2.7.4.tar.gz
EPA httk R package v2.7.4 - pfas.clearance table,PFHxS,monkey,Male,elimination rate constant (kelim),0.0002048,1/hour,computed = ln2/t1/2; Sundstrom et al. 2012,DTXSID DTXSID7040150; httk 2.7.4 data/Tables.RData object pfas.clearance; https://cran.r-project.org/src/contrib/httk_2.7.4.tar.gz
EPA httk R package v2.7.4 - pfas.clearance table,PFHxS,monkey,Male,clearance (CL),5.878e-05,L/kg-hour,COMPUTED = kelim x Vd; Hl:Sundstrom et al. 2012; Vd:Sundstrom et al. 2012,"Clearance is DERIVED from half-life and Vd, not measured; DTXSID DTXSID7040150; httk 2.7.4 data/Tables.RData object pfas.clearance; https://cran.r-project.org/src/contrib/httk_2.7.4.tar.gz"
EPA httk R package v2.7.4 - pfas.clearance table,PFHxS,mouse,Female,serum elimination half-life (t1/2),619.6,hours,Sundstrom et al. 2012,DTXSID DTXSID7040150; httk 2.7.4 data/Tables.RData object pfas.clearance; https://cran.r-project.org/src/contrib/httk_2.7.4.tar.gz
EPA httk R package v2.7.4 - pfas.clearance table,PFHxS,mouse,Female,volume of distribution (Vd),0.1215,L/kg,Sundstrom et al. 2012,DTXSID DTXSID7040150; httk 2.7.4 data/Tables.RData object pfas.clearance; https://cran.r-project.org/src/contrib/httk_2.7.4.tar.gz
EPA httk R package v2.7.4 - pfas.clearance table,PFHxS,mouse,Female,elimination rate constant (kelim),0.001119,1/hour,computed = ln2/t1/2; Sundstrom et al. 2012,DTXSID DTXSID7040150; httk 2.7.4 data/Tables.RData object pfas.clearance; https://cran.r-project.org/src/contrib/httk_2.7.4.tar.gz
EPA httk R package v2.7.4 - pfas.clearance table,PFHxS,mouse,Female,clearance (CL),0.000136,L/kg-hour,COMPUTED = kelim x Vd; Hl:Sundstrom et al. 2012; Vd:Sundstrom et al. 2012,"Clearance is DERIVED from half-life and Vd, not measured; DTXSID DTXSID7040150; httk 2.7.4 data/Tables.RData object pfas.clearance; https://cran.r-project.org/src/contrib/httk_2.7.4.tar.gz"
EPA httk R package v2.7.4 - pfas.clearance table,PFHxS,mouse,Male,serum elimination half-life (t1/2),701.6,hours,Sundstrom et al. 2012,DTXSID DTXSID7040150; httk 2.7.4 data/Tables.RData object pfas.clearance; https://cran.r-project.org/src/contrib/httk_2.7.4.tar.gz
EPA httk R package v2.7.4 - pfas.clearance table,PFHxS,mouse,Male,volume of distribution (Vd),0.162,L/kg,Sundstrom et al. 2012,DTXSID DTXSID7040150; httk 2.7.4 data/Tables.RData object pfas.clearance; https://cran.r-project.org/src/contrib/httk_2.7.4.tar.gz
EPA httk R package v2.7.4 - pfas.clearance table,PFHxS,mouse,Male,elimination rate constant (kelim),0.000988,1/hour,computed = ln2/t1/2; Sundstrom et al. 2012,DTXSID DTXSID7040150; httk 2.7.4 data/Tables.RData object pfas.clearance; https://cran.r-project.org/src/contrib/httk_2.7.4.tar.gz
EPA httk R package v2.7.4 - pfas.clearance table,PFHxS,mouse,Male,clearance (CL),0.0001601,L/kg-hour,COMPUTED = kelim x Vd; Hl:Sundstrom et al. 2012; Vd:Sundstrom et al. 2012,"Clearance is DERIVED from half-life and Vd, not measured; DTXSID DTXSID7040150; httk 2.7.4 data/Tables.RData object pfas.clearance; https://cran.r-project.org/src/contrib/httk_2.7.4.tar.gz"
EPA httk R package v2.7.4 - pfas.clearance table,8:2 FTOH,rat,Female,serum elimination half-life (t1/2),7.425,hours,Huang et al. 2019b,DTXSID DTXSID7029904; httk 2.7.4 data/Tables.RData object pfas.clearance; https://cran.r-project.org/src/contrib/httk_2.7.4.tar.gz
EPA httk R package v2.7.4 - pfas.clearance table,8:2 FTOH,rat,Female,volume of distribution (Vd),0.205,L/kg,Dawson et al. 2023,DEFAULT/surrogate Vd 0.205 L/kg from Dawson et al. 2023 - NOT chemical-specific; DTXSID DTXSID7029904; httk 2.7.4 data/Tables.RData object pfas.clearance; https://cran.r-project.org/src/contrib/httk_2.7.4.tar.gz
EPA httk R package v2.7.4 - pfas.clearance table,8:2 FTOH,rat,Female,elimination rate constant (kelim),0.09335,1/hour,computed = ln2/t1/2; Huang et al. 2019b,DTXSID DTXSID7029904; httk 2.7.4 data/Tables.RData object pfas.clearance; https://cran.r-project.org/src/contrib/httk_2.7.4.tar.gz
EPA httk R package v2.7.4 - pfas.clearance table,8:2 FTOH,rat,Female,clearance (CL),0.01914,L/kg-hour,COMPUTED = kelim x Vd; Hl:Huang et al. 2019b; Vd:Dawson et al. 2023,"Clearance is DERIVED from half-life and Vd, not measured; DTXSID DTXSID7029904; httk 2.7.4 data/Tables.RData object pfas.clearance; https://cran.r-project.org/src/contrib/httk_2.7.4.tar.gz"
EPA httk R package v2.7.4 - pfas.clearance table,8:2 FTOH,rat,Male,serum elimination half-life (t1/2),6.635,hours,Huang et al. 2019b,DTXSID DTXSID7029904; httk 2.7.4 data/Tables.RData object pfas.clearance; https://cran.r-project.org/src/contrib/httk_2.7.4.tar.gz
EPA httk R package v2.7.4 - pfas.clearance table,8:2 FTOH,rat,Male,volume of distribution (Vd),0.205,L/kg,Dawson et al. 2023,DEFAULT/surrogate Vd 0.205 L/kg from Dawson et al. 2023 - NOT chemical-specific; DTXSID DTXSID7029904; httk 2.7.4 data/Tables.RData object pfas.clearance; https://cran.r-project.org/src/contrib/httk_2.7.4.tar.gz
EPA httk R package v2.7.4 - pfas.clearance table,8:2 FTOH,rat,Male,elimination rate constant (kelim),0.1045,1/hour,computed = ln2/t1/2; Huang et al. 2019b,DTXSID DTXSID7029904; httk 2.7.4 data/Tables.RData object pfas.clearance; https://cran.r-project.org/src/contrib/httk_2.7.4.tar.gz
EPA httk R package v2.7.4 - pfas.clearance table,8:2 FTOH,rat,Male,clearance (CL),0.02142,L/kg-hour,COMPUTED = kelim x Vd; Hl:Huang et al. 2019b; Vd:Dawson et al. 2023,"Clearance is DERIVED from half-life and Vd, not measured; DTXSID DTXSID7029904; httk 2.7.4 data/Tables.RData object pfas.clearance; https://cran.r-project.org/src/contrib/httk_2.7.4.tar.gz"
EPA httk R package v2.7.4 - pfas.clearance table,PFHpA,rat,Female,serum elimination half-life (t1/2),1.2,hours,"Kabadi et al. 2018, Ohmori et al. 2003",DTXSID DTXSID1037303; httk 2.7.4 data/Tables.RData object pfas.clearance; https://cran.r-project.org/src/contrib/httk_2.7.4.tar.gz
EPA httk R package v2.7.4 - pfas.clearance table,PFHpA,rat,Female,volume of distribution (Vd),0.2006,L/kg,Ohmori et al. 2003,DTXSID DTXSID1037303; httk 2.7.4 data/Tables.RData object pfas.clearance; https://cran.r-project.org/src/contrib/httk_2.7.4.tar.gz
EPA httk R package v2.7.4 - pfas.clearance table,PFHpA,rat,Female,elimination rate constant (kelim),0.5776,1/hour,"computed = ln2/t1/2; Kabadi et al. 2018, Ohmori et al. 2003",DTXSID DTXSID1037303; httk 2.7.4 data/Tables.RData object pfas.clearance; https://cran.r-project.org/src/contrib/httk_2.7.4.tar.gz
EPA httk R package v2.7.4 - pfas.clearance table,PFHpA,rat,Female,clearance (CL),0.1159,L/kg-hour,"COMPUTED = kelim x Vd; Hl:Kabadi et al. 2018, Ohmori et al. 2003; Vd:Ohmori et al. 2003","Clearance is DERIVED from half-life and Vd, not measured; DTXSID DTXSID1037303; httk 2.7.4 data/Tables.RData object pfas.clearance; https://cran.r-project.org/src/contrib/httk_2.7.4.tar.gz"
EPA httk R package v2.7.4 - pfas.clearance table,PFHpA,rat,Male,serum elimination half-life (t1/2),15.4,hours,"Kabadi et al. 2018, Ohmori et al. 2003",DTXSID DTXSID1037303; httk 2.7.4 data/Tables.RData object pfas.clearance; https://cran.r-project.org/src/contrib/httk_2.7.4.tar.gz
EPA httk R package v2.7.4 - pfas.clearance table,PFHpA,rat,Male,volume of distribution (Vd),0.1962,L/kg,Ohmori et al. 2003,DTXSID DTXSID1037303; httk 2.7.4 data/Tables.RData object pfas.clearance; https://cran.r-project.org/src/contrib/httk_2.7.4.tar.gz
EPA httk R package v2.7.4 - pfas.clearance table,PFHpA,rat,Male,elimination rate constant (kelim),0.04501,1/hour,"computed = ln2/t1/2; Kabadi et al. 2018, Ohmori et al. 2003",DTXSID DTXSID1037303; httk 2.7.4 data/Tables.RData object pfas.clearance; https://cran.r-project.org/src/contrib/httk_2.7.4.tar.gz
EPA httk R package v2.7.4 - pfas.clearance table,PFHpA,rat,Male,clearance (CL),0.008831,L/kg-hour,"COMPUTED = kelim x Vd; Hl:Kabadi et al. 2018, Ohmori et al. 2003; Vd:Ohmori et al. 2003","Clearance is DERIVED from half-life and Vd, not measured; DTXSID DTXSID1037303; httk 2.7.4 data/Tables.RData object pfas.clearance; https://cran.r-project.org/src/contrib/httk_2.7.4.tar.gz"
EPA httk R package v2.7.4 - pfas.clearance table,PFHpA,human,Female,serum elimination half-life (t1/2),5125,hours,"Xu et al. 2020, Zhang et al. 2013",DTXSID DTXSID1037303; httk 2.7.4 data/Tables.RData object pfas.clearance; https://cran.r-project.org/src/contrib/httk_2.7.4.tar.gz
EPA httk R package v2.7.4 - pfas.clearance table,PFHpA,human,Female,volume of distribution (Vd),0.205,L/kg,Dawson et al. 2023,DEFAULT/surrogate Vd 0.205 L/kg from Dawson et al. 2023 - NOT chemical-specific; DTXSID DTXSID1037303; httk 2.7.4 data/Tables.RData object pfas.clearance; https://cran.r-project.org/src/contrib/httk_2.7.4.tar.gz
EPA httk R package v2.7.4 - pfas.clearance table,PFHpA,human,Female,elimination rate constant (kelim),0.0001352,1/hour,"computed = ln2/t1/2; Xu et al. 2020, Zhang et al. 2013",DTXSID DTXSID1037303; httk 2.7.4 data/Tables.RData object pfas.clearance; https://cran.r-project.org/src/contrib/httk_2.7.4.tar.gz
EPA httk R package v2.7.4 - pfas.clearance table,PFHpA,human,Female,clearance (CL),2.772e-05,L/kg-hour,"COMPUTED = kelim x Vd; Hl:Xu et al. 2020, Zhang et al. 2013; Vd:Dawson et al. 2023","Clearance is DERIVED from half-life and Vd, not measured; DTXSID DTXSID1037303; httk 2.7.4 data/Tables.RData object pfas.clearance; https://cran.r-project.org/src/contrib/httk_2.7.4.tar.gz"
EPA httk R package v2.7.4 - pfas.clearance table,PFHpA,human,Male,serum elimination half-life (t1/2),4336,hours,"Xu et al. 2020, Zhang et al. 2013",DTXSID DTXSID1037303; httk 2.7.4 data/Tables.RData object pfas.clearance; https://cran.r-project.org/src/contrib/httk_2.7.4.tar.gz
EPA httk R package v2.7.4 - pfas.clearance table,PFHpA,human,Male,volume of distribution (Vd),0.205,L/kg,Dawson et al. 2023,DEFAULT/surrogate Vd 0.205 L/kg from Dawson et al. 2023 - NOT chemical-specific; DTXSID DTXSID1037303; httk 2.7.4 data/Tables.RData object pfas.clearance; https://cran.r-project.org/src/contrib/httk_2.7.4.tar.gz
EPA httk R package v2.7.4 - pfas.clearance table,PFHpA,human,Male,elimination rate constant (kelim),0.0001599,1/hour,"computed = ln2/t1/2; Xu et al. 2020, Zhang et al. 2013",DTXSID DTXSID1037303; httk 2.7.4 data/Tables.RData object pfas.clearance; https://cran.r-project.org/src/contrib/httk_2.7.4.tar.gz
EPA httk R package v2.7.4 - pfas.clearance table,PFHpA,human,Male,clearance (CL),3.278e-05,L/kg-hour,"COMPUTED = kelim x Vd; Hl:Xu et al. 2020, Zhang et al. 2013; Vd:Dawson et al. 2023","Clearance is DERIVED from half-life and Vd, not measured; DTXSID DTXSID1037303; httk 2.7.4 data/Tables.RData object pfas.clearance; https://cran.r-project.org/src/contrib/httk_2.7.4.tar.gz"
EPA httk R package v2.7.4 - pfas.clearance table,5:3 fluorotelomer acid,rat,Female,serum elimination half-life (t1/2),62.9,hours,Kabadi et al. 2020,DTXSID DTXSID20874028; httk 2.7.4 data/Tables.RData object pfas.clearance; https://cran.r-project.org/src/contrib/httk_2.7.4.tar.gz
EPA httk R package v2.7.4 - pfas.clearance table,5:3 fluorotelomer acid,rat,Female,volume of distribution (Vd),0.205,L/kg,Dawson et al. 2023,DEFAULT/surrogate Vd 0.205 L/kg from Dawson et al. 2023 - NOT chemical-specific; DTXSID DTXSID20874028; httk 2.7.4 data/Tables.RData object pfas.clearance; https://cran.r-project.org/src/contrib/httk_2.7.4.tar.gz
EPA httk R package v2.7.4 - pfas.clearance table,5:3 fluorotelomer acid,rat,Female,elimination rate constant (kelim),0.01102,1/hour,computed = ln2/t1/2; Kabadi et al. 2020,DTXSID DTXSID20874028; httk 2.7.4 data/Tables.RData object pfas.clearance; https://cran.r-project.org/src/contrib/httk_2.7.4.tar.gz
EPA httk R package v2.7.4 - pfas.clearance table,5:3 fluorotelomer acid,rat,Female,clearance (CL),0.002259,L/kg-hour,COMPUTED = kelim x Vd; Hl:Kabadi et al. 2020; Vd:Dawson et al. 2023,"Clearance is DERIVED from half-life and Vd, not measured; DTXSID DTXSID20874028; httk 2.7.4 data/Tables.RData object pfas.clearance; https://cran.r-project.org/src/contrib/httk_2.7.4.tar.gz"
EPA httk R package v2.7.4 - pfas.clearance table,5:3 fluorotelomer acid,rat,Male,serum elimination half-life (t1/2),54.6,hours,Kabadi et al. 2020,DTXSID DTXSID20874028; httk 2.7.4 data/Tables.RData object pfas.clearance; https://cran.r-project.org/src/contrib/httk_2.7.4.tar.gz
EPA httk R package v2.7.4 - pfas.clearance table,5:3 fluorotelomer acid,rat,Male,volume of distribution (Vd),0.205,L/kg,Dawson et al. 2023,DEFAULT/surrogate Vd 0.205 L/kg from Dawson et al. 2023 - NOT chemical-specific; DTXSID DTXSID20874028; httk 2.7.4 data/Tables.RData object pfas.clearance; https://cran.r-project.org/src/contrib/httk_2.7.4.tar.gz
EPA httk R package v2.7.4 - pfas.clearance table,5:3 fluorotelomer acid,rat,Male,elimination rate constant (kelim),0.0127,1/hour,computed = ln2/t1/2; Kabadi et al. 2020,DTXSID DTXSID20874028; httk 2.7.4 data/Tables.RData object pfas.clearance; https://cran.r-project.org/src/contrib/httk_2.7.4.tar.gz
EPA httk R package v2.7.4 - pfas.clearance table,5:3 fluorotelomer acid,rat,Male,clearance (CL),0.002604,L/kg-hour,COMPUTED = kelim x Vd; Hl:Kabadi et al. 2020; Vd:Dawson et al. 2023,"Clearance is DERIVED from half-life and Vd, not measured; DTXSID DTXSID20874028; httk 2.7.4 data/Tables.RData object pfas.clearance; https://cran.r-project.org/src/contrib/httk_2.7.4.tar.gz"
EPA httk R package v2.7.4 - pfas.clearance table,PFNA,rat,Female,serum elimination half-life (t1/2),130.1,hours,"Kim et al. 2019, Ohmori et al. 2003, Tatum-Gibbs et al. 2011",DTXSID DTXSID8031863; httk 2.7.4 data/Tables.RData object pfas.clearance; https://cran.r-project.org/src/contrib/httk_2.7.4.tar.gz
EPA httk R package v2.7.4 - pfas.clearance table,PFNA,rat,Female,volume of distribution (Vd),0.04586,L/kg,"Kim et al. 2019, Ohmori et al. 2003, Tatum-Gibbs et al. 2011",DTXSID DTXSID8031863; httk 2.7.4 data/Tables.RData object pfas.clearance; https://cran.r-project.org/src/contrib/httk_2.7.4.tar.gz
EPA httk R package v2.7.4 - pfas.clearance table,PFNA,rat,Female,elimination rate constant (kelim),0.005328,1/hour,"computed = ln2/t1/2; Kim et al. 2019, Ohmori et al. 2003, Tatum-Gibbs et al. 2011",DTXSID DTXSID8031863; httk 2.7.4 data/Tables.RData object pfas.clearance; https://cran.r-project.org/src/contrib/httk_2.7.4.tar.gz
EPA httk R package v2.7.4 - pfas.clearance table,PFNA,rat,Female,clearance (CL),0.0002443,L/kg-hour,"COMPUTED = kelim x Vd; Hl:Kim et al. 2019, Ohmori et al. 2003, Tatum-Gibbs et al. 2011; Vd:Kim et al. 2019, Ohmori et al. 2003, Tatum-Gibbs et al. 2011","Clearance is DERIVED from half-life and Vd, not measured; DTXSID DTXSID8031863; httk 2.7.4 data/Tables.RData object pfas.clearance; https://cran.r-project.org/src/contrib/httk_2.7.4.tar.gz"
EPA httk R package v2.7.4 - pfas.clearance table,PFNA,rat,Male,serum elimination half-life (t1/2),837.2,hours,"Kim et al. 2019, Ohmori et al. 2003, Tatum-Gibbs et al. 2011",DTXSID DTXSID8031863; httk 2.7.4 data/Tables.RData object pfas.clearance; https://cran.r-project.org/src/contrib/httk_2.7.4.tar.gz
EPA httk R package v2.7.4 - pfas.clearance table,PFNA,rat,Male,volume of distribution (Vd),0.2129,L/kg,"Kim et al. 2019, Ohmori et al. 2003, Tatum-Gibbs et al. 2011",DTXSID DTXSID8031863; httk 2.7.4 data/Tables.RData object pfas.clearance; https://cran.r-project.org/src/contrib/httk_2.7.4.tar.gz
EPA httk R package v2.7.4 - pfas.clearance table,PFNA,rat,Male,elimination rate constant (kelim),0.0008279,1/hour,"computed = ln2/t1/2; Kim et al. 2019, Ohmori et al. 2003, Tatum-Gibbs et al. 2011",DTXSID DTXSID8031863; httk 2.7.4 data/Tables.RData object pfas.clearance; https://cran.r-project.org/src/contrib/httk_2.7.4.tar.gz
EPA httk R package v2.7.4 - pfas.clearance table,PFNA,rat,Male,clearance (CL),0.0001763,L/kg-hour,"COMPUTED = kelim x Vd; Hl:Kim et al. 2019, Ohmori et al. 2003, Tatum-Gibbs et al. 2011; Vd:Kim et al. 2019, Ohmori et al. 2003, Tatum-Gibbs et al. 2011","Clearance is DERIVED from half-life and Vd, not measured; DTXSID DTXSID8031863; httk 2.7.4 data/Tables.RData object pfas.clearance; https://cran.r-project.org/src/contrib/httk_2.7.4.tar.gz"
EPA httk R package v2.7.4 - pfas.clearance table,PFNA,mouse,Female,serum elimination half-life (t1/2),1134,hours,Tatum-Gibbs et al. 2011,DTXSID DTXSID8031863; httk 2.7.4 data/Tables.RData object pfas.clearance; https://cran.r-project.org/src/contrib/httk_2.7.4.tar.gz
EPA httk R package v2.7.4 - pfas.clearance table,PFNA,mouse,Female,volume of distribution (Vd),0.192,L/kg,Tatum-Gibbs et al. 2011,DTXSID DTXSID8031863; httk 2.7.4 data/Tables.RData object pfas.clearance; https://cran.r-project.org/src/contrib/httk_2.7.4.tar.gz
EPA httk R package v2.7.4 - pfas.clearance table,PFNA,mouse,Female,elimination rate constant (kelim),0.0006112,1/hour,computed = ln2/t1/2; Tatum-Gibbs et al. 2011,DTXSID DTXSID8031863; httk 2.7.4 data/Tables.RData object pfas.clearance; https://cran.r-project.org/src/contrib/httk_2.7.4.tar.gz
EPA httk R package v2.7.4 - pfas.clearance table,PFNA,mouse,Female,clearance (CL),0.0001174,L/kg-hour,COMPUTED = kelim x Vd; Hl:Tatum-Gibbs et al. 2011; Vd:Tatum-Gibbs et al. 2011,"Clearance is DERIVED from half-life and Vd, not measured; DTXSID DTXSID8031863; httk 2.7.4 data/Tables.RData object pfas.clearance; https://cran.r-project.org/src/contrib/httk_2.7.4.tar.gz"
EPA httk R package v2.7.4 - pfas.clearance table,PFNA,mouse,Male,serum elimination half-life (t1/2),3149,hours,Tatum-Gibbs et al. 2011,DTXSID DTXSID8031863; httk 2.7.4 data/Tables.RData object pfas.clearance; https://cran.r-project.org/src/contrib/httk_2.7.4.tar.gz
EPA httk R package v2.7.4 - pfas.clearance table,PFNA,mouse,Male,volume of distribution (Vd),0.328,L/kg,Tatum-Gibbs et al. 2011,DTXSID DTXSID8031863; httk 2.7.4 data/Tables.RData object pfas.clearance; https://cran.r-project.org/src/contrib/httk_2.7.4.tar.gz
EPA httk R package v2.7.4 - pfas.clearance table,PFNA,mouse,Male,elimination rate constant (kelim),0.0002201,1/hour,computed = ln2/t1/2; Tatum-Gibbs et al. 2011,DTXSID DTXSID8031863; httk 2.7.4 data/Tables.RData object pfas.clearance; https://cran.r-project.org/src/contrib/httk_2.7.4.tar.gz
EPA httk R package v2.7.4 - pfas.clearance table,PFNA,mouse,Male,clearance (CL),7.219e-05,L/kg-hour,COMPUTED = kelim x Vd; Hl:Tatum-Gibbs et al. 2011; Vd:Tatum-Gibbs et al. 2011,"Clearance is DERIVED from half-life and Vd, not measured; DTXSID DTXSID8031863; httk 2.7.4 data/Tables.RData object pfas.clearance; https://cran.r-project.org/src/contrib/httk_2.7.4.tar.gz"
EPA httk R package v2.7.4 - pfas.clearance table,PFNA,human,Female,serum elimination half-life (t1/2),14890,hours,Zhang et al. 2013,DTXSID DTXSID8031863; httk 2.7.4 data/Tables.RData object pfas.clearance; https://cran.r-project.org/src/contrib/httk_2.7.4.tar.gz
EPA httk R package v2.7.4 - pfas.clearance table,PFNA,human,Female,volume of distribution (Vd),0.205,L/kg,Dawson et al. 2023,DEFAULT/surrogate Vd 0.205 L/kg from Dawson et al. 2023 - NOT chemical-specific; DTXSID DTXSID8031863; httk 2.7.4 data/Tables.RData object pfas.clearance; https://cran.r-project.org/src/contrib/httk_2.7.4.tar.gz
EPA httk R package v2.7.4 - pfas.clearance table,PFNA,human,Female,elimination rate constant (kelim),4.655e-05,1/hour,computed = ln2/t1/2; Zhang et al. 2013,DTXSID DTXSID8031863; httk 2.7.4 data/Tables.RData object pfas.clearance; https://cran.r-project.org/src/contrib/httk_2.7.4.tar.gz
EPA httk R package v2.7.4 - pfas.clearance table,PFNA,human,Female,clearance (CL),9.543e-06,L/kg-hour,COMPUTED = kelim x Vd; Hl:Zhang et al. 2013; Vd:Dawson et al. 2023,"Clearance is DERIVED from half-life and Vd, not measured; DTXSID DTXSID8031863; httk 2.7.4 data/Tables.RData object pfas.clearance; https://cran.r-project.org/src/contrib/httk_2.7.4.tar.gz"
EPA httk R package v2.7.4 - pfas.clearance table,PFNA,human,Male,serum elimination half-life (t1/2),28030,hours,Zhang et al. 2013,DTXSID DTXSID8031863; httk 2.7.4 data/Tables.RData object pfas.clearance; https://cran.r-project.org/src/contrib/httk_2.7.4.tar.gz
EPA httk R package v2.7.4 - pfas.clearance table,PFNA,human,Male,volume of distribution (Vd),0.205,L/kg,Dawson et al. 2023,DEFAULT/surrogate Vd 0.205 L/kg from Dawson et al. 2023 - NOT chemical-specific; DTXSID DTXSID8031863; httk 2.7.4 data/Tables.RData object pfas.clearance; https://cran.r-project.org/src/contrib/httk_2.7.4.tar.gz
EPA httk R package v2.7.4 - pfas.clearance table,PFNA,human,Male,elimination rate constant (kelim),2.473e-05,1/hour,computed = ln2/t1/2; Zhang et al. 2013,DTXSID DTXSID8031863; httk 2.7.4 data/Tables.RData object pfas.clearance; https://cran.r-project.org/src/contrib/httk_2.7.4.tar.gz
EPA httk R package v2.7.4 - pfas.clearance table,PFNA,human,Male,clearance (CL),5.07e-06,L/kg-hour,COMPUTED = kelim x Vd; Hl:Zhang et al. 2013; Vd:Dawson et al. 2023,"Clearance is DERIVED from half-life and Vd, not measured; DTXSID DTXSID8031863; httk 2.7.4 data/Tables.RData object pfas.clearance; https://cran.r-project.org/src/contrib/httk_2.7.4.tar.gz"
EPA httk R package v2.7.4 - pfas.clearance table,PFECHS,human,Female,serum elimination half-life (t1/2),162100,hours,Shi et al. 2016,DTXSID DTXSID60881236; httk 2.7.4 data/Tables.RData object pfas.clearance; https://cran.r-project.org/src/contrib/httk_2.7.4.tar.gz
EPA httk R package v2.7.4 - pfas.clearance table,PFECHS,human,Female,volume of distribution (Vd),0.205,L/kg,Dawson et al. 2023,DEFAULT/surrogate Vd 0.205 L/kg from Dawson et al. 2023 - NOT chemical-specific; DTXSID DTXSID60881236; httk 2.7.4 data/Tables.RData object pfas.clearance; https://cran.r-project.org/src/contrib/httk_2.7.4.tar.gz
EPA httk R package v2.7.4 - pfas.clearance table,PFECHS,human,Female,elimination rate constant (kelim),4.276e-06,1/hour,computed = ln2/t1/2; Shi et al. 2016,DTXSID DTXSID60881236; httk 2.7.4 data/Tables.RData object pfas.clearance; https://cran.r-project.org/src/contrib/httk_2.7.4.tar.gz
EPA httk R package v2.7.4 - pfas.clearance table,PFECHS,human,Female,clearance (CL),8.766e-07,L/kg-hour,COMPUTED = kelim x Vd; Hl:Shi et al. 2016; Vd:Dawson et al. 2023,"Clearance is DERIVED from half-life and Vd, not measured; DTXSID DTXSID60881236; httk 2.7.4 data/Tables.RData object pfas.clearance; https://cran.r-project.org/src/contrib/httk_2.7.4.tar.gz"
EPA httk R package v2.7.4 - pfas.clearance table,PFECHS,human,Male,serum elimination half-life (t1/2),162100,hours,Shi et al. 2016,DTXSID DTXSID60881236; httk 2.7.4 data/Tables.RData object pfas.clearance; https://cran.r-project.org/src/contrib/httk_2.7.4.tar.gz
EPA httk R package v2.7.4 - pfas.clearance table,PFECHS,human,Male,volume of distribution (Vd),0.205,L/kg,Dawson et al. 2023,DEFAULT/surrogate Vd 0.205 L/kg from Dawson et al. 2023 - NOT chemical-specific; DTXSID DTXSID60881236; httk 2.7.4 data/Tables.RData object pfas.clearance; https://cran.r-project.org/src/contrib/httk_2.7.4.tar.gz
EPA httk R package v2.7.4 - pfas.clearance table,PFECHS,human,Male,elimination rate constant (kelim),4.276e-06,1/hour,computed = ln2/t1/2; Shi et al. 2016,DTXSID DTXSID60881236; httk 2.7.4 data/Tables.RData object pfas.clearance; https://cran.r-project.org/src/contrib/httk_2.7.4.tar.gz
EPA httk R package v2.7.4 - pfas.clearance table,PFECHS,human,Male,clearance (CL),8.766e-07,L/kg-hour,COMPUTED = kelim x Vd; Hl:Shi et al. 2016; Vd:Dawson et al. 2023,"Clearance is DERIVED from half-life and Vd, not measured; DTXSID DTXSID60881236; httk 2.7.4 data/Tables.RData object pfas.clearance; https://cran.r-project.org/src/contrib/httk_2.7.4.tar.gz"
EPA httk R package v2.7.4 - pfas.clearance table,PFPeS,human,Female,serum elimination half-life (t1/2),5519,hours,Xu et al. 2020,DTXSID DTXSID8062600; httk 2.7.4 data/Tables.RData object pfas.clearance; https://cran.r-project.org/src/contrib/httk_2.7.4.tar.gz
EPA httk R package v2.7.4 - pfas.clearance table,PFPeS,human,Female,volume of distribution (Vd),0.205,L/kg,Dawson et al. 2023,DEFAULT/surrogate Vd 0.205 L/kg from Dawson et al. 2023 - NOT chemical-specific; DTXSID DTXSID8062600; httk 2.7.4 data/Tables.RData object pfas.clearance; https://cran.r-project.org/src/contrib/httk_2.7.4.tar.gz
EPA httk R package v2.7.4 - pfas.clearance table,PFPeS,human,Female,elimination rate constant (kelim),0.0001256,1/hour,computed = ln2/t1/2; Xu et al. 2020,DTXSID DTXSID8062600; httk 2.7.4 data/Tables.RData object pfas.clearance; https://cran.r-project.org/src/contrib/httk_2.7.4.tar.gz
EPA httk R package v2.7.4 - pfas.clearance table,PFPeS,human,Female,clearance (CL),2.575e-05,L/kg-hour,COMPUTED = kelim x Vd; Hl:Xu et al. 2020; Vd:Dawson et al. 2023,"Clearance is DERIVED from half-life and Vd, not measured; DTXSID DTXSID8062600; httk 2.7.4 data/Tables.RData object pfas.clearance; https://cran.r-project.org/src/contrib/httk_2.7.4.tar.gz"
EPA httk R package v2.7.4 - pfas.clearance table,PFPeS,human,Male,serum elimination half-life (t1/2),5519,hours,Xu et al. 2020,DTXSID DTXSID8062600; httk 2.7.4 data/Tables.RData object pfas.clearance; https://cran.r-project.org/src/contrib/httk_2.7.4.tar.gz
EPA httk R package v2.7.4 - pfas.clearance table,PFPeS,human,Male,volume of distribution (Vd),0.205,L/kg,Dawson et al. 2023,DEFAULT/surrogate Vd 0.205 L/kg from Dawson et al. 2023 - NOT chemical-specific; DTXSID DTXSID8062600; httk 2.7.4 data/Tables.RData object pfas.clearance; https://cran.r-project.org/src/contrib/httk_2.7.4.tar.gz
EPA httk R package v2.7.4 - pfas.clearance table,PFPeS,human,Male,elimination rate constant (kelim),0.0001256,1/hour,computed = ln2/t1/2; Xu et al. 2020,DTXSID DTXSID8062600; httk 2.7.4 data/Tables.RData object pfas.clearance; https://cran.r-project.org/src/contrib/httk_2.7.4.tar.gz
EPA httk R package v2.7.4 - pfas.clearance table,PFPeS,human,Male,clearance (CL),2.575e-05,L/kg-hour,COMPUTED = kelim x Vd; Hl:Xu et al. 2020; Vd:Dawson et al. 2023,"Clearance is DERIVED from half-life and Vd, not measured; DTXSID DTXSID8062600; httk 2.7.4 data/Tables.RData object pfas.clearance; https://cran.r-project.org/src/contrib/httk_2.7.4.tar.gz"
EPA httk R package v2.7.4 - chem.invivo.PK.aggregate.data,PFDA,rat,not specified (pooled),serum elimination half-life (t1/2),29.9,days,"httk CvTdb-derived aggregate model fit (1-compartment/NCA), sex pooled",DTXSID DTXSID3031860; DISAGREES with httk pfas.clearance table for several PFAS; httk 2.7.4 Tables.RData
EPA httk R package v2.7.4 - chem.invivo.PK.aggregate.data,PFDA,rat,not specified (pooled),elimination rate constant (kelim),0.04119,1/day,"httk CvTdb-derived aggregate model fit (1-compartment/NCA), sex pooled",DTXSID DTXSID3031860; DISAGREES with httk pfas.clearance table for several PFAS; httk 2.7.4 Tables.RData
EPA httk R package v2.7.4 - chem.invivo.PK.aggregate.data,PFDA,rat,not specified (pooled),volume of distribution (Vdist),0.3066,L/kg,"httk CvTdb-derived aggregate model fit (1-compartment/NCA), sex pooled",DTXSID DTXSID3031860; DISAGREES with httk pfas.clearance table for several PFAS; httk 2.7.4 Tables.RData
EPA httk R package v2.7.4 - chem.invivo.PK.aggregate.data,PFHxA,rat,not specified (pooled),serum elimination half-life (t1/2),0.0906,days,"httk CvTdb-derived aggregate model fit (1-compartment/NCA), sex pooled",DTXSID DTXSID3031862; DISAGREES with httk pfas.clearance table for several PFAS; httk 2.7.4 Tables.RData
EPA httk R package v2.7.4 - chem.invivo.PK.aggregate.data,PFHxA,rat,not specified (pooled),elimination rate constant (kelim),26.12,1/day,"httk CvTdb-derived aggregate model fit (1-compartment/NCA), sex pooled",DTXSID DTXSID3031862; DISAGREES with httk pfas.clearance table for several PFAS; httk 2.7.4 Tables.RData
EPA httk R package v2.7.4 - chem.invivo.PK.aggregate.data,PFHxA,rat,not specified (pooled),volume of distribution (Vdist),0.5616,L/kg,"httk CvTdb-derived aggregate model fit (1-compartment/NCA), sex pooled",DTXSID DTXSID3031862; DISAGREES with httk pfas.clearance table for several PFAS; httk 2.7.4 Tables.RData
EPA httk R package v2.7.4 - chem.invivo.PK.aggregate.data,PFHxA,rat,not specified (pooled),"total clearance (CLtot, NCA)",0.358806,L/kg-day,"httk CvTdb-derived aggregate model fit (1-compartment/NCA), sex pooled",DTXSID DTXSID3031862; DISAGREES with httk pfas.clearance table for several PFAS; httk 2.7.4 Tables.RData
EPA httk R package v2.7.4 - chem.invivo.PK.aggregate.data,PFHxA,rat,not specified (pooled),half-life (NCA),3.03981,days,"httk CvTdb-derived aggregate model fit (1-compartment/NCA), sex pooled",DTXSID DTXSID3031862; DISAGREES with httk pfas.clearance table for several PFAS; httk 2.7.4 Tables.RData
EPA httk R package v2.7.4 - chem.invivo.PK.aggregate.data,PFOS,rat,not specified (pooled),serum elimination half-life (t1/2),22.83,days,"httk CvTdb-derived aggregate model fit (1-compartment/NCA), sex pooled",DTXSID DTXSID3031864; DISAGREES with httk pfas.clearance table for several PFAS; httk 2.7.4 Tables.RData
EPA httk R package v2.7.4 - chem.invivo.PK.aggregate.data,PFOS,rat,not specified (pooled),elimination rate constant (kelim),0.03036,1/day,"httk CvTdb-derived aggregate model fit (1-compartment/NCA), sex pooled",DTXSID DTXSID3031864; DISAGREES with httk pfas.clearance table for several PFAS; httk 2.7.4 Tables.RData
EPA httk R package v2.7.4 - chem.invivo.PK.aggregate.data,PFOS,rat,not specified (pooled),volume of distribution (Vdist),0.2016,L/kg,"httk CvTdb-derived aggregate model fit (1-compartment/NCA), sex pooled",DTXSID DTXSID3031864; DISAGREES with httk pfas.clearance table for several PFAS; httk 2.7.4 Tables.RData
EPA httk R package v2.7.4 - chem.invivo.PK.aggregate.data,PFBS,rat,not specified (pooled),serum elimination half-life (t1/2),0.1451,days,"httk CvTdb-derived aggregate model fit (1-compartment/NCA), sex pooled",DTXSID DTXSID5030030; DISAGREES with httk pfas.clearance table for several PFAS; httk 2.7.4 Tables.RData
EPA httk R package v2.7.4 - chem.invivo.PK.aggregate.data,PFBS,rat,not specified (pooled),elimination rate constant (kelim),9.817,1/day,"httk CvTdb-derived aggregate model fit (1-compartment/NCA), sex pooled",DTXSID DTXSID5030030; DISAGREES with httk pfas.clearance table for several PFAS; httk 2.7.4 Tables.RData
EPA httk R package v2.7.4 - chem.invivo.PK.aggregate.data,PFBS,rat,not specified (pooled),volume of distribution (Vdist),0.2467,L/kg,"httk CvTdb-derived aggregate model fit (1-compartment/NCA), sex pooled",DTXSID DTXSID5030030; DISAGREES with httk pfas.clearance table for several PFAS; httk 2.7.4 Tables.RData
EPA httk R package v2.7.4 - chem.invivo.PK.aggregate.data,PFBS,rat,not specified (pooled),"total clearance (CLtot, NCA)",0.0505186,L/kg-day,"httk CvTdb-derived aggregate model fit (1-compartment/NCA), sex pooled",DTXSID DTXSID5030030; DISAGREES with httk pfas.clearance table for several PFAS; httk 2.7.4 Tables.RData
EPA httk R package v2.7.4 - chem.invivo.PK.aggregate.data,PFBS,rat,not specified (pooled),half-life (NCA),4.25256,days,"httk CvTdb-derived aggregate model fit (1-compartment/NCA), sex pooled",DTXSID DTXSID5030030; DISAGREES with httk pfas.clearance table for several PFAS; httk 2.7.4 Tables.RData
EPA httk R package v2.7.4 - chem.invivo.PK.aggregate.data,8:2 FTOH,rat,not specified (pooled),serum elimination half-life (t1/2),0.01431,days,"httk CvTdb-derived aggregate model fit (1-compartment/NCA), sex pooled",DTXSID DTXSID7029904; DISAGREES with httk pfas.clearance table for several PFAS; httk 2.7.4 Tables.RData
EPA httk R package v2.7.4 - chem.invivo.PK.aggregate.data,8:2 FTOH,rat,not specified (pooled),elimination rate constant (kelim),48.44,1/day,"httk CvTdb-derived aggregate model fit (1-compartment/NCA), sex pooled",DTXSID DTXSID7029904; DISAGREES with httk pfas.clearance table for several PFAS; httk 2.7.4 Tables.RData
EPA httk R package v2.7.4 - chem.invivo.PK.aggregate.data,8:2 FTOH,rat,not specified (pooled),volume of distribution (Vdist),2.159,L/kg,"httk CvTdb-derived aggregate model fit (1-compartment/NCA), sex pooled",DTXSID DTXSID7029904; DISAGREES with httk pfas.clearance table for several PFAS; httk 2.7.4 Tables.RData
EPA httk R package v2.7.4 - chem.invivo.PK.aggregate.data,PFNA,rat,not specified (pooled),serum elimination half-life (t1/2),86.84,days,"httk CvTdb-derived aggregate model fit (1-compartment/NCA), sex pooled",DTXSID DTXSID8031863; DISAGREES with httk pfas.clearance table for several PFAS; httk 2.7.4 Tables.RData
EPA httk R package v2.7.4 - chem.invivo.PK.aggregate.data,PFNA,rat,not specified (pooled),elimination rate constant (kelim),0.0299,1/day,"httk CvTdb-derived aggregate model fit (1-compartment/NCA), sex pooled",DTXSID DTXSID8031863; DISAGREES with httk pfas.clearance table for several PFAS; httk 2.7.4 Tables.RData
EPA httk R package v2.7.4 - chem.invivo.PK.aggregate.data,PFNA,rat,not specified (pooled),volume of distribution (Vdist),0.609,L/kg,"httk CvTdb-derived aggregate model fit (1-compartment/NCA), sex pooled",DTXSID DTXSID8031863; DISAGREES with httk pfas.clearance table for several PFAS; httk 2.7.4 Tables.RData
EPA httk R package v2.7.4 - chem.invivo.PK.aggregate.data,PFOA,rat,not specified (pooled),serum elimination half-life (t1/2),1.494,days,"httk CvTdb-derived aggregate model fit (1-compartment/NCA), sex pooled",DTXSID DTXSID8031865; DISAGREES with httk pfas.clearance table for several PFAS; httk 2.7.4 Tables.RData
EPA httk R package v2.7.4 - chem.invivo.PK.aggregate.data,PFOA,rat,not specified (pooled),elimination rate constant (kelim),1.989,1/day,"httk CvTdb-derived aggregate model fit (1-compartment/NCA), sex pooled",DTXSID DTXSID8031865; DISAGREES with httk pfas.clearance table for several PFAS; httk 2.7.4 Tables.RData
EPA httk R package v2.7.4 - chem.invivo.PK.aggregate.data,PFOA,rat,not specified (pooled),volume of distribution (Vdist),0.4526,L/kg,"httk CvTdb-derived aggregate model fit (1-compartment/NCA), sex pooled",DTXSID DTXSID8031865; DISAGREES with httk pfas.clearance table for several PFAS; httk 2.7.4 Tables.RData
EPA httk R package v2.7.4 - chem.invivo.PK.aggregate.data,PFOA,rat,not specified (pooled),"total clearance (CLtot, NCA)",0.00257121,L/kg-day,"httk CvTdb-derived aggregate model fit (1-compartment/NCA), sex pooled",DTXSID DTXSID8031865; DISAGREES with httk pfas.clearance table for several PFAS; httk 2.7.4 Tables.RData
EPA httk R package v2.7.4 - chem.invivo.PK.aggregate.data,PFOA,rat,not specified (pooled),half-life (NCA),154.588,days,"httk CvTdb-derived aggregate model fit (1-compartment/NCA), sex pooled",DTXSID DTXSID8031865; DISAGREES with httk pfas.clearance table for several PFAS; httk 2.7.4 Tables.RData
EPA httk R package v2.7.4 - chem.physical_and_invitro.data,PFOS,human,not specified,fraction unbound in plasma (fup),0.00339,unitless,Smeltz 2023,credible interval 0.00245-0.00466; DTXSID DTXSID3031864; httk 2.7.4 Tables.RData; measured in vitro
EPA httk R package v2.7.4 - chem.physical_and_invitro.data,PFOS,human,not specified,intrinsic hepatic clearance (Clint),0,uL/min/10^6 hepatocytes,Crizer 2024,"4-value httk format median,lo,hi,pValue = 0,0,6.13,0.961; pValue>0.05 means Clint not significantly different from zero (no measurable hepatic metabolism); DTXSID DTXSID3031864"
EPA httk R package v2.7.4 - chem.physical_and_invitro.data,PFOS,rat,not specified,fraction unbound in plasma (fup),0,unitless,Wetmore 2013,DTXSID DTXSID3031864; httk 2.7.4 Tables.RData; measured in vitro
EPA httk R package v2.7.4 - chem.physical_and_invitro.data,PFOS,rat,not specified,intrinsic hepatic clearance (Clint),0,uL/min/10^6 hepatocytes,Wetmore 2013,"4-value httk format median,lo,hi,pValue = 0; pValue>0.05 means Clint not significantly different from zero (no measurable hepatic metabolism); DTXSID DTXSID3031864"
EPA httk R package v2.7.4 - chem.physical_and_invitro.data,PFOA,human,not specified,fraction unbound in plasma (fup),0.00224,unitless,Smeltz 2023,credible interval 0.0016-0.00308; DTXSID DTXSID8031865; httk 2.7.4 Tables.RData; measured in vitro
EPA httk R package v2.7.4 - chem.physical_and_invitro.data,PFOA,human,not specified,intrinsic hepatic clearance (Clint),0,uL/min/10^6 hepatocytes,Crizer 2024,"4-value httk format median,lo,hi,pValue = 0,0,0,1; pValue>0.05 means Clint not significantly different from zero (no measurable hepatic metabolism); DTXSID DTXSID8031865"
EPA httk R package v2.7.4 - chem.physical_and_invitro.data,PFOA,rat,not specified,fraction unbound in plasma (fup),0.002929,unitless,Wetmore 2013,DTXSID DTXSID8031865; httk 2.7.4 Tables.RData; measured in vitro
EPA httk R package v2.7.4 - chem.physical_and_invitro.data,PFOA,rat,not specified,intrinsic hepatic clearance (Clint),0,uL/min/10^6 hepatocytes,Wetmore 2013,"4-value httk format median,lo,hi,pValue = 0; pValue>0.05 means Clint not significantly different from zero (no measurable hepatic metabolism); DTXSID DTXSID8031865"
EPA httk R package v2.7.4 - chem.physical_and_invitro.data,PFHxA,human,not specified,fraction unbound in plasma (fup),0.0107,unitless,Smeltz 2023,credible interval 0.00733-0.0152; DTXSID DTXSID3031862; httk 2.7.4 Tables.RData; measured in vitro
EPA httk R package v2.7.4 - chem.physical_and_invitro.data,PFHxA,human,not specified,intrinsic hepatic clearance (Clint),0,uL/min/10^6 hepatocytes,Crizer 2024,"4-value httk format median,lo,hi,pValue = 0,0,0,0.998; pValue>0.05 means Clint not significantly different from zero (no measurable hepatic metabolism); DTXSID DTXSID3031862"
EPA httk R package v2.7.4 - chem.physical_and_invitro.data,PFHxA,rat,not specified,fraction unbound in plasma (fup),<NA>,unitless,,DTXSID DTXSID3031862; httk 2.7.4 Tables.RData; measured in vitro
EPA httk R package v2.7.4 - chem.physical_and_invitro.data,PFHxA,rat,not specified,intrinsic hepatic clearance (Clint),<NA>,uL/min/10^6 hepatocytes,,"4-value httk format median,lo,hi,pValue = <NA>; pValue>0.05 means Clint not significantly different from zero (no measurable hepatic metabolism); DTXSID DTXSID3031862"
EPA httk R package v2.7.4 - chem.physical_and_invitro.data,PFDA,human,not specified,fraction unbound in plasma (fup),0.000304,unitless,Smeltz 2023,credible interval 0.000205-0.000446; DTXSID DTXSID3031860; httk 2.7.4 Tables.RData; measured in vitro
EPA httk R package v2.7.4 - chem.physical_and_invitro.data,PFDA,human,not specified,intrinsic hepatic clearance (Clint),0,uL/min/10^6 hepatocytes,Crizer 2024,"4-value httk format median,lo,hi,pValue = 0,0,0,1; pValue>0.05 means Clint not significantly different from zero (no measurable hepatic metabolism); DTXSID DTXSID3031860"
EPA httk R package v2.7.4 - chem.physical_and_invitro.data,PFDA,rat,not specified,fraction unbound in plasma (fup),<NA>,unitless,,DTXSID DTXSID3031860; httk 2.7.4 Tables.RData; measured in vitro
EPA httk R package v2.7.4 - chem.physical_and_invitro.data,PFDA,rat,not specified,intrinsic hepatic clearance (Clint),<NA>,uL/min/10^6 hepatocytes,,"4-value httk format median,lo,hi,pValue = <NA>; pValue>0.05 means Clint not significantly different from zero (no measurable hepatic metabolism); DTXSID DTXSID3031860"
EPA httk R package v2.7.4 - chem.physical_and_invitro.data,PFHpA,human,not specified,fraction unbound in plasma (fup),0.00173,unitless,Smeltz 2023,credible interval 0.00119-0.00247; DTXSID DTXSID1037303; httk 2.7.4 Tables.RData; measured in vitro
EPA httk R package v2.7.4 - chem.physical_and_invitro.data,PFHpA,human,not specified,intrinsic hepatic clearance (Clint),0,uL/min/10^6 hepatocytes,Crizer 2024,"4-value httk format median,lo,hi,pValue = 0,0,7.37,0.949; pValue>0.05 means Clint not significantly different from zero (no measurable hepatic metabolism); DTXSID DTXSID1037303"
EPA httk R package v2.7.4 - chem.physical_and_invitro.data,PFHpA,rat,not specified,fraction unbound in plasma (fup),<NA>,unitless,,DTXSID DTXSID1037303; httk 2.7.4 Tables.RData; measured in vitro
EPA httk R package v2.7.4 - chem.physical_and_invitro.data,PFHpA,rat,not specified,intrinsic hepatic clearance (Clint),<NA>,uL/min/10^6 hepatocytes,,"4-value httk format median,lo,hi,pValue = <NA>; pValue>0.05 means Clint not significantly different from zero (no measurable hepatic metabolism); DTXSID DTXSID1037303"
EPA httk R package v2.7.4 - chem.physical_and_invitro.data,PFNA,human,not specified,fraction unbound in plasma (fup),0.000749,unitless,Smeltz 2023,credible interval 0.000508-0.00108; DTXSID DTXSID8031863; httk 2.7.4 Tables.RData; measured in vitro
EPA httk R package v2.7.4 - chem.physical_and_invitro.data,PFNA,human,not specified,intrinsic hepatic clearance (Clint),10.4,uL/min/10^6 hepatocytes,Crizer 2024,"4-value httk format median,lo,hi,pValue = 10.4,0,14.3,0.373; pValue>0.05 means Clint not significantly different from zero (no measurable hepatic metabolism); DTXSID DTXSID8031863"
EPA httk R package v2.7.4 - chem.physical_and_invitro.data,PFNA,rat,not specified,fraction unbound in plasma (fup),<NA>,unitless,,DTXSID DTXSID8031863; httk 2.7.4 Tables.RData; measured in vitro
EPA httk R package v2.7.4 - chem.physical_and_invitro.data,PFNA,rat,not specified,intrinsic hepatic clearance (Clint),<NA>,uL/min/10^6 hepatocytes,,"4-value httk format median,lo,hi,pValue = <NA>; pValue>0.05 means Clint not significantly different from zero (no measurable hepatic metabolism); DTXSID DTXSID8031863"
EPA httk R package v2.7.4 - chem.physical_and_invitro.data,PFBS,human,not specified,fraction unbound in plasma (fup),0.0111,unitless,Smeltz 2023,credible interval 0.0077-0.0164; DTXSID DTXSID5030030; httk 2.7.4 Tables.RData; measured in vitro
EPA httk R package v2.7.4 - chem.physical_and_invitro.data,PFBS,human,not specified,intrinsic hepatic clearance (Clint),0,uL/min/10^6 hepatocytes,Crizer 2024,"4-value httk format median,lo,hi,pValue = 0,0,5.6,0.968; pValue>0.05 means Clint not significantly different from zero (no measurable hepatic metabolism); DTXSID DTXSID5030030"
EPA httk R package v2.7.4 - chem.physical_and_invitro.data,PFBS,rat,not specified,fraction unbound in plasma (fup),<NA>,unitless,,DTXSID DTXSID5030030; httk 2.7.4 Tables.RData; measured in vitro
EPA httk R package v2.7.4 - chem.physical_and_invitro.data,PFBS,rat,not specified,intrinsic hepatic clearance (Clint),<NA>,uL/min/10^6 hepatocytes,,"4-value httk format median,lo,hi,pValue = <NA>; pValue>0.05 means Clint not significantly different from zero (no measurable hepatic metabolism); DTXSID DTXSID5030030"
EPA httk R package v2.7.4 - chem.physical_and_invitro.data,PFHxS,human,not specified,fraction unbound in plasma (fup),0.0013,unitless,Smeltz 2023,credible interval 0.00113-0.00149; DTXSID DTXSID7040150; httk 2.7.4 Tables.RData; measured in vitro
EPA httk R package v2.7.4 - chem.physical_and_invitro.data,PFHxS,human,not specified,intrinsic hepatic clearance (Clint),0,uL/min/10^6 hepatocytes,Crizer 2024,"4-value httk format median,lo,hi,pValue = 0,0,9.67,0.874; pValue>0.05 means Clint not significantly different from zero (no measurable hepatic metabolism); DTXSID DTXSID7040150"
EPA httk R package v2.7.4 - chem.physical_and_invitro.data,PFHxS,rat,not specified,fraction unbound in plasma (fup),<NA>,unitless,,DTXSID DTXSID7040150; httk 2.7.4 Tables.RData; measured in vitro
EPA httk R package v2.7.4 - chem.physical_and_invitro.data,PFHxS,rat,not specified,intrinsic hepatic clearance (Clint),<NA>,uL/min/10^6 hepatocytes,,"4-value httk format median,lo,hi,pValue = <NA>; pValue>0.05 means Clint not significantly different from zero (no measurable hepatic metabolism); DTXSID DTXSID7040150"
EPA httk R package v2.7.4 - chem.physical_and_invitro.data,8:2 FTOH,human,not specified,fraction unbound in plasma (fup),0.0168,unitless,Kreutz 2023,credible interval 0.00939-0.0291; DTXSID DTXSID7029904; httk 2.7.4 Tables.RData; measured in vitro
EPA httk R package v2.7.4 - chem.physical_and_invitro.data,8:2 FTOH,human,not specified,intrinsic hepatic clearance (Clint),<NA>,uL/min/10^6 hepatocytes,,"4-value httk format median,lo,hi,pValue = <NA>; pValue>0.05 means Clint not significantly different from zero (no measurable hepatic metabolism); DTXSID DTXSID7029904"
EPA httk R package v2.7.4 - chem.physical_and_invitro.data,8:2 FTOH,rat,not specified,fraction unbound in plasma (fup),<NA>,unitless,,DTXSID DTXSID7029904; httk 2.7.4 Tables.RData; measured in vitro
EPA httk R package v2.7.4 - chem.physical_and_invitro.data,8:2 FTOH,rat,not specified,intrinsic hepatic clearance (Clint),<NA>,uL/min/10^6 hepatocytes,,"4-value httk format median,lo,hi,pValue = <NA>; pValue>0.05 means Clint not significantly different from zero (no measurable hepatic metabolism); DTXSID DTXSID7029904"
EPA httk R package v2.7.4 - chem.physical_and_invitro.data,5:3 fluorotelomer acid,human,not specified,fraction unbound in plasma (fup),0.00616,unitless,Smeltz 2023,credible interval 0.00587-0.00646; DTXSID DTXSID20874028; httk 2.7.4 Tables.RData; measured in vitro
EPA httk R package v2.7.4 - chem.physical_and_invitro.data,5:3 fluorotelomer acid,human,not specified,intrinsic hepatic clearance (Clint),19,uL/min/10^6 hepatocytes,Crizer 2024,"4-value httk format median,lo,hi,pValue = 19,14.2,21.4,0; pValue>0.05 means Clint not significantly different from zero (no measurable hepatic metabolism); DTXSID DTXSID20874028"
EPA httk R package v2.7.4 - chem.physical_and_invitro.data,5:3 fluorotelomer acid,rat,not specified,fraction unbound in plasma (fup),<NA>,unitless,,DTXSID DTXSID20874028; httk 2.7.4 Tables.RData; measured in vitro
EPA httk R package v2.7.4 - chem.physical_and_invitro.data,5:3 fluorotelomer acid,rat,not specified,intrinsic hepatic clearance (Clint),<NA>,uL/min/10^6 hepatocytes,,"4-value httk format median,lo,hi,pValue = <NA>; pValue>0.05 means Clint not significantly different from zero (no measurable hepatic metabolism); DTXSID DTXSID20874028"
EPA httk R package v2.7.4 - chem.physical_and_invitro.data,PFBA,human,not specified,fraction unbound in plasma (fup),0.131,unitless,Smeltz 2023,credible interval 0.0863-0.192; DTXSID DTXSID4059916; httk 2.7.4 Tables.RData; measured in vitro
EPA httk R package v2.7.4 - chem.physical_and_invitro.data,PFBA,human,not specified,intrinsic hepatic clearance (Clint),0,uL/min/10^6 hepatocytes,Crizer 2024,"4-value httk format median,lo,hi,pValue = 0,0,0,0.975; pValue>0.05 means Clint not significantly different from zero (no measurable hepatic metabolism); DTXSID DTXSID4059916"
EPA httk R package v2.7.4 - chem.physical_and_invitro.data,PFBA,rat,not specified,fraction unbound in plasma (fup),<NA>,unitless,,DTXSID DTXSID4059916; httk 2.7.4 Tables.RData; measured in vitro
EPA httk R package v2.7.4 - chem.physical_and_invitro.data,PFBA,rat,not specified,intrinsic hepatic clearance (Clint),<NA>,uL/min/10^6 hepatocytes,,"4-value httk format median,lo,hi,pValue = <NA>; pValue>0.05 means Clint not significantly different from zero (no measurable hepatic metabolism); DTXSID DTXSID4059916"
EPA httk R package v2.7.4 - chem.physical_and_invitro.data,HFPO-DA (GenX),human,not specified,fraction unbound in plasma (fup),<NA>,unitless,,DTXSID DTXSID70880215; httk 2.7.4 Tables.RData; measured in vitro
EPA httk R package v2.7.4 - chem.physical_and_invitro.data,HFPO-DA (GenX),human,not specified,intrinsic hepatic clearance (Clint),<NA>,uL/min/10^6 hepatocytes,,"4-value httk format median,lo,hi,pValue = <NA>; pValue>0.05 means Clint not significantly different from zero (no measurable hepatic metabolism); DTXSID DTXSID70880215"
EPA httk R package v2.7.4 - chem.physical_and_invitro.data,HFPO-DA (GenX),rat,not specified,fraction unbound in plasma (fup),<NA>,unitless,,DTXSID DTXSID70880215; httk 2.7.4 Tables.RData; measured in vitro
EPA httk R package v2.7.4 - chem.physical_and_invitro.data,HFPO-DA (GenX),rat,not specified,intrinsic hepatic clearance (Clint),<NA>,uL/min/10^6 hepatocytes,,"4-value httk format median,lo,hi,pValue = <NA>; pValue>0.05 means Clint not significantly different from zero (no measurable hepatic metabolism); DTXSID DTXSID70880215"
EPA httk R package v2.7.4 - chem.physical_and_invitro.data,PFPeS,human,not specified,fraction unbound in plasma (fup),<NA>,unitless,,DTXSID DTXSID8062600; httk 2.7.4 Tables.RData; measured in vitro
EPA httk R package v2.7.4 - chem.physical_and_invitro.data,PFPeS,human,not specified,intrinsic hepatic clearance (Clint),<NA>,uL/min/10^6 hepatocytes,,"4-value httk format median,lo,hi,pValue = <NA>; pValue>0.05 means Clint not significantly different from zero (no measurable hepatic metabolism); DTXSID DTXSID8062600"
EPA httk R package v2.7.4 - chem.physical_and_invitro.data,PFPeS,rat,not specified,fraction unbound in plasma (fup),<NA>,unitless,,DTXSID DTXSID8062600; httk 2.7.4 Tables.RData; measured in vitro
EPA httk R package v2.7.4 - chem.physical_and_invitro.data,PFPeS,rat,not specified,intrinsic hepatic clearance (Clint),<NA>,uL/min/10^6 hepatocytes,,"4-value httk format median,lo,hi,pValue = <NA>; pValue>0.05 means Clint not significantly different from zero (no measurable hepatic metabolism); DTXSID DTXSID8062600"
EPA httk R package v2.7.4 - chem.physical_and_invitro.data,PFECHS,human,not specified,fraction unbound in plasma (fup),<NA>,unitless,,DTXSID DTXSID60881236; httk 2.7.4 Tables.RData; measured in vitro
EPA httk R package v2.7.4 - chem.physical_and_invitro.data,PFECHS,human,not specified,intrinsic hepatic clearance (Clint),<NA>,uL/min/10^6 hepatocytes,,"4-value httk format median,lo,hi,pValue = <NA>; pValue>0.05 means Clint not significantly different from zero (no measurable hepatic metabolism); DTXSID DTXSID60881236"
EPA httk R package v2.7.4 - chem.physical_and_invitro.data,PFECHS,rat,not specified,fraction unbound in plasma (fup),<NA>,unitless,,DTXSID DTXSID60881236; httk 2.7.4 Tables.RData; measured in vitro
EPA httk R package v2.7.4 - chem.physical_and_invitro.data,PFECHS,rat,not specified,intrinsic hepatic clearance (Clint),<NA>,uL/min/10^6 hepatocytes,,"4-value httk format median,lo,hi,pValue = <NA>; pValue>0.05 means Clint not significantly different from zero (no measurable hepatic metabolism); DTXSID DTXSID60881236"
Dourson et al. 2025 Arch Toxicol 'Estimating safe doses of PFOS: an international collaboration' (Alliance for Risk Assessment),PFOS,human,M+F,serum elimination half-life (t1/2) - ADOPTED,2.88,years,Li et al. 2022 (geometric mean half-life estimate),Described as 'reliable for the development of the PFOS safe dose range'; Table 3 footnote; doi:10.1007/s00204-025-04134-9; PMC12886202
Dourson et al. 2025 Arch Toxicol 'Estimating safe doses of PFOS: an international collaboration' (Alliance for Risk Assessment),PFOS,human,M+F,volume of distribution (Vd) - ASSUMED,200,mL/kg,"Assumed value, no chemical-specific source cited","Vd ASSUMED, not measured; used to convert t1/2 to clearance; Table 3 footnote; doi:10.1007/s00204-025-04134-9; PMC12886202"
Dourson et al. 2025 Arch Toxicol 'Estimating safe doses of PFOS: an international collaboration' (Alliance for Risk Assessment),PFOS,human,M+F,clearance (CL) - COMPUTED from t1/2 and assumed Vd,0.13,mL/kg-day,"Computed: CL = ln2/t1/2 x Vd, with t1/2=2.88 y (Li 2022) and Vd=200 mL/kg (assumed)","NOT a measured clearance; identical Vd-based approach to US EPA, contrast with OEHHA measured-regression clearance; Tables 1 and 3; doi:10.1007/s00204-025-04134-9; PMC12886202"
Dourson et al. 2025 Arch Toxicol 'Estimating safe doses of PFOS: an international collaboration' (Alliance for Risk Assessment),PFOS,human,M+F,animal-human toxicokinetic factor (AK),1,unitless,IPCS (2005) and/or USEPA (2014) defaults or data-derived,Table 1; AK=1 because animal-to-human kinetics handled via serum-concentration POD; doi:10.1007/s00204-025-04134-9; PMC12886202
Dourson et al. 2025 Arch Toxicol 'Estimating safe doses of PFOS: an international collaboration' (Alliance for Risk Assessment),PFOS,human,M+F,animal-human toxicodynamic factor (AD),3,unitless,IPCS (2005) and/or USEPA (2014) defaults or data-derived,Table 1; AK=1 because animal-to-human kinetics handled via serum-concentration POD; doi:10.1007/s00204-025-04134-9; PMC12886202
Dourson et al. 2025 Arch Toxicol 'Estimating safe doses of PFOS: an international collaboration' (Alliance for Risk Assessment),PFOS,human,M+F,human toxicodynamic factor (HD),3,unitless,IPCS (2005) and/or USEPA (2014) defaults or data-derived,Table 1; AK=1 because animal-to-human kinetics handled via serum-concentration POD; doi:10.1007/s00204-025-04134-9; PMC12886202
Dourson et al. 2025 Arch Toxicol 'Estimating safe doses of PFOS: an international collaboration' (Alliance for Risk Assessment),PFOS,human,M+F,human toxicokinetic factor (HK),2.1,unitless,IPCS (2005) and/or USEPA (2014) defaults or data-derived,Table 1; AK=1 because animal-to-human kinetics handled via serum-concentration POD; doi:10.1007/s00204-025-04134-9; PMC12886202
Dourson et al. 2025 Arch Toxicol 'Estimating safe doses of PFOS: an international collaboration' (Alliance for Risk Assessment),PFOS,human,M+F,subchronic-to-chronic factor (S),3,unitless,IPCS (2005) and/or USEPA (2014) defaults or data-derived,Table 1; AK=1 because animal-to-human kinetics handled via serum-concentration POD; doi:10.1007/s00204-025-04134-9; PMC12886202
Dourson et al. 2025 Arch Toxicol 'Estimating safe doses of PFOS: an international collaboration' (Alliance for Risk Assessment),PFOS,human,M+F,database uncertainty factor (D),1,unitless,IPCS (2005) and/or USEPA (2014) defaults or data-derived,Table 1; AK=1 because animal-to-human kinetics handled via serum-concentration POD; doi:10.1007/s00204-025-04134-9; PMC12886202
Dourson et al. 2025 Arch Toxicol 'Estimating safe doses of PFOS: an international collaboration' (Alliance for Risk Assessment) Table 3,PFOS,monkey,M+F,serum POD (NOAEL) for increased liver weight,13.2,ug/mL serum,Seacat et al. 2002,oral NOAEL 0.03 or 0.15 mg/kg-day; resulting RfD 70 ng/kg-day using CL=0.13 mL/kg-day; Table 3; doi:10.1007/s00204-025-04134-9; PMC12886202
Dourson et al. 2025 Arch Toxicol 'Estimating safe doses of PFOS: an international collaboration' (Alliance for Risk Assessment) Table 3,PFOS,rat,M+F,serum POD (NOAEL) for hepatotoxicity (Health Canada 2018 selection),2.63,ug/mL serum,Butenhoff et al. 2012,oral NOAEL 0.021 mg/kg-day; resulting RfD 20 ng/kg-day using CL=0.13 mL/kg-day; Table 3; doi:10.1007/s00204-025-04134-9; PMC12886202
Dourson et al. 2025 Arch Toxicol 'Estimating safe doses of PFOS: an international collaboration' (Alliance for Risk Assessment) Table 3,PFOS,rat (male),M+F,serum POD (NOAEL) for hepatotoxicity,13.6,ug/mL serum,Butenhoff et al. 2012,oral NOAEL 0.098 mg/kg-day; resulting RfD 90 ng/kg-day using CL=0.13 mL/kg-day; Table 3; doi:10.1007/s00204-025-04134-9; PMC12886202
Dourson et al. 2025 Arch Toxicol 'Estimating safe doses of PFOS: an international collaboration' (Alliance for Risk Assessment) Table 3,PFOS,rat (female),M+F,serum POD (NOAEL) for hepatotoxicity,23.6,ug/mL serum,Butenhoff et al. 2012,oral NOAEL 0.12 mg/kg-day; resulting RfD 160 ng/kg-day using CL=0.13 mL/kg-day; Table 3; doi:10.1007/s00204-025-04134-9; PMC12886202
Dourson et al. 2025 Arch Toxicol 'Estimating safe doses of PFOS: an international collaboration' (Alliance for Risk Assessment) Table 3,PFOS,rat,M+F,serum POD (NOAEL) for embryo and fetal toxicity,19.7,ug/mL serum,Lau 2003 / Thibodeaux 2003,oral NOAEL 1 mg/kg-day; resulting RfD 140 ng/kg-day using CL=0.13 mL/kg-day; Table 3; doi:10.1007/s00204-025-04134-9; PMC12886202
Dourson et al. 2025 Arch Toxicol 'Estimating safe doses of PFOS: an international collaboration' (Alliance for Risk Assessment) Table 3,PFOS,rat,M+F,serum POD (NOAEL) for parental toxicity,4.52,ug/mL serum,Luebker et al. 2005,oral NOAEL 0.1 mg/kg-day; resulting RfD 30 ng/kg-day using CL=0.13 mL/kg-day; Table 3; doi:10.1007/s00204-025-04134-9; PMC12886202
