primary_study,primary_year,source_document,source_table,chemical,species,strain,sex,n,route,dose,dose_units,matrix,parameter,value,units,ci_low,ci_high,sd,model_or_method,assigned_or_measured,epa_notes,discrepancy_flag
Bartell et al. (2010),2010,"US EPA 2024, Appendix to the Final Human Health Toxicity Assessment for PFOA, EPA-815R24006",Table B-36. Summary of Human PFOA Half-Life Values,PFOA,human,,"both (100 males, 100 females)",200,oral (contaminated drinking water),,,serum,elimination half-life,2.3,years,,,,serum decline after drinking water treatment; one-compartment first-order (as tabulated by EPA),measured (estimated from observed serum decline),"Age range 54.5 +/- 15 y (mean +/- SD). Study of decreases in human serum levels after treatment of drinking water for PFOA removal was instituted by the Lubeck Public Services District in Washington, West Virginia, and the Little Hocking Water Association (LHWA) in Ohio. Source waters had become contaminated with PFAS from the DuPont Works Plant in Washington, WV, between 1951 and 2000.",no comparable PFOA half-life row for Bartell 2010 in db/human_halflife_extended.csv (that file holds only Bartell 2026 mother-child dyad TK model) - not cross-checkable
Brede et al. (2010),2010,"US EPA 2024, Appendix to the Final Human Health Toxicity Assessment for PFOA, EPA-815R24006",Table B-36. Summary of Human PFOA Half-Life Values,PFOA,human,,"both (20 children, 22 adult females, 23 adult males)",65,oral (contaminated drinking water),,,serum,elimination half-life,3.26,years,,,,serum decline after remediation of contaminated public water supply (as tabulated by EPA),measured (estimated from observed serum decline),"Age ranges: children 7.4-8.3 y; females 27-49 y; males 32-71 y. Subjects exposed to contaminated drinking water supply in Arnsberg, Germany. EPA tabulates a single pooled half-life and does not break it out by the three subgroups it lists.",no Brede 2010 half-life row in db/human_halflife_extended.csv - not cross-checkable
3M (2002),2002,"US EPA 2024, Appendix to the Final Human Health Toxicity Assessment for PFOA, EPA-815R24006",Table B-36. Summary of Human PFOA Half-Life Values,PFOA,human,,"both (7 males, 2 females)",9,occupational (fluorochemical production),,,serum,elimination half-life,4.37,years,1.50,14.49,,"serum decline after retirement from occupational exposure (as tabulated by EPA); ci_low/ci_high are a RANGE across subjects, not a confidence interval",measured (estimated from observed serum decline),"Age 61 y (range 55-64). Second interim report with nine retired fluorochemical production workers from the 3M Decatur, Alabama plant. The 1.50-14.49 yr figure is an inter-individual range, NOT a CI. Unpublished company report - grey literature.",3M (2002) not present in db/human_halflife_extended.csv - not cross-checkable
Costa et al. (2009),2009,"US EPA 2024, Appendix to the Final Human Health Toxicity Assessment for PFOA, EPA-815R24006",Table B-36. Summary of Human PFOA Half-Life Values,PFOA,human,,male,53,occupational (PFAA production),,,serum,elimination half-life,5.1,years,2.6,9.7,,"serum decline in workers (as tabulated by EPA); ci_low/ci_high are a RANGE across subjects, not a confidence interval",measured (estimated from observed serum decline),"Age range 20-63 y. 53 males working in a PFAA production facility in Italy from 1978 to 2007. All-male cohort, so no sex contrast available.","agrees with db/human_halflife_extended.csv (Costa 2009 Italian fluorochemical workers, PFOA 5.1 y, 2.6-9.7)"
Fu et al. (2016),2016,"US EPA 2024, Appendix to the Final Human Health Toxicity Assessment for PFOA, EPA-815R24006",Table B-36. Summary of Human PFOA Half-Life Values,PFOA,human,,male,213,occupational (fluorochemical plant),,,serum,elimination half-life,4.7,years,,,,derived from daily clearance rate,measured (derived from daily clearance rate),"Males age 19-65 y, median 41. Occupationally exposed subjects working in one of the largest fluorochemical plants (Henxin Chemical Plant) in Yingcheng, Hubei province, China. SEX-SPECIFIC: male value, longer than the female value from the same study.",no Fu 2016 primary half-life row in db/human_halflife_extended.csv (Fu 2016 appears only as a study included in the Rosato 2024 meta-analysis) - not directly cross-checkable
Fu et al. (2016),2016,"US EPA 2024, Appendix to the Final Human Health Toxicity Assessment for PFOA, EPA-815R24006",Table B-36. Summary of Human PFOA Half-Life Values,PFOA,human,,female,89,occupational (fluorochemical plant),,,serum,elimination half-life,3.1,years,,,,derived from daily clearance rate,measured (derived from daily clearance rate),"Females age 19-50 y, median 37. SEX-SPECIFIC: female half-life 3.1 y vs male 4.7 y from the same cohort - a male:female ratio of about 1.5.",no Fu 2016 primary half-life row in db/human_halflife_extended.csv - not directly cross-checkable
Fu et al. (2016),2016,"US EPA 2024, Appendix to the Final Human Health Toxicity Assessment for PFOA, EPA-815R24006",Table B-36. Summary of Human PFOA Half-Life Values,PFOA,human,,both,302,occupational (fluorochemical plant),,,serum,elimination half-life,4.1,years,,,,"derived from daily clearance rate (overall, both sexes)",measured (derived from daily clearance rate),Overall both-sex value from the daily clearance rate method. Note the same study yields a very different overall value (1.7 y) by the annual decline rate method - see the next row.,two methods in one study give 4.1 y vs 1.7 y - a 2.4-fold method-dependent spread EPA tabulates without comment
Fu et al. (2016),2016,"US EPA 2024, Appendix to the Final Human Health Toxicity Assessment for PFOA, EPA-815R24006",Table B-36. Summary of Human PFOA Half-Life Values,PFOA,human,,both,302,occupational (fluorochemical plant),,,serum,elimination half-life,1.7,years,,,,"derived from annual decline rate (overall, both sexes)",measured (derived from annual decline rate),"Overall value by the annual decline rate method, 2.4-fold lower than the 4.1 y the same study gives by the daily clearance rate method. EPA presents both without resolving them.",method-dependent: 1.7 y (annual decline) vs 4.1 y (daily clearance) within the same study
Genuis et al. (2014),2014,"US EPA 2024, Appendix to the Final Human Health Toxicity Assessment for PFOA, EPA-815R24006",Table B-36. Summary of Human PFOA Half-Life Values,PFOA,human,,male (father),1,residential (stain-repellent carpet spraying); treated by intermittent phlebotomy,,,serum,elimination half-life,2.61,years,,,,serum decline under intermittent phlebotomy over 4-5 yr (as tabulated by EPA),measured (estimated from observed serum decline),"A family of 6 patients identified to have elevated serum concentrations of PFAAs, likely through repeated commercial spraying of their home carpets with stain-repellents. Patients were treated by intermittent phlebotomy over a 4-5 yr period. CAUTION: EPA's 'Number of Subjects' cell for this study holds '53 Father, 47 Mother, 22 first male child, 19 second female child, 17 third male child, 16 fourth male child' - these are AGES (consistent with the stated 16-53 y age range), not subject counts; the study has n=1 per listed individual, 6 total. Half-lives here are confounded by the phlebotomy intervention and are not background elimination.","EPA column mislabel: ages tabulated under 'Number of Subjects'. db/human_halflife_extended.csv carries Genuis 2014 rows for PFOA/PFOS/PFHxS with BLANK half-life values, so EPA's per-individual values are additional, not conflicting"
Genuis et al. (2014),2014,"US EPA 2024, Appendix to the Final Human Health Toxicity Assessment for PFOA, EPA-815R24006",Table B-36. Summary of Human PFOA Half-Life Values,PFOA,human,,female (mother),1,residential (stain-repellent carpet spraying); treated by intermittent phlebotomy,,,serum,elimination half-life,2.61,years,,,,serum decline under intermittent phlebotomy over 4-5 yr (as tabulated by EPA),measured (estimated from observed serum decline),"Mother, age 47. Identical tabulated value to the father (2.61 y) - so this table shows no sex difference within the adult pair. Half-life confounded by phlebotomy.",EPA column mislabel (ages under 'Number of Subjects'); db holds blank half-life for Genuis 2014
Genuis et al. (2014),2014,"US EPA 2024, Appendix to the Final Human Health Toxicity Assessment for PFOA, EPA-815R24006",Table B-36. Summary of Human PFOA Half-Life Values,PFOA,human,,male (first male child),1,residential (stain-repellent carpet spraying); treated by intermittent phlebotomy,,,serum,elimination half-life,2.03,years,,,,serum decline under intermittent phlebotomy over 4-5 yr (as tabulated by EPA),measured (estimated from observed serum decline),"First male child, age 22. Children in this family show shorter half-lives than the parents (1.59-2.03 y vs 2.61 y), consistent with an age gradient, though phlebotomy confounds all values.",EPA column mislabel (ages under 'Number of Subjects'); db holds blank half-life for Genuis 2014
Genuis et al. (2014),2014,"US EPA 2024, Appendix to the Final Human Health Toxicity Assessment for PFOA, EPA-815R24006",Table B-36. Summary of Human PFOA Half-Life Values,PFOA,human,,female (second female child),1,residential (stain-repellent carpet spraying); treated by intermittent phlebotomy,,,serum,elimination half-life,1.85,years,,,,serum decline under intermittent phlebotomy over 4-5 yr (as tabulated by EPA),measured (estimated from observed serum decline),"Second female child, age 19.",EPA column mislabel (ages under 'Number of Subjects'); db holds blank half-life for Genuis 2014
Genuis et al. (2014),2014,"US EPA 2024, Appendix to the Final Human Health Toxicity Assessment for PFOA, EPA-815R24006",Table B-36. Summary of Human PFOA Half-Life Values,PFOA,human,,male (third male child),1,residential (stain-repellent carpet spraying); treated by intermittent phlebotomy,,,serum,elimination half-life,1.80,years,,,,serum decline under intermittent phlebotomy over 4-5 yr (as tabulated by EPA),measured (estimated from observed serum decline),"Third male child, age 17.",EPA column mislabel (ages under 'Number of Subjects'); db holds blank half-life for Genuis 2014
Genuis et al. (2014),2014,"US EPA 2024, Appendix to the Final Human Health Toxicity Assessment for PFOA, EPA-815R24006",Table B-36. Summary of Human PFOA Half-Life Values,PFOA,human,,male (fourth male child),1,residential (stain-repellent carpet spraying); treated by intermittent phlebotomy,,,serum,elimination half-life,1.59,years,,,,serum decline under intermittent phlebotomy over 4-5 yr (as tabulated by EPA),measured (estimated from observed serum decline),"Fourth male child, age 16 - the youngest and shortest half-life in the family.",EPA column mislabel (ages under 'Number of Subjects'); db holds blank half-life for Genuis 2014
Glynn et al. (2012),2012,"US EPA 2024, Appendix to the Final Human Health Toxicity Assessment for PFOA, EPA-815R24006",Table B-36. Summary of Human PFOA Half-Life Values,PFOA,human,,female,413,background/general population,,,serum,elimination half-life,22,years,,,,"temporal trend in cross-sectional serum of primiparous women, 1996-2010 (as tabulated by EPA)","measured (inferred from a population time trend, not individual serum decay)","Primiparous women 3 wk after delivery in Uppsala County, Sweden 1996-2010 (the POPUP study; Persistent Organic Pollutants in Uppsala Primiparas). Age range 19-41 y. VALUE RECORDED AS PRINTED: EPA's table gives '22 yr', which is an order of magnitude above every other entry in this table (1.59-8.5 yr) and is very likely a typographic rendering of 2.2 yr. Recorded verbatim rather than silently corrected. Note this is a population-trend half-life, not an individual elimination half-life, so it is not strictly comparable with the rest of the table.",OUTLIER / SUSPECTED TYPO in EPA table: 22 yr vs 1.59-8.5 yr for every other row; probable intent 2.2 yr. Glynn 2012 is absent from db/human_halflife_extended.csv so no project value to compare against. DO NOT propagate 22 yr without checking the primary paper.
Gomis et al. (2016),2016,"US EPA 2024, Appendix to the Final Human Health Toxicity Assessment for PFOA, EPA-815R24006",Table B-36. Summary of Human PFOA Half-Life Values,PFOA,human,,not stated,6,occupational (inhalation and dermal; ski waxing),,,serum,elimination half-life,2.4,years,,,,serum decline in occupationally exposed ski waxers with direct and indirect inhalation exposure characterized,measured (estimated from observed serum decline),Age range 35-60 y. Six occupationally exposed ski waxers for whom direct and indirect exposures via inhalation were characterized.,"agrees with db/human_halflife_extended.csv (Gomis 2016 ski waxers, PFOA 2.4 y, 2.0-2.8); EPA omits the 2.0-2.8 interval the project holds"
Gomis et al. (2017),2017,"US EPA 2024, Appendix to the Final Human Health Toxicity Assessment for PFOA, EPA-815R24006",Table B-36. Summary of Human PFOA Half-Life Values,PFOA,human,,male,"24-84 pools per survey, each pool 30-100 individuals (Australia)",background/general population,,,serum (pooled),intrinsic elimination half-life,2,years,,,,"population-based model fitted to Australian biomonitoring pooled-sample surveys 2009-2014 (Toms et al. 2014, 2009)","measured (model-derived from population biomonitoring, not individual serum decay)","Australian men. Age <16 to >60 (Australia). Study reports INTRINSIC elimination half-lives, i.e. corrected for ongoing intake, which is not the same quantity as the apparent half-lives in most other rows of this table. Based on pooled samples, so no individual-level data.","Gomis 2017 absent from db/human_halflife_extended.csv - not cross-checkable. Intrinsic (intake-corrected) half-life, not directly comparable with apparent half-lives elsewhere in B-36"
Gomis et al. (2017),2017,"US EPA 2024, Appendix to the Final Human Health Toxicity Assessment for PFOA, EPA-815R24006",Table B-36. Summary of Human PFOA Half-Life Values,PFOA,human,,female,"24-84 pools per survey, each pool 30-100 individuals (Australia)",background/general population,,,serum (pooled),intrinsic elimination half-life,1.8,years,,,,population-based model fitted to Australian biomonitoring pooled-sample surveys 2009-2014,measured (model-derived from population biomonitoring),"Australian women. SEX-SPECIFIC: 1.8 y in women vs 2 y in men in the same Australian population - women shorter, the same direction as Fu 2016 and Li 2018b.",Gomis 2017 absent from db/human_halflife_extended.csv - not cross-checkable
Gomis et al. (2017),2017,"US EPA 2024, Appendix to the Final Human Health Toxicity Assessment for PFOA, EPA-815R24006",Table B-36. Summary of Human PFOA Half-Life Values,PFOA,human,,male,"2,000 individuals sampled throughout the USA",background/general population,,,serum (pooled),intrinsic elimination half-life,2.4,years,,,,population-based model fitted to NHANES 2003-2011,measured (model-derived from population biomonitoring),"American men. NHANES pools: 24-84 pools per survey, each containing between 30 (2007) and up to 100 individual samples (2003, 2009 and 2011). Age 12+ (USA). Intrinsic elimination half-life.",Gomis 2017 absent from db/human_halflife_extended.csv - not cross-checkable
Gomis et al. (2017),2017,"US EPA 2024, Appendix to the Final Human Health Toxicity Assessment for PFOA, EPA-815R24006",Table B-36. Summary of Human PFOA Half-Life Values,PFOA,human,,female,"2,000 individuals sampled throughout the USA",background/general population,,,serum (pooled),intrinsic elimination half-life,2.1,years,,,,population-based model fitted to NHANES 2003-2011,measured (model-derived from population biomonitoring),American women. SEX-SPECIFIC: 2.1 y in women vs 2.4 y in men in the US population; same direction and similar magnitude of sex difference as in the Australian arm of the same study.,Gomis 2017 absent from db/human_halflife_extended.csv - not cross-checkable
Li et al. (2018b),2018,"US EPA 2024, Appendix to the Final Human Health Toxicity Assessment for PFOA, EPA-815R24006",Table B-36. Summary of Human PFOA Half-Life Values,PFOA,human,,male,20,oral (contaminated municipal drinking water),,,serum,elimination half-life,2.8,years,,,,serum decline after cessation of contaminated water supply (as tabulated by EPA),measured (estimated from observed serum decline),"Subjects in Ronneby, Sweden, exposed to contaminated water through a municipal water source. Age 15-50 y. EPA's n for the sexes (20 males, 30 females) sums to 50, whereas the project's extraction of the same study records n=106 - see discrepancy flag.","DISCREPANCY vs db/human_halflife_extended.csv: project holds 'Li 2018 Ronneby (exposure audit)' PFOA 2.7 y (95% CI 2.5-2.9), n=106, both sexes (53% female). EPA B-36 instead reports sex-split 2.8 y (M) / 2.4 y (F) with n=50 total (20 M, 30 F) and no interval. The project's pooled 2.7 y sits between EPA's two sex values, but the sample sizes do not reconcile (50 vs 106)."
Li et al. (2018b),2018,"US EPA 2024, Appendix to the Final Human Health Toxicity Assessment for PFOA, EPA-815R24006",Table B-36. Summary of Human PFOA Half-Life Values,PFOA,human,,female,30,oral (contaminated municipal drinking water),,,serum,elimination half-life,2.4,years,,,,serum decline after cessation of contaminated water supply (as tabulated by EPA),measured (estimated from observed serum decline),"SEX-SPECIFIC: females 2.4 y vs males 2.8 y in Ronneby, Sweden - females shorter, male:female ratio about 1.17.",DISCREPANCY vs db/human_halflife_extended.csv: project holds a single pooled Li 2018 Ronneby PFOA value of 2.7 y (2.5-2.9) at n=106; EPA gives no interval and n=50 across both sexes
Seals et al. (2011),2011,"US EPA 2024, Appendix to the Final Human Health Toxicity Assessment for PFOA, EPA-815R24006",Table B-36. Summary of Human PFOA Half-Life Values,PFOA,human,,both,602,oral (contaminated drinking water),,,serum,elimination half-life,2.9,years,,,,serum decline in relocated C8 Health Project participants (as tabulated by EPA),measured (estimated from observed serum decline),"Little Hocking, Ohio water district. 602 residents of Little Hocking who were part of the C8 study but had relocated to a different area of the country. Age strata reported by EPA: <20, 20-29, 30-39, 40-49, 50-59, 60-69, >70 - but EPA tabulates only one half-life per water district, not by age stratum.",Seals 2011 appears in db/regulatory_values.csv and db/state_international_regulatory.csv but not in db/human_halflife_extended.csv - no project half-life to compare
Seals et al. (2011),2011,"US EPA 2024, Appendix to the Final Human Health Toxicity Assessment for PFOA, EPA-815R24006",Table B-36. Summary of Human PFOA Half-Life Values,PFOA,human,,both,971,oral (contaminated drinking water),,,serum,elimination half-life,8.5,years,,,,serum decline in relocated C8 Health Project participants (as tabulated by EPA),measured (estimated from observed serum decline),"Lubeck, West Virginia water district. 971 residents of Lubeck who were part of the C8 study but had relocated. 8.5 yr is the LONGEST credible value in Table B-36 and is 2.9-fold the value from Little Hocking in the same study - a within-study, between-district spread EPA tabulates without explanation.",within-study spread: 8.5 y (Lubeck) vs 2.9 y (Little Hocking). Seals 2011 absent from db/human_halflife_extended.csv - no project value to compare
Spliethoff et al. (2008),2008,"US EPA 2024, Appendix to the Final Human Health Toxicity Assessment for PFOA, EPA-815R24006",Table B-36. Summary of Human PFOA Half-Life Values,PFOA,human,,"both (newborns, sex not stated)",240,background/general population (in utero),,,dried blood spot (newborn screening specimens),elimination half-life,4.4,years,,,,temporal trend across newborn screening bloodspot specimens (as tabulated by EPA),"measured (inferred from a population time trend in newborn bloodspots, not individual serum decay)","New York State newborn screening program bloodspot specimens from newborn infants, age 1-2 days. EPA notes the table title is 'Estimated Half-Life' but this value derives from a secular trend across birth cohorts, not from following individuals - it is a population halving time rather than an individual elimination half-life. EPA table spells the author 'Splitehoff'; the correct spelling is Spliethoff.","EPA MISSPELLS the primary author as 'Splitehoff et al. (2008)'. Spliethoff 2008 absent from db/human_halflife_extended.csv - no project value to compare. Quantity is a population trend halving time, not an individual half-life"
Worley et al. (2017),2017,"US EPA 2024, Appendix to the Final Human Health Toxicity Assessment for PFOA, EPA-815R24006",Table B-36. Summary of Human PFOA Half-Life Values,PFOA,human,,"both (2010: 63 males, 90 females; 2016: 22 males, 23 females)",153 (2010) and 45 (2016),residential (contaminated drinking water),,,serum,elimination half-life,3.9,years,,,,PBPK-supported serum decline between 2010 and 2016 sampling rounds (as tabulated by EPA),measured (estimated from observed serum decline between two sampling rounds),"Residentially exposed population from Lawrence, Morgan and Limestone Counties, Alabama recruited by ATSDR. Mean age 52.0 (2010) and 62.6 (2016). Only 45 of the original 153 were resampled in 2016, so the half-life rests on a subset with potential attrition bias; EPA does not flag this. EPA tabulates no sex split despite reporting sex counts for both rounds.","Worley 2017 appears in db/compiled_tk_parameters.csv, db/dose_dependence.csv and db/exposure_vs_halflife.csv, and in db/human_halflife_extended.csv only as a study included in the Rosato 2024 meta-analysis - no directly comparable project half-life row found"
Xu et al. (2020c),2020,"US EPA 2024, Appendix to the Final Human Health Toxicity Assessment for PFOA, EPA-815R24006",Table B-36. Summary of Human PFOA Half-Life Values,PFOA,human,,"both (19 males, 7 females)",26,occupational (airport) and residential drinking water,,,serum,elimination half-life,1.77,years,,,,linear mixed model on repeated serum measurements (as tabulated by EPA),measured (estimated from observed serum decline),"Subjects in Arvidsjaur, Sweden exposed to contaminated drinking water occupationally (working at the airport) and through residential drinking water. Age 22-62 y. SHORTEST non-Genuis value in Table B-36. EPA reports no interval.","agrees with db/human_halflife_extended.csv (Xu 2020 Arvidsjaur airport, PFOA 1.77 y, 95% CI 1.43-2.31, n=17 of 26). Note EPA gives n=26 (all employees sampled) while the project records the 17 with repeated measures used in the model; EPA also omits the CI and omits the background-subtracted 1.48 y (1.19-1.96) value the project holds"
Zhang et al. (2013c),2013,"US EPA 2024, Appendix to the Final Human Health Toxicity Assessment for PFOA, EPA-815R24006",Table B-36. Summary of Human PFOA Half-Life Values,PFOA (total),human,,female (young),37 females total in study,background/general population,,,"serum (and urine, for the renal clearance basis)",elimination half-life,2.1,years,,,,derived from measured renal clearance and an assumed volume of distribution (as tabulated by EPA),measured (derived from measured clearance; depends on an ASSIGNED volume of distribution),"Healthy volunteers in Shijiazhuang and Handan, Hebei province, China, in April-May 2010. Total n=86 (47 males, 37 females), age 22-68 y. 'Young females' are the menstruating stratum; EPA does not state the age cut-off in this table. SEX- AND AGE-SPECIFIC: young (menstruating) females 2.1 y vs males and older females 2.6 y - the central sex/menstruation finding of this study.",agrees with db/human_halflife_extended.csv ('Zhang 2013 (primary-source correction)' PFOA 2.1 and 2.6 y). The project separately records that this study's half-lives depend on an assumed Vd taken from Thompson 2010 - EPA's Table B-36 does not disclose that dependence
Zhang et al. (2013c),2013,"US EPA 2024, Appendix to the Final Human Health Toxicity Assessment for PFOA, EPA-815R24006",Table B-36. Summary of Human PFOA Half-Life Values,PFOA (total),human,,males and older females (combined),47 males + older females,background/general population,,,"serum (and urine, for the renal clearance basis)",elimination half-life,2.6,years,,,,derived from measured renal clearance and an assumed volume of distribution (as tabulated by EPA),measured (derived from measured clearance; depends on an ASSIGNED volume of distribution),"SEX/AGE-SPECIFIC: males pooled with older (post-menopausal) females give 2.6 y, 1.24-fold the young-female value, which the authors attribute to menstrual blood loss as an elimination route in young women. EPA pools males with older females rather than reporting them separately, so a pure sex contrast cannot be extracted from this table.",agrees with db/human_halflife_extended.csv (Zhang 2013 PFOA 2.6 y). EPA's pooling of males with older females obscures sex; the project's Thompson 2010 assumed-Vd dependency is not disclosed by EPA
Zhang et al. (2013c),2013,"US EPA 2024, Appendix to the Final Human Health Toxicity Assessment for PFOA, EPA-815R24006",Table B-36. Summary of Human PFOA Half-Life Values,n-PFOA (linear isomer),human,,female (young),,background/general population,,,serum/urine,elimination half-life,2.3,years,,,,isomer-specific renal clearance with assumed Vd,measured (derived from measured clearance; depends on an ASSIGNED volume of distribution),"ISOMER-SPECIFIC, young females. Linear n-PFOA has the longest half-life of the four isomers resolved in this study.","isomer-resolved values; db/human_halflife_extended.csv records Zhang 2013 PFOA only as 'total' for this study, so the isomer breakdown is additional information not currently in the project"
Zhang et al. (2013c),2013,"US EPA 2024, Appendix to the Final Human Health Toxicity Assessment for PFOA, EPA-815R24006",Table B-36. Summary of Human PFOA Half-Life Values,n-PFOA (linear isomer),human,,males and older females (combined),,background/general population,,,serum/urine,elimination half-life,2.8,years,,,,isomer-specific renal clearance with assumed Vd,measured (derived from measured clearance; depends on an ASSIGNED volume of distribution),"ISOMER-SPECIFIC, males and older females. Longest isomer-specific value in the study.",isomer-resolved value not currently held in db/human_halflife_extended.csv for Zhang 2013
Zhang et al. (2013c),2013,"US EPA 2024, Appendix to the Final Human Health Toxicity Assessment for PFOA, EPA-815R24006",Table B-36. Summary of Human PFOA Half-Life Values,iso-PFOA (branched isomer),human,,female (young),,background/general population,,,serum/urine,elimination half-life,1.4,years,,,,isomer-specific renal clearance with assumed Vd,measured (derived from measured clearance; depends on an ASSIGNED volume of distribution),"ISOMER-SPECIFIC, young females. Branched iso-PFOA clears faster than linear n-PFOA (1.4 vs 2.3 y in the same stratum).",isomer-resolved value not currently held in db/human_halflife_extended.csv for Zhang 2013
Zhang et al. (2013c),2013,"US EPA 2024, Appendix to the Final Human Health Toxicity Assessment for PFOA, EPA-815R24006",Table B-36. Summary of Human PFOA Half-Life Values,iso-PFOA (branched isomer),human,,males and older females (combined),,background/general population,,,serum/urine,elimination half-life,2.5,years,,,,isomer-specific renal clearance with assumed Vd,measured (derived from measured clearance; depends on an ASSIGNED volume of distribution),"ISOMER-SPECIFIC, males and older females. The young-female/other ratio for iso-PFOA (1.4 vs 2.5) is the widest of the four isomers, 1.8-fold.",isomer-resolved value not currently held in db/human_halflife_extended.csv for Zhang 2013
Zhang et al. (2013c),2013,"US EPA 2024, Appendix to the Final Human Health Toxicity Assessment for PFOA, EPA-815R24006",Table B-36. Summary of Human PFOA Half-Life Values,4m-PFOA (branched isomer),human,,female (young),,background/general population,,,serum/urine,elimination half-life,0.64,years,,,,isomer-specific renal clearance with assumed Vd,measured (derived from measured clearance; depends on an ASSIGNED volume of distribution),"ISOMER-SPECIFIC, young females. 4m-PFOA is cleared about 3.6-fold faster than linear n-PFOA in the same stratum - the shortest PFOA half-life anywhere in Table B-36.",isomer-resolved value not currently held in db/human_halflife_extended.csv for Zhang 2013
Zhang et al. (2013c),2013,"US EPA 2024, Appendix to the Final Human Health Toxicity Assessment for PFOA, EPA-815R24006",Table B-36. Summary of Human PFOA Half-Life Values,4m-PFOA (branched isomer),human,,males and older females (combined),,background/general population,,,serum/urine,elimination half-life,1.4,years,,,,isomer-specific renal clearance with assumed Vd,measured (derived from measured clearance; depends on an ASSIGNED volume of distribution),"ISOMER-SPECIFIC, males and older females.",isomer-resolved value not currently held in db/human_halflife_extended.csv for Zhang 2013
Zhang et al. (2013c),2013,"US EPA 2024, Appendix to the Final Human Health Toxicity Assessment for PFOA, EPA-815R24006",Table B-36. Summary of Human PFOA Half-Life Values,5m-PFOA (branched isomer),human,,female (young),,background/general population,,,serum/urine,elimination half-life,0.53,years,,,,isomer-specific renal clearance with assumed Vd,measured (derived from measured clearance; depends on an ASSIGNED volume of distribution),"ISOMER-SPECIFIC, young females. Shortest value in the entire human half-life table (0.53 y, about 6 months).",isomer-resolved value not currently held in db/human_halflife_extended.csv for Zhang 2013
Zhang et al. (2013c),2013,"US EPA 2024, Appendix to the Final Human Health Toxicity Assessment for PFOA, EPA-815R24006",Table B-36. Summary of Human PFOA Half-Life Values,5m-PFOA (branched isomer),human,,males and older females (combined),,background/general population,,,serum/urine,elimination half-life,1.3,years,,,,isomer-specific renal clearance with assumed Vd,measured (derived from measured clearance; depends on an ASSIGNED volume of distribution),"ISOMER-SPECIFIC, males and older females. Across all four isomers the young-female stratum is consistently shorter than males/older females, by factors of 1.2 (n-PFOA), 1.8 (iso-PFOA), 2.2 (4m-PFOA) and 2.5 (5m-PFOA) - branched isomers show the larger sex/age effect.",isomer-resolved value not currently held in db/human_halflife_extended.csv for Zhang 2013
Butenhoff et al. (2004b),2004,"US EPA 2024, Appendix to the Final Human Health Toxicity Assessment for PFOA, EPA-815R24006",Table B-40. Summary of Animal PFOA Half-life Values Identified in the Literature Review,PFOA,monkey,cynomolgus,male,1 (of 3 per sex),IV (intravenous injection),10,mg/kg,serum,elimination half-life,13.6,days,,,,"individual animal serum elimination half-life (first-order), as tabulated by EPA",measured,"Butenhoff et al. (2004b), cynomolgus monkey, age 3-4 yr, single IV dose 10 mg/kg. EPA tabulates three individual animals per sex rather than a mean; this is animal 1 of 3. Units are DAYS per EPA's footnote a ('Data presented in mean days +/- standard deviation unless otherwise noted'). Male monkey values span 13.6-35.3 d, a 2.6-fold inter-animal spread within one dose group of three animals.",Butenhoff 2004b monkey PFOA half-lives are ABSENT from db/animal_halflife_measured.csv - new to the project. Also note EPA's own Appendix B text (section B.4.5.3.1) reports DIFFERENT monkey values from the 6-month ORAL CAPSULE study in the same paper: 19.5 d (r2=0.98) for two monkeys at 10 mg/kg/day and 20.8 d (r2=0.82) for three monkeys at 20 mg/kg/day. Table B-40 tabulates only the IV values and does not cross-reference the oral ones.
Butenhoff et al. (2004b),2004,"US EPA 2024, Appendix to the Final Human Health Toxicity Assessment for PFOA, EPA-815R24006",Table B-40. Summary of Animal PFOA Half-life Values Identified in the Literature Review,PFOA,monkey,cynomolgus,male,1 (of 3 per sex),IV (intravenous injection),10,mg/kg,serum,elimination half-life,13.7,days,,,,"individual animal serum elimination half-life (first-order), as tabulated by EPA",measured,"Butenhoff et al. (2004b), cynomolgus monkey, age 3-4 yr, single IV dose 10 mg/kg. EPA tabulates three individual animals per sex rather than a mean; this is animal 2 of 3. Units are DAYS per EPA's footnote a ('Data presented in mean days +/- standard deviation unless otherwise noted'). Male monkey values span 13.6-35.3 d, a 2.6-fold inter-animal spread within one dose group of three animals.",Butenhoff 2004b monkey PFOA half-lives are ABSENT from db/animal_halflife_measured.csv - new to the project. Also note EPA's own Appendix B text (section B.4.5.3.1) reports DIFFERENT monkey values from the 6-month ORAL CAPSULE study in the same paper: 19.5 d (r2=0.98) for two monkeys at 10 mg/kg/day and 20.8 d (r2=0.82) for three monkeys at 20 mg/kg/day. Table B-40 tabulates only the IV values and does not cross-reference the oral ones.
Butenhoff et al. (2004b),2004,"US EPA 2024, Appendix to the Final Human Health Toxicity Assessment for PFOA, EPA-815R24006",Table B-40. Summary of Animal PFOA Half-life Values Identified in the Literature Review,PFOA,monkey,cynomolgus,male,1 (of 3 per sex),IV (intravenous injection),10,mg/kg,serum,elimination half-life,35.3,days,,,,"individual animal serum elimination half-life (first-order), as tabulated by EPA",measured,"Butenhoff et al. (2004b), cynomolgus monkey, age 3-4 yr, single IV dose 10 mg/kg. EPA tabulates three individual animals per sex rather than a mean; this is animal 3 of 3. Units are DAYS per EPA's footnote a ('Data presented in mean days +/- standard deviation unless otherwise noted'). Male monkey values span 13.6-35.3 d, a 2.6-fold inter-animal spread within one dose group of three animals.",Butenhoff 2004b monkey PFOA half-lives are ABSENT from db/animal_halflife_measured.csv - new to the project. Also note EPA's own Appendix B text (section B.4.5.3.1) reports DIFFERENT monkey values from the 6-month ORAL CAPSULE study in the same paper: 19.5 d (r2=0.98) for two monkeys at 10 mg/kg/day and 20.8 d (r2=0.82) for three monkeys at 20 mg/kg/day. Table B-40 tabulates only the IV values and does not cross-reference the oral ones.
Butenhoff et al. (2004b),2004,"US EPA 2024, Appendix to the Final Human Health Toxicity Assessment for PFOA, EPA-815R24006",Table B-40. Summary of Animal PFOA Half-life Values Identified in the Literature Review,PFOA,monkey,cynomolgus,female,1 (of 3 per sex),IV (intravenous injection),10,mg/kg,serum,elimination half-life,26.8,days,,,,"individual animal serum elimination half-life (first-order), as tabulated by EPA",measured,"Butenhoff et al. (2004b), cynomolgus monkey, age 3-4 yr, single IV dose 10 mg/kg. EPA tabulates three individual animals per sex rather than a mean; this is animal 1 of 3. Units are DAYS per EPA's footnote a ('Data presented in mean days +/- standard deviation unless otherwise noted'). SEX-SPECIFIC AND DIRECTIONALLY IMPORTANT: in monkeys the FEMALE half-lives (26.8-41.7 d) are LONGER than the male ones (13.6-35.3 d) - the OPPOSITE of the large male>female difference seen in rats throughout this table. Monkeys therefore do not reproduce the rat sex difference.",Butenhoff 2004b monkey PFOA half-lives are ABSENT from db/animal_halflife_measured.csv - new to the project. Also note EPA's own Appendix B text (section B.4.5.3.1) reports DIFFERENT monkey values from the 6-month ORAL CAPSULE study in the same paper: 19.5 d (r2=0.98) for two monkeys at 10 mg/kg/day and 20.8 d (r2=0.82) for three monkeys at 20 mg/kg/day. Table B-40 tabulates only the IV values and does not cross-reference the oral ones.
Butenhoff et al. (2004b),2004,"US EPA 2024, Appendix to the Final Human Health Toxicity Assessment for PFOA, EPA-815R24006",Table B-40. Summary of Animal PFOA Half-life Values Identified in the Literature Review,PFOA,monkey,cynomolgus,female,1 (of 3 per sex),IV (intravenous injection),10,mg/kg,serum,elimination half-life,29.3,days,,,,"individual animal serum elimination half-life (first-order), as tabulated by EPA",measured,"Butenhoff et al. (2004b), cynomolgus monkey, age 3-4 yr, single IV dose 10 mg/kg. EPA tabulates three individual animals per sex rather than a mean; this is animal 2 of 3. Units are DAYS per EPA's footnote a ('Data presented in mean days +/- standard deviation unless otherwise noted'). SEX-SPECIFIC AND DIRECTIONALLY IMPORTANT: in monkeys the FEMALE half-lives (26.8-41.7 d) are LONGER than the male ones (13.6-35.3 d) - the OPPOSITE of the large male>female difference seen in rats throughout this table. Monkeys therefore do not reproduce the rat sex difference.",Butenhoff 2004b monkey PFOA half-lives are ABSENT from db/animal_halflife_measured.csv - new to the project. Also note EPA's own Appendix B text (section B.4.5.3.1) reports DIFFERENT monkey values from the 6-month ORAL CAPSULE study in the same paper: 19.5 d (r2=0.98) for two monkeys at 10 mg/kg/day and 20.8 d (r2=0.82) for three monkeys at 20 mg/kg/day. Table B-40 tabulates only the IV values and does not cross-reference the oral ones.
Butenhoff et al. (2004b),2004,"US EPA 2024, Appendix to the Final Human Health Toxicity Assessment for PFOA, EPA-815R24006",Table B-40. Summary of Animal PFOA Half-life Values Identified in the Literature Review,PFOA,monkey,cynomolgus,female,1 (of 3 per sex),IV (intravenous injection),10,mg/kg,serum,elimination half-life,41.7,days,,,,"individual animal serum elimination half-life (first-order), as tabulated by EPA",measured,"Butenhoff et al. (2004b), cynomolgus monkey, age 3-4 yr, single IV dose 10 mg/kg. EPA tabulates three individual animals per sex rather than a mean; this is animal 3 of 3. Units are DAYS per EPA's footnote a ('Data presented in mean days +/- standard deviation unless otherwise noted'). SEX-SPECIFIC AND DIRECTIONALLY IMPORTANT: in monkeys the FEMALE half-lives (26.8-41.7 d) are LONGER than the male ones (13.6-35.3 d) - the OPPOSITE of the large male>female difference seen in rats throughout this table. Monkeys therefore do not reproduce the rat sex difference.",Butenhoff 2004b monkey PFOA half-lives are ABSENT from db/animal_halflife_measured.csv - new to the project. Also note EPA's own Appendix B text (section B.4.5.3.1) reports DIFFERENT monkey values from the 6-month ORAL CAPSULE study in the same paper: 19.5 d (r2=0.98) for two monkeys at 10 mg/kg/day and 20.8 d (r2=0.82) for three monkeys at 20 mg/kg/day. Table B-40 tabulates only the IV values and does not cross-reference the oral ones.
Lou et al. (2009),2009,"US EPA 2024, Appendix to the Final Human Health Toxicity Assessment for PFOA, EPA-815R24006",Table B-40. Summary of Animal PFOA Half-life Values Identified in the Literature Review,PFOA,mouse,CD-1,male,,oral,1 and 10,mg/kg,serum,elimination half-life,21.7,days,19.5,24.1,,"EPA tabulates a single value across the 1 and 10 mg/kg dose groups; Lou et al. used 1- and 2-compartment and saturable-resorption models; 95% CI from EPA's Appendix B narrative (section B.4.5.3.3), which states Lou et al. determined these values 'for use in their pharmacokinetic model'",measured,"Age 70-80 d. EPA gives one half-life for both doses combined rather than per dose. Units are DAYS. SEX-SPECIFIC: male mouse 21.7 d vs female 15.6 d, a male:female ratio of only 1.4 - far smaller than the 30-100-fold male:female ratio in rats in this same table. The mouse is therefore much closer to the human in lacking a strong sex difference. 95% CI added from EPA's narrative: 19.5-24.1 days (Table B-40 itself reports no interval).","db/animal_halflife_measured.csv holds Lou et al. 2009 as a single row with sex 'M and F' and half-life recorded as the RANGE '15.6-21.7 d'. EPA B-40 resolves that range into its sex-specific components (M 21.7, F 15.6) - this is new sex attribution the project did not have, not a conflict."
Lou et al. (2009),2009,"US EPA 2024, Appendix to the Final Human Health Toxicity Assessment for PFOA, EPA-815R24006",Table B-40. Summary of Animal PFOA Half-life Values Identified in the Literature Review,PFOA,mouse,CD-1,female,,oral,1 and 10,mg/kg,serum,elimination half-life,15.6,days,14.7,16.5,,"EPA tabulates a single value across the 1 and 10 mg/kg dose groups; Lou et al. used 1- and 2-compartment and saturable-resorption models; 95% CI from EPA's Appendix B narrative (section B.4.5.3.3), which states Lou et al. determined these values 'for use in their pharmacokinetic model'",measured,"Age 70-80 d. Units are DAYS. Female CD-1 mouse PFOA half-life (15.6 d) is of the same order as the male (21.7 d), unlike the rat. 95% CI added from EPA's narrative: 14.7-16.5 days (Table B-40 itself reports no interval).","db/animal_halflife_measured.csv records Lou 2009 only as the pooled range '15.6-21.7 d' for 'M and F'; EPA supplies the sex assignment. The project row also notes additional regimens (20 mg/kg/d repeated, 60 mg/kg single in females) that EPA B-40 does not tabulate."
Benskin et al. (2009),2009,"US EPA 2024, Appendix to the Final Human Health Toxicity Assessment for PFOA, EPA-815R24006",Table B-40. Summary of Animal PFOA Half-life Values Identified in the Literature Review,n-PFOA (linear),rat,Sprague-Dawley,male,,oral,0.4 (n-PFOA; 0.5 total PFOA),mg/kg,plasma,elimination half-life,13.4,days,,,,isomer-specific terminal elimination from a single oral dose of an isomer mixture,measured,Adult male rats (429 g). EPA records the dose as 0.4 mg/kg n-PFOA within a 0.5 mg/kg total PFOA isomer mixture. Units are DAYS. Linear n-PFOA is the SLOWEST-cleared of the nine isomers in this study.,"agrees with db/animal_halflife_measured.csv (Benskin et al. 2009, PFOA, rat, SD, M, oral gavage 0.4 mg/kg, 322 h terminal elimination, SD 38, 'isomer-specific (linear PFOA)'). 322 h = 13.42 d, consistent with EPA's 13.4 d. Note the project's value came via the ATSDR 2021 Toxicological Profile Table 3-5 compilation, so this is now a second independent secondary source agreeing."
Benskin et al. (2009),2009,"US EPA 2024, Appendix to the Final Human Health Toxicity Assessment for PFOA, EPA-815R24006",Table B-40. Summary of Animal PFOA Half-life Values Identified in the Literature Review,iso-PFOA (branched),rat,Sprague-Dawley,male,,oral,0.4 (n-PFOA; 0.5 total PFOA),mg/kg,plasma,elimination half-life,8.11,days,,,,isomer-specific terminal elimination from a single oral dose of an isomer mixture,measured,Adult male rats (429 g). Units are DAYS. iso-PFOA clears 1.65-fold faster than linear n-PFOA in the same animals.,db/animal_halflife_measured.csv holds only the LINEAR PFOA value for Benskin 2009; the eight branched-isomer half-lives in EPA B-40 are new to the project
Benskin et al. (2009),2009,"US EPA 2024, Appendix to the Final Human Health Toxicity Assessment for PFOA, EPA-815R24006",Table B-40. Summary of Animal PFOA Half-life Values Identified in the Literature Review,4m-PFOA (branched),rat,Sprague-Dawley,male,,oral,0.4 (n-PFOA; 0.5 total PFOA),mg/kg,plasma,elimination half-life,4.32,days,,,,isomer-specific terminal elimination from a single oral dose of an isomer mixture,measured,Adult male rats (429 g). Units are DAYS.,branched-isomer value new to the project; db holds only linear PFOA for Benskin 2009
Benskin et al. (2009),2009,"US EPA 2024, Appendix to the Final Human Health Toxicity Assessment for PFOA, EPA-815R24006",Table B-40. Summary of Animal PFOA Half-life Values Identified in the Literature Review,5m-PFOA (branched),rat,Sprague-Dawley,male,,oral,0.4 (n-PFOA; 0.5 total PFOA),mg/kg,plasma,elimination half-life,3.95,days,,,,isomer-specific terminal elimination from a single oral dose of an isomer mixture,measured,Adult male rats (429 g). Units are DAYS.,branched-isomer value new to the project; db holds only linear PFOA for Benskin 2009
Benskin et al. (2009),2009,"US EPA 2024, Appendix to the Final Human Health Toxicity Assessment for PFOA, EPA-815R24006",Table B-40. Summary of Animal PFOA Half-life Values Identified in the Literature Review,3m-PFOA (branched),rat,Sprague-Dawley,male,,oral,0.4 (n-PFOA; 0.5 total PFOA),mg/kg,plasma,elimination half-life,6.26,days,,,,isomer-specific terminal elimination from a single oral dose of an isomer mixture,measured,Adult male rats (429 g). Units are DAYS. Note the isomer ordering is not monotonic in branch position: 3m (6.26 d) > 4m (4.32 d) > 5m (3.95 d).,branched-isomer value new to the project; db holds only linear PFOA for Benskin 2009
Benskin et al. (2009),2009,"US EPA 2024, Appendix to the Final Human Health Toxicity Assessment for PFOA, EPA-815R24006",Table B-40. Summary of Animal PFOA Half-life Values Identified in the Literature Review,tb-PFOA (tert-butyl branched),rat,Sprague-Dawley,male,,oral,0.4 (n-PFOA; 0.5 total PFOA),mg/kg,plasma,elimination half-life,2.25,days,,,,isomer-specific terminal elimination from a single oral dose of an isomer mixture,measured,Adult male rats (429 g). Units are DAYS.,branched-isomer value new to the project; db holds only linear PFOA for Benskin 2009
Benskin et al. (2009),2009,"US EPA 2024, Appendix to the Final Human Health Toxicity Assessment for PFOA, EPA-815R24006",Table B-40. Summary of Animal PFOA Half-life Values Identified in the Literature Review,"5,3/5,4m2-PFOA (di-branched)",rat,Sprague-Dawley,male,,oral,0.4 (n-PFOA; 0.5 total PFOA),mg/kg,plasma,elimination half-life,1.79,days,,,,isomer-specific terminal elimination from a single oral dose of an isomer mixture,measured,"Adult male rats (429 g). Units are DAYS. EPA tabulates 5,3- and 5,4-dimethyl PFOA as a single unresolved pair.",branched-isomer value new to the project; db holds only linear PFOA for Benskin 2009
Benskin et al. (2009),2009,"US EPA 2024, Appendix to the Final Human Health Toxicity Assessment for PFOA, EPA-815R24006",Table B-40. Summary of Animal PFOA Half-life Values Identified in the Literature Review,"4,4m2-PFOA (di-branched)",rat,Sprague-Dawley,male,,oral,0.4 (n-PFOA; 0.5 total PFOA),mg/kg,plasma,elimination half-life,1.28,days,,,,isomer-specific terminal elimination from a single oral dose of an isomer mixture,measured,"Adult male rats (429 g). Units are DAYS. SHORTEST isomer in the study - 10.5-fold faster than linear n-PFOA (13.4 d) in the same animals. Branching, and especially di-branching, accelerates PFOA elimination markedly in male rats.",branched-isomer value new to the project; db holds only linear PFOA for Benskin 2009
Benskin et al. (2009),2009,"US EPA 2024, Appendix to the Final Human Health Toxicity Assessment for PFOA, EPA-815R24006",Table B-40. Summary of Animal PFOA Half-life Values Identified in the Literature Review,B8-PFOA (unspecified branched),rat,Sprague-Dawley,male,,oral,0.4 (n-PFOA; 0.5 total PFOA),mg/kg,plasma,elimination half-life,9.10,days,,,,isomer-specific terminal elimination from a single oral dose of an isomer mixture,measured,Adult male rats (429 g). Units are DAYS. EPA's label 'B8-PFOA' is not expanded in the table notes.,branched-isomer value new to the project; db holds only linear PFOA for Benskin 2009. EPA does not define the 'B8-PFOA' isomer label.
Dzierlenga et al. (2019),2019,"US EPA 2024, Appendix to the Final Human Health Toxicity Assessment for PFOA, EPA-815R24006",Table B-40. Summary of Animal PFOA Half-life Values Identified in the Literature Review,PFOA,rat,Sprague-Dawley,male,,IV (intravenous injection),6,mg/kg,plasma,T1/2 initial phase,2.8,days,,,1.4,"noncompartmental / two-phase (initial, terminal and overall half-lives reported separately)",measured,8 wk. Units DAYS. Initial (alpha) phase of a two-phase IV profile. EPA footnote a: data presented in mean days +/- standard deviation.,"EPA cites this study as 'Dzierlenga et al. (2019)' whereas db/animal_halflife_measured.csv holds it as 'Dzierlenga et al. 2020 (NTP)' (PMID 31680603, doi 10.1080/00498254.2019.1683776) - a 2019-online / 2020-issue citation-year mismatch for the same paper. No directly matching dose/phase row in db/animal_halflife_measured.csv, which carries only one male (215 h) and one female (2.75 h) value for this study; EPA's full dose- and phase-resolved grid is largely new to the project."
Dzierlenga et al. (2019),2019,"US EPA 2024, Appendix to the Final Human Health Toxicity Assessment for PFOA, EPA-815R24006",Table B-40. Summary of Animal PFOA Half-life Values Identified in the Literature Review,PFOA,rat,Sprague-Dawley,male,,IV (intravenous injection),6,mg/kg,plasma,T1/2 terminal phase,10.3,days,,,1.2,"noncompartmental / two-phase (initial, terminal and overall half-lives reported separately)",measured,8 wk. Units DAYS. Terminal (beta) phase. 10.3 d after IV is close to Kemper's oral male values but 5-6x Kim 2016b's male rat value - see cross-study flag. EPA footnote a: data presented in mean days +/- standard deviation.,"EPA cites this study as 'Dzierlenga et al. (2019)' whereas db/animal_halflife_measured.csv holds it as 'Dzierlenga et al. 2020 (NTP)' (PMID 31680603, doi 10.1080/00498254.2019.1683776) - a 2019-online / 2020-issue citation-year mismatch for the same paper. No directly matching dose/phase row in db/animal_halflife_measured.csv, which carries only one male (215 h) and one female (2.75 h) value for this study; EPA's full dose- and phase-resolved grid is largely new to the project."
Dzierlenga et al. (2019),2019,"US EPA 2024, Appendix to the Final Human Health Toxicity Assessment for PFOA, EPA-815R24006",Table B-40. Summary of Animal PFOA Half-life Values Identified in the Literature Review,PFOA,rat,Sprague-Dawley,male,,IV (intravenous injection),6,mg/kg,plasma,T1/2 overall,6.4,days,,,0.5,"noncompartmental / two-phase (initial, terminal and overall half-lives reported separately)",measured,"8 wk. Units DAYS. EPA tabulates initial, terminal and overall half-lives separately, so 'the' male rat PFOA half-life from this study depends on which phase is quoted (2.8 / 10.3 / 6.4 d). EPA footnote a: data presented in mean days +/- standard deviation.","EPA cites this study as 'Dzierlenga et al. (2019)' whereas db/animal_halflife_measured.csv holds it as 'Dzierlenga et al. 2020 (NTP)' (PMID 31680603, doi 10.1080/00498254.2019.1683776) - a 2019-online / 2020-issue citation-year mismatch for the same paper. No directly matching dose/phase row in db/animal_halflife_measured.csv, which carries only one male (215 h) and one female (2.75 h) value for this study; EPA's full dose- and phase-resolved grid is largely new to the project."
Dzierlenga et al. (2019),2019,"US EPA 2024, Appendix to the Final Human Health Toxicity Assessment for PFOA, EPA-815R24006",Table B-40. Summary of Animal PFOA Half-life Values Identified in the Literature Review,PFOA,rat,Sprague-Dawley,female,,IV (intravenous injection),40,mg/kg,plasma,T1/2 initial phase,0.03,days,,,0.02,"noncompartmental / two-phase (initial, terminal and overall half-lives reported separately)",measured,"8 wk. Units DAYS (0.03 d = 43 min). SEX-SPECIFIC: female IV initial-phase half-life is ~93-fold shorter than the male at a 6.7-fold HIGHER dose. Note EPA dosed females at 40 mg/kg and males at 6 mg/kg, so sex and dose are not separable in this comparison. EPA footnote a: data presented in mean days +/- standard deviation.","EPA cites this study as 'Dzierlenga et al. (2019)' whereas db/animal_halflife_measured.csv holds it as 'Dzierlenga et al. 2020 (NTP)' (PMID 31680603, doi 10.1080/00498254.2019.1683776) - a 2019-online / 2020-issue citation-year mismatch for the same paper. No directly matching dose/phase row in db/animal_halflife_measured.csv, which carries only one male (215 h) and one female (2.75 h) value for this study; EPA's full dose- and phase-resolved grid is largely new to the project."
Dzierlenga et al. (2019),2019,"US EPA 2024, Appendix to the Final Human Health Toxicity Assessment for PFOA, EPA-815R24006",Table B-40. Summary of Animal PFOA Half-life Values Identified in the Literature Review,PFOA,rat,Sprague-Dawley,female,,IV (intravenous injection),40,mg/kg,plasma,T1/2 terminal phase,0.22,days,,,0.01,"noncompartmental / two-phase (initial, terminal and overall half-lives reported separately)",measured,"8 wk. Units DAYS (0.22 d = 5.3 h). SEX-SPECIFIC: female terminal 0.22 d vs male terminal 10.3 d = 47-fold. No female 'overall' IV value is tabulated, unlike the male. EPA footnote a: data presented in mean days +/- standard deviation.","EPA cites this study as 'Dzierlenga et al. (2019)' whereas db/animal_halflife_measured.csv holds it as 'Dzierlenga et al. 2020 (NTP)' (PMID 31680603, doi 10.1080/00498254.2019.1683776) - a 2019-online / 2020-issue citation-year mismatch for the same paper. No directly matching dose/phase row in db/animal_halflife_measured.csv, which carries only one male (215 h) and one female (2.75 h) value for this study; EPA's full dose- and phase-resolved grid is largely new to the project."
Dzierlenga et al. (2019),2019,"US EPA 2024, Appendix to the Final Human Health Toxicity Assessment for PFOA, EPA-815R24006",Table B-40. Summary of Animal PFOA Half-life Values Identified in the Literature Review,PFOA,rat,Sprague-Dawley,male,,oral,6,mg/kg,plasma,T1/2 overall,12.5,days,,,0.7,"noncompartmental / two-phase (initial, terminal and overall half-lives reported separately)",measured,"8 wk. Units DAYS. ORAL male half-life DECREASES with dose across 6 -> 12 -> 48 mg/kg (12.5 -> 10.8 -> 8.96 d), i.e. apparent saturation of a reabsorption process; EPA tabulates this trend without commenting on it. EPA footnote a: data presented in mean days +/- standard deviation.","EPA cites this study as 'Dzierlenga et al. (2019)' whereas db/animal_halflife_measured.csv holds it as 'Dzierlenga et al. 2020 (NTP)' (PMID 31680603, doi 10.1080/00498254.2019.1683776) - a 2019-online / 2020-issue citation-year mismatch for the same paper. No directly matching dose/phase row in db/animal_halflife_measured.csv, which carries only one male (215 h) and one female (2.75 h) value for this study; EPA's full dose- and phase-resolved grid is largely new to the project."
Dzierlenga et al. (2019),2019,"US EPA 2024, Appendix to the Final Human Health Toxicity Assessment for PFOA, EPA-815R24006",Table B-40. Summary of Animal PFOA Half-life Values Identified in the Literature Review,PFOA,rat,Sprague-Dawley,male,,oral,12,mg/kg,plasma,T1/2 overall,10.8,days,,,0.5,"noncompartmental / two-phase (initial, terminal and overall half-lives reported separately)",measured,8 wk. Units DAYS. Mid dose of the male oral dose-response. EPA footnote a: data presented in mean days +/- standard deviation.,"EPA cites this study as 'Dzierlenga et al. (2019)' whereas db/animal_halflife_measured.csv holds it as 'Dzierlenga et al. 2020 (NTP)' (PMID 31680603, doi 10.1080/00498254.2019.1683776) - a 2019-online / 2020-issue citation-year mismatch for the same paper. No directly matching dose/phase row in db/animal_halflife_measured.csv, which carries only one male (215 h) and one female (2.75 h) value for this study; EPA's full dose- and phase-resolved grid is largely new to the project."
Dzierlenga et al. (2019),2019,"US EPA 2024, Appendix to the Final Human Health Toxicity Assessment for PFOA, EPA-815R24006",Table B-40. Summary of Animal PFOA Half-life Values Identified in the Literature Review,PFOA,rat,Sprague-Dawley,male,,oral,48,mg/kg,plasma,T1/2 overall,8.96,days,,,0.42,"noncompartmental / two-phase (initial, terminal and overall half-lives reported separately)",measured,8 wk. Units DAYS. Highest male oral dose; 1.4-fold shorter than at 6 mg/kg. EPA footnote a: data presented in mean days +/- standard deviation.,"EPA cites this study as 'Dzierlenga et al. (2019)' whereas db/animal_halflife_measured.csv holds it as 'Dzierlenga et al. 2020 (NTP)' (PMID 31680603, doi 10.1080/00498254.2019.1683776) - a 2019-online / 2020-issue citation-year mismatch for the same paper. VALUE CHECK: db/animal_halflife_measured.csv holds male plasma 215 h (2-compartment beta-phase) for this study, which equals 8.96 d - identical to EPA's 48 mg/kg 'overall' value here. The project row does not specify which dose the 215 h belongs to, so EPA's table pins it to 48 mg/kg."
Dzierlenga et al. (2019),2019,"US EPA 2024, Appendix to the Final Human Health Toxicity Assessment for PFOA, EPA-815R24006",Table B-40. Summary of Animal PFOA Half-life Values Identified in the Literature Review,PFOA,rat,Sprague-Dawley,female,,oral,40,mg/kg,plasma,T1/2 initial phase,0.11,days,,,0.02,"noncompartmental / two-phase (initial, terminal and overall half-lives reported separately)",measured,8 wk. Units DAYS (0.11 d = 2.6 h). EPA footnote a: data presented in mean days +/- standard deviation.,"EPA cites this study as 'Dzierlenga et al. (2019)' whereas db/animal_halflife_measured.csv holds it as 'Dzierlenga et al. 2020 (NTP)' (PMID 31680603, doi 10.1080/00498254.2019.1683776) - a 2019-online / 2020-issue citation-year mismatch for the same paper. No directly matching dose/phase row in db/animal_halflife_measured.csv, which carries only one male (215 h) and one female (2.75 h) value for this study; EPA's full dose- and phase-resolved grid is largely new to the project."
Dzierlenga et al. (2019),2019,"US EPA 2024, Appendix to the Final Human Health Toxicity Assessment for PFOA, EPA-815R24006",Table B-40. Summary of Animal PFOA Half-life Values Identified in the Literature Review,PFOA,rat,Sprague-Dawley,female,,oral,40,mg/kg,plasma,T1/2 terminal phase,1.23,days,,,0.4,"noncompartmental / two-phase (initial, terminal and overall half-lives reported separately)",measured,"8 wk. Units DAYS. The female terminal phase (1.23 d) is 11-fold the female overall value (0.11 d) at the same dose, because the terminal phase carries almost no mass. EPA footnote a: data presented in mean days +/- standard deviation.","EPA cites this study as 'Dzierlenga et al. (2019)' whereas db/animal_halflife_measured.csv holds it as 'Dzierlenga et al. 2020 (NTP)' (PMID 31680603, doi 10.1080/00498254.2019.1683776) - a 2019-online / 2020-issue citation-year mismatch for the same paper. No directly matching dose/phase row in db/animal_halflife_measured.csv, which carries only one male (215 h) and one female (2.75 h) value for this study; EPA's full dose- and phase-resolved grid is largely new to the project."
Dzierlenga et al. (2019),2019,"US EPA 2024, Appendix to the Final Human Health Toxicity Assessment for PFOA, EPA-815R24006",Table B-40. Summary of Animal PFOA Half-life Values Identified in the Literature Review,PFOA,rat,Sprague-Dawley,female,,oral,40,mg/kg,plasma,T1/2 overall,0.11,days,,,0.03,"noncompartmental / two-phase (initial, terminal and overall half-lives reported separately)",measured,"8 wk. Units DAYS. SEX-SPECIFIC: female oral overall 0.11 d vs male oral overall 12.5 d (6 mg/kg) = ~114-fold, the largest sex ratio in Table B-40. EPA footnote a: data presented in mean days +/- standard deviation.","EPA cites this study as 'Dzierlenga et al. (2019)' whereas db/animal_halflife_measured.csv holds it as 'Dzierlenga et al. 2020 (NTP)' (PMID 31680603, doi 10.1080/00498254.2019.1683776) - a 2019-online / 2020-issue citation-year mismatch for the same paper. VALUE CHECK: db/animal_halflife_measured.csv holds female plasma 2.75 h (2-compartment beta-phase) = 0.115 d, which matches EPA's 40 mg/kg female oral 'overall' 0.11 d. Note the project labelled its value 'beta-phase' whereas EPA labels the matching number 'overall'; EPA's actual beta/terminal value at 40 mg/kg is 1.23 d, 11-fold higher. THE PHASE LABELS DO NOT AGREE between the project extraction and EPA's table."
Dzierlenga et al. (2019),2019,"US EPA 2024, Appendix to the Final Human Health Toxicity Assessment for PFOA, EPA-815R24006",Table B-40. Summary of Animal PFOA Half-life Values Identified in the Literature Review,PFOA,rat,Sprague-Dawley,female,,oral,80,mg/kg,plasma,T1/2 initial phase,0.16,days,,,0.02,"noncompartmental / two-phase (initial, terminal and overall half-lives reported separately)",measured,8 wk. Units DAYS. EPA footnote a: data presented in mean days +/- standard deviation.,"EPA cites this study as 'Dzierlenga et al. (2019)' whereas db/animal_halflife_measured.csv holds it as 'Dzierlenga et al. 2020 (NTP)' (PMID 31680603, doi 10.1080/00498254.2019.1683776) - a 2019-online / 2020-issue citation-year mismatch for the same paper. No directly matching dose/phase row in db/animal_halflife_measured.csv, which carries only one male (215 h) and one female (2.75 h) value for this study; EPA's full dose- and phase-resolved grid is largely new to the project."
Dzierlenga et al. (2019),2019,"US EPA 2024, Appendix to the Final Human Health Toxicity Assessment for PFOA, EPA-815R24006",Table B-40. Summary of Animal PFOA Half-life Values Identified in the Literature Review,PFOA,rat,Sprague-Dawley,female,,oral,80,mg/kg,plasma,T1/2 terminal phase,1.82,days,,,1.13,"noncompartmental / two-phase (initial, terminal and overall half-lives reported separately)",measured,8 wk. Units DAYS. SD (1.13) is 62% of the mean. EPA footnote a: data presented in mean days +/- standard deviation.,"EPA cites this study as 'Dzierlenga et al. (2019)' whereas db/animal_halflife_measured.csv holds it as 'Dzierlenga et al. 2020 (NTP)' (PMID 31680603, doi 10.1080/00498254.2019.1683776) - a 2019-online / 2020-issue citation-year mismatch for the same paper. No directly matching dose/phase row in db/animal_halflife_measured.csv, which carries only one male (215 h) and one female (2.75 h) value for this study; EPA's full dose- and phase-resolved grid is largely new to the project."
Dzierlenga et al. (2019),2019,"US EPA 2024, Appendix to the Final Human Health Toxicity Assessment for PFOA, EPA-815R24006",Table B-40. Summary of Animal PFOA Half-life Values Identified in the Literature Review,PFOA,rat,Sprague-Dawley,female,,oral,80,mg/kg,plasma,T1/2 overall,0.16,days,,,0.03,"noncompartmental / two-phase (initial, terminal and overall half-lives reported separately)",measured,"8 wk. Units DAYS. Unlike males, female oral overall half-life INCREASES with dose (0.11 -> 0.16 -> 0.58 d across 40 -> 80 -> 320 mg/kg), the opposite dose-direction to the males. EPA footnote a: data presented in mean days +/- standard deviation.","EPA cites this study as 'Dzierlenga et al. (2019)' whereas db/animal_halflife_measured.csv holds it as 'Dzierlenga et al. 2020 (NTP)' (PMID 31680603, doi 10.1080/00498254.2019.1683776) - a 2019-online / 2020-issue citation-year mismatch for the same paper. No directly matching dose/phase row in db/animal_halflife_measured.csv, which carries only one male (215 h) and one female (2.75 h) value for this study; EPA's full dose- and phase-resolved grid is largely new to the project."
Dzierlenga et al. (2019),2019,"US EPA 2024, Appendix to the Final Human Health Toxicity Assessment for PFOA, EPA-815R24006",Table B-40. Summary of Animal PFOA Half-life Values Identified in the Literature Review,PFOA,rat,Sprague-Dawley,female,,oral,320,mg/kg,plasma,T1/2 initial phase,0.06,days,,,1.09,"noncompartmental / two-phase (initial, terminal and overall half-lives reported separately)",measured,"8 wk. Units DAYS. IMPLAUSIBLE DISPERSION: the tabulated SD (1.09 d) is 18-fold the mean (0.06 d), which cannot be a valid half-life SD. Recorded verbatim rather than corrected. EPA footnote a: data presented in mean days +/- standard deviation.","EPA cites this study as 'Dzierlenga et al. (2019)' whereas db/animal_halflife_measured.csv holds it as 'Dzierlenga et al. 2020 (NTP)' (PMID 31680603, doi 10.1080/00498254.2019.1683776) - a 2019-online / 2020-issue citation-year mismatch for the same paper. No directly matching dose/phase row in db/animal_halflife_measured.csv, which carries only one male (215 h) and one female (2.75 h) value for this study; EPA's full dose- and phase-resolved grid is largely new to the project. ALSO FLAGGED: tabulated SD exceeds the mean."
Dzierlenga et al. (2019),2019,"US EPA 2024, Appendix to the Final Human Health Toxicity Assessment for PFOA, EPA-815R24006",Table B-40. Summary of Animal PFOA Half-life Values Identified in the Literature Review,PFOA,rat,Sprague-Dawley,female,,oral,320,mg/kg,plasma,T1/2 terminal phase,0.75,days,,,0.11,"noncompartmental / two-phase (initial, terminal and overall half-lives reported separately)",measured,8 wk. Units DAYS. EPA footnote a: data presented in mean days +/- standard deviation.,"EPA cites this study as 'Dzierlenga et al. (2019)' whereas db/animal_halflife_measured.csv holds it as 'Dzierlenga et al. 2020 (NTP)' (PMID 31680603, doi 10.1080/00498254.2019.1683776) - a 2019-online / 2020-issue citation-year mismatch for the same paper. No directly matching dose/phase row in db/animal_halflife_measured.csv, which carries only one male (215 h) and one female (2.75 h) value for this study; EPA's full dose- and phase-resolved grid is largely new to the project."
Dzierlenga et al. (2019),2019,"US EPA 2024, Appendix to the Final Human Health Toxicity Assessment for PFOA, EPA-815R24006",Table B-40. Summary of Animal PFOA Half-life Values Identified in the Literature Review,PFOA,rat,Sprague-Dawley,female,,oral,320,mg/kg,plasma,T1/2 overall,0.58,days,,,4.20,"noncompartmental / two-phase (initial, terminal and overall half-lives reported separately)",measured,8 wk. Units DAYS. IMPLAUSIBLE DISPERSION: SD (4.20 d) is 7.2-fold the mean (0.58 d). Also internally odd that the 'overall' value (0.58 d) exceeds the initial (0.06 d) by 10-fold while sitting below the terminal (0.75 d). Recorded verbatim. EPA footnote a: data presented in mean days +/- standard deviation.,"EPA cites this study as 'Dzierlenga et al. (2019)' whereas db/animal_halflife_measured.csv holds it as 'Dzierlenga et al. 2020 (NTP)' (PMID 31680603, doi 10.1080/00498254.2019.1683776) - a 2019-online / 2020-issue citation-year mismatch for the same paper. No directly matching dose/phase row in db/animal_halflife_measured.csv, which carries only one male (215 h) and one female (2.75 h) value for this study; EPA's full dose- and phase-resolved grid is largely new to the project. ALSO FLAGGED: tabulated SD exceeds the mean."
Kemper (2003),2003,"US EPA 2024, Appendix to the Final Human Health Toxicity Assessment for PFOA, EPA-815R24006",Table B-40. Summary of Animal PFOA Half-life Values Identified in the Literature Review,"PFOA (ammonium salt, 14C-labelled)",rat,Sprague-Dawley,male,4 per sex per group,oral (gavage),0.1,mg/kg,plasma,elimination half-life,8.4,days,,,,noncompartmental PK analysis of plasma concentration vs time (terminal elimination),measured,"Kemper (2003), sexually mature Sprague-Dawley rats, 4 per sex per group, single gavage dose of ammonium PFOA. Units are DAYS per EPA footnote a. EPA's Table B-40 lists the IV arm inside the 'Oral' exposure-route cell, labelling the dose '1 mg/kg (IV)'; the route column is therefore unreliable for that row.  Male plasma elimination curves were linear with respect to time at all dose levels and the half-life was essentially independent of dose (EPA narrative: approximately 138 to 202 hours).","agrees with db/animal_halflife_measured.csv within rounding: project holds 202 h (= 8.42 d, SD 38 h, via ATSDR 2021 Table 3-5) vs EPA's 8.4 d."
Kemper (2003),2003,"US EPA 2024, Appendix to the Final Human Health Toxicity Assessment for PFOA, EPA-815R24006",Table B-40. Summary of Animal PFOA Half-life Values Identified in the Literature Review,"PFOA (ammonium salt, 14C-labelled)",rat,Sprague-Dawley,male,4 per sex per group,oral (gavage),1,mg/kg,plasma,elimination half-life,5.8,days,,,,noncompartmental PK analysis of plasma concentration vs time (terminal elimination),measured,"Kemper (2003), sexually mature Sprague-Dawley rats, 4 per sex per group, single gavage dose of ammonium PFOA. Units are DAYS per EPA footnote a. EPA's Table B-40 lists the IV arm inside the 'Oral' exposure-route cell, labelling the dose '1 mg/kg (IV)'; the route column is therefore unreliable for that row.  Male plasma elimination curves were linear with respect to time at all dose levels and the half-life was essentially independent of dose (EPA narrative: approximately 138 to 202 hours).","agrees with db/animal_halflife_measured.csv within rounding: project holds 138 h (= 5.75 d, SD 32 h, via ATSDR 2021 Table 3-5) vs EPA's 5.8 d."
Kemper (2003),2003,"US EPA 2024, Appendix to the Final Human Health Toxicity Assessment for PFOA, EPA-815R24006",Table B-40. Summary of Animal PFOA Half-life Values Identified in the Literature Review,"PFOA (ammonium salt, 14C-labelled)",rat,Sprague-Dawley,male,4 per sex per group,oral (gavage),5,mg/kg,plasma,elimination half-life,7.3,days,,,,noncompartmental PK analysis of plasma concentration vs time (terminal elimination),measured,"Kemper (2003), sexually mature Sprague-Dawley rats, 4 per sex per group, single gavage dose of ammonium PFOA. Units are DAYS per EPA footnote a. EPA's Table B-40 lists the IV arm inside the 'Oral' exposure-route cell, labelling the dose '1 mg/kg (IV)'; the route column is therefore unreliable for that row.  Male plasma elimination curves were linear with respect to time at all dose levels and the half-life was essentially independent of dose (EPA narrative: approximately 138 to 202 hours).","agrees with db/animal_halflife_measured.csv within rounding: project holds 174 h (= 7.25 d, SD 29 h, via ATSDR 2021 Table 3-5) vs EPA's 7.3 d."
Kemper (2003),2003,"US EPA 2024, Appendix to the Final Human Health Toxicity Assessment for PFOA, EPA-815R24006",Table B-40. Summary of Animal PFOA Half-life Values Identified in the Literature Review,"PFOA (ammonium salt, 14C-labelled)",rat,Sprague-Dawley,male,4 per sex per group,oral (gavage),25,mg/kg,plasma,elimination half-life,6.6,days,,,,noncompartmental PK analysis of plasma concentration vs time (terminal elimination),measured,"Kemper (2003), sexually mature Sprague-Dawley rats, 4 per sex per group, single gavage dose of ammonium PFOA. Units are DAYS per EPA footnote a. EPA's Table B-40 lists the IV arm inside the 'Oral' exposure-route cell, labelling the dose '1 mg/kg (IV)'; the route column is therefore unreliable for that row.  Male plasma elimination curves were linear with respect to time at all dose levels and the half-life was essentially independent of dose (EPA narrative: approximately 138 to 202 hours).","agrees with db/animal_halflife_measured.csv within rounding: project holds 157 h (= 6.54 d, SD 38 h, via ATSDR 2021 Table 3-5) vs EPA's 6.6 d."
Kemper (2003),2003,"US EPA 2024, Appendix to the Final Human Health Toxicity Assessment for PFOA, EPA-815R24006",Table B-40. Summary of Animal PFOA Half-life Values Identified in the Literature Review,"PFOA (ammonium salt, 14C-labelled)",rat,Sprague-Dawley,male,4 per sex per group,IV (intravenous injection),1,mg/kg,plasma,elimination half-life,5.8,days,,,,noncompartmental PK analysis of plasma concentration vs time (terminal elimination),measured,"Kemper (2003), sexually mature Sprague-Dawley rats, 4 per sex per group, single gavage dose of ammonium PFOA. Units are DAYS per EPA footnote a. EPA's Table B-40 lists the IV arm inside the 'Oral' exposure-route cell, labelling the dose '1 mg/kg (IV)'; the route column is therefore unreliable for that row.  Male plasma elimination curves were linear with respect to time at all dose levels and the half-life was essentially independent of dose (EPA narrative: approximately 138 to 202 hours).","DISCREPANCY vs db/animal_halflife_measured.csv: the project holds 185 h (= 7.71 d; SD 19 h, via the ATSDR 2021 Toxicological Profile Table 3-5 compilation) for this same Kemper 2003 arm, whereas EPA Table B-40 tabulates 5.8 d. THIS IS THE MOST LIKELY ERROR IN THE TABLE: EPA gives the male 1 mg/kg IV half-life as 5.8 d, which is EXACTLY the same number it gives for the male 1 mg/kg ORAL arm, while the project (ATSDR) has male IV 1 mg/kg = 185 h = 7.7 d. EPA appears to have copied the oral value into the IV row. Do not use EPA's 5.8 d for the IV arm without checking Kemper 2003 directly."
Kemper (2003),2003,"US EPA 2024, Appendix to the Final Human Health Toxicity Assessment for PFOA, EPA-815R24006",Table B-40. Summary of Animal PFOA Half-life Values Identified in the Literature Review,"PFOA (ammonium salt, 14C-labelled)",rat,Sprague-Dawley,male,4 per sex per group,oral (gavage),0.1 (extended sampling time),mg/kg,plasma,elimination half-life,11.5,days,,,,noncompartmental PK analysis of plasma concentration vs time (terminal elimination),measured,"Kemper (2003), sexually mature Sprague-Dawley rats, 4 per sex per group, single gavage dose of ammonium PFOA. Units are DAYS per EPA footnote a. EPA's Table B-40 lists the IV arm inside the 'Oral' exposure-route cell, labelling the dose '1 mg/kg (IV)'; the route column is therefore unreliable for that row. EXTENDED-TIME experiment: animals given 0.1 mg/kg orally and plasma sampled until PFOA fell below the limit of quantitation (2,016 h in males). EPA's Appendix B narrative gives 277 hours (11.5 days) for males and approximately 3.4 hours for females in this experiment. 11.5 d is the LONGEST male rat PFOA half-life in Table B-40 and exceeds every single-dose value, which EPA attributes to the longer observation window rather than to dose. Male plasma elimination curves were linear with respect to time at all dose levels and the half-life was essentially independent of dose (EPA narrative: approximately 138 to 202 hours).",No matching row in db/animal_halflife_measured.csv for the extended-time experiment; the project carries only the four single-dose oral and the one IV arm per sex. EPA's narrative value (277 h male / ~3.4 h female) is new to the project.
Kemper (2003),2003,"US EPA 2024, Appendix to the Final Human Health Toxicity Assessment for PFOA, EPA-815R24006",Table B-40. Summary of Animal PFOA Half-life Values Identified in the Literature Review,"PFOA (ammonium salt, 14C-labelled)",rat,Sprague-Dawley,female,4 per sex per group,oral (gavage),0.1,mg/kg,plasma,elimination half-life,0.1,days,,,,noncompartmental PK analysis of plasma concentration vs time (terminal elimination),measured,"Kemper (2003), sexually mature Sprague-Dawley rats, 4 per sex per group, single gavage dose of ammonium PFOA. Units are DAYS per EPA footnote a. EPA's Table B-40 lists the IV arm inside the 'Oral' exposure-route cell, labelling the dose '1 mg/kg (IV)'; the route column is therefore unreliable for that row.  Female plasma elimination curves were BIPHASIC at 5 and 25 mg/kg. EPA narrative: female terminal half-lives ranged from approximately 2.8 hours at the lowest dose to approximately 16 hours at the high dose. SEX-SPECIFIC and the central rat finding: female half-lives are 0.1-0.7 d against male 5.8-11.5 d, a 10-80-fold difference. ROUNDING PROBLEM: EPA rounds all female values to one decimal place in DAYS, so 3.2 h, 3.5 h and 2.8 h all collapse to '0.1' - the table cannot distinguish them and understates the dose trend. Use the primary hours-scale values for any quantitative work.","DISCREPANCY vs db/animal_halflife_measured.csv: the project holds 3.2 h (= 0.13 d; SD 0.9 h, via the ATSDR 2021 Toxicological Profile Table 3-5 compilation) for this same Kemper 2003 arm, whereas EPA Table B-40 tabulates 0.1 d. Difference is attributable to EPA rounding to one decimal in days."
Kemper (2003),2003,"US EPA 2024, Appendix to the Final Human Health Toxicity Assessment for PFOA, EPA-815R24006",Table B-40. Summary of Animal PFOA Half-life Values Identified in the Literature Review,"PFOA (ammonium salt, 14C-labelled)",rat,Sprague-Dawley,female,4 per sex per group,oral (gavage),1,mg/kg,plasma,elimination half-life,0.1,days,,,,noncompartmental PK analysis of plasma concentration vs time (terminal elimination),measured,"Kemper (2003), sexually mature Sprague-Dawley rats, 4 per sex per group, single gavage dose of ammonium PFOA. Units are DAYS per EPA footnote a. EPA's Table B-40 lists the IV arm inside the 'Oral' exposure-route cell, labelling the dose '1 mg/kg (IV)'; the route column is therefore unreliable for that row.  Female plasma elimination curves were BIPHASIC at 5 and 25 mg/kg. EPA narrative: female terminal half-lives ranged from approximately 2.8 hours at the lowest dose to approximately 16 hours at the high dose. SEX-SPECIFIC and the central rat finding: female half-lives are 0.1-0.7 d against male 5.8-11.5 d, a 10-80-fold difference. ROUNDING PROBLEM: EPA rounds all female values to one decimal place in DAYS, so 3.2 h, 3.5 h and 2.8 h all collapse to '0.1' - the table cannot distinguish them and understates the dose trend. Use the primary hours-scale values for any quantitative work.","DISCREPANCY vs db/animal_halflife_measured.csv: the project holds 3.5 h (= 0.15 d; SD 1.1 h, via the ATSDR 2021 Toxicological Profile Table 3-5 compilation) for this same Kemper 2003 arm, whereas EPA Table B-40 tabulates 0.1 d. Difference is attributable to EPA rounding to one decimal in days."
Kemper (2003),2003,"US EPA 2024, Appendix to the Final Human Health Toxicity Assessment for PFOA, EPA-815R24006",Table B-40. Summary of Animal PFOA Half-life Values Identified in the Literature Review,"PFOA (ammonium salt, 14C-labelled)",rat,Sprague-Dawley,female,4 per sex per group,oral (gavage),5,mg/kg,plasma,elimination half-life,0.2,days,,,,noncompartmental PK analysis of plasma concentration vs time (terminal elimination),measured,"Kemper (2003), sexually mature Sprague-Dawley rats, 4 per sex per group, single gavage dose of ammonium PFOA. Units are DAYS per EPA footnote a. EPA's Table B-40 lists the IV arm inside the 'Oral' exposure-route cell, labelling the dose '1 mg/kg (IV)'; the route column is therefore unreliable for that row.  Female plasma elimination curves were BIPHASIC at 5 and 25 mg/kg. EPA narrative: female terminal half-lives ranged from approximately 2.8 hours at the lowest dose to approximately 16 hours at the high dose. SEX-SPECIFIC and the central rat finding: female half-lives are 0.1-0.7 d against male 5.8-11.5 d, a 10-80-fold difference. ROUNDING PROBLEM: EPA rounds all female values to one decimal place in DAYS, so 3.2 h, 3.5 h and 2.8 h all collapse to '0.1' - the table cannot distinguish them and understates the dose trend. Use the primary hours-scale values for any quantitative work.","agrees with db/animal_halflife_measured.csv within rounding: project holds 4.6 h (= 0.19 d, SD 0.6 h, via ATSDR 2021 Table 3-5) vs EPA's 0.2 d."
Kemper (2003),2003,"US EPA 2024, Appendix to the Final Human Health Toxicity Assessment for PFOA, EPA-815R24006",Table B-40. Summary of Animal PFOA Half-life Values Identified in the Literature Review,"PFOA (ammonium salt, 14C-labelled)",rat,Sprague-Dawley,female,4 per sex per group,oral (gavage),25,mg/kg,plasma,elimination half-life,0.7,days,,,,noncompartmental PK analysis of plasma concentration vs time (terminal elimination),measured,"Kemper (2003), sexually mature Sprague-Dawley rats, 4 per sex per group, single gavage dose of ammonium PFOA. Units are DAYS per EPA footnote a. EPA's Table B-40 lists the IV arm inside the 'Oral' exposure-route cell, labelling the dose '1 mg/kg (IV)'; the route column is therefore unreliable for that row.  Female plasma elimination curves were BIPHASIC at 5 and 25 mg/kg. EPA narrative: female terminal half-lives ranged from approximately 2.8 hours at the lowest dose to approximately 16 hours at the high dose. SEX-SPECIFIC and the central rat finding: female half-lives are 0.1-0.7 d against male 5.8-11.5 d, a 10-80-fold difference. ROUNDING PROBLEM: EPA rounds all female values to one decimal place in DAYS, so 3.2 h, 3.5 h and 2.8 h all collapse to '0.1' - the table cannot distinguish them and understates the dose trend. Use the primary hours-scale values for any quantitative work.","agrees with db/animal_halflife_measured.csv within rounding: project holds 16.2 h (= 0.67 d, SD 9.9 h, via ATSDR 2021 Table 3-5) vs EPA's 0.7 d."
Kemper (2003),2003,"US EPA 2024, Appendix to the Final Human Health Toxicity Assessment for PFOA, EPA-815R24006",Table B-40. Summary of Animal PFOA Half-life Values Identified in the Literature Review,"PFOA (ammonium salt, 14C-labelled)",rat,Sprague-Dawley,female,4 per sex per group,IV (intravenous injection),1,mg/kg,plasma,elimination half-life,0.1,days,,,,noncompartmental PK analysis of plasma concentration vs time (terminal elimination),measured,"Kemper (2003), sexually mature Sprague-Dawley rats, 4 per sex per group, single gavage dose of ammonium PFOA. Units are DAYS per EPA footnote a. EPA's Table B-40 lists the IV arm inside the 'Oral' exposure-route cell, labelling the dose '1 mg/kg (IV)'; the route column is therefore unreliable for that row.  Female plasma elimination curves were BIPHASIC at 5 and 25 mg/kg. EPA narrative: female terminal half-lives ranged from approximately 2.8 hours at the lowest dose to approximately 16 hours at the high dose. SEX-SPECIFIC and the central rat finding: female half-lives are 0.1-0.7 d against male 5.8-11.5 d, a 10-80-fold difference. ROUNDING PROBLEM: EPA rounds all female values to one decimal place in DAYS, so 3.2 h, 3.5 h and 2.8 h all collapse to '0.1' - the table cannot distinguish them and understates the dose trend. Use the primary hours-scale values for any quantitative work.","DISCREPANCY vs db/animal_halflife_measured.csv: the project holds 2.8 h (= 0.12 d; SD 0.5 h, via the ATSDR 2021 Toxicological Profile Table 3-5 compilation) for this same Kemper 2003 arm, whereas EPA Table B-40 tabulates 0.1 d. Difference is attributable to EPA rounding to one decimal in days."
Kemper (2003),2003,"US EPA 2024, Appendix to the Final Human Health Toxicity Assessment for PFOA, EPA-815R24006",Table B-40. Summary of Animal PFOA Half-life Values Identified in the Literature Review,"PFOA (ammonium salt, 14C-labelled)",rat,Sprague-Dawley,female,4 per sex per group,oral (gavage),0.1 (extended sampling time),mg/kg,plasma,elimination half-life,0.1,days,,,,noncompartmental PK analysis of plasma concentration vs time (terminal elimination),measured,"Kemper (2003), sexually mature Sprague-Dawley rats, 4 per sex per group, single gavage dose of ammonium PFOA. Units are DAYS per EPA footnote a. EPA's Table B-40 lists the IV arm inside the 'Oral' exposure-route cell, labelling the dose '1 mg/kg (IV)'; the route column is therefore unreliable for that row. EXTENDED-TIME experiment: animals given 0.1 mg/kg orally and plasma sampled until PFOA fell below the limit of quantitation (2,016 h in males). EPA's Appendix B narrative gives 277 hours (11.5 days) for males and approximately 3.4 hours for females in this experiment. 11.5 d is the LONGEST male rat PFOA half-life in Table B-40 and exceeds every single-dose value, which EPA attributes to the longer observation window rather than to dose. Female plasma elimination curves were BIPHASIC at 5 and 25 mg/kg. EPA narrative: female terminal half-lives ranged from approximately 2.8 hours at the lowest dose to approximately 16 hours at the high dose. SEX-SPECIFIC and the central rat finding: female half-lives are 0.1-0.7 d against male 5.8-11.5 d, a 10-80-fold difference. ROUNDING PROBLEM: EPA rounds all female values to one decimal place in DAYS, so 3.2 h, 3.5 h and 2.8 h all collapse to '0.1' - the table cannot distinguish them and understates the dose trend. Use the primary hours-scale values for any quantitative work.",No matching row in db/animal_halflife_measured.csv for the extended-time experiment; the project carries only the four single-dose oral and the one IV arm per sex. EPA's narrative value (277 h male / ~3.4 h female) is new to the project.
Kim et al. (2016b),2016,"US EPA 2024, Appendix to the Final Human Health Toxicity Assessment for PFOA, EPA-815R24006",Table B-40. Summary of Animal PFOA Half-life Values Identified in the Literature Review,PFOA,rat,Sprague-Dawley,male,,IV (intravenous injection),1,mg/kg,plasma/serum,elimination half-life,1.64,days,,,0.44,compartmental/noncompartmental terminal elimination (WinNonlin in the companion PFHxS analysis),measured,Age 8-12 wk. Units are DAYS per EPA footnote a. MAJOR CROSS-STUDY INCONSISTENCY: 1.64 d in male SD rats is 3.5-7-fold SHORTER than every other male SD rat PFOA half-life in Table B-40 (Kemper 2003: 5.8-11.5 d; Dzierlenga 2019: 6.4-12.5 d; Benskin 2009 linear: 13.4 d; Vanden Heuvel 1991: 15 d). EPA tabulates all of these side by side without reconciling them. Anyone taking a single 'male rat PFOA half-life' from this appendix will get a value that varies 9-fold depending on which row they pick.,"NEW TO PROJECT and INCONSISTENT: db/animal_halflife_measured.csv holds Kim 2016 rows only for PFHxS (M oral 645.6 h, F oral 41.28 h, M IV 496.8 h, F IV 21.12 h), not for PFOA. EPA's Kim 2016b PFOA values (1.64-1.83 d male) are 3.5-7x shorter than the other male SD rat PFOA values in the same EPA table - flag before pooling."
Kim et al. (2016b),2016,"US EPA 2024, Appendix to the Final Human Health Toxicity Assessment for PFOA, EPA-815R24006",Table B-40. Summary of Animal PFOA Half-life Values Identified in the Literature Review,PFOA,rat,Sprague-Dawley,female,,IV (intravenous injection),1,mg/kg,plasma/serum,elimination half-life,0.19,days,,,0.01,compartmental/noncompartmental terminal elimination,measured,Age 8-12 wk. Units are DAYS. SEX-SPECIFIC: female 0.19 d vs male 1.64 d by the IV route at the SAME 1 mg/kg dose - a clean 8.6-fold sex ratio uncontaminated by the dose mismatch that affects the Dzierlenga rows. This and the oral arm below are the only dose-matched male/female PFOA comparisons in Table B-40.,"NEW TO PROJECT: db/animal_halflife_measured.csv has no Kim 2016 PFOA rows. Note the sex ratio here (8.6x) is far smaller than Kemper's (~60x) or Dzierlenga's (~47-114x) for the same species, strain and chemical."
Kim et al. (2016b),2016,"US EPA 2024, Appendix to the Final Human Health Toxicity Assessment for PFOA, EPA-815R24006",Table B-40. Summary of Animal PFOA Half-life Values Identified in the Literature Review,PFOA,rat,Sprague-Dawley,male,,oral,1,mg/kg,plasma/serum,elimination half-life,1.83,days,,,0.47,compartmental/noncompartmental terminal elimination,measured,"Age 8-12 wk. Units are DAYS. Oral and IV male values agree closely (1.83 vs 1.64 d), as expected for a terminal half-life that should be route-independent - internally consistent within this study even though it is far from the other studies.","NEW TO PROJECT: no Kim 2016 PFOA row in db/animal_halflife_measured.csv. Inconsistent with Kemper 2003 (5.8 d at the same 1 mg/kg oral dose, same species/strain/sex) by 3.2-fold - a direct, dose-matched, same-strain contradiction that EPA leaves unaddressed."
Kim et al. (2016b),2016,"US EPA 2024, Appendix to the Final Human Health Toxicity Assessment for PFOA, EPA-815R24006",Table B-40. Summary of Animal PFOA Half-life Values Identified in the Literature Review,PFOA,rat,Sprague-Dawley,female,,oral,1,mg/kg,plasma/serum,elimination half-life,0.15,days,,,0.01,compartmental/noncompartmental terminal elimination,measured,"Age 8-12 wk. Units are DAYS (0.15 d = 3.6 h). SEX-SPECIFIC: female oral 0.15 d vs male oral 1.83 d = 12.2-fold at a matched 1 mg/kg dose. The female value (3.6 h) agrees well with Kemper 2003's female 1 mg/kg oral value (3.5 h), so the two studies disagree on MALES but agree on FEMALES.","NEW TO PROJECT: no Kim 2016 PFOA row in db. IMPORTANT ASYMMETRY: Kim 2016b and Kemper 2003 agree closely for females at 1 mg/kg oral (3.6 h vs 3.5 h) but differ 3.2-fold for males (1.83 d vs 5.8 d) - so the discrepancy between these two studies is confined to the male, reabsorption-driven arm."
Kudo et al. (2002),2002,"US EPA 2024, Appendix to the Final Human Health Toxicity Assessment for PFOA, EPA-815R24006",Table B-40. Summary of Animal PFOA Half-life Values Identified in the Literature Review,PFOA,rat,Wistar,male,,IV (intravenous injection),48.63,mol/kg body weight AS PRINTED BY EPA (almost certainly micromol/kg),plasma,elimination half-life,5.68,days,,,0.99,terminal elimination after a single IV dose,measured,"Age 9 wk. Units of the half-life are DAYS. UNIT ERROR IN EPA'S TABLE: the dose is printed as '48.63 mol/kg body weight'. 48.63 mol/kg of PFOA (MW 414) would be ~20 kg of compound per kg of rat, which is impossible; the intended unit is micromol/kg, giving 48.63 umol/kg x 414 g/mol = 20.1 mg/kg. The project's own extraction of this study records 21.5 mg/kg, consistent with the micromolar reading. Recorded as printed with the correction noted rather than silently fixed.","EPA UNIT ERROR: dose printed as 'mol/kg' where 'micromol/kg' is meant (48.63 umol/kg = ~20.1 mg/kg). The HALF-LIFE agrees with db/animal_halflife_measured.csv: project holds Kudo et al. 2002 PFOA rat Wistar M IV 136 h (SD 24) = 5.67 d vs EPA's 5.68 d. Project also holds a clearance of 50.4 mL/day/kg (SD 14.4) that EPA B-40 does not tabulate, and records the dose as 21.5 mg/kg against EPA's 20.1 mg/kg equivalent."
Kudo et al. (2002),2002,"US EPA 2024, Appendix to the Final Human Health Toxicity Assessment for PFOA, EPA-815R24006",Table B-40. Summary of Animal PFOA Half-life Values Identified in the Literature Review,PFOA,rat,Wistar,female,,IV (intravenous injection),48.63,mol/kg body weight AS PRINTED BY EPA (almost certainly micromol/kg),plasma,elimination half-life,0.08,days,,,0.03,terminal elimination after a single IV dose,measured,"Age 9 wk. Units are DAYS (0.08 d = 1.9 h). SEX-SPECIFIC: 71-fold male:female ratio (5.68 vs 0.08 d) at a matched dose by a matched route - the cleanest large sex difference in Table B-40, and the only one in the Wistar strain. The primary paper states the male half-life is 70-fold the female, which this ratio reproduces. Same 'mol/kg' unit error as the male row.","agrees with db/animal_halflife_measured.csv: project holds Kudo et al. 2002 PFOA rat Wistar F IV 1.9 h (SD 0.7) = 0.079 d vs EPA's 0.08 d, and notes 'paper states male t1/2 is 70x female'. EPA's table reproduces the 71x ratio. Project additionally holds female clearance 2233 mL/day/kg (SD 805), 44-fold the male value, which EPA B-40 omits. Same EPA 'mol/kg' unit error applies."
Vanden Heuvel et al. (1991),1991,"US EPA 2024, Appendix to the Final Human Health Toxicity Assessment for PFOA, EPA-815R24006",Table B-40. Summary of Animal PFOA Half-life Values Identified in the Literature Review,PFOA,rat,Sprague-Dawley,male,,IP (intraperitoneal injection),4,mg/kg,plasma / whole body,elimination half-life,15,days,,,,terminal elimination after a single IP dose,measured,"Age 6 wk. Units are DAYS. EPA tabulates NO SD for this row, unlike every other rat row in the table. EPA also tabulates ONLY the male; the primary study reported a female value as well, which EPA omits entirely - a notable gap in a table whose dominant message is the rat sex difference. 15 d is the LONGEST single-dose male rat PFOA half-life in Table B-40.","DISCREPANCY vs db/animal_halflife_measured.csv: project holds Vanden Heuvel et al. 1991 PFOA rat SD male IP 216 h (= 9.0 d, SE 30.9, via ATSDR 2021 Table 3-5) at a dose of 3.9 mg/kg, whereas EPA B-40 tabulates 15 d at 4 mg/kg. That is a 1.67-fold disagreement (15 d vs 9.0 d) between two secondary compilations of the same primary study. The project row also notes the abstract gives a whole-body t1/2, so EPA and ATSDR may be quoting different compartments (whole body vs plasma). ALSO: EPA omits the female arm, which the project holds as 2.9 h (SE 0.2) - so the 15 d figure cannot be paired with a female value from this table."
Kim et al. (2016b),2016,"US EPA 2024, Appendix to the Final Human Health Toxicity Assessment for PFOA, EPA-815R24006",Table B-28. Summary of PFOA Volume of Distribution Calculations in Rats,PFOA,rat,Sprague-Dawley,male,,oral,1,mg/kg,blood plasma,volume of distribution (Vss),106.4,mL/kg,,,8.90,Vd = Dose x AUMC / (AUC 0-inf) squared (steady-state volume from the area under the first moment curve),measured (calculated from measured AUC and AUMC),Age 8-12 wk. Supporting data in the same row: AUC 24.81 +/- 1.41 ug.day/mL; Cmax 7.55 +/- 0.51 ug/mL. The Vd cell is line-wrapped in the document text layer ('106.4 +/- 8.9' / '0 mL/kg'); reconstructed as 106.4 +/- 8.90 mL/kg.,"CONSISTENT with db/compiled_tk_parameters.csv, which records the EPA httk v2.7.4 pfas.clearance male rat PFOA Vd as 0.113 L/kg (= 113 mL/kg) attributed to Dzierlenga 2020 / Kim 2016 / Ohmori 2003 - closest to Kim's IV value (112.12) rather than this oral value. db/vd_clearance.csv holds no Kim 2016 PFOA Vd row, so these four Kim values are new to the project."
Kim et al. (2016b),2016,"US EPA 2024, Appendix to the Final Human Health Toxicity Assessment for PFOA, EPA-815R24006",Table B-28. Summary of PFOA Volume of Distribution Calculations in Rats,PFOA,rat,Sprague-Dawley,female,,oral,1,mg/kg,blood plasma,volume of distribution (Vss),153.83,mL/kg,,,9.19,Vd = Dose x AUMC / (AUC 0-inf) squared,measured (calculated from measured AUC and AUMC),"Age 8-12 wk. Supporting data: AUC 1.39 +/- 0.06 ug.day/mL; Cmax 5.41 +/- 0.38 ug/mL. SEX-SPECIFIC: female Vd 153.83 mL/kg is 1.45-fold the male 106.4 mL/kg at the same oral dose - so the enormous sex difference in half-life is NOT driven by distribution volume (females have the LARGER Vd and still clear 12-fold faster), it is a clearance effect. Note the female AUC is 17.8-fold lower than the male at the same dose.","CONSISTENT with db/compiled_tk_parameters.csv: EPA httk v2.7.4 lists female rat PFOA Vd 0.154 L/kg (= 154 mL/kg), essentially identical to this Kim 2016b oral female value of 153.83 mL/kg - so httk's female rat Vd appears to come from this row. Not otherwise held in db/vd_clearance.csv."
Kim et al. (2016b),2016,"US EPA 2024, Appendix to the Final Human Health Toxicity Assessment for PFOA, EPA-815R24006",Table B-28. Summary of PFOA Volume of Distribution Calculations in Rats,PFOA,rat,Sprague-Dawley,male,,IV (intravenous),1,mg/kg,blood plasma,volume of distribution (Vss),112.12,mL/kg,,,29.41,Vd = Dose x AUMC / (AUC 0-inf) squared,measured (calculated from measured AUC and AUMC),"Age 8-12 wk. Supporting data: AUC 21.10 +/- 1.51 ug.day/mL; Cmax 8.92 +/- 2.34 ug/mL. The Vd cell is line-wrapped in the document text layer ('112.12 +/- 29' / '0.41 mL/kg'), so the reconstruction is 112.12 +/- 290.41 mL/kg; a reading of '+/- 29.0' cannot be recovered from the wrap because the continuation line begins with '0.41'. Recorded verbatim with the ambiguity noted. Note male oral (106.4) and IV (112.12) Vd agree closely, as they should for a route-independent steady-state volume. CORRECTED BY CROSS-TABLE RECONCILIATION: the Vd cell is line-wrapped in the document text layer, which made the SD read as 290.41; EPA's own Table B-39 prints the same value as '112.12 +/- 29.41', so the SD is 29.41 mL/kg. Recorded as 29.41.","TEXT-LAYER ARTEFACT RESOLVED: the wrapped cell in Table B-28 appeared to give an SD of 290.41 mL/kg, but Table B-39 of the same appendix prints 112.12 +/- 29.41 mL/kg for the identical measurement. The 290.41 reading is an extraction artefact, not an EPA error. The central value 112.12 mL/kg matches The central value 112.12 mL/kg matches the httk male rat PFOA Vd of 0.113 L/kg in db/compiled_tk_parameters.csv."
Kim et al. (2016b),2016,"US EPA 2024, Appendix to the Final Human Health Toxicity Assessment for PFOA, EPA-815R24006",Table B-28. Summary of PFOA Volume of Distribution Calculations in Rats,PFOA,rat,Sprague-Dawley,female,,IV (intravenous),1,mg/kg,blood plasma,volume of distribution (Vss),171.37,mL/kg,,,11.19,Vd = Dose x AUMC / (AUC 0-inf) squared,measured (calculated from measured AUC and AUMC),"Age 8-12 wk. Supporting data: AUC 1.63 +/- 0.09 ug.day/mL; Cmax 5.84 +/- 0.38 ug/mL. SD (110.19) is 64% of the mean. SEX-SPECIFIC: female IV Vd 171.37 vs male IV 112.12 mL/kg, again a 1.53-fold LARGER volume in females. Vd cell line-wrapped as '171.37 +/- 11' / '0.19 mL/kg', reconstructed as 171.37 +/- 110.19 mL/kg. CORRECTED BY CROSS-TABLE RECONCILIATION: the Vd cell is line-wrapped in the document text layer, which made the SD read as 110.19; EPA's own Table B-39 prints the same value as '171.37 +/- 11.19', so the SD is 11.19 mL/kg. Recorded as 11.19.","TEXT-LAYER ARTEFACT RESOLVED: the wrapped cell in Table B-28 appeared to give an SD of 110.19 mL/kg, but Table B-39 of the same appendix prints 171.37 +/- 11.19 mL/kg for the identical measurement. The 110.19 reading is an extraction artefact, not an EPA error. Not held in Not held in db/vd_clearance.csv."
Dzierlenga et al. (2019),2019,"US EPA 2024, Appendix to the Final Human Health Toxicity Assessment for PFOA, EPA-815R24006",Table B-28. Summary of PFOA Volume of Distribution Calculations in Rats,PFOA,rat,Sprague-Dawley,male,,oral,6,mg/kg,peripheral compartment,volume of distribution (peripheral compartment),159,mL/kg,,,12,standard equations of Gabrielsson and Weiner (2000); compartmental,measured (model-fitted from measured concentration-time data),"Age 8 wk. Supporting data: AUC 39.37 +/- 2.42 mM.h; Cmax 0.089 +/- 0.007 mM. For the male ORAL arms EPA tabulates ONLY a peripheral-compartment Vd and no central value, whereas for every female oral arm and for the IV arms it gives both - an asymmetry in the table that makes male and female oral Vd not directly comparable.","CONSISTENT with db/vd_clearance.csv, which records 'Dzierlenga et al. (NTP) 2020' male rat PFOA oral Vd as the range 154-202 mL/kg - exactly the span of EPA's three male oral values (159, 154, 202). Note the citation-year mismatch: EPA says 2019, the project says 2020 (PMID 31680603)."
Dzierlenga et al. (2019),2019,"US EPA 2024, Appendix to the Final Human Health Toxicity Assessment for PFOA, EPA-815R24006",Table B-28. Summary of PFOA Volume of Distribution Calculations in Rats,PFOA,rat,Sprague-Dawley,male,,oral,12,mg/kg,peripheral compartment,volume of distribution (peripheral compartment),154,mL/kg,,,11,standard equations of Gabrielsson and Weiner (2000); compartmental,measured (model-fitted),Age 8 wk. Supporting data: AUC 69.79 +/- 3.86 mM.h; Cmax 0.185 +/- 0.013 mM. Male oral Vd is essentially dose-independent between 6 and 12 mg/kg (159 vs 154 mL/kg) but rises at 48 mg/kg (202 mL/kg).,"within the 154-202 mL/kg range db/vd_clearance.csv holds for this study's male oral arm. EPA cites the study as 2019, project as 2020."
Dzierlenga et al. (2019),2019,"US EPA 2024, Appendix to the Final Human Health Toxicity Assessment for PFOA, EPA-815R24006",Table B-28. Summary of PFOA Volume of Distribution Calculations in Rats,PFOA,rat,Sprague-Dawley,male,,oral,48,mg/kg,peripheral compartment,volume of distribution (peripheral compartment),202,mL/kg,,,18,standard equations of Gabrielsson and Weiner (2000); compartmental,measured (model-fitted),Age 8 wk. Supporting data: AUC 178.4 +/- 12.1 mM.h; Cmax 0.560 +/- 0.048 mM. Vd rises 1.3-fold from 6 to 48 mg/kg while the half-life FALLS from 12.5 to 8.96 d over the same range (Table B-40) - consistent with saturation of binding/reabsorption rather than of distribution.,"upper end of the 154-202 mL/kg range in db/vd_clearance.csv for this study's male oral arm. EPA cites 2019, project 2020."
Dzierlenga et al. (2019),2019,"US EPA 2024, Appendix to the Final Human Health Toxicity Assessment for PFOA, EPA-815R24006",Table B-28. Summary of PFOA Volume of Distribution Calculations in Rats,PFOA,rat,Sprague-Dawley,female,,oral,40,mg/kg,central compartment,volume of distribution (central compartment),73.6,mL/kg,,,20.6,standard equations of Gabrielsson and Weiner (2000); two-compartment,measured (model-fitted),"Age 8 wk. Supporting data: AUC 5.217 +/- 0.507 mM.h; Cmax 0.580 +/- 0.060 mM. SEX-SPECIFIC: the female oral central Vd (73.6 mL/kg) plus peripheral (5.55 mL/kg) sums to 79.2 mL/kg, roughly half the male peripheral-only value of 159 mL/kg at a 6.7-fold higher dose. Sex and dose are confounded in EPA's design.","CONSISTENT with db/vd_clearance.csv, which records the female oral Vd for this study as the range 79.2-342 mL/kg (central + peripheral) - 73.6 + 5.55 = 79.2 is the lower bound of that range. EPA cites 2019, project 2020."
Dzierlenga et al. (2019),2019,"US EPA 2024, Appendix to the Final Human Health Toxicity Assessment for PFOA, EPA-815R24006",Table B-28. Summary of PFOA Volume of Distribution Calculations in Rats,PFOA,rat,Sprague-Dawley,female,,oral,40,mg/kg,peripheral compartment,volume of distribution (peripheral compartment),5.55,mL/kg,,,1.62,standard equations of Gabrielsson and Weiner (2000); two-compartment,measured (model-fitted),"Age 8 wk. Same AUC/Cmax as the paired central row. The female peripheral compartment at 40 mg/kg is only 5.55 mL/kg, i.e. 7% of her central volume - essentially no peripheral distribution, in sharp contrast to the male whose peripheral volume alone is 159 mL/kg.","pairs with the central row to give the 79.2 mL/kg lower bound of the 79.2-342 mL/kg female oral range in db/vd_clearance.csv. EPA cites 2019, project 2020."
Dzierlenga et al. (2019),2019,"US EPA 2024, Appendix to the Final Human Health Toxicity Assessment for PFOA, EPA-815R24006",Table B-28. Summary of PFOA Volume of Distribution Calculations in Rats,PFOA,rat,Sprague-Dawley,female,,oral,80,mg/kg,central compartment,volume of distribution (central compartment),130,mL/kg,,,24,standard equations of Gabrielsson and Weiner (2000); two-compartment,measured (model-fitted),"Age 8 wk. Supporting data: AUC 8.066 +/- 0.869 mM.h; Cmax 0.961 +/- 0.118 mM. Female central Vd rises with dose: 73.6 -> 130 -> 272 mL/kg across 40 -> 80 -> 320 mg/kg, a 3.7-fold increase, which is strongly dose-dependent unlike the males.","within the 79.2-342 mL/kg female oral range held in db/vd_clearance.csv. EPA cites 2019, project 2020."
Dzierlenga et al. (2019),2019,"US EPA 2024, Appendix to the Final Human Health Toxicity Assessment for PFOA, EPA-815R24006",Table B-28. Summary of PFOA Volume of Distribution Calculations in Rats,PFOA,rat,Sprague-Dawley,female,,oral,80,mg/kg,peripheral compartment,volume of distribution (peripheral compartment),19.9,mL/kg,,,12.9,standard equations of Gabrielsson and Weiner (2000); two-compartment,measured (model-fitted),Age 8 wk. Same AUC/Cmax as the paired central row. SD is 65% of the mean. Female peripheral Vd also rises with dose (5.55 -> 19.9 -> 69.9 mL/kg).,"within the 79.2-342 mL/kg female oral range in db/vd_clearance.csv. EPA cites 2019, project 2020."
Dzierlenga et al. (2019),2019,"US EPA 2024, Appendix to the Final Human Health Toxicity Assessment for PFOA, EPA-815R24006",Table B-28. Summary of PFOA Volume of Distribution Calculations in Rats,PFOA,rat,Sprague-Dawley,female,,oral,320,mg/kg,central compartment,volume of distribution (central compartment),272,mL/kg,,,1990,standard equations of Gabrielsson and Weiner (2000); two-compartment,measured (model-fitted),"Age 8 wk. Supporting data: AUC 57.00 +/- 7.97 mM.h; Cmax 2.06 +/- 0.61 mM. IMPLAUSIBLE DISPERSION: the tabulated SD (1990 mL/kg) is 7.3-fold the mean (272 mL/kg). Recorded verbatim. The central estimate is also the largest female Vd in the table, 3.7-fold the 40 mg/kg value, so the top dose is where the two-compartment fit becomes unstable - consistent with the equally unstable half-life SDs EPA reports for this dose group in Table B-40 (0.06 +/- 1.09 and 0.58 +/- 4.20 d).","SD EXCEEDS MEAN by 7.3-fold. db/vd_clearance.csv's female oral upper bound of 342 mL/kg equals this central value plus the paired peripheral value (272 + 69.9 = 341.9), so the project already carries the unstable top-dose estimate without the SD that reveals how unstable it is."
Dzierlenga et al. (2019),2019,"US EPA 2024, Appendix to the Final Human Health Toxicity Assessment for PFOA, EPA-815R24006",Table B-28. Summary of PFOA Volume of Distribution Calculations in Rats,PFOA,rat,Sprague-Dawley,female,,oral,320,mg/kg,peripheral compartment,volume of distribution (peripheral compartment),69.9,mL/kg,,,18490.1,standard equations of Gabrielsson and Weiner (2000); two-compartment,measured (model-fitted),"Age 8 wk. Same AUC/Cmax as the paired central row. GROSSLY IMPLAUSIBLE DISPERSION: the tabulated SD is 18,490.1 mL/kg, 265-fold the mean of 69.9 mL/kg - larger than the whole body volume of a rat by two orders of magnitude. The Vd cell is line-wrapped in the document text layer ('69.9 +/- 1849' / '0.1 mL/kg'), so the reconstruction is 69.9 +/- 18490.1 mL/kg; a reading of '+/- 1849' alone still leaves the SD 26-fold the mean. Either way the top-dose female peripheral fit is not usable. Recorded verbatim.",SD EXCEEDS MEAN by 265-fold - the worst dispersion anywhere in Appendix B. Contributes the 342 mL/kg upper bound of the female oral range in db/vd_clearance.csv; that project value should be treated as unreliable on the strength of this SD.
Dzierlenga et al. (2019),2019,"US EPA 2024, Appendix to the Final Human Health Toxicity Assessment for PFOA, EPA-815R24006",Table B-28. Summary of PFOA Volume of Distribution Calculations in Rats,PFOA,rat,Sprague-Dawley,male,,IV (intravenous),6,mg/kg,central compartment,volume of distribution (central compartment),114,mL/kg,,,5,standard equations of Gabrielsson and Weiner (2000); two-compartment IV,measured (model-fitted),Age 8 wk. Supporting data: AUC 28.0 +/- 1.69 mM.h; Cmax 0.127 +/- 0.006 mM. The male IV central Vd (114 mL/kg) is the tightest estimate in the table (SD 4% of the mean) and agrees closely with Kim et al. (2016b)'s male IV Vss of 112.12 mL/kg - the one parameter on which these two otherwise-discordant rat studies agree.,"CONSISTENT with db/vd_clearance.csv, which records male rat PFOA IV Vd for this study as 153 mL/kg described as the 'sum of central and peripheral' - 114 + 39.2 = 153.2, confirming the project's sum. EPA cites 2019, project 2020."
Dzierlenga et al. (2019),2019,"US EPA 2024, Appendix to the Final Human Health Toxicity Assessment for PFOA, EPA-815R24006",Table B-28. Summary of PFOA Volume of Distribution Calculations in Rats,PFOA,rat,Sprague-Dawley,male,,IV (intravenous),6,mg/kg,peripheral compartment,volume of distribution (peripheral compartment),39.2,mL/kg,,,14.5,standard equations of Gabrielsson and Weiner (2000); two-compartment IV,measured (model-fitted),Age 8 wk. Same AUC/Cmax as the paired central row. Note the male IV peripheral volume (39.2 mL/kg) is 4-fold SMALLER than the male ORAL peripheral volume reported by the same study at the same 6 mg/kg dose (159 mL/kg) - a route inconsistency within one study that EPA tabulates without comment.,ROUTE INCONSISTENCY within the primary study as tabulated by EPA: male peripheral Vd is 39.2 mL/kg by IV but 159 mL/kg by oral at the same 6 mg/kg dose. Sums with the central row to the 153 mL/kg the project holds in db/vd_clearance.csv.
Dzierlenga et al. (2019),2019,"US EPA 2024, Appendix to the Final Human Health Toxicity Assessment for PFOA, EPA-815R24006",Table B-28. Summary of PFOA Volume of Distribution Calculations in Rats,PFOA,rat,Sprague-Dawley,female,,IV (intravenous),40,mg/kg,central compartment,volume of distribution (central compartment),108,mL/kg,,,24,standard equations of Gabrielsson and Weiner (2000); two-compartment IV,measured (model-fitted),"Age 8 wk. Supporting data: AUC 2.87 +/- 0.31 mM.h; Cmax 0.893 +/- 0.196 mM. SEX COMPARISON BY THE IV ROUTE: female central 108 vs male central 114 mL/kg - essentially identical central volumes, so the 47-fold sex difference in IV half-life for this study cannot be a central-volume effect. The female AUC is 9.8-fold lower than the male at a 6.7-fold higher dose, i.e. a ~65-fold clearance difference.","CONSISTENT with db/vd_clearance.csv, which records female rat PFOA IV Vd for this study as 207 mL/kg (central + peripheral) - 108 + 98.7 = 206.7. EPA cites 2019, project 2020."
Dzierlenga et al. (2019),2019,"US EPA 2024, Appendix to the Final Human Health Toxicity Assessment for PFOA, EPA-815R24006",Table B-28. Summary of PFOA Volume of Distribution Calculations in Rats,PFOA,rat,Sprague-Dawley,female,,IV (intravenous),40,mg/kg,peripheral compartment,volume of distribution (peripheral compartment),98.7,UNITS OMITTED BY EPA (mL/kg by context),,,39.8,standard equations of Gabrielsson and Weiner (2000); two-compartment IV,measured (model-fitted),"Age 8 wk. Same AUC/Cmax as the paired central row. EPA'S TABLE OMITS THE UNITS for this single cell - every other Vd cell in Table B-28 carries mL/kg (or kg tissue volume/kg BW for Iwabuchi); mL/kg is inferred from context and from the fact that 108 + 98.7 = 206.7 reproduces the 207 mL/kg the project holds. SEX-SPECIFIC: the female IV peripheral volume (98.7 mL/kg) is 2.5-fold the MALE IV peripheral volume (39.2 mL/kg), the reverse of the oral comparison.",EPA OMITS UNITS on this cell. Sums with the central row to the 207 mL/kg the project holds in db/vd_clearance.csv for the female IV arm.
Iwabuchi et al. (2017),2017,"US EPA 2024, Appendix to the Final Human Health Toxicity Assessment for PFOA, EPA-815R24006",Table B-28. Summary of PFOA Volume of Distribution Calculations in Rats,PFOA,rat,Wistar,male,,oral (single dose),100,ug/kg,Brain,apparent volume of distribution (tissue-specific),9.0,kg tissue volume/kg BW (= 9000 mL/kg),,,,"Vd = Dose / (ke x plasma concentration (AUC)); one-compartment, ke = elimination rate constant",measured (calculated from measured tissue AUC and a fitted elimination rate constant),"Iwabuchi et al. (2017), male Wistar rats aged 7-9 wk, single oral dose of 100 ug/kg. Vd calculated as Dose / (ke x plasma concentration (AUC)), a one-compartment calculation. EPA expresses Vd in 'kg tissue volume/kg BW' rather than mL/kg; 1 kg tissue volume/kg BW = 1,000 mL/kg. Concentration measured in compartment (AUC): 160 ug/kg tissue volume - day. Cmax: 8.77 ug/kg. LARGEST tissue Vd in the study at 9.0 kg tissue volume/kg BW - 60-fold the whole-body-like serum value (0.15) and 108-fold the liver value. A Vd of 9 L/kg in brain means PFOA is strongly EXCLUDED from brain relative to plasma: the apparent volume is large because the measured brain concentration is small for the dose given. This is a TISSUE DISTRIBUTION series: one tissue-specific apparent Vd per matrix from a single dosing experiment, so the seven values are not independent.","NEW TO PROJECT: db/vd_clearance.csv holds only the SERUM-based 150 mL/kg value for Iwabuchi 2017 (via OEHHA 2024 PHG Table 4.8.1). The six other tissue-specific apparent Vd values in EPA Table B-28 (brain, heart, liver, spleen, kidney, whole blood) are not in the project and span 0.083 to 9.0 kg tissue volume/kg BW - a 108-fold range that shows how strongly 'volume of distribution' depends on which matrix is measured."
Iwabuchi et al. (2017),2017,"US EPA 2024, Appendix to the Final Human Health Toxicity Assessment for PFOA, EPA-815R24006",Table B-28. Summary of PFOA Volume of Distribution Calculations in Rats,PFOA,rat,Wistar,male,,oral (single dose),100,ug/kg,Heart,apparent volume of distribution (tissue-specific),0.91,kg tissue volume/kg BW (= 910 mL/kg),,,,"Vd = Dose / (ke x plasma concentration (AUC)); one-compartment, ke = elimination rate constant",measured (calculated from measured tissue AUC and a fitted elimination rate constant),"Iwabuchi et al. (2017), male Wistar rats aged 7-9 wk, single oral dose of 100 ug/kg. Vd calculated as Dose / (ke x plasma concentration (AUC)), a one-compartment calculation. EPA expresses Vd in 'kg tissue volume/kg BW' rather than mL/kg; 1 kg tissue volume/kg BW = 1,000 mL/kg. Concentration measured in compartment (AUC): 1,500 ug/kg tissue volume - day. Cmax: 108 ug/kg. This is a TISSUE DISTRIBUTION series: one tissue-specific apparent Vd per matrix from a single dosing experiment, so the seven values are not independent.","NEW TO PROJECT: db/vd_clearance.csv holds only the SERUM-based 150 mL/kg value for Iwabuchi 2017 (via OEHHA 2024 PHG Table 4.8.1). The six other tissue-specific apparent Vd values in EPA Table B-28 (brain, heart, liver, spleen, kidney, whole blood) are not in the project and span 0.083 to 9.0 kg tissue volume/kg BW - a 108-fold range that shows how strongly 'volume of distribution' depends on which matrix is measured."
Iwabuchi et al. (2017),2017,"US EPA 2024, Appendix to the Final Human Health Toxicity Assessment for PFOA, EPA-815R24006",Table B-28. Summary of PFOA Volume of Distribution Calculations in Rats,PFOA,rat,Wistar,male,,oral (single dose),100,ug/kg,Liver,apparent volume of distribution (tissue-specific),0.083,kg tissue volume/kg BW (= 83 mL/kg),,,,"Vd = Dose / (ke x plasma concentration (AUC)); one-compartment, ke = elimination rate constant",measured (calculated from measured tissue AUC and a fitted elimination rate constant),"Iwabuchi et al. (2017), male Wistar rats aged 7-9 wk, single oral dose of 100 ug/kg. Vd calculated as Dose / (ke x plasma concentration (AUC)), a one-compartment calculation. EPA expresses Vd in 'kg tissue volume/kg BW' rather than mL/kg; 1 kg tissue volume/kg BW = 1,000 mL/kg. Concentration measured in compartment (AUC): 35,000 ug/kg tissue volume - day. Cmax: 1,270 ug/kg. SMALLEST tissue Vd (0.083 kg/kg BW), i.e. the highest tissue:plasma partitioning - the liver concentrates PFOA most strongly of the seven matrices. Liver AUC (35,000 ug/kg.day) is 219-fold the brain AUC. This is a TISSUE DISTRIBUTION series: one tissue-specific apparent Vd per matrix from a single dosing experiment, so the seven values are not independent.","NEW TO PROJECT: db/vd_clearance.csv holds only the SERUM-based 150 mL/kg value for Iwabuchi 2017 (via OEHHA 2024 PHG Table 4.8.1). The six other tissue-specific apparent Vd values in EPA Table B-28 (brain, heart, liver, spleen, kidney, whole blood) are not in the project and span 0.083 to 9.0 kg tissue volume/kg BW - a 108-fold range that shows how strongly 'volume of distribution' depends on which matrix is measured."
Iwabuchi et al. (2017),2017,"US EPA 2024, Appendix to the Final Human Health Toxicity Assessment for PFOA, EPA-815R24006",Table B-28. Summary of PFOA Volume of Distribution Calculations in Rats,PFOA,rat,Wistar,male,,oral (single dose),100,ug/kg,Spleen,apparent volume of distribution (tissue-specific),2.3,kg tissue volume/kg BW (= 2300 mL/kg),,,,"Vd = Dose / (ke x plasma concentration (AUC)); one-compartment, ke = elimination rate constant",measured (calculated from measured tissue AUC and a fitted elimination rate constant),"Iwabuchi et al. (2017), male Wistar rats aged 7-9 wk, single oral dose of 100 ug/kg. Vd calculated as Dose / (ke x plasma concentration (AUC)), a one-compartment calculation. EPA expresses Vd in 'kg tissue volume/kg BW' rather than mL/kg; 1 kg tissue volume/kg BW = 1,000 mL/kg. Concentration measured in compartment (AUC): 630 ug/kg tissue volume - day. Cmax: 49.2 ug/kg. This is a TISSUE DISTRIBUTION series: one tissue-specific apparent Vd per matrix from a single dosing experiment, so the seven values are not independent.","NEW TO PROJECT: db/vd_clearance.csv holds only the SERUM-based 150 mL/kg value for Iwabuchi 2017 (via OEHHA 2024 PHG Table 4.8.1). The six other tissue-specific apparent Vd values in EPA Table B-28 (brain, heart, liver, spleen, kidney, whole blood) are not in the project and span 0.083 to 9.0 kg tissue volume/kg BW - a 108-fold range that shows how strongly 'volume of distribution' depends on which matrix is measured."
Iwabuchi et al. (2017),2017,"US EPA 2024, Appendix to the Final Human Health Toxicity Assessment for PFOA, EPA-815R24006",Table B-28. Summary of PFOA Volume of Distribution Calculations in Rats,PFOA,rat,Wistar,male,,oral (single dose),100,ug/kg,Kidney,apparent volume of distribution (tissue-specific),0.27,kg tissue volume/kg BW (= 270 mL/kg),,,,"Vd = Dose / (ke x plasma concentration (AUC)); one-compartment, ke = elimination rate constant",measured (calculated from measured tissue AUC and a fitted elimination rate constant),"Iwabuchi et al. (2017), male Wistar rats aged 7-9 wk, single oral dose of 100 ug/kg. Vd calculated as Dose / (ke x plasma concentration (AUC)), a one-compartment calculation. EPA expresses Vd in 'kg tissue volume/kg BW' rather than mL/kg; 1 kg tissue volume/kg BW = 1,000 mL/kg. Concentration measured in compartment (AUC): 6,600 ug/kg tissue volume - day. Cmax: 624 ug/kg. Kidney Vd (0.27) is the second smallest after liver, consistent with the kidney being the site of OAT-mediated reabsorption. This is a TISSUE DISTRIBUTION series: one tissue-specific apparent Vd per matrix from a single dosing experiment, so the seven values are not independent.","NEW TO PROJECT: db/vd_clearance.csv holds only the SERUM-based 150 mL/kg value for Iwabuchi 2017 (via OEHHA 2024 PHG Table 4.8.1). The six other tissue-specific apparent Vd values in EPA Table B-28 (brain, heart, liver, spleen, kidney, whole blood) are not in the project and span 0.083 to 9.0 kg tissue volume/kg BW - a 108-fold range that shows how strongly 'volume of distribution' depends on which matrix is measured."
Iwabuchi et al. (2017),2017,"US EPA 2024, Appendix to the Final Human Health Toxicity Assessment for PFOA, EPA-815R24006",Table B-28. Summary of PFOA Volume of Distribution Calculations in Rats,PFOA,rat,Wistar,male,,oral (single dose),100,ug/kg,Whole blood,apparent volume of distribution (tissue-specific),0.42,kg tissue volume/kg BW (= 420 mL/kg),,,,"Vd = Dose / (ke x plasma concentration (AUC)); one-compartment, ke = elimination rate constant",measured (calculated from measured tissue AUC and a fitted elimination rate constant),"Iwabuchi et al. (2017), male Wistar rats aged 7-9 wk, single oral dose of 100 ug/kg. Vd calculated as Dose / (ke x plasma concentration (AUC)), a one-compartment calculation. EPA expresses Vd in 'kg tissue volume/kg BW' rather than mL/kg; 1 kg tissue volume/kg BW = 1,000 mL/kg. Concentration measured in compartment (AUC): 4,300 ug/kg tissue volume - day. Cmax: 265 ug/kg. Whole blood Vd (0.42) is 2.8-fold the serum value (0.15), reflecting the lower PFOA concentration in whole blood than serum (red cells largely exclude PFOA). This is a TISSUE DISTRIBUTION series: one tissue-specific apparent Vd per matrix from a single dosing experiment, so the seven values are not independent.","NEW TO PROJECT: db/vd_clearance.csv holds only the SERUM-based 150 mL/kg value for Iwabuchi 2017 (via OEHHA 2024 PHG Table 4.8.1). The six other tissue-specific apparent Vd values in EPA Table B-28 (brain, heart, liver, spleen, kidney, whole blood) are not in the project and span 0.083 to 9.0 kg tissue volume/kg BW - a 108-fold range that shows how strongly 'volume of distribution' depends on which matrix is measured."
Iwabuchi et al. (2017),2017,"US EPA 2024, Appendix to the Final Human Health Toxicity Assessment for PFOA, EPA-815R24006",Table B-28. Summary of PFOA Volume of Distribution Calculations in Rats,PFOA,rat,Wistar,male,,oral (single dose),100,ug/kg,Serum,apparent volume of distribution (tissue-specific),0.15,kg tissue volume/kg BW (= 150 mL/kg),,,,"Vd = Dose / (ke x plasma concentration (AUC)); one-compartment, ke = elimination rate constant",measured (calculated from measured tissue AUC and a fitted elimination rate constant),"Iwabuchi et al. (2017), male Wistar rats aged 7-9 wk, single oral dose of 100 ug/kg. Vd calculated as Dose / (ke x plasma concentration (AUC)), a one-compartment calculation. EPA expresses Vd in 'kg tissue volume/kg BW' rather than mL/kg; 1 kg tissue volume/kg BW = 1,000 mL/kg. Concentration measured in compartment (AUC): 9,200 ug/kg tissue volume - day. Cmax: 759 ug/kg. SERUM is the matrix comparable with the other studies in this table and with human estimates: 0.15 kg tissue volume/kg BW = 150 mL/kg. This is a TISSUE DISTRIBUTION series: one tissue-specific apparent Vd per matrix from a single dosing experiment, so the seven values are not independent.","AGREES with db/vd_clearance.csv, which records 'Iwabuchi et al. 2017, PFOA, rat, male, 150 mL/kg, MEASURED/FITTED - single oral dose, Vd = Dose/(AUC*ke), ke from first-order fit', sourced from OEHHA 2024 PHG Table 4.8.1. EPA's serum value of 0.15 kg tissue volume/kg BW = 150 mL/kg is the identical figure, now corroborated by a second secondary compilation. NOTE the project row carries no strain; EPA supplies 'Wistar' and the age 7-9 wk."
Fujii et al. (2015),2015,"US EPA 2024, Appendix to the Final Human Health Toxicity Assessment for PFOA, EPA-815R24006",Table B-27. PFOA Volume of Distribution in Serum of FVB/NJcl Mice as Reported by Fujii et al. (2015),PFOA,mouse,FVB/NJcl,male,,IV (intravenous),0.313,umol/kg,serum,volume of distribution,0.18,L/kg (= 180 mL/kg),,,0.04,EPA's footnote a states Vd and AUC are reported as means +/- standard deviation; Fujii used a two-compartment IV analysis with Vd = Dose/C(0),measured,"AUC (0 to 24 hours) 42.2 +/- 9.9 umol/L.hour. EPA's narrative (section preceding Table B-28) states Vd values were similar in males and females in this study. Note the dose is very low (0.313 umol/kg = about 0.13 mg/kg), far below the mg/kg doses used in the rat studies, so these mouse Vd values come from a near-tracer regime.","AGREES EXACTLY with db/vd_clearance.csv, which holds 'Fujii et al. 2015, PFOA, mouse, FVB/NJcl, male, 180 mL/kg, MEASURED/FITTED - single IV 0.31 umol/kg, 2-compartment, Vd = Dose/C(0)' sourced from OEHHA 2024 PHG Table 4.8.1 and ATSDR 2021 Table 3-6. EPA's 0.18 L/kg = 180 mL/kg. The project row additionally carries a clearance of 14.2 mL/d/kg (SD 8.4) IV and 13.1 oral, which EPA's Table B-27 does NOT tabulate."
Fujii et al. (2015),2015,"US EPA 2024, Appendix to the Final Human Health Toxicity Assessment for PFOA, EPA-815R24006",Table B-27. PFOA Volume of Distribution in Serum of FVB/NJcl Mice as Reported by Fujii et al. (2015),PFOA,mouse,FVB/NJcl,female,,IV (intravenous),0.313,umol/kg,serum,volume of distribution,0.15,L/kg (= 150 mL/kg),,,0.04,"means +/- SD per EPA footnote a; two-compartment IV, Vd = Dose/C(0)",measured,"AUC (0 to 24 hours) 49.5 +/- 11.9 umol/L.hour. SEX-SPECIFIC: female mouse Vd 0.15 L/kg vs male 0.18 L/kg - a 1.2-fold difference with overlapping SDs, i.e. no meaningful sex difference in distribution volume in the mouse. This is the OPPOSITE DIRECTION to the rat, where Kim et al. (2016b) found the female Vd 1.45-fold LARGER than the male. The female AUC is slightly HIGHER than the male (49.5 vs 42.2), unlike the rat where female AUC is an order of magnitude lower.","AGREES EXACTLY with db/vd_clearance.csv ('Fujii et al. 2015, PFOA, mouse, FVB/NJcl, female, 150 mL/kg, MEASURED/FITTED single IV 2-compartment', via OEHHA 2024 PHG Table 4.8.1 / ATSDR 2021 Table 3-6). EPA's 0.15 L/kg = 150 mL/kg. The project row also carries female clearance 11.8 mL/d/kg (SD 6.1) IV and 9.0 oral, absent from EPA's Table B-27."
Fujii et al. (2015),2015,"US EPA 2024, Appendix to the Final Human Health Toxicity Assessment for PFOA, EPA-815R24006",Table B-27. PFOA Volume of Distribution in Serum of FVB/NJcl Mice as Reported by Fujii et al. (2015),PFOA,mouse,FVB/NJcl,male,,oral,3.13,umol/kg,serum,volume of distribution,NR (not reported),,,,,not applicable - no Vd derived for the oral arm,not reported,"AUC (0 to 24 hours) 348 +/- 76 umol/L.hour. EPA footnote b: steady state achieved 8 days after initial dose (oral). NO Vd IS REPORTED for either oral arm, so the only mouse Vd values available are from the IV route. The oral dose (3.13 umol/kg) is 10-fold the IV dose, and the oral AUC is 8.2-fold the IV AUC in males - roughly proportional, implying near-complete oral bioavailability in the male mouse.","EPA reports Vd as NR for the oral arms; db/vd_clearance.csv carries only the IV-derived 180/150 mL/kg values, consistent. Row retained to record the explicit absence and the AUC."
Fujii et al. (2015),2015,"US EPA 2024, Appendix to the Final Human Health Toxicity Assessment for PFOA, EPA-815R24006",Table B-27. PFOA Volume of Distribution in Serum of FVB/NJcl Mice as Reported by Fujii et al. (2015),PFOA,mouse,FVB/NJcl,female,,oral,3.13,umol/kg,serum,volume of distribution,NR (not reported),,,,,not applicable - no Vd derived for the oral arm,not reported,"AUC (0 to 24 hours) 495 +/- 64 umol/L.hour. EPA footnote b: steady state achieved 8 days after initial dose (oral). SEX-SPECIFIC: the female oral AUC (495) is 1.42-fold the male (348), and the female oral:IV AUC ratio (10.0) exceeds the male's (8.2). In the mouse the female is therefore NOT the faster-clearing sex, in direct contrast to the rat.","Vd not reported by EPA for this arm. The AUC values are not held in db/vd_clearance.csv, which carries only Vd and clearance for this study - the AUCs are new."
Butenhoff et al. (2004b),2004,"US EPA 2024, Appendix to the Final Human Health Toxicity Assessment for PFOA, EPA-815R24006","Appendix B narrative, section B.2 Distribution (text immediately preceding Table B-28; not a numbered table)",PFOA,monkey,cynomolgus,male,3,IV (intravenous),10,mg/kg,serum,volume of distribution at steady state (Vdss),181,mL/kg,,,12,noncompartmental PK analysis; serum PFOA measured in samples collected up to 123 days post-dosing,measured,"EPA states this is the ONLY study that examined Vd in primates. Three males and three females given a single IV dose of 10 mg/kg. Captured from EPA's Appendix B narrative rather than from a numbered table, because EPA tabulates monkey Vd nowhere in Appendix B - Table B-26 covers humans, B-27 mice and B-28 rats, leaving the primate values text-only.","NEW TO PROJECT: db/vd_clearance.csv holds no Butenhoff 2004b monkey Vd row. This is the only primate PFOA Vd and the species closest to human, so its absence from the project's Vd table is a real gap. Note the monkey Vdss (181 mL/kg) is close to the ASSIGNED human Vd of 170-200 mL/kg used in human half-life calculations (see Table B-26 and db/vd_clearance.csv's 'Fujii 2015 human, 200 mL/kg ASSUMED' row), which is reassuring for that assumption."
Butenhoff et al. (2004b),2004,"US EPA 2024, Appendix to the Final Human Health Toxicity Assessment for PFOA, EPA-815R24006","Appendix B narrative, section B.2 Distribution (text immediately preceding Table B-28; not a numbered table)",PFOA,monkey,cynomolgus,female,3,IV (intravenous),10,mg/kg,serum,volume of distribution at steady state (Vdss),198,mL/kg,,,69,noncompartmental PK analysis; serum PFOA measured up to 123 days post-dosing,measured,"EPA states the Vdss 'was similar for both sexes' at 181 +/- 12 (males) and 198 +/- 69 mL/kg (females). The female SD (69) is 5.8-fold the male SD (12) at n=3 per sex, so 'similar' rests on very few animals. SEX-SPECIFIC: 1.09-fold female:male ratio, no meaningful difference - consistent with the mouse and with Kim's rats in showing that PFOA Vd is sex-insensitive even in species where half-life is strongly sex-dependent.",NEW TO PROJECT: no Butenhoff 2004b monkey Vd in db/vd_clearance.csv. Text-only in EPA Appendix B (no numbered table carries primate Vd).
Kim et al. (2016b),2016,"US EPA 2024, Appendix to the Final Human Health Toxicity Assessment for PFOA, EPA-815R24006","Appendix B narrative, section B.2 Distribution (text immediately preceding Table B-28; not a numbered table)",PFOA,rat,Sprague-Dawley,male,,oral and IV,1,mg/kg,liver,tissue:plasma partition coefficient,2.31,unitless (tissue:plasma),,,0.38,tissue:plasma concentration ratio; organ-specific Vd values were not determined,measured,"EPA notes that while organ-specific Vd values were not determined in Kim et al. (2016b), the liver and kidney exhibited partition coefficients greater than 1 in males. Male liver 2.31 +/- 0.38 is the highest partition coefficient reported. Partition coefficients were similar in males and females for heart, lung and spleen (values not tabulated by EPA). Captured from EPA's narrative; Table B-28 carries only the whole-body Vd for this study.",NEW TO PROJECT: no tissue:plasma partition coefficients for Kim 2016b in db/vd_clearance.csv or db/protein_binding.csv. SEX-SPECIFIC and mechanistically important - see the paired female liver row.
Kim et al. (2016b),2016,"US EPA 2024, Appendix to the Final Human Health Toxicity Assessment for PFOA, EPA-815R24006","Appendix B narrative, section B.2 Distribution (text immediately preceding Table B-28; not a numbered table)",PFOA,rat,Sprague-Dawley,female,,oral and IV,1,mg/kg,liver,tissue:plasma partition coefficient,0.81,unitless (tissue:plasma),,,0.36,tissue:plasma concentration ratio,measured,"EPA states partition coefficients 'were significantly lower in the livers of females (0.81 +/- 0.36) compared with males' (2.31 +/- 0.38). SEX-SPECIFIC AND MECHANISTIC: a 2.9-fold lower liver partitioning in females, and the female value is BELOW 1 (liver excludes PFOA relative to plasma) while the male value is above 2 (liver concentrates it). EPA offers this as the explanation for the higher whole-body Vd calculated in females: 'the differential partition coefficients in liver and kidney may relate to the higher Vd values calculated for females compared with males.'","NEW TO PROJECT: female rat liver:plasma partition coefficient for PFOA is not in any db/ CSV checked (vd_clearance.csv, protein_binding.csv, compiled_tk_parameters.csv). This is a strong sex-specific distribution finding the project does not currently hold."
Kim et al. (2016b),2016,"US EPA 2024, Appendix to the Final Human Health Toxicity Assessment for PFOA, EPA-815R24006","Appendix B narrative, section B.2 Distribution (text immediately preceding Table B-28; not a numbered table)",PFOA,rat,Sprague-Dawley,male,,oral and IV,1,mg/kg,kidney,tissue:plasma partition coefficient,1.18,unitless (tissue:plasma),,,0.47,tissue:plasma concentration ratio,measured,"Male kidney partition coefficient greater than 1. EPA notes the female kidney value (1.23 +/- 0.39) was similar to the male, so unlike the liver the kidney shows NO sex difference in partitioning - which is notable given that the kidney is where the sex-dependent OAT-mediated reabsorption is thought to occur. The sex effect is therefore in transport kinetics, not in kidney partitioning.","NEW TO PROJECT: not in db/vd_clearance.csv, db/transporter_kinetics.csv or db/reabsorption_axis.csv as a partition coefficient. Relevant to the project's reabsorption axis."
Kim et al. (2016b),2016,"US EPA 2024, Appendix to the Final Human Health Toxicity Assessment for PFOA, EPA-815R24006","Appendix B narrative, section B.2 Distribution (text immediately preceding Table B-28; not a numbered table)",PFOA,rat,Sprague-Dawley,female,,oral and IV,1,mg/kg,kidney,tissue:plasma partition coefficient,1.23,unitless (tissue:plasma),,,0.39,tissue:plasma concentration ratio,measured,"EPA: 'While the partition coefficients in females for the kidney (1.23 +/- 0.39) were similar to males (1.18 +/- 0.47)...'. NO SEX DIFFERENCE in kidney partitioning, in contrast to a 2.9-fold sex difference in liver partitioning in the same animals.","NEW TO PROJECT: not held in any db/ CSV checked. Together with the male kidney row this establishes that the rat sex difference in PFOA kinetics is liver- and transport-based, not a kidney-partitioning effect."
Kemper et al. (2003),2003,"US EPA 2024, Appendix to the Final Human Health Toxicity Assessment for PFOA, EPA-815R24006",Table B-37. PK Parameters in Male Sprague-Dawley Rats Following Administration of PFOA as Reported by Kemper et al. (2003),PFOA (14C-labelled ammonium salt),rat,Sprague-Dawley,male,4 per dose group,oral (gavage),0.1,mg/kg,plasma,Tmax,10.25,hr,,,6.45,noncompartmental PK analysis of plasma concentration vs time,measured,"Kemper et al. (2003), sexually mature male Sprague-Dawley rats, 4 per dose group, single gavage (or IV) dose of 14C-labelled ammonium PFOA. EPA footnote: data presented as mean +/- (standard deviation); the SD is printed in parentheses. ",Tmax/Cmax not held in db/animal_halflife_measured.csv - new to the project.
Kemper et al. (2003),2003,"US EPA 2024, Appendix to the Final Human Health Toxicity Assessment for PFOA, EPA-815R24006",Table B-37. PK Parameters in Male Sprague-Dawley Rats Following Administration of PFOA as Reported by Kemper et al. (2003),PFOA (14C-labelled ammonium salt),rat,Sprague-Dawley,male,4 per dose group,oral (gavage),1,mg/kg,plasma,Tmax,9.00,hr,,,3.83,noncompartmental PK analysis of plasma concentration vs time,measured,"Kemper et al. (2003), sexually mature male Sprague-Dawley rats, 4 per dose group, single gavage (or IV) dose of 14C-labelled ammonium PFOA. EPA footnote: data presented as mean +/- (standard deviation); the SD is printed in parentheses. ",Tmax/Cmax not held in db/animal_halflife_measured.csv - new to the project.
Kemper et al. (2003),2003,"US EPA 2024, Appendix to the Final Human Health Toxicity Assessment for PFOA, EPA-815R24006",Table B-37. PK Parameters in Male Sprague-Dawley Rats Following Administration of PFOA as Reported by Kemper et al. (2003),PFOA (14C-labelled ammonium salt),rat,Sprague-Dawley,male,4 per dose group,oral (gavage),5,mg/kg,plasma,Tmax,15.0,hr,,,10.5,noncompartmental PK analysis of plasma concentration vs time,measured,"Kemper et al. (2003), sexually mature male Sprague-Dawley rats, 4 per dose group, single gavage (or IV) dose of 14C-labelled ammonium PFOA. EPA footnote: data presented as mean +/- (standard deviation); the SD is printed in parentheses. ",Tmax/Cmax not held in db/animal_halflife_measured.csv - new to the project.
Kemper et al. (2003),2003,"US EPA 2024, Appendix to the Final Human Health Toxicity Assessment for PFOA, EPA-815R24006",Table B-37. PK Parameters in Male Sprague-Dawley Rats Following Administration of PFOA as Reported by Kemper et al. (2003),PFOA (14C-labelled ammonium salt),rat,Sprague-Dawley,male,4 per dose group,oral (gavage),25,mg/kg,plasma,Tmax,7.5,hr,,,6.2,noncompartmental PK analysis of plasma concentration vs time,measured,"Kemper et al. (2003), sexually mature male Sprague-Dawley rats, 4 per dose group, single gavage (or IV) dose of 14C-labelled ammonium PFOA. EPA footnote: data presented as mean +/- (standard deviation); the SD is printed in parentheses. ",Tmax/Cmax not held in db/animal_halflife_measured.csv - new to the project.
Kemper et al. (2003),2003,"US EPA 2024, Appendix to the Final Human Health Toxicity Assessment for PFOA, EPA-815R24006",Table B-37. PK Parameters in Male Sprague-Dawley Rats Following Administration of PFOA as Reported by Kemper et al. (2003),PFOA (14C-labelled ammonium salt),rat,Sprague-Dawley,male,4 per dose group,IV (intravenous),1,mg/kg,plasma,Tmax,NA,not applicable,,,,noncompartmental PK analysis of plasma concentration vs time,not applicable (NA),"Kemper et al. (2003), sexually mature male Sprague-Dawley rats, 4 per dose group, single gavage (or IV) dose of 14C-labelled ammonium PFOA. EPA footnote: data presented as mean +/- (standard deviation); the SD is printed in parentheses. EPA places the IV arm in its own column headed '1 mg/kg (IV)'; Tmax and Cmax are NA for the IV route. ",Tmax/Cmax not held in db/animal_halflife_measured.csv - new to the project.
Kemper et al. (2003),2003,"US EPA 2024, Appendix to the Final Human Health Toxicity Assessment for PFOA, EPA-815R24006",Table B-37. PK Parameters in Male Sprague-Dawley Rats Following Administration of PFOA as Reported by Kemper et al. (2003),PFOA (14C-labelled ammonium salt),rat,Sprague-Dawley,male,4 per dose group,oral (gavage),0.1 (extended sampling time),mg/kg,plasma,Tmax,5.5,hr,,,7.0,noncompartmental PK analysis of plasma concentration vs time,measured,"Kemper et al. (2003), sexually mature male Sprague-Dawley rats, 4 per dose group, single gavage (or IV) dose of 14C-labelled ammonium PFOA. EPA footnote: data presented as mean +/- (standard deviation); the SD is printed in parentheses. EXTENDED TIME arm: 0.1 mg/kg orally with plasma sampled until PFOA fell below the limit of quantitation (2,016 hours in males). ",Tmax/Cmax not held in db/animal_halflife_measured.csv - new to the project.
Kemper et al. (2003),2003,"US EPA 2024, Appendix to the Final Human Health Toxicity Assessment for PFOA, EPA-815R24006",Table B-37. PK Parameters in Male Sprague-Dawley Rats Following Administration of PFOA as Reported by Kemper et al. (2003),PFOA (14C-labelled ammonium salt),rat,Sprague-Dawley,male,4 per dose group,oral (gavage),0.1,mg/kg,plasma,Cmax,0.598,ug/mL,,,0.127,noncompartmental PK analysis of plasma concentration vs time,measured,"Kemper et al. (2003), sexually mature male Sprague-Dawley rats, 4 per dose group, single gavage (or IV) dose of 14C-labelled ammonium PFOA. EPA footnote: data presented as mean +/- (standard deviation); the SD is printed in parentheses. ",Tmax/Cmax not held in db/animal_halflife_measured.csv - new to the project.
Kemper et al. (2003),2003,"US EPA 2024, Appendix to the Final Human Health Toxicity Assessment for PFOA, EPA-815R24006",Table B-37. PK Parameters in Male Sprague-Dawley Rats Following Administration of PFOA as Reported by Kemper et al. (2003),PFOA (14C-labelled ammonium salt),rat,Sprague-Dawley,male,4 per dose group,oral (gavage),1,mg/kg,plasma,Cmax,8.431,ug/mL,,,1.161,noncompartmental PK analysis of plasma concentration vs time,measured,"Kemper et al. (2003), sexually mature male Sprague-Dawley rats, 4 per dose group, single gavage (or IV) dose of 14C-labelled ammonium PFOA. EPA footnote: data presented as mean +/- (standard deviation); the SD is printed in parentheses. ",Tmax/Cmax not held in db/animal_halflife_measured.csv - new to the project.
Kemper et al. (2003),2003,"US EPA 2024, Appendix to the Final Human Health Toxicity Assessment for PFOA, EPA-815R24006",Table B-37. PK Parameters in Male Sprague-Dawley Rats Following Administration of PFOA as Reported by Kemper et al. (2003),PFOA (14C-labelled ammonium salt),rat,Sprague-Dawley,male,4 per dose group,oral (gavage),5,mg/kg,plasma,Cmax,44.75,ug/mL,,,6.14,noncompartmental PK analysis of plasma concentration vs time,measured,"Kemper et al. (2003), sexually mature male Sprague-Dawley rats, 4 per dose group, single gavage (or IV) dose of 14C-labelled ammonium PFOA. EPA footnote: data presented as mean +/- (standard deviation); the SD is printed in parentheses. ",Tmax/Cmax not held in db/animal_halflife_measured.csv - new to the project.
Kemper et al. (2003),2003,"US EPA 2024, Appendix to the Final Human Health Toxicity Assessment for PFOA, EPA-815R24006",Table B-37. PK Parameters in Male Sprague-Dawley Rats Following Administration of PFOA as Reported by Kemper et al. (2003),PFOA (14C-labelled ammonium salt),rat,Sprague-Dawley,male,4 per dose group,oral (gavage),25,mg/kg,plasma,Cmax,160.0,ug/mL,,,12.0,noncompartmental PK analysis of plasma concentration vs time,measured,"Kemper et al. (2003), sexually mature male Sprague-Dawley rats, 4 per dose group, single gavage (or IV) dose of 14C-labelled ammonium PFOA. EPA footnote: data presented as mean +/- (standard deviation); the SD is printed in parentheses. ",Tmax/Cmax not held in db/animal_halflife_measured.csv - new to the project.
Kemper et al. (2003),2003,"US EPA 2024, Appendix to the Final Human Health Toxicity Assessment for PFOA, EPA-815R24006",Table B-37. PK Parameters in Male Sprague-Dawley Rats Following Administration of PFOA as Reported by Kemper et al. (2003),PFOA (14C-labelled ammonium salt),rat,Sprague-Dawley,male,4 per dose group,IV (intravenous),1,mg/kg,plasma,Cmax,NA,not applicable,,,,noncompartmental PK analysis of plasma concentration vs time,not applicable (NA),"Kemper et al. (2003), sexually mature male Sprague-Dawley rats, 4 per dose group, single gavage (or IV) dose of 14C-labelled ammonium PFOA. EPA footnote: data presented as mean +/- (standard deviation); the SD is printed in parentheses. EPA places the IV arm in its own column headed '1 mg/kg (IV)'; Tmax and Cmax are NA for the IV route. ",Tmax/Cmax not held in db/animal_halflife_measured.csv - new to the project.
Kemper et al. (2003),2003,"US EPA 2024, Appendix to the Final Human Health Toxicity Assessment for PFOA, EPA-815R24006",Table B-37. PK Parameters in Male Sprague-Dawley Rats Following Administration of PFOA as Reported by Kemper et al. (2003),PFOA (14C-labelled ammonium salt),rat,Sprague-Dawley,male,4 per dose group,oral (gavage),0.1 (extended sampling time),mg/kg,plasma,Cmax,1.08,ug/mL,,,0.42,noncompartmental PK analysis of plasma concentration vs time,measured,"Kemper et al. (2003), sexually mature male Sprague-Dawley rats, 4 per dose group, single gavage (or IV) dose of 14C-labelled ammonium PFOA. EPA footnote: data presented as mean +/- (standard deviation); the SD is printed in parentheses. EXTENDED TIME arm: 0.1 mg/kg orally with plasma sampled until PFOA fell below the limit of quantitation (2,016 hours in males). ",Tmax/Cmax not held in db/animal_halflife_measured.csv - new to the project.
Kemper et al. (2003),2003,"US EPA 2024, Appendix to the Final Human Health Toxicity Assessment for PFOA, EPA-815R24006",Table B-37. PK Parameters in Male Sprague-Dawley Rats Following Administration of PFOA as Reported by Kemper et al. (2003),PFOA (14C-labelled ammonium salt),rat,Sprague-Dawley,male,4 per dose group,oral (gavage),0.1,mg/kg,plasma,Lambda z (terminal elimination rate constant),0.004,1/hr,,,0.001,noncompartmental PK analysis of plasma concentration vs time,measured,"Kemper et al. (2003), sexually mature male Sprague-Dawley rats, 4 per dose group, single gavage (or IV) dose of 14C-labelled ammonium PFOA. EPA footnote: data presented as mean +/- (standard deviation); the SD is printed in parentheses. Lambda z is the terminal elimination rate constant; EPA's note line defines it as 'terminal elimination constant'. The 1 mg/kg IV SD is printed as (0.000), i.e. below the displayed precision. ",Elimination rate constants for Kemper 2003 are NOT held in db/animal_halflife_measured.csv (which carries half-life and clearance only) - these six values are new to the project.
Kemper et al. (2003),2003,"US EPA 2024, Appendix to the Final Human Health Toxicity Assessment for PFOA, EPA-815R24006",Table B-37. PK Parameters in Male Sprague-Dawley Rats Following Administration of PFOA as Reported by Kemper et al. (2003),PFOA (14C-labelled ammonium salt),rat,Sprague-Dawley,male,4 per dose group,oral (gavage),1,mg/kg,plasma,Lambda z (terminal elimination rate constant),0.005,1/hr,,,0.001,noncompartmental PK analysis of plasma concentration vs time,measured,"Kemper et al. (2003), sexually mature male Sprague-Dawley rats, 4 per dose group, single gavage (or IV) dose of 14C-labelled ammonium PFOA. EPA footnote: data presented as mean +/- (standard deviation); the SD is printed in parentheses. Lambda z is the terminal elimination rate constant; EPA's note line defines it as 'terminal elimination constant'. The 1 mg/kg IV SD is printed as (0.000), i.e. below the displayed precision. ",Elimination rate constants for Kemper 2003 are NOT held in db/animal_halflife_measured.csv (which carries half-life and clearance only) - these six values are new to the project.
Kemper et al. (2003),2003,"US EPA 2024, Appendix to the Final Human Health Toxicity Assessment for PFOA, EPA-815R24006",Table B-37. PK Parameters in Male Sprague-Dawley Rats Following Administration of PFOA as Reported by Kemper et al. (2003),PFOA (14C-labelled ammonium salt),rat,Sprague-Dawley,male,4 per dose group,oral (gavage),5,mg/kg,plasma,Lambda z (terminal elimination rate constant),0.0041,1/hr,,,0.0007,noncompartmental PK analysis of plasma concentration vs time,measured,"Kemper et al. (2003), sexually mature male Sprague-Dawley rats, 4 per dose group, single gavage (or IV) dose of 14C-labelled ammonium PFOA. EPA footnote: data presented as mean +/- (standard deviation); the SD is printed in parentheses. Lambda z is the terminal elimination rate constant; EPA's note line defines it as 'terminal elimination constant'. The 1 mg/kg IV SD is printed as (0.000), i.e. below the displayed precision. ",Elimination rate constants for Kemper 2003 are NOT held in db/animal_halflife_measured.csv (which carries half-life and clearance only) - these six values are new to the project.
Kemper et al. (2003),2003,"US EPA 2024, Appendix to the Final Human Health Toxicity Assessment for PFOA, EPA-815R24006",Table B-37. PK Parameters in Male Sprague-Dawley Rats Following Administration of PFOA as Reported by Kemper et al. (2003),PFOA (14C-labelled ammonium salt),rat,Sprague-Dawley,male,4 per dose group,oral (gavage),25,mg/kg,plasma,Lambda z (terminal elimination rate constant),0.0046,1/hr,,,0.0012,noncompartmental PK analysis of plasma concentration vs time,measured,"Kemper et al. (2003), sexually mature male Sprague-Dawley rats, 4 per dose group, single gavage (or IV) dose of 14C-labelled ammonium PFOA. EPA footnote: data presented as mean +/- (standard deviation); the SD is printed in parentheses. Lambda z is the terminal elimination rate constant; EPA's note line defines it as 'terminal elimination constant'. The 1 mg/kg IV SD is printed as (0.000), i.e. below the displayed precision. ",Elimination rate constants for Kemper 2003 are NOT held in db/animal_halflife_measured.csv (which carries half-life and clearance only) - these six values are new to the project.
Kemper et al. (2003),2003,"US EPA 2024, Appendix to the Final Human Health Toxicity Assessment for PFOA, EPA-815R24006",Table B-37. PK Parameters in Male Sprague-Dawley Rats Following Administration of PFOA as Reported by Kemper et al. (2003),PFOA (14C-labelled ammonium salt),rat,Sprague-Dawley,male,4 per dose group,IV (intravenous),1,mg/kg,plasma,Lambda z (terminal elimination rate constant),0.004,1/hr,,,0.000,noncompartmental PK analysis of plasma concentration vs time,measured,"Kemper et al. (2003), sexually mature male Sprague-Dawley rats, 4 per dose group, single gavage (or IV) dose of 14C-labelled ammonium PFOA. EPA footnote: data presented as mean +/- (standard deviation); the SD is printed in parentheses. EPA places the IV arm in its own column headed '1 mg/kg (IV)'; Tmax and Cmax are NA for the IV route. Lambda z is the terminal elimination rate constant; EPA's note line defines it as 'terminal elimination constant'. The 1 mg/kg IV SD is printed as (0.000), i.e. below the displayed precision. ",Elimination rate constants for Kemper 2003 are NOT held in db/animal_halflife_measured.csv (which carries half-life and clearance only) - these six values are new to the project.
Kemper et al. (2003),2003,"US EPA 2024, Appendix to the Final Human Health Toxicity Assessment for PFOA, EPA-815R24006",Table B-37. PK Parameters in Male Sprague-Dawley Rats Following Administration of PFOA as Reported by Kemper et al. (2003),PFOA (14C-labelled ammonium salt),rat,Sprague-Dawley,male,4 per dose group,oral (gavage),0.1 (extended sampling time),mg/kg,plasma,Lambda z (terminal elimination rate constant),0.0026,1/hr,,,0.0007,noncompartmental PK analysis of plasma concentration vs time,measured,"Kemper et al. (2003), sexually mature male Sprague-Dawley rats, 4 per dose group, single gavage (or IV) dose of 14C-labelled ammonium PFOA. EPA footnote: data presented as mean +/- (standard deviation); the SD is printed in parentheses. EXTENDED TIME arm: 0.1 mg/kg orally with plasma sampled until PFOA fell below the limit of quantitation (2,016 hours in males). Lambda z is the terminal elimination rate constant; EPA's note line defines it as 'terminal elimination constant'. The 1 mg/kg IV SD is printed as (0.000), i.e. below the displayed precision. ",Elimination rate constants for Kemper 2003 are NOT held in db/animal_halflife_measured.csv (which carries half-life and clearance only) - these six values are new to the project.
Kemper et al. (2003),2003,"US EPA 2024, Appendix to the Final Human Health Toxicity Assessment for PFOA, EPA-815R24006",Table B-37. PK Parameters in Male Sprague-Dawley Rats Following Administration of PFOA as Reported by Kemper et al. (2003),PFOA (14C-labelled ammonium salt),rat,Sprague-Dawley,male,4 per dose group,oral (gavage),0.1,mg/kg,plasma,T1/2 (terminal elimination half-life),201.774,hr,,,37.489,noncompartmental PK analysis of plasma concentration vs time,measured,"Kemper et al. (2003), sexually mature male Sprague-Dawley rats, 4 per dose group, single gavage (or IV) dose of 14C-labelled ammonium PFOA. EPA footnote: data presented as mean +/- (standard deviation); the SD is printed in parentheses. This is the HOURS-scale source for the day-scale values EPA tabulates in Table B-40, where the same numbers appear rounded to 8.4, 5.8, 7.3, 6.6, 5.8 and 11.5 days. Male half-life is essentially dose-independent across 0.1-25 mg/kg (138-202 hr) with no monotonic trend. On the hours scale this row is the primary-equivalent value. ","agrees with db/animal_halflife_measured.csv, which holds 202 h for this arm via the ATSDR 2021 Toxicological Profile Table 3-5 compilation; EPA's Table B-37 gives 201.774 h. "
Kemper et al. (2003),2003,"US EPA 2024, Appendix to the Final Human Health Toxicity Assessment for PFOA, EPA-815R24006",Table B-37. PK Parameters in Male Sprague-Dawley Rats Following Administration of PFOA as Reported by Kemper et al. (2003),PFOA (14C-labelled ammonium salt),rat,Sprague-Dawley,male,4 per dose group,oral (gavage),1,mg/kg,plasma,T1/2 (terminal elimination half-life),138.343,hr,,,31.972,noncompartmental PK analysis of plasma concentration vs time,measured,"Kemper et al. (2003), sexually mature male Sprague-Dawley rats, 4 per dose group, single gavage (or IV) dose of 14C-labelled ammonium PFOA. EPA footnote: data presented as mean +/- (standard deviation); the SD is printed in parentheses. This is the HOURS-scale source for the day-scale values EPA tabulates in Table B-40, where the same numbers appear rounded to 8.4, 5.8, 7.3, 6.6, 5.8 and 11.5 days. Male half-life is essentially dose-independent across 0.1-25 mg/kg (138-202 hr) with no monotonic trend. On the hours scale this row is the primary-equivalent value. ","agrees with db/animal_halflife_measured.csv, which holds 138 h for this arm via the ATSDR 2021 Toxicological Profile Table 3-5 compilation; EPA's Table B-37 gives 138.343 h. "
Kemper et al. (2003),2003,"US EPA 2024, Appendix to the Final Human Health Toxicity Assessment for PFOA, EPA-815R24006",Table B-37. PK Parameters in Male Sprague-Dawley Rats Following Administration of PFOA as Reported by Kemper et al. (2003),PFOA (14C-labelled ammonium salt),rat,Sprague-Dawley,male,4 per dose group,oral (gavage),5,mg/kg,plasma,T1/2 (terminal elimination half-life),174.19,hr,,,28.92,noncompartmental PK analysis of plasma concentration vs time,measured,"Kemper et al. (2003), sexually mature male Sprague-Dawley rats, 4 per dose group, single gavage (or IV) dose of 14C-labelled ammonium PFOA. EPA footnote: data presented as mean +/- (standard deviation); the SD is printed in parentheses. This is the HOURS-scale source for the day-scale values EPA tabulates in Table B-40, where the same numbers appear rounded to 8.4, 5.8, 7.3, 6.6, 5.8 and 11.5 days. Male half-life is essentially dose-independent across 0.1-25 mg/kg (138-202 hr) with no monotonic trend. On the hours scale this row is the primary-equivalent value. ","agrees with db/animal_halflife_measured.csv, which holds 174 h for this arm via the ATSDR 2021 Toxicological Profile Table 3-5 compilation; EPA's Table B-37 gives 174.19 h. "
Kemper et al. (2003),2003,"US EPA 2024, Appendix to the Final Human Health Toxicity Assessment for PFOA, EPA-815R24006",Table B-37. PK Parameters in Male Sprague-Dawley Rats Following Administration of PFOA as Reported by Kemper et al. (2003),PFOA (14C-labelled ammonium salt),rat,Sprague-Dawley,male,4 per dose group,oral (gavage),25,mg/kg,plasma,T1/2 (terminal elimination half-life),157.47,hr,,,38.39,noncompartmental PK analysis of plasma concentration vs time,measured,"Kemper et al. (2003), sexually mature male Sprague-Dawley rats, 4 per dose group, single gavage (or IV) dose of 14C-labelled ammonium PFOA. EPA footnote: data presented as mean +/- (standard deviation); the SD is printed in parentheses. This is the HOURS-scale source for the day-scale values EPA tabulates in Table B-40, where the same numbers appear rounded to 8.4, 5.8, 7.3, 6.6, 5.8 and 11.5 days. Male half-life is essentially dose-independent across 0.1-25 mg/kg (138-202 hr) with no monotonic trend. On the hours scale this row is the primary-equivalent value. ","agrees with db/animal_halflife_measured.csv, which holds 157 h for this arm via the ATSDR 2021 Toxicological Profile Table 3-5 compilation; EPA's Table B-37 gives 157.47 h. "
Kemper et al. (2003),2003,"US EPA 2024, Appendix to the Final Human Health Toxicity Assessment for PFOA, EPA-815R24006",Table B-37. PK Parameters in Male Sprague-Dawley Rats Following Administration of PFOA as Reported by Kemper et al. (2003),PFOA (14C-labelled ammonium salt),rat,Sprague-Dawley,male,4 per dose group,IV (intravenous),1,mg/kg,plasma,T1/2 (terminal elimination half-life),185.584,hr,,,19.558,noncompartmental PK analysis of plasma concentration vs time,measured,"Kemper et al. (2003), sexually mature male Sprague-Dawley rats, 4 per dose group, single gavage (or IV) dose of 14C-labelled ammonium PFOA. EPA footnote: data presented as mean +/- (standard deviation); the SD is printed in parentheses. EPA places the IV arm in its own column headed '1 mg/kg (IV)'; Tmax and Cmax are NA for the IV route. This is the HOURS-scale source for the day-scale values EPA tabulates in Table B-40, where the same numbers appear rounded to 8.4, 5.8, 7.3, 6.6, 5.8 and 11.5 days. Male half-life is essentially dose-independent across 0.1-25 mg/kg (138-202 hr) with no monotonic trend. On the hours scale this row is the primary-equivalent value. ","RESOLVES THE TABLE B-40 PROBLEM: db/animal_halflife_measured.csv holds 185 h (SD 19) for the male 1 mg/kg IV arm, and Table B-37 here gives 185.584 (19.558) h = 7.73 days - CONFIRMING the project value. EPA's own Table B-40 instead prints 5.8 days for this arm, which is the ORAL 1 mg/kg value. Table B-40's male IV entry is therefore wrong, and Table B-37 is the internally correct source."
Kemper et al. (2003),2003,"US EPA 2024, Appendix to the Final Human Health Toxicity Assessment for PFOA, EPA-815R24006",Table B-37. PK Parameters in Male Sprague-Dawley Rats Following Administration of PFOA as Reported by Kemper et al. (2003),PFOA (14C-labelled ammonium salt),rat,Sprague-Dawley,male,4 per dose group,oral (gavage),0.1 (extended sampling time),mg/kg,plasma,T1/2 (terminal elimination half-life),277.10,hr,,,56.62,noncompartmental PK analysis of plasma concentration vs time,measured,"Kemper et al. (2003), sexually mature male Sprague-Dawley rats, 4 per dose group, single gavage (or IV) dose of 14C-labelled ammonium PFOA. EPA footnote: data presented as mean +/- (standard deviation); the SD is printed in parentheses. EXTENDED TIME arm: 0.1 mg/kg orally with plasma sampled until PFOA fell below the limit of quantitation (2,016 hours in males). This is the HOURS-scale source for the day-scale values EPA tabulates in Table B-40, where the same numbers appear rounded to 8.4, 5.8, 7.3, 6.6, 5.8 and 11.5 days. Male half-life is essentially dose-independent across 0.1-25 mg/kg (138-202 hr) with no monotonic trend. ","EXTENDED-TIME arm: 277.10 (56.62) h = 11.5 days, matching EPA's narrative ('approximately 277 hours (11.5 days)') and its Table B-40 entry. Not separately held in db/animal_halflife_measured.csv, which carries only the four single-dose oral arms and the IV arm."
Kemper et al. (2003),2003,"US EPA 2024, Appendix to the Final Human Health Toxicity Assessment for PFOA, EPA-815R24006",Table B-37. PK Parameters in Male Sprague-Dawley Rats Following Administration of PFOA as Reported by Kemper et al. (2003),PFOA (14C-labelled ammonium salt),rat,Sprague-Dawley,male,4 per dose group,oral (gavage),0.1,mg/kg,plasma,AUCINF,123.224,hr.ug/mL,,,35.476,noncompartmental PK analysis of plasma concentration vs time,measured,"Kemper et al. (2003), sexually mature male Sprague-Dawley rats, 4 per dose group, single gavage (or IV) dose of 14C-labelled ammonium PFOA. EPA footnote: data presented as mean +/- (standard deviation); the SD is printed in parentheses. ",AUC values not held in db/animal_halflife_measured.csv - new to the project.
Kemper et al. (2003),2003,"US EPA 2024, Appendix to the Final Human Health Toxicity Assessment for PFOA, EPA-815R24006",Table B-37. PK Parameters in Male Sprague-Dawley Rats Following Administration of PFOA as Reported by Kemper et al. (2003),PFOA (14C-labelled ammonium salt),rat,Sprague-Dawley,male,4 per dose group,oral (gavage),1,mg/kg,plasma,AUCINF,"1,194.463",hr.ug/mL,,,"2,15.578",noncompartmental PK analysis of plasma concentration vs time,measured,"Kemper et al. (2003), sexually mature male Sprague-Dawley rats, 4 per dose group, single gavage (or IV) dose of 14C-labelled ammonium PFOA. EPA footnote: data presented as mean +/- (standard deviation); the SD is printed in parentheses. TYPOGRAPHIC FAULT IN EPA'S TABLE: the SD for this cell is printed as '(2,15.578)', which is not a well-formed number; it is most likely 215.578. Recorded verbatim. ","EPA PRINTS A MALFORMED SD: '(2,15.578)' - probably 215.578. AUC values not held in db/animal_halflife_measured.csv."
Kemper et al. (2003),2003,"US EPA 2024, Appendix to the Final Human Health Toxicity Assessment for PFOA, EPA-815R24006",Table B-37. PK Parameters in Male Sprague-Dawley Rats Following Administration of PFOA as Reported by Kemper et al. (2003),PFOA (14C-labelled ammonium salt),rat,Sprague-Dawley,male,4 per dose group,oral (gavage),5,mg/kg,plasma,AUCINF,"6,733.70",hr.ug/mL,,,"1,392.83",noncompartmental PK analysis of plasma concentration vs time,measured,"Kemper et al. (2003), sexually mature male Sprague-Dawley rats, 4 per dose group, single gavage (or IV) dose of 14C-labelled ammonium PFOA. EPA footnote: data presented as mean +/- (standard deviation); the SD is printed in parentheses. ",AUC values not held in db/animal_halflife_measured.csv - new to the project.
Kemper et al. (2003),2003,"US EPA 2024, Appendix to the Final Human Health Toxicity Assessment for PFOA, EPA-815R24006",Table B-37. PK Parameters in Male Sprague-Dawley Rats Following Administration of PFOA as Reported by Kemper et al. (2003),PFOA (14C-labelled ammonium salt),rat,Sprague-Dawley,male,4 per dose group,oral (gavage),25,mg/kg,plasma,AUCINF,"25,155.61",hr.ug/mL,,,"7,276.96",noncompartmental PK analysis of plasma concentration vs time,measured,"Kemper et al. (2003), sexually mature male Sprague-Dawley rats, 4 per dose group, single gavage (or IV) dose of 14C-labelled ammonium PFOA. EPA footnote: data presented as mean +/- (standard deviation); the SD is printed in parentheses. ",AUC values not held in db/animal_halflife_measured.csv - new to the project.
Kemper et al. (2003),2003,"US EPA 2024, Appendix to the Final Human Health Toxicity Assessment for PFOA, EPA-815R24006",Table B-37. PK Parameters in Male Sprague-Dawley Rats Following Administration of PFOA as Reported by Kemper et al. (2003),PFOA (14C-labelled ammonium salt),rat,Sprague-Dawley,male,4 per dose group,IV (intravenous),1,mg/kg,plasma,AUCINF,"1,249.817",hr.ug/mL,,,113.167,noncompartmental PK analysis of plasma concentration vs time,measured,"Kemper et al. (2003), sexually mature male Sprague-Dawley rats, 4 per dose group, single gavage (or IV) dose of 14C-labelled ammonium PFOA. EPA footnote: data presented as mean +/- (standard deviation); the SD is printed in parentheses. EPA places the IV arm in its own column headed '1 mg/kg (IV)'; Tmax and Cmax are NA for the IV route. ",AUC values not held in db/animal_halflife_measured.csv - new to the project.
Kemper et al. (2003),2003,"US EPA 2024, Appendix to the Final Human Health Toxicity Assessment for PFOA, EPA-815R24006",Table B-37. PK Parameters in Male Sprague-Dawley Rats Following Administration of PFOA as Reported by Kemper et al. (2003),PFOA (14C-labelled ammonium salt),rat,Sprague-Dawley,male,4 per dose group,oral (gavage),0.1 (extended sampling time),mg/kg,plasma,AUCINF,206.38,hr.ug/mL,,,59.03,noncompartmental PK analysis of plasma concentration vs time,measured,"Kemper et al. (2003), sexually mature male Sprague-Dawley rats, 4 per dose group, single gavage (or IV) dose of 14C-labelled ammonium PFOA. EPA footnote: data presented as mean +/- (standard deviation); the SD is printed in parentheses. EXTENDED TIME arm: 0.1 mg/kg orally with plasma sampled until PFOA fell below the limit of quantitation (2,016 hours in males). ",AUC values not held in db/animal_halflife_measured.csv - new to the project.
Kemper et al. (2003),2003,"US EPA 2024, Appendix to the Final Human Health Toxicity Assessment for PFOA, EPA-815R24006",Table B-37. PK Parameters in Male Sprague-Dawley Rats Following Administration of PFOA as Reported by Kemper et al. (2003),PFOA (14C-labelled ammonium salt),rat,Sprague-Dawley,male,4 per dose group,oral (gavage),0.1,mg/kg,plasma,AUCINF/D (dose-normalized AUC),"1,096.811",hr.ug/mL per mg/kg,,,310.491,noncompartmental PK analysis of plasma concentration vs time,measured,"Kemper et al. (2003), sexually mature male Sprague-Dawley rats, 4 per dose group, single gavage (or IV) dose of 14C-labelled ammonium PFOA. EPA footnote: data presented as mean +/- (standard deviation); the SD is printed in parentheses. Dose-normalized AUC is roughly constant from 0.1 to 5 mg/kg (1,097-1,222) and falls at 25 mg/kg (943), then nearly doubles in the extended-time arm (2,111) because the longer sampling window captures more of the terminal phase. ",Dose-normalized AUC not held in the project db - new.
Kemper et al. (2003),2003,"US EPA 2024, Appendix to the Final Human Health Toxicity Assessment for PFOA, EPA-815R24006",Table B-37. PK Parameters in Male Sprague-Dawley Rats Following Administration of PFOA as Reported by Kemper et al. (2003),PFOA (14C-labelled ammonium salt),rat,Sprague-Dawley,male,4 per dose group,oral (gavage),1,mg/kg,plasma,AUCINF/D (dose-normalized AUC),"1,176.009",hr.ug/mL per mg/kg,,,206.316,noncompartmental PK analysis of plasma concentration vs time,measured,"Kemper et al. (2003), sexually mature male Sprague-Dawley rats, 4 per dose group, single gavage (or IV) dose of 14C-labelled ammonium PFOA. EPA footnote: data presented as mean +/- (standard deviation); the SD is printed in parentheses. Dose-normalized AUC is roughly constant from 0.1 to 5 mg/kg (1,097-1,222) and falls at 25 mg/kg (943), then nearly doubles in the extended-time arm (2,111) because the longer sampling window captures more of the terminal phase. ",Dose-normalized AUC not held in the project db - new.
Kemper et al. (2003),2003,"US EPA 2024, Appendix to the Final Human Health Toxicity Assessment for PFOA, EPA-815R24006",Table B-37. PK Parameters in Male Sprague-Dawley Rats Following Administration of PFOA as Reported by Kemper et al. (2003),PFOA (14C-labelled ammonium salt),rat,Sprague-Dawley,male,4 per dose group,oral (gavage),5,mg/kg,plasma,AUCINF/D (dose-normalized AUC),"1,221.89",hr.ug/mL per mg/kg,,,250.28,noncompartmental PK analysis of plasma concentration vs time,measured,"Kemper et al. (2003), sexually mature male Sprague-Dawley rats, 4 per dose group, single gavage (or IV) dose of 14C-labelled ammonium PFOA. EPA footnote: data presented as mean +/- (standard deviation); the SD is printed in parentheses. Dose-normalized AUC is roughly constant from 0.1 to 5 mg/kg (1,097-1,222) and falls at 25 mg/kg (943), then nearly doubles in the extended-time arm (2,111) because the longer sampling window captures more of the terminal phase. ",Dose-normalized AUC not held in the project db - new.
Kemper et al. (2003),2003,"US EPA 2024, Appendix to the Final Human Health Toxicity Assessment for PFOA, EPA-815R24006",Table B-37. PK Parameters in Male Sprague-Dawley Rats Following Administration of PFOA as Reported by Kemper et al. (2003),PFOA (14C-labelled ammonium salt),rat,Sprague-Dawley,male,4 per dose group,oral (gavage),25,mg/kg,plasma,AUCINF/D (dose-normalized AUC),942.65,hr.ug/mL per mg/kg,,,284.67,noncompartmental PK analysis of plasma concentration vs time,measured,"Kemper et al. (2003), sexually mature male Sprague-Dawley rats, 4 per dose group, single gavage (or IV) dose of 14C-labelled ammonium PFOA. EPA footnote: data presented as mean +/- (standard deviation); the SD is printed in parentheses. Dose-normalized AUC is roughly constant from 0.1 to 5 mg/kg (1,097-1,222) and falls at 25 mg/kg (943), then nearly doubles in the extended-time arm (2,111) because the longer sampling window captures more of the terminal phase. ",Dose-normalized AUC not held in the project db - new.
Kemper et al. (2003),2003,"US EPA 2024, Appendix to the Final Human Health Toxicity Assessment for PFOA, EPA-815R24006",Table B-37. PK Parameters in Male Sprague-Dawley Rats Following Administration of PFOA as Reported by Kemper et al. (2003),PFOA (14C-labelled ammonium salt),rat,Sprague-Dawley,male,4 per dose group,IV (intravenous),1,mg/kg,plasma,AUCINF/D (dose-normalized AUC),"1,123.384",hr.ug/mL per mg/kg,,,100.488,noncompartmental PK analysis of plasma concentration vs time,measured,"Kemper et al. (2003), sexually mature male Sprague-Dawley rats, 4 per dose group, single gavage (or IV) dose of 14C-labelled ammonium PFOA. EPA footnote: data presented as mean +/- (standard deviation); the SD is printed in parentheses. EPA places the IV arm in its own column headed '1 mg/kg (IV)'; Tmax and Cmax are NA for the IV route. Dose-normalized AUC is roughly constant from 0.1 to 5 mg/kg (1,097-1,222) and falls at 25 mg/kg (943), then nearly doubles in the extended-time arm (2,111) because the longer sampling window captures more of the terminal phase. ",Dose-normalized AUC not held in the project db - new.
Kemper et al. (2003),2003,"US EPA 2024, Appendix to the Final Human Health Toxicity Assessment for PFOA, EPA-815R24006",Table B-37. PK Parameters in Male Sprague-Dawley Rats Following Administration of PFOA as Reported by Kemper et al. (2003),PFOA (14C-labelled ammonium salt),rat,Sprague-Dawley,male,4 per dose group,oral (gavage),0.1 (extended sampling time),mg/kg,plasma,AUCINF/D (dose-normalized AUC),"2,111.28",hr.ug/mL per mg/kg,,,586.77,noncompartmental PK analysis of plasma concentration vs time,measured,"Kemper et al. (2003), sexually mature male Sprague-Dawley rats, 4 per dose group, single gavage (or IV) dose of 14C-labelled ammonium PFOA. EPA footnote: data presented as mean +/- (standard deviation); the SD is printed in parentheses. EXTENDED TIME arm: 0.1 mg/kg orally with plasma sampled until PFOA fell below the limit of quantitation (2,016 hours in males). Dose-normalized AUC is roughly constant from 0.1 to 5 mg/kg (1,097-1,222) and falls at 25 mg/kg (943), then nearly doubles in the extended-time arm (2,111) because the longer sampling window captures more of the terminal phase. ",Dose-normalized AUC not held in the project db - new.
Kemper et al. (2003),2003,"US EPA 2024, Appendix to the Final Human Health Toxicity Assessment for PFOA, EPA-815R24006",Table B-37. PK Parameters in Male Sprague-Dawley Rats Following Administration of PFOA as Reported by Kemper et al. (2003),PFOA (14C-labelled ammonium salt),rat,Sprague-Dawley,male,4 per dose group,oral (gavage),0.1,mg/kg,plasma,Clp (plasma clearance),0.962,mL.kg/hr AS PRINTED BY EPA (mL/kg/hr intended),,,0.240,noncompartmental PK analysis of plasma concentration vs time,measured,"Kemper et al. (2003), sexually mature male Sprague-Dawley rats, 4 per dose group, single gavage (or IV) dose of 14C-labelled ammonium PFOA. EPA footnote: data presented as mean +/- (standard deviation); the SD is printed in parentheses. UNIT ERROR IN EPA'S TABLE: clearance is printed as 'mL.kg/hr'; the correct unit for a body-weight-normalized plasma clearance is mL/kg/hr. Converting: 0.962 mL/kg/hr x 24 = 23.1 mL/kg/day. ","agrees with db/animal_halflife_measured.csv after unit conversion: the project holds 23.1 mL/day/kg for this arm (via ATSDR 2021 Table 3-5), and EPA's 0.962 mL/kg/hr x 24 h = 23.1 mL/kg/day. EPA's printed unit 'mL.kg/hr' is wrong."
Kemper et al. (2003),2003,"US EPA 2024, Appendix to the Final Human Health Toxicity Assessment for PFOA, EPA-815R24006",Table B-37. PK Parameters in Male Sprague-Dawley Rats Following Administration of PFOA as Reported by Kemper et al. (2003),PFOA (14C-labelled ammonium salt),rat,Sprague-Dawley,male,4 per dose group,oral (gavage),1,mg/kg,plasma,Clp (plasma clearance),0.871,mL.kg/hr AS PRINTED BY EPA (mL/kg/hr intended),,,0.158,noncompartmental PK analysis of plasma concentration vs time,measured,"Kemper et al. (2003), sexually mature male Sprague-Dawley rats, 4 per dose group, single gavage (or IV) dose of 14C-labelled ammonium PFOA. EPA footnote: data presented as mean +/- (standard deviation); the SD is printed in parentheses. UNIT ERROR IN EPA'S TABLE: clearance is printed as 'mL.kg/hr'; the correct unit for a body-weight-normalized plasma clearance is mL/kg/hr. Converting: 0.962 mL/kg/hr x 24 = 23.1 mL/kg/day. ","agrees with db/animal_halflife_measured.csv after unit conversion: the project holds 20.9 mL/day/kg for this arm (via ATSDR 2021 Table 3-5), and EPA's 0.871 mL/kg/hr x 24 h = 20.9 mL/kg/day. EPA's printed unit 'mL.kg/hr' is wrong."
Kemper et al. (2003),2003,"US EPA 2024, Appendix to the Final Human Health Toxicity Assessment for PFOA, EPA-815R24006",Table B-37. PK Parameters in Male Sprague-Dawley Rats Following Administration of PFOA as Reported by Kemper et al. (2003),PFOA (14C-labelled ammonium salt),rat,Sprague-Dawley,male,4 per dose group,oral (gavage),5,mg/kg,plasma,Clp (plasma clearance),0.85,mL.kg/hr AS PRINTED BY EPA (mL/kg/hr intended),,,0.21,noncompartmental PK analysis of plasma concentration vs time,measured,"Kemper et al. (2003), sexually mature male Sprague-Dawley rats, 4 per dose group, single gavage (or IV) dose of 14C-labelled ammonium PFOA. EPA footnote: data presented as mean +/- (standard deviation); the SD is printed in parentheses. UNIT ERROR IN EPA'S TABLE: clearance is printed as 'mL.kg/hr'; the correct unit for a body-weight-normalized plasma clearance is mL/kg/hr. Converting: 0.962 mL/kg/hr x 24 = 23.1 mL/kg/day. ","agrees with db/animal_halflife_measured.csv after unit conversion: the project holds 20.4 mL/day/kg for this arm (via ATSDR 2021 Table 3-5), and EPA's 0.85 mL/kg/hr x 24 h = 20.4 mL/kg/day. EPA's printed unit 'mL.kg/hr' is wrong."
Kemper et al. (2003),2003,"US EPA 2024, Appendix to the Final Human Health Toxicity Assessment for PFOA, EPA-815R24006",Table B-37. PK Parameters in Male Sprague-Dawley Rats Following Administration of PFOA as Reported by Kemper et al. (2003),PFOA (14C-labelled ammonium salt),rat,Sprague-Dawley,male,4 per dose group,oral (gavage),25,mg/kg,plasma,Clp (plasma clearance),1.13,mL.kg/hr AS PRINTED BY EPA (mL/kg/hr intended),,,0.31,noncompartmental PK analysis of plasma concentration vs time,measured,"Kemper et al. (2003), sexually mature male Sprague-Dawley rats, 4 per dose group, single gavage (or IV) dose of 14C-labelled ammonium PFOA. EPA footnote: data presented as mean +/- (standard deviation); the SD is printed in parentheses. UNIT ERROR IN EPA'S TABLE: clearance is printed as 'mL.kg/hr'; the correct unit for a body-weight-normalized plasma clearance is mL/kg/hr. Converting: 0.962 mL/kg/hr x 24 = 23.1 mL/kg/day. ","agrees with db/animal_halflife_measured.csv after unit conversion: the project holds 27.1 mL/day/kg for this arm (via ATSDR 2021 Table 3-5), and EPA's 1.13 mL/kg/hr x 24 h = 27.1 mL/kg/day. EPA's printed unit 'mL.kg/hr' is wrong."
Kemper et al. (2003),2003,"US EPA 2024, Appendix to the Final Human Health Toxicity Assessment for PFOA, EPA-815R24006",Table B-37. PK Parameters in Male Sprague-Dawley Rats Following Administration of PFOA as Reported by Kemper et al. (2003),PFOA (14C-labelled ammonium salt),rat,Sprague-Dawley,male,4 per dose group,IV (intravenous),1,mg/kg,plasma,Clp (plasma clearance),0.896,mL.kg/hr AS PRINTED BY EPA (mL/kg/hr intended),,,0.082,noncompartmental PK analysis of plasma concentration vs time,measured,"Kemper et al. (2003), sexually mature male Sprague-Dawley rats, 4 per dose group, single gavage (or IV) dose of 14C-labelled ammonium PFOA. EPA footnote: data presented as mean +/- (standard deviation); the SD is printed in parentheses. EPA places the IV arm in its own column headed '1 mg/kg (IV)'; Tmax and Cmax are NA for the IV route. UNIT ERROR IN EPA'S TABLE: clearance is printed as 'mL.kg/hr'; the correct unit for a body-weight-normalized plasma clearance is mL/kg/hr. Converting: 0.962 mL/kg/hr x 24 = 23.1 mL/kg/day. ",EPA unit printed as 'mL.kg/hr' where mL/kg/hr is meant. No matching clearance row in db/animal_halflife_measured.csv for this arm.
Kemper et al. (2003),2003,"US EPA 2024, Appendix to the Final Human Health Toxicity Assessment for PFOA, EPA-815R24006",Table B-37. PK Parameters in Male Sprague-Dawley Rats Following Administration of PFOA as Reported by Kemper et al. (2003),PFOA (14C-labelled ammonium salt),rat,Sprague-Dawley,male,4 per dose group,oral (gavage),0.1 (extended sampling time),mg/kg,plasma,Clp (plasma clearance),0.51,mL.kg/hr AS PRINTED BY EPA (mL/kg/hr intended),,,0.17,noncompartmental PK analysis of plasma concentration vs time,measured,"Kemper et al. (2003), sexually mature male Sprague-Dawley rats, 4 per dose group, single gavage (or IV) dose of 14C-labelled ammonium PFOA. EPA footnote: data presented as mean +/- (standard deviation); the SD is printed in parentheses. EXTENDED TIME arm: 0.1 mg/kg orally with plasma sampled until PFOA fell below the limit of quantitation (2,016 hours in males). UNIT ERROR IN EPA'S TABLE: clearance is printed as 'mL.kg/hr'; the correct unit for a body-weight-normalized plasma clearance is mL/kg/hr. Converting: 0.962 mL/kg/hr x 24 = 23.1 mL/kg/day. ",EPA unit printed as 'mL.kg/hr' where mL/kg/hr is meant. No matching clearance row in db/animal_halflife_measured.csv for this arm.
Kemper et al. (2003),2003,"US EPA 2024, Appendix to the Final Human Health Toxicity Assessment for PFOA, EPA-815R24006",Table B-38. PK Parameters in Female Sprague-Dawley Rats Following Administration of PFOA as Reported by Kemper et al. (2003),PFOA (14C-labelled ammonium salt),rat,Sprague-Dawley,female,4 per dose group,oral (gavage),0.1,mg/kg,plasma,Tmax,0.56,hr,,,0.31,noncompartmental PK analysis; EPA notes female plasma elimination curves were biphasic at 5 and 25 mg/kg,measured,"Kemper et al. (2003), sexually mature female Sprague-Dawley rats, 4 per dose group, single gavage (or IV) dose of 14C-labelled ammonium PFOA. EPA footnote: data presented as mean +/- (standard deviation), SD in parentheses. SEX-SPECIFIC: female Tmax is 0.56-1.50 hr against male 7.5-15.0 hr (Table B-37) - females reach peak plasma concentration roughly 10-fold faster. ",Tmax/Cmax not held in db/animal_halflife_measured.csv - new to the project.
Kemper et al. (2003),2003,"US EPA 2024, Appendix to the Final Human Health Toxicity Assessment for PFOA, EPA-815R24006",Table B-38. PK Parameters in Female Sprague-Dawley Rats Following Administration of PFOA as Reported by Kemper et al. (2003),PFOA (14C-labelled ammonium salt),rat,Sprague-Dawley,female,4 per dose group,oral (gavage),1,mg/kg,plasma,Tmax,1.13,hr,,,0.63,noncompartmental PK analysis; EPA notes female plasma elimination curves were biphasic at 5 and 25 mg/kg,measured,"Kemper et al. (2003), sexually mature female Sprague-Dawley rats, 4 per dose group, single gavage (or IV) dose of 14C-labelled ammonium PFOA. EPA footnote: data presented as mean +/- (standard deviation), SD in parentheses. SEX-SPECIFIC: female Tmax is 0.56-1.50 hr against male 7.5-15.0 hr (Table B-37) - females reach peak plasma concentration roughly 10-fold faster. ",Tmax/Cmax not held in db/animal_halflife_measured.csv - new to the project.
Kemper et al. (2003),2003,"US EPA 2024, Appendix to the Final Human Health Toxicity Assessment for PFOA, EPA-815R24006",Table B-38. PK Parameters in Female Sprague-Dawley Rats Following Administration of PFOA as Reported by Kemper et al. (2003),PFOA (14C-labelled ammonium salt),rat,Sprague-Dawley,female,4 per dose group,oral (gavage),5,mg/kg,plasma,Tmax,1.50,hr,,,0.58,noncompartmental PK analysis; EPA notes female plasma elimination curves were biphasic at 5 and 25 mg/kg,measured,"Kemper et al. (2003), sexually mature female Sprague-Dawley rats, 4 per dose group, single gavage (or IV) dose of 14C-labelled ammonium PFOA. EPA footnote: data presented as mean +/- (standard deviation), SD in parentheses. SEX-SPECIFIC: female Tmax is 0.56-1.50 hr against male 7.5-15.0 hr (Table B-37) - females reach peak plasma concentration roughly 10-fold faster. ",Tmax/Cmax not held in db/animal_halflife_measured.csv - new to the project.
Kemper et al. (2003),2003,"US EPA 2024, Appendix to the Final Human Health Toxicity Assessment for PFOA, EPA-815R24006",Table B-38. PK Parameters in Female Sprague-Dawley Rats Following Administration of PFOA as Reported by Kemper et al. (2003),PFOA (14C-labelled ammonium salt),rat,Sprague-Dawley,female,4 per dose group,oral (gavage),25,mg/kg,plasma,Tmax,1.25,hr,,,0.87,noncompartmental PK analysis; EPA notes female plasma elimination curves were biphasic at 5 and 25 mg/kg,measured,"Kemper et al. (2003), sexually mature female Sprague-Dawley rats, 4 per dose group, single gavage (or IV) dose of 14C-labelled ammonium PFOA. EPA footnote: data presented as mean +/- (standard deviation), SD in parentheses. SEX-SPECIFIC: female Tmax is 0.56-1.50 hr against male 7.5-15.0 hr (Table B-37) - females reach peak plasma concentration roughly 10-fold faster. ",Tmax/Cmax not held in db/animal_halflife_measured.csv - new to the project.
Kemper et al. (2003),2003,"US EPA 2024, Appendix to the Final Human Health Toxicity Assessment for PFOA, EPA-815R24006",Table B-38. PK Parameters in Female Sprague-Dawley Rats Following Administration of PFOA as Reported by Kemper et al. (2003),PFOA (14C-labelled ammonium salt),rat,Sprague-Dawley,female,4 per dose group,IV (intravenous),1,mg/kg,plasma,Tmax,NA,not applicable,,,,noncompartmental PK analysis; EPA notes female plasma elimination curves were biphasic at 5 and 25 mg/kg,not applicable (NA),"Kemper et al. (2003), sexually mature female Sprague-Dawley rats, 4 per dose group, single gavage (or IV) dose of 14C-labelled ammonium PFOA. EPA footnote: data presented as mean +/- (standard deviation), SD in parentheses. Tmax and Cmax are NA for the IV route. SEX-SPECIFIC: female Tmax is 0.56-1.50 hr against male 7.5-15.0 hr (Table B-37) - females reach peak plasma concentration roughly 10-fold faster. ",Tmax/Cmax not held in db/animal_halflife_measured.csv - new to the project.
Kemper et al. (2003),2003,"US EPA 2024, Appendix to the Final Human Health Toxicity Assessment for PFOA, EPA-815R24006",Table B-38. PK Parameters in Female Sprague-Dawley Rats Following Administration of PFOA as Reported by Kemper et al. (2003),PFOA (14C-labelled ammonium salt),rat,Sprague-Dawley,female,4 per dose group,oral (gavage),0.1 (extended sampling time),mg/kg,plasma,Tmax,1.25,hr,,,0.50,noncompartmental PK analysis; EPA notes female plasma elimination curves were biphasic at 5 and 25 mg/kg,measured,"Kemper et al. (2003), sexually mature female Sprague-Dawley rats, 4 per dose group, single gavage (or IV) dose of 14C-labelled ammonium PFOA. EPA footnote: data presented as mean +/- (standard deviation), SD in parentheses. EXTENDED TIME arm: 0.1 mg/kg orally with plasma sampled to below the limit of quantitation. SEX-SPECIFIC: female Tmax is 0.56-1.50 hr against male 7.5-15.0 hr (Table B-37) - females reach peak plasma concentration roughly 10-fold faster. ",Tmax/Cmax not held in db/animal_halflife_measured.csv - new to the project.
Kemper et al. (2003),2003,"US EPA 2024, Appendix to the Final Human Health Toxicity Assessment for PFOA, EPA-815R24006",Table B-38. PK Parameters in Female Sprague-Dawley Rats Following Administration of PFOA as Reported by Kemper et al. (2003),PFOA (14C-labelled ammonium salt),rat,Sprague-Dawley,female,4 per dose group,oral (gavage),0.1,mg/kg,plasma,Cmax,0.67,ug/mL,,,0.07,noncompartmental PK analysis; EPA notes female plasma elimination curves were biphasic at 5 and 25 mg/kg,measured,"Kemper et al. (2003), sexually mature female Sprague-Dawley rats, 4 per dose group, single gavage (or IV) dose of 14C-labelled ammonium PFOA. EPA footnote: data presented as mean +/- (standard deviation), SD in parentheses. Female Cmax is lower than male at every dose despite the identical dosing. ",Tmax/Cmax not held in db/animal_halflife_measured.csv - new to the project.
Kemper et al. (2003),2003,"US EPA 2024, Appendix to the Final Human Health Toxicity Assessment for PFOA, EPA-815R24006",Table B-38. PK Parameters in Female Sprague-Dawley Rats Following Administration of PFOA as Reported by Kemper et al. (2003),PFOA (14C-labelled ammonium salt),rat,Sprague-Dawley,female,4 per dose group,oral (gavage),1,mg/kg,plasma,Cmax,4.782,ug/mL,,,1.149,noncompartmental PK analysis; EPA notes female plasma elimination curves were biphasic at 5 and 25 mg/kg,measured,"Kemper et al. (2003), sexually mature female Sprague-Dawley rats, 4 per dose group, single gavage (or IV) dose of 14C-labelled ammonium PFOA. EPA footnote: data presented as mean +/- (standard deviation), SD in parentheses. Female Cmax is lower than male at every dose despite the identical dosing. ",Tmax/Cmax not held in db/animal_halflife_measured.csv - new to the project.
Kemper et al. (2003),2003,"US EPA 2024, Appendix to the Final Human Health Toxicity Assessment for PFOA, EPA-815R24006",Table B-38. PK Parameters in Female Sprague-Dawley Rats Following Administration of PFOA as Reported by Kemper et al. (2003),PFOA (14C-labelled ammonium salt),rat,Sprague-Dawley,female,4 per dose group,oral (gavage),5,mg/kg,plasma,Cmax,20.36,ug/mL,,,1.58,noncompartmental PK analysis; EPA notes female plasma elimination curves were biphasic at 5 and 25 mg/kg,measured,"Kemper et al. (2003), sexually mature female Sprague-Dawley rats, 4 per dose group, single gavage (or IV) dose of 14C-labelled ammonium PFOA. EPA footnote: data presented as mean +/- (standard deviation), SD in parentheses. Female Cmax is lower than male at every dose despite the identical dosing. ",Tmax/Cmax not held in db/animal_halflife_measured.csv - new to the project.
Kemper et al. (2003),2003,"US EPA 2024, Appendix to the Final Human Health Toxicity Assessment for PFOA, EPA-815R24006",Table B-38. PK Parameters in Female Sprague-Dawley Rats Following Administration of PFOA as Reported by Kemper et al. (2003),PFOA (14C-labelled ammonium salt),rat,Sprague-Dawley,female,4 per dose group,oral (gavage),25,mg/kg,plasma,Cmax,132.6,ug/mL,,,46.0,noncompartmental PK analysis; EPA notes female plasma elimination curves were biphasic at 5 and 25 mg/kg,measured,"Kemper et al. (2003), sexually mature female Sprague-Dawley rats, 4 per dose group, single gavage (or IV) dose of 14C-labelled ammonium PFOA. EPA footnote: data presented as mean +/- (standard deviation), SD in parentheses. Female Cmax is lower than male at every dose despite the identical dosing. ",Tmax/Cmax not held in db/animal_halflife_measured.csv - new to the project.
Kemper et al. (2003),2003,"US EPA 2024, Appendix to the Final Human Health Toxicity Assessment for PFOA, EPA-815R24006",Table B-38. PK Parameters in Female Sprague-Dawley Rats Following Administration of PFOA as Reported by Kemper et al. (2003),PFOA (14C-labelled ammonium salt),rat,Sprague-Dawley,female,4 per dose group,IV (intravenous),1,mg/kg,plasma,Cmax,NA,not applicable,,,,noncompartmental PK analysis; EPA notes female plasma elimination curves were biphasic at 5 and 25 mg/kg,not applicable (NA),"Kemper et al. (2003), sexually mature female Sprague-Dawley rats, 4 per dose group, single gavage (or IV) dose of 14C-labelled ammonium PFOA. EPA footnote: data presented as mean +/- (standard deviation), SD in parentheses. Tmax and Cmax are NA for the IV route. Female Cmax is lower than male at every dose despite the identical dosing. ",Tmax/Cmax not held in db/animal_halflife_measured.csv - new to the project.
Kemper et al. (2003),2003,"US EPA 2024, Appendix to the Final Human Health Toxicity Assessment for PFOA, EPA-815R24006",Table B-38. PK Parameters in Female Sprague-Dawley Rats Following Administration of PFOA as Reported by Kemper et al. (2003),PFOA (14C-labelled ammonium salt),rat,Sprague-Dawley,female,4 per dose group,oral (gavage),0.1 (extended sampling time),mg/kg,plasma,Cmax,0.52,ug/mL,,,0.08,noncompartmental PK analysis; EPA notes female plasma elimination curves were biphasic at 5 and 25 mg/kg,measured,"Kemper et al. (2003), sexually mature female Sprague-Dawley rats, 4 per dose group, single gavage (or IV) dose of 14C-labelled ammonium PFOA. EPA footnote: data presented as mean +/- (standard deviation), SD in parentheses. EXTENDED TIME arm: 0.1 mg/kg orally with plasma sampled to below the limit of quantitation. Female Cmax is lower than male at every dose despite the identical dosing. ",Tmax/Cmax not held in db/animal_halflife_measured.csv - new to the project.
Kemper et al. (2003),2003,"US EPA 2024, Appendix to the Final Human Health Toxicity Assessment for PFOA, EPA-815R24006",Table B-38. PK Parameters in Female Sprague-Dawley Rats Following Administration of PFOA as Reported by Kemper et al. (2003),PFOA (14C-labelled ammonium salt),rat,Sprague-Dawley,female,4 per dose group,oral (gavage),0.1,mg/kg,plasma,Lambda z (terminal elimination rate constant),0.231,1/hr,,,0.066,noncompartmental PK analysis; EPA notes female plasma elimination curves were biphasic at 5 and 25 mg/kg,measured,"Kemper et al. (2003), sexually mature female Sprague-Dawley rats, 4 per dose group, single gavage (or IV) dose of 14C-labelled ammonium PFOA. EPA footnote: data presented as mean +/- (standard deviation), SD in parentheses. SEX-SPECIFIC: female Lambda z is 0.059-0.250 /hr against male 0.0026-0.005 /hr, a 12-96-fold difference. Female Lambda z FALLS with dose (0.231 -> 0.059 /hr over 0.1 -> 25 mg/kg), i.e. saturable elimination; the male constant is flat. ","Elimination rate constants for Kemper 2003 are not held in db/animal_halflife_measured.csv - new to the project, and the clearest expression of the saturable female elimination."
Kemper et al. (2003),2003,"US EPA 2024, Appendix to the Final Human Health Toxicity Assessment for PFOA, EPA-815R24006",Table B-38. PK Parameters in Female Sprague-Dawley Rats Following Administration of PFOA as Reported by Kemper et al. (2003),PFOA (14C-labelled ammonium salt),rat,Sprague-Dawley,female,4 per dose group,oral (gavage),1,mg/kg,plasma,Lambda z (terminal elimination rate constant),0.213,1/hr,,,0.053,noncompartmental PK analysis; EPA notes female plasma elimination curves were biphasic at 5 and 25 mg/kg,measured,"Kemper et al. (2003), sexually mature female Sprague-Dawley rats, 4 per dose group, single gavage (or IV) dose of 14C-labelled ammonium PFOA. EPA footnote: data presented as mean +/- (standard deviation), SD in parentheses. SEX-SPECIFIC: female Lambda z is 0.059-0.250 /hr against male 0.0026-0.005 /hr, a 12-96-fold difference. Female Lambda z FALLS with dose (0.231 -> 0.059 /hr over 0.1 -> 25 mg/kg), i.e. saturable elimination; the male constant is flat. ","Elimination rate constants for Kemper 2003 are not held in db/animal_halflife_measured.csv - new to the project, and the clearest expression of the saturable female elimination."
Kemper et al. (2003),2003,"US EPA 2024, Appendix to the Final Human Health Toxicity Assessment for PFOA, EPA-815R24006",Table B-38. PK Parameters in Female Sprague-Dawley Rats Following Administration of PFOA as Reported by Kemper et al. (2003),PFOA (14C-labelled ammonium salt),rat,Sprague-Dawley,female,4 per dose group,oral (gavage),5,mg/kg,plasma,Lambda z (terminal elimination rate constant),0.15,1/hr,,,0.02,noncompartmental PK analysis; EPA notes female plasma elimination curves were biphasic at 5 and 25 mg/kg,measured,"Kemper et al. (2003), sexually mature female Sprague-Dawley rats, 4 per dose group, single gavage (or IV) dose of 14C-labelled ammonium PFOA. EPA footnote: data presented as mean +/- (standard deviation), SD in parentheses. SEX-SPECIFIC: female Lambda z is 0.059-0.250 /hr against male 0.0026-0.005 /hr, a 12-96-fold difference. Female Lambda z FALLS with dose (0.231 -> 0.059 /hr over 0.1 -> 25 mg/kg), i.e. saturable elimination; the male constant is flat. ","Elimination rate constants for Kemper 2003 are not held in db/animal_halflife_measured.csv - new to the project, and the clearest expression of the saturable female elimination."
Kemper et al. (2003),2003,"US EPA 2024, Appendix to the Final Human Health Toxicity Assessment for PFOA, EPA-815R24006",Table B-38. PK Parameters in Female Sprague-Dawley Rats Following Administration of PFOA as Reported by Kemper et al. (2003),PFOA (14C-labelled ammonium salt),rat,Sprague-Dawley,female,4 per dose group,oral (gavage),25,mg/kg,plasma,Lambda z (terminal elimination rate constant),0.059,1/hr,,,0.037,noncompartmental PK analysis; EPA notes female plasma elimination curves were biphasic at 5 and 25 mg/kg,measured,"Kemper et al. (2003), sexually mature female Sprague-Dawley rats, 4 per dose group, single gavage (or IV) dose of 14C-labelled ammonium PFOA. EPA footnote: data presented as mean +/- (standard deviation), SD in parentheses. SEX-SPECIFIC: female Lambda z is 0.059-0.250 /hr against male 0.0026-0.005 /hr, a 12-96-fold difference. Female Lambda z FALLS with dose (0.231 -> 0.059 /hr over 0.1 -> 25 mg/kg), i.e. saturable elimination; the male constant is flat. ","Elimination rate constants for Kemper 2003 are not held in db/animal_halflife_measured.csv - new to the project, and the clearest expression of the saturable female elimination."
Kemper et al. (2003),2003,"US EPA 2024, Appendix to the Final Human Health Toxicity Assessment for PFOA, EPA-815R24006",Table B-38. PK Parameters in Female Sprague-Dawley Rats Following Administration of PFOA as Reported by Kemper et al. (2003),PFOA (14C-labelled ammonium salt),rat,Sprague-Dawley,female,4 per dose group,IV (intravenous),1,mg/kg,plasma,Lambda z (terminal elimination rate constant),0.250,1/hr,,,0.047,noncompartmental PK analysis; EPA notes female plasma elimination curves were biphasic at 5 and 25 mg/kg,measured,"Kemper et al. (2003), sexually mature female Sprague-Dawley rats, 4 per dose group, single gavage (or IV) dose of 14C-labelled ammonium PFOA. EPA footnote: data presented as mean +/- (standard deviation), SD in parentheses. Tmax and Cmax are NA for the IV route. SEX-SPECIFIC: female Lambda z is 0.059-0.250 /hr against male 0.0026-0.005 /hr, a 12-96-fold difference. Female Lambda z FALLS with dose (0.231 -> 0.059 /hr over 0.1 -> 25 mg/kg), i.e. saturable elimination; the male constant is flat. ","Elimination rate constants for Kemper 2003 are not held in db/animal_halflife_measured.csv - new to the project, and the clearest expression of the saturable female elimination."
Kemper et al. (2003),2003,"US EPA 2024, Appendix to the Final Human Health Toxicity Assessment for PFOA, EPA-815R24006",Table B-38. PK Parameters in Female Sprague-Dawley Rats Following Administration of PFOA as Reported by Kemper et al. (2003),PFOA (14C-labelled ammonium salt),rat,Sprague-Dawley,female,4 per dose group,oral (gavage),0.1 (extended sampling time),mg/kg,plasma,Lambda z (terminal elimination rate constant),0.22,1/hr,,,0.07,noncompartmental PK analysis; EPA notes female plasma elimination curves were biphasic at 5 and 25 mg/kg,measured,"Kemper et al. (2003), sexually mature female Sprague-Dawley rats, 4 per dose group, single gavage (or IV) dose of 14C-labelled ammonium PFOA. EPA footnote: data presented as mean +/- (standard deviation), SD in parentheses. EXTENDED TIME arm: 0.1 mg/kg orally with plasma sampled to below the limit of quantitation. SEX-SPECIFIC: female Lambda z is 0.059-0.250 /hr against male 0.0026-0.005 /hr, a 12-96-fold difference. Female Lambda z FALLS with dose (0.231 -> 0.059 /hr over 0.1 -> 25 mg/kg), i.e. saturable elimination; the male constant is flat. ","Elimination rate constants for Kemper 2003 are not held in db/animal_halflife_measured.csv - new to the project, and the clearest expression of the saturable female elimination."
Kemper et al. (2003),2003,"US EPA 2024, Appendix to the Final Human Health Toxicity Assessment for PFOA, EPA-815R24006",Table B-38. PK Parameters in Female Sprague-Dawley Rats Following Administration of PFOA as Reported by Kemper et al. (2003),PFOA (14C-labelled ammonium salt),rat,Sprague-Dawley,female,4 per dose group,oral (gavage),0.1,mg/kg,plasma,T1/2 (terminal elimination half-life),3.206,hr,,,0.905,noncompartmental PK analysis; EPA notes female plasma elimination curves were biphasic at 5 and 25 mg/kg,measured,"Kemper et al. (2003), sexually mature female Sprague-Dawley rats, 4 per dose group, single gavage (or IV) dose of 14C-labelled ammonium PFOA. EPA footnote: data presented as mean +/- (standard deviation), SD in parentheses. SEX-SPECIFIC: the matching male value in Table B-37 is 201.774 hr, a ratio of 63-fold. Unlike the male, the female half-life is strongly DOSE-DEPENDENT, rising 5-fold from 3.21 hr at 0.1 mg/kg to 16.22 hr at 25 mg/kg - EPA's narrative notes female plasma elimination curves were BIPHASIC at 5 and 25 mg/kg. The 25 mg/kg SD (9.90 hr) is 61% of the mean, the least precise female estimate. ","agrees with db/animal_halflife_measured.csv, which holds 3.2 h for this arm via the ATSDR 2021 Table 3-5 compilation vs EPA's 3.206 h. NOTE Table B-40 rounds this same value to 0.1 days, which destroys the dose trend - use these hours-scale values instead."
Kemper et al. (2003),2003,"US EPA 2024, Appendix to the Final Human Health Toxicity Assessment for PFOA, EPA-815R24006",Table B-38. PK Parameters in Female Sprague-Dawley Rats Following Administration of PFOA as Reported by Kemper et al. (2003),PFOA (14C-labelled ammonium salt),rat,Sprague-Dawley,female,4 per dose group,oral (gavage),1,mg/kg,plasma,T1/2 (terminal elimination half-life),3.457,hr,,,1.111,noncompartmental PK analysis; EPA notes female plasma elimination curves were biphasic at 5 and 25 mg/kg,measured,"Kemper et al. (2003), sexually mature female Sprague-Dawley rats, 4 per dose group, single gavage (or IV) dose of 14C-labelled ammonium PFOA. EPA footnote: data presented as mean +/- (standard deviation), SD in parentheses. SEX-SPECIFIC: the matching male value in Table B-37 is 138.343 hr, a ratio of 40-fold. Unlike the male, the female half-life is strongly DOSE-DEPENDENT, rising 5-fold from 3.21 hr at 0.1 mg/kg to 16.22 hr at 25 mg/kg - EPA's narrative notes female plasma elimination curves were BIPHASIC at 5 and 25 mg/kg. The 25 mg/kg SD (9.90 hr) is 61% of the mean, the least precise female estimate. ","agrees with db/animal_halflife_measured.csv, which holds 3.5 h for this arm via the ATSDR 2021 Table 3-5 compilation vs EPA's 3.457 h. NOTE Table B-40 rounds this same value to 0.1 days, which destroys the dose trend - use these hours-scale values instead."
Kemper et al. (2003),2003,"US EPA 2024, Appendix to the Final Human Health Toxicity Assessment for PFOA, EPA-815R24006",Table B-38. PK Parameters in Female Sprague-Dawley Rats Following Administration of PFOA as Reported by Kemper et al. (2003),PFOA (14C-labelled ammonium salt),rat,Sprague-Dawley,female,4 per dose group,oral (gavage),5,mg/kg,plasma,T1/2 (terminal elimination half-life),4.60,hr,,,0.64,noncompartmental PK analysis; EPA notes female plasma elimination curves were biphasic at 5 and 25 mg/kg,measured,"Kemper et al. (2003), sexually mature female Sprague-Dawley rats, 4 per dose group, single gavage (or IV) dose of 14C-labelled ammonium PFOA. EPA footnote: data presented as mean +/- (standard deviation), SD in parentheses. SEX-SPECIFIC: the matching male value in Table B-37 is 174.19 hr, a ratio of 38-fold. Unlike the male, the female half-life is strongly DOSE-DEPENDENT, rising 5-fold from 3.21 hr at 0.1 mg/kg to 16.22 hr at 25 mg/kg - EPA's narrative notes female plasma elimination curves were BIPHASIC at 5 and 25 mg/kg. The 25 mg/kg SD (9.90 hr) is 61% of the mean, the least precise female estimate. ","agrees with db/animal_halflife_measured.csv, which holds 4.6 h for this arm via the ATSDR 2021 Table 3-5 compilation vs EPA's 4.60 h. NOTE Table B-40 rounds this same value to 0.2 days, which destroys the dose trend - use these hours-scale values instead."
Kemper et al. (2003),2003,"US EPA 2024, Appendix to the Final Human Health Toxicity Assessment for PFOA, EPA-815R24006",Table B-38. PK Parameters in Female Sprague-Dawley Rats Following Administration of PFOA as Reported by Kemper et al. (2003),PFOA (14C-labelled ammonium salt),rat,Sprague-Dawley,female,4 per dose group,oral (gavage),25,mg/kg,plasma,T1/2 (terminal elimination half-life),16.22,hr,,,9.90,noncompartmental PK analysis; EPA notes female plasma elimination curves were biphasic at 5 and 25 mg/kg,measured,"Kemper et al. (2003), sexually mature female Sprague-Dawley rats, 4 per dose group, single gavage (or IV) dose of 14C-labelled ammonium PFOA. EPA footnote: data presented as mean +/- (standard deviation), SD in parentheses. SEX-SPECIFIC: the matching male value in Table B-37 is 157.47 hr, a ratio of 10-fold. Unlike the male, the female half-life is strongly DOSE-DEPENDENT, rising 5-fold from 3.21 hr at 0.1 mg/kg to 16.22 hr at 25 mg/kg - EPA's narrative notes female plasma elimination curves were BIPHASIC at 5 and 25 mg/kg. The 25 mg/kg SD (9.90 hr) is 61% of the mean, the least precise female estimate. ","agrees with db/animal_halflife_measured.csv, which holds 16.2 h for this arm via the ATSDR 2021 Table 3-5 compilation vs EPA's 16.22 h. NOTE Table B-40 rounds this same value to 0.7 days, which destroys the dose trend - use these hours-scale values instead."
Kemper et al. (2003),2003,"US EPA 2024, Appendix to the Final Human Health Toxicity Assessment for PFOA, EPA-815R24006",Table B-38. PK Parameters in Female Sprague-Dawley Rats Following Administration of PFOA as Reported by Kemper et al. (2003),PFOA (14C-labelled ammonium salt),rat,Sprague-Dawley,female,4 per dose group,IV (intravenous),1,mg/kg,plasma,T1/2 (terminal elimination half-life),2.844,hr,,,0.514,noncompartmental PK analysis; EPA notes female plasma elimination curves were biphasic at 5 and 25 mg/kg,measured,"Kemper et al. (2003), sexually mature female Sprague-Dawley rats, 4 per dose group, single gavage (or IV) dose of 14C-labelled ammonium PFOA. EPA footnote: data presented as mean +/- (standard deviation), SD in parentheses. Tmax and Cmax are NA for the IV route. SEX-SPECIFIC: the matching male value in Table B-37 is 185.584 hr, a ratio of 65-fold. Unlike the male, the female half-life is strongly DOSE-DEPENDENT, rising 5-fold from 3.21 hr at 0.1 mg/kg to 16.22 hr at 25 mg/kg - EPA's narrative notes female plasma elimination curves were BIPHASIC at 5 and 25 mg/kg. The 25 mg/kg SD (9.90 hr) is 61% of the mean, the least precise female estimate. ","agrees with db/animal_halflife_measured.csv, which holds 2.8 h for this arm via the ATSDR 2021 Table 3-5 compilation vs EPA's 2.844 h. NOTE Table B-40 rounds this same value to 0.1 days, which destroys the dose trend - use these hours-scale values instead."
Kemper et al. (2003),2003,"US EPA 2024, Appendix to the Final Human Health Toxicity Assessment for PFOA, EPA-815R24006",Table B-38. PK Parameters in Female Sprague-Dawley Rats Following Administration of PFOA as Reported by Kemper et al. (2003),PFOA (14C-labelled ammonium salt),rat,Sprague-Dawley,female,4 per dose group,oral (gavage),0.1 (extended sampling time),mg/kg,plasma,T1/2 (terminal elimination half-life),3.44,hr,,,1.26,noncompartmental PK analysis; EPA notes female plasma elimination curves were biphasic at 5 and 25 mg/kg,measured,"Kemper et al. (2003), sexually mature female Sprague-Dawley rats, 4 per dose group, single gavage (or IV) dose of 14C-labelled ammonium PFOA. EPA footnote: data presented as mean +/- (standard deviation), SD in parentheses. EXTENDED TIME arm: 0.1 mg/kg orally with plasma sampled to below the limit of quantitation. SEX-SPECIFIC: the matching male value in Table B-37 is 277.10 hr, a ratio of 81-fold. Unlike the male, the female half-life is strongly DOSE-DEPENDENT, rising 5-fold from 3.21 hr at 0.1 mg/kg to 16.22 hr at 25 mg/kg - EPA's narrative notes female plasma elimination curves were BIPHASIC at 5 and 25 mg/kg. The 25 mg/kg SD (9.90 hr) is 61% of the mean, the least precise female estimate. ","EXTENDED-TIME female arm: 3.44 (1.26) h, matching EPA's narrative value of 'approximately 3.4 hours'. Not separately held in db/animal_halflife_measured.csv."
Kemper et al. (2003),2003,"US EPA 2024, Appendix to the Final Human Health Toxicity Assessment for PFOA, EPA-815R24006",Table B-38. PK Parameters in Female Sprague-Dawley Rats Following Administration of PFOA as Reported by Kemper et al. (2003),PFOA (14C-labelled ammonium salt),rat,Sprague-Dawley,female,4 per dose group,oral (gavage),0.1,mg/kg,plasma,AUCINF,3.584,hr.ug/mL,,,0.666,noncompartmental PK analysis; EPA notes female plasma elimination curves were biphasic at 5 and 25 mg/kg,measured,"Kemper et al. (2003), sexually mature female Sprague-Dawley rats, 4 per dose group, single gavage (or IV) dose of 14C-labelled ammonium PFOA. EPA footnote: data presented as mean +/- (standard deviation), SD in parentheses. SEX-SPECIFIC: male AUCINF at the same dose is 123.224 hr.ug/mL. ",AUC values not held in db/animal_halflife_measured.csv - new to the project.
Kemper et al. (2003),2003,"US EPA 2024, Appendix to the Final Human Health Toxicity Assessment for PFOA, EPA-815R24006",Table B-38. PK Parameters in Female Sprague-Dawley Rats Following Administration of PFOA as Reported by Kemper et al. (2003),PFOA (14C-labelled ammonium salt),rat,Sprague-Dawley,female,4 per dose group,oral (gavage),1,mg/kg,plasma,AUCINF,39.072,hr.ug/mL,,,10.172,noncompartmental PK analysis; EPA notes female plasma elimination curves were biphasic at 5 and 25 mg/kg,measured,"Kemper et al. (2003), sexually mature female Sprague-Dawley rats, 4 per dose group, single gavage (or IV) dose of 14C-labelled ammonium PFOA. EPA footnote: data presented as mean +/- (standard deviation), SD in parentheses. SEX-SPECIFIC: male AUCINF at the same dose is 1,194.463 hr.ug/mL. ",AUC values not held in db/animal_halflife_measured.csv - new to the project.
Kemper et al. (2003),2003,"US EPA 2024, Appendix to the Final Human Health Toxicity Assessment for PFOA, EPA-815R24006",Table B-38. PK Parameters in Female Sprague-Dawley Rats Following Administration of PFOA as Reported by Kemper et al. (2003),PFOA (14C-labelled ammonium salt),rat,Sprague-Dawley,female,4 per dose group,oral (gavage),5,mg/kg,plasma,AUCINF,114.90,hr.ug/mL,,,11.23,noncompartmental PK analysis; EPA notes female plasma elimination curves were biphasic at 5 and 25 mg/kg,measured,"Kemper et al. (2003), sexually mature female Sprague-Dawley rats, 4 per dose group, single gavage (or IV) dose of 14C-labelled ammonium PFOA. EPA footnote: data presented as mean +/- (standard deviation), SD in parentheses. SEX-SPECIFIC: male AUCINF at the same dose is 6,733.70 hr.ug/mL. ",AUC values not held in db/animal_halflife_measured.csv - new to the project.
Kemper et al. (2003),2003,"US EPA 2024, Appendix to the Final Human Health Toxicity Assessment for PFOA, EPA-815R24006",Table B-38. PK Parameters in Female Sprague-Dawley Rats Following Administration of PFOA as Reported by Kemper et al. (2003),PFOA (14C-labelled ammonium salt),rat,Sprague-Dawley,female,4 per dose group,oral (gavage),25,mg/kg,plasma,AUCINF,795.76,hr.ug/mL,,,187.51,noncompartmental PK analysis; EPA notes female plasma elimination curves were biphasic at 5 and 25 mg/kg,measured,"Kemper et al. (2003), sexually mature female Sprague-Dawley rats, 4 per dose group, single gavage (or IV) dose of 14C-labelled ammonium PFOA. EPA footnote: data presented as mean +/- (standard deviation), SD in parentheses. SEX-SPECIFIC: male AUCINF at the same dose is 25,155.61 hr.ug/mL. ",AUC values not held in db/animal_halflife_measured.csv - new to the project.
Kemper et al. (2003),2003,"US EPA 2024, Appendix to the Final Human Health Toxicity Assessment for PFOA, EPA-815R24006",Table B-38. PK Parameters in Female Sprague-Dawley Rats Following Administration of PFOA as Reported by Kemper et al. (2003),PFOA (14C-labelled ammonium salt),rat,Sprague-Dawley,female,4 per dose group,IV (intravenous),1,mg/kg,plasma,AUCINF,33.998,hr.ug/mL,,,7.601,noncompartmental PK analysis; EPA notes female plasma elimination curves were biphasic at 5 and 25 mg/kg,measured,"Kemper et al. (2003), sexually mature female Sprague-Dawley rats, 4 per dose group, single gavage (or IV) dose of 14C-labelled ammonium PFOA. EPA footnote: data presented as mean +/- (standard deviation), SD in parentheses. Tmax and Cmax are NA for the IV route. SEX-SPECIFIC: male AUCINF at the same dose is 1,249.817 hr.ug/mL. ",AUC values not held in db/animal_halflife_measured.csv - new to the project.
Kemper et al. (2003),2003,"US EPA 2024, Appendix to the Final Human Health Toxicity Assessment for PFOA, EPA-815R24006",Table B-38. PK Parameters in Female Sprague-Dawley Rats Following Administration of PFOA as Reported by Kemper et al. (2003),PFOA (14C-labelled ammonium salt),rat,Sprague-Dawley,female,4 per dose group,oral (gavage),0.1 (extended sampling time),mg/kg,plasma,AUCINF,3.34,hr.ug/mL,,,0.32,noncompartmental PK analysis; EPA notes female plasma elimination curves were biphasic at 5 and 25 mg/kg,measured,"Kemper et al. (2003), sexually mature female Sprague-Dawley rats, 4 per dose group, single gavage (or IV) dose of 14C-labelled ammonium PFOA. EPA footnote: data presented as mean +/- (standard deviation), SD in parentheses. EXTENDED TIME arm: 0.1 mg/kg orally with plasma sampled to below the limit of quantitation. SEX-SPECIFIC: male AUCINF at the same dose is 206.38 hr.ug/mL. ",AUC values not held in db/animal_halflife_measured.csv - new to the project.
Kemper et al. (2003),2003,"US EPA 2024, Appendix to the Final Human Health Toxicity Assessment for PFOA, EPA-815R24006",Table B-38. PK Parameters in Female Sprague-Dawley Rats Following Administration of PFOA as Reported by Kemper et al. (2003),PFOA (14C-labelled ammonium salt),rat,Sprague-Dawley,female,4 per dose group,oral (gavage),0.1,mg/kg,plasma,AUCINF/D (dose-normalized AUC),31.721,hr.ug/mL per mg/kg,,,5.880,noncompartmental PK analysis; EPA notes female plasma elimination curves were biphasic at 5 and 25 mg/kg,measured,"Kemper et al. (2003), sexually mature female Sprague-Dawley rats, 4 per dose group, single gavage (or IV) dose of 14C-labelled ammonium PFOA. EPA footnote: data presented as mean +/- (standard deviation), SD in parentheses. Dose-normalized AUC in females is 20.78-38.635 hr.ug/mL per mg/kg against 942.65-2,111.28 in males - a 30-50-fold systemic exposure difference per unit dose. ",Dose-normalized AUC not held in the project db - new.
Kemper et al. (2003),2003,"US EPA 2024, Appendix to the Final Human Health Toxicity Assessment for PFOA, EPA-815R24006",Table B-38. PK Parameters in Female Sprague-Dawley Rats Following Administration of PFOA as Reported by Kemper et al. (2003),PFOA (14C-labelled ammonium salt),rat,Sprague-Dawley,female,4 per dose group,oral (gavage),1,mg/kg,plasma,AUCINF/D (dose-normalized AUC),38.635,hr.ug/mL per mg/kg,,,10.093,noncompartmental PK analysis; EPA notes female plasma elimination curves were biphasic at 5 and 25 mg/kg,measured,"Kemper et al. (2003), sexually mature female Sprague-Dawley rats, 4 per dose group, single gavage (or IV) dose of 14C-labelled ammonium PFOA. EPA footnote: data presented as mean +/- (standard deviation), SD in parentheses. Dose-normalized AUC in females is 20.78-38.635 hr.ug/mL per mg/kg against 942.65-2,111.28 in males - a 30-50-fold systemic exposure difference per unit dose. ",Dose-normalized AUC not held in the project db - new.
Kemper et al. (2003),2003,"US EPA 2024, Appendix to the Final Human Health Toxicity Assessment for PFOA, EPA-815R24006",Table B-38. PK Parameters in Female Sprague-Dawley Rats Following Administration of PFOA as Reported by Kemper et al. (2003),PFOA (14C-labelled ammonium salt),rat,Sprague-Dawley,female,4 per dose group,oral (gavage),5,mg/kg,plasma,AUCINF/D (dose-normalized AUC),20.78,hr.ug/mL per mg/kg,,,2.01,noncompartmental PK analysis; EPA notes female plasma elimination curves were biphasic at 5 and 25 mg/kg,measured,"Kemper et al. (2003), sexually mature female Sprague-Dawley rats, 4 per dose group, single gavage (or IV) dose of 14C-labelled ammonium PFOA. EPA footnote: data presented as mean +/- (standard deviation), SD in parentheses. Dose-normalized AUC in females is 20.78-38.635 hr.ug/mL per mg/kg against 942.65-2,111.28 in males - a 30-50-fold systemic exposure difference per unit dose. ",Dose-normalized AUC not held in the project db - new.
Kemper et al. (2003),2003,"US EPA 2024, Appendix to the Final Human Health Toxicity Assessment for PFOA, EPA-815R24006",Table B-38. PK Parameters in Female Sprague-Dawley Rats Following Administration of PFOA as Reported by Kemper et al. (2003),PFOA (14C-labelled ammonium salt),rat,Sprague-Dawley,female,4 per dose group,oral (gavage),25,mg/kg,plasma,AUCINF/D (dose-normalized AUC),29.54,hr.ug/mL per mg/kg,,,6.92,noncompartmental PK analysis; EPA notes female plasma elimination curves were biphasic at 5 and 25 mg/kg,measured,"Kemper et al. (2003), sexually mature female Sprague-Dawley rats, 4 per dose group, single gavage (or IV) dose of 14C-labelled ammonium PFOA. EPA footnote: data presented as mean +/- (standard deviation), SD in parentheses. Dose-normalized AUC in females is 20.78-38.635 hr.ug/mL per mg/kg against 942.65-2,111.28 in males - a 30-50-fold systemic exposure difference per unit dose. ",Dose-normalized AUC not held in the project db - new.
Kemper et al. (2003),2003,"US EPA 2024, Appendix to the Final Human Health Toxicity Assessment for PFOA, EPA-815R24006",Table B-38. PK Parameters in Female Sprague-Dawley Rats Following Administration of PFOA as Reported by Kemper et al. (2003),PFOA (14C-labelled ammonium salt),rat,Sprague-Dawley,female,4 per dose group,IV (intravenous),1,mg/kg,plasma,AUCINF/D (dose-normalized AUC),30.747,hr.ug/mL per mg/kg,,,6.759,noncompartmental PK analysis; EPA notes female plasma elimination curves were biphasic at 5 and 25 mg/kg,measured,"Kemper et al. (2003), sexually mature female Sprague-Dawley rats, 4 per dose group, single gavage (or IV) dose of 14C-labelled ammonium PFOA. EPA footnote: data presented as mean +/- (standard deviation), SD in parentheses. Tmax and Cmax are NA for the IV route. Dose-normalized AUC in females is 20.78-38.635 hr.ug/mL per mg/kg against 942.65-2,111.28 in males - a 30-50-fold systemic exposure difference per unit dose. ",Dose-normalized AUC not held in the project db - new.
Kemper et al. (2003),2003,"US EPA 2024, Appendix to the Final Human Health Toxicity Assessment for PFOA, EPA-815R24006",Table B-38. PK Parameters in Female Sprague-Dawley Rats Following Administration of PFOA as Reported by Kemper et al. (2003),PFOA (14C-labelled ammonium salt),rat,Sprague-Dawley,female,4 per dose group,oral (gavage),0.1 (extended sampling time),mg/kg,plasma,AUCINF/D (dose-normalized AUC),34.39,hr.ug/mL per mg/kg,,,3.29,noncompartmental PK analysis; EPA notes female plasma elimination curves were biphasic at 5 and 25 mg/kg,measured,"Kemper et al. (2003), sexually mature female Sprague-Dawley rats, 4 per dose group, single gavage (or IV) dose of 14C-labelled ammonium PFOA. EPA footnote: data presented as mean +/- (standard deviation), SD in parentheses. EXTENDED TIME arm: 0.1 mg/kg orally with plasma sampled to below the limit of quantitation. Dose-normalized AUC in females is 20.78-38.635 hr.ug/mL per mg/kg against 942.65-2,111.28 in males - a 30-50-fold systemic exposure difference per unit dose. ",Dose-normalized AUC not held in the project db - new.
Kemper et al. (2003),2003,"US EPA 2024, Appendix to the Final Human Health Toxicity Assessment for PFOA, EPA-815R24006",Table B-38. PK Parameters in Female Sprague-Dawley Rats Following Administration of PFOA as Reported by Kemper et al. (2003),PFOA (14C-labelled ammonium salt),rat,Sprague-Dawley,female,4 per dose group,oral (gavage),0.1,mg/kg,plasma,Clp (plasma clearance),32.359,mL.kg/hr AS PRINTED BY EPA (mL/kg/hr intended),,,6.025,noncompartmental PK analysis; EPA notes female plasma elimination curves were biphasic at 5 and 25 mg/kg,measured,"Kemper et al. (2003), sexually mature female Sprague-Dawley rats, 4 per dose group, single gavage (or IV) dose of 14C-labelled ammonium PFOA. EPA footnote: data presented as mean +/- (standard deviation), SD in parentheses. UNIT ERROR IN EPA'S TABLE: printed as 'mL.kg/hr' where mL/kg/hr is meant. 32.359 mL/kg/hr x 24 = 777 mL/kg/day. SEX-SPECIFIC: the matching male clearance in Table B-37 is 0.962 mL/kg/hr, so female plasma clearance is 34-fold HIGHER - this, not the distribution volume, is the whole of the rat sex difference. ","Female clearances for Kemper 2003 are NOT held in db/animal_halflife_measured.csv (which carries male clearances only, 20.4-27.1 mL/day/kg) - so the project currently has no female rat clearance from this study, and these six values fill that gap. Female clearance is 29.30-48.48 mL/kg/hr = 703-1,164 mL/kg/day, roughly 35-fold the male."
Kemper et al. (2003),2003,"US EPA 2024, Appendix to the Final Human Health Toxicity Assessment for PFOA, EPA-815R24006",Table B-38. PK Parameters in Female Sprague-Dawley Rats Following Administration of PFOA as Reported by Kemper et al. (2003),PFOA (14C-labelled ammonium salt),rat,Sprague-Dawley,female,4 per dose group,oral (gavage),1,mg/kg,plasma,Clp (plasma clearance),27.286,mL.kg/hr AS PRINTED BY EPA (mL/kg/hr intended),,,7.159,noncompartmental PK analysis; EPA notes female plasma elimination curves were biphasic at 5 and 25 mg/kg,measured,"Kemper et al. (2003), sexually mature female Sprague-Dawley rats, 4 per dose group, single gavage (or IV) dose of 14C-labelled ammonium PFOA. EPA footnote: data presented as mean +/- (standard deviation), SD in parentheses. UNIT ERROR IN EPA'S TABLE: printed as 'mL.kg/hr' where mL/kg/hr is meant. 27.286 mL/kg/hr x 24 = 655 mL/kg/day. SEX-SPECIFIC: the matching male clearance in Table B-37 is 0.871 mL/kg/hr, so female plasma clearance is 31-fold HIGHER - this, not the distribution volume, is the whole of the rat sex difference. ","Female clearances for Kemper 2003 are NOT held in db/animal_halflife_measured.csv (which carries male clearances only, 20.4-27.1 mL/day/kg) - so the project currently has no female rat clearance from this study, and these six values fill that gap. Female clearance is 29.30-48.48 mL/kg/hr = 703-1,164 mL/kg/day, roughly 35-fold the male."
Kemper et al. (2003),2003,"US EPA 2024, Appendix to the Final Human Health Toxicity Assessment for PFOA, EPA-815R24006",Table B-38. PK Parameters in Female Sprague-Dawley Rats Following Administration of PFOA as Reported by Kemper et al. (2003),PFOA (14C-labelled ammonium salt),rat,Sprague-Dawley,female,4 per dose group,oral (gavage),5,mg/kg,plasma,Clp (plasma clearance),48.48,mL.kg/hr AS PRINTED BY EPA (mL/kg/hr intended),,,4.86,noncompartmental PK analysis; EPA notes female plasma elimination curves were biphasic at 5 and 25 mg/kg,measured,"Kemper et al. (2003), sexually mature female Sprague-Dawley rats, 4 per dose group, single gavage (or IV) dose of 14C-labelled ammonium PFOA. EPA footnote: data presented as mean +/- (standard deviation), SD in parentheses. UNIT ERROR IN EPA'S TABLE: printed as 'mL.kg/hr' where mL/kg/hr is meant. 48.48 mL/kg/hr x 24 = 1164 mL/kg/day. SEX-SPECIFIC: the matching male clearance in Table B-37 is 0.85 mL/kg/hr, so female plasma clearance is 57-fold HIGHER - this, not the distribution volume, is the whole of the rat sex difference. ","Female clearances for Kemper 2003 are NOT held in db/animal_halflife_measured.csv (which carries male clearances only, 20.4-27.1 mL/day/kg) - so the project currently has no female rat clearance from this study, and these six values fill that gap. Female clearance is 29.30-48.48 mL/kg/hr = 703-1,164 mL/kg/day, roughly 35-fold the male."
Kemper et al. (2003),2003,"US EPA 2024, Appendix to the Final Human Health Toxicity Assessment for PFOA, EPA-815R24006",Table B-38. PK Parameters in Female Sprague-Dawley Rats Following Administration of PFOA as Reported by Kemper et al. (2003),PFOA (14C-labelled ammonium salt),rat,Sprague-Dawley,female,4 per dose group,oral (gavage),25,mg/kg,plasma,Clp (plasma clearance),35.06,mL.kg/hr AS PRINTED BY EPA (mL/kg/hr intended),,,.88,noncompartmental PK analysis; EPA notes female plasma elimination curves were biphasic at 5 and 25 mg/kg,measured,"Kemper et al. (2003), sexually mature female Sprague-Dawley rats, 4 per dose group, single gavage (or IV) dose of 14C-labelled ammonium PFOA. EPA footnote: data presented as mean +/- (standard deviation), SD in parentheses. UNIT ERROR IN EPA'S TABLE: printed as 'mL.kg/hr' where mL/kg/hr is meant. 35.06 mL/kg/hr x 24 = 841 mL/kg/day. SEX-SPECIFIC: the matching male clearance in Table B-37 is 1.13 mL/kg/hr, so female plasma clearance is 31-fold HIGHER - this, not the distribution volume, is the whole of the rat sex difference. TYPOGRAPHIC FAULT: the SD for this cell is printed as '(.88)' with no leading digit; it is most likely 8.88 or 0.88 and cannot be resolved from the document. Recorded verbatim. ","EPA PRINTS A MALFORMED SD: '(.88)' with no leading digit. Female clearances for Kemper 2003 are NOT held in db/animal_halflife_measured.csv (which carries male clearances only, 20.4-27.1 mL/day/kg) - so the project currently has no female rat clearance from this study, and these six values fill that gap. Female clearance is 29.30-48.48 mL/kg/hr = 703-1,164 mL/kg/day, roughly 35-fold the male."
Kemper et al. (2003),2003,"US EPA 2024, Appendix to the Final Human Health Toxicity Assessment for PFOA, EPA-815R24006",Table B-38. PK Parameters in Female Sprague-Dawley Rats Following Administration of PFOA as Reported by Kemper et al. (2003),PFOA (14C-labelled ammonium salt),rat,Sprague-Dawley,female,4 per dose group,IV (intravenous),1,mg/kg,plasma,Clp (plasma clearance),34.040,mL.kg/hr AS PRINTED BY EPA (mL/kg/hr intended),,,9.230,noncompartmental PK analysis; EPA notes female plasma elimination curves were biphasic at 5 and 25 mg/kg,measured,"Kemper et al. (2003), sexually mature female Sprague-Dawley rats, 4 per dose group, single gavage (or IV) dose of 14C-labelled ammonium PFOA. EPA footnote: data presented as mean +/- (standard deviation), SD in parentheses. Tmax and Cmax are NA for the IV route. UNIT ERROR IN EPA'S TABLE: printed as 'mL.kg/hr' where mL/kg/hr is meant. 34.040 mL/kg/hr x 24 = 817 mL/kg/day. SEX-SPECIFIC: the matching male clearance in Table B-37 is 0.896 mL/kg/hr, so female plasma clearance is 38-fold HIGHER - this, not the distribution volume, is the whole of the rat sex difference. ","Female clearances for Kemper 2003 are NOT held in db/animal_halflife_measured.csv (which carries male clearances only, 20.4-27.1 mL/day/kg) - so the project currently has no female rat clearance from this study, and these six values fill that gap. Female clearance is 29.30-48.48 mL/kg/hr = 703-1,164 mL/kg/day, roughly 35-fold the male."
Kemper et al. (2003),2003,"US EPA 2024, Appendix to the Final Human Health Toxicity Assessment for PFOA, EPA-815R24006",Table B-38. PK Parameters in Female Sprague-Dawley Rats Following Administration of PFOA as Reported by Kemper et al. (2003),PFOA (14C-labelled ammonium salt),rat,Sprague-Dawley,female,4 per dose group,oral (gavage),0.1 (extended sampling time),mg/kg,plasma,Clp (plasma clearance),29.30,mL.kg/hr AS PRINTED BY EPA (mL/kg/hr intended),,,3.06,noncompartmental PK analysis; EPA notes female plasma elimination curves were biphasic at 5 and 25 mg/kg,measured,"Kemper et al. (2003), sexually mature female Sprague-Dawley rats, 4 per dose group, single gavage (or IV) dose of 14C-labelled ammonium PFOA. EPA footnote: data presented as mean +/- (standard deviation), SD in parentheses. EXTENDED TIME arm: 0.1 mg/kg orally with plasma sampled to below the limit of quantitation. UNIT ERROR IN EPA'S TABLE: printed as 'mL.kg/hr' where mL/kg/hr is meant. 29.30 mL/kg/hr x 24 = 703 mL/kg/day. SEX-SPECIFIC: the matching male clearance in Table B-37 is 0.51 mL/kg/hr, so female plasma clearance is 57-fold HIGHER - this, not the distribution volume, is the whole of the rat sex difference. ","Female clearances for Kemper 2003 are NOT held in db/animal_halflife_measured.csv (which carries male clearances only, 20.4-27.1 mL/day/kg) - so the project currently has no female rat clearance from this study, and these six values fill that gap. Female clearance is 29.30-48.48 mL/kg/hr = 703-1,164 mL/kg/day, roughly 35-fold the male."
Kim et al. (2016b),2016,"US EPA 2024, Appendix to the Final Human Health Toxicity Assessment for PFOA, EPA-815R24006",Table B-39. PK Parameters in Male and Female Sprague-Dawley Rats Following Oral and IV Administration of PFOA as Reported by Kim et al. (2016b),PFOA,rat,Sprague-Dawley,male,,oral,1,mg/kg,plasma,Tmax,2.07,days (EPA's row header says 'hr' but the values are days - see discrepancy flag),,,0.21,noncompartmental; EPA footnote: data presented as mean +/- standard deviation; * marks p < 0.05 between male and female,measured,"STATISTICALLY SIGNIFICANT SEX DIFFERENCE (EPA marks this cell with *, p < 0.05): male oral Tmax 2.07 hr vs female 0.06 hr, a 35-fold difference. Note that EPA's IV columns list Tmax values (8.92 male, 5.84 female) which is incoherent for an IV bolus - those two numbers are identical to the Cmax values Table B-28 attributes to the IV arms of this study (8.92 +/- 2.34 and 5.84 +/- 0.38 ug/mL), so EPA has placed the IV Cmax values in the Tmax row and then marked Cmax 'NA' for IV. UNIT LABEL ERROR CONFIRMED: EPA's Table B-2 gives this same oral Tmax as 49.68 hours and footnotes 'Converted published Tmax (days) to Tmax (hours) for Kim et al. (2016b)'. 2.07 x 24 = 49.68, so the value in Table B-39 is in DAYS even though the row is headed 'Tmax (hr)'.","EPA UNIT LABEL ERROR: Table B-39 heads this row 'Tmax (hr)' but the value is in DAYS; Table B-2 of the same appendix gives 49.68 hours for the identical measurement. Use the hours value. EPA ROW MISALIGNMENT in Table B-39: the 'Tmax' row's IV entries (8.92 +/- 2.34, 5.84 +/- 0.38) are the IV Cmax values in ug/mL as confirmed by Table B-28, not times in hours. Not held in the project db."
Kim et al. (2016b),2016,"US EPA 2024, Appendix to the Final Human Health Toxicity Assessment for PFOA, EPA-815R24006",Table B-39. PK Parameters in Male and Female Sprague-Dawley Rats Following Oral and IV Administration of PFOA as Reported by Kim et al. (2016b),PFOA,rat,Sprague-Dawley,female,,oral,1,mg/kg,plasma,Tmax,0.06,days (EPA's row header says 'hr' but the values are days - see discrepancy flag),,,0.004,noncompartmental; mean +/- SD,measured,"Female oral Tmax 0.06 hr (3.6 minutes) - 35-fold faster to peak than the male. EPA marks the male cell, not this one, with the significance asterisk. UNIT LABEL ERROR CONFIRMED: EPA's Table B-2 gives this same oral Tmax as 1.44 hours and footnotes 'Converted published Tmax (days) to Tmax (hours) for Kim et al. (2016b)'. 0.06 x 24 = 1.44, so the value in Table B-39 is in DAYS even though the row is headed 'Tmax (hr)'.",EPA UNIT LABEL ERROR: Table B-39 heads this row 'Tmax (hr)' but the value is in DAYS; Table B-2 of the same appendix gives 1.44 hours for the identical measurement. Use the hours value. Not held in the project db - new. Part of the same table whose 'Tmax' IV entries are misaligned Cmax values.
Kim et al. (2016b),2016,"US EPA 2024, Appendix to the Final Human Health Toxicity Assessment for PFOA, EPA-815R24006",Table B-39. PK Parameters in Male and Female Sprague-Dawley Rats Following Oral and IV Administration of PFOA as Reported by Kim et al. (2016b),PFOA,rat,Sprague-Dawley,male,,oral,1,mg/kg,plasma,Cmax,7.55,ug/mL,,,0.51,noncompartmental; mean +/- SD,measured,"Cmax is reported for the oral route only; EPA lists Cmax as NA for both IV arms. Male oral Cmax 7.55 vs female 5.41 ug/mL at the same 1 mg/kg dose - only a 1.4-fold difference, far smaller than the 17.8-fold AUC difference, because the female curve collapses immediately after the peak.",Consistent with the same value tabulated in EPA Table B-28 (7.55 +/- 0.51 ug/mL). Not held in the project db.
Kim et al. (2016b),2016,"US EPA 2024, Appendix to the Final Human Health Toxicity Assessment for PFOA, EPA-815R24006",Table B-39. PK Parameters in Male and Female Sprague-Dawley Rats Following Oral and IV Administration of PFOA as Reported by Kim et al. (2016b),PFOA,rat,Sprague-Dawley,female,,oral,1,mg/kg,plasma,Cmax,5.41,ug/mL,,,0.38,noncompartmental; mean +/- SD,measured,"Female oral Cmax 5.41 ug/mL. EPA does not mark this pair with the significance asterisk, so the sex difference in Cmax was not significant at p < 0.05 - in contrast to Tmax, AUC (IV) and T1/2 (IV), which are marked.",Consistent with Table B-28's value for the same arm. Not held in the project db.
Kim et al. (2016b),2016,"US EPA 2024, Appendix to the Final Human Health Toxicity Assessment for PFOA, EPA-815R24006",Table B-39. PK Parameters in Male and Female Sprague-Dawley Rats Following Oral and IV Administration of PFOA as Reported by Kim et al. (2016b),PFOA,rat,Sprague-Dawley,male,,oral,1,mg/kg,plasma,AUC,24.81,ug.day/mL,,,1.41,noncompartmental; mean +/- SD,measured,"Male oral AUC 24.81 ug.day/mL, 17.8-fold the female value of 1.39 at the same dose. The male oral AUC slightly EXCEEDS the male IV AUC (21.10), implying oral bioavailability at or above 100% in the male rat - relevant to Table B-2's bioavailability compilation.",Consistent with Table B-28. Not held in the project db.
Kim et al. (2016b),2016,"US EPA 2024, Appendix to the Final Human Health Toxicity Assessment for PFOA, EPA-815R24006",Table B-39. PK Parameters in Male and Female Sprague-Dawley Rats Following Oral and IV Administration of PFOA as Reported by Kim et al. (2016b),PFOA,rat,Sprague-Dawley,female,,oral,1,mg/kg,plasma,AUC,1.39,ug.day/mL,,,0.06,noncompartmental; mean +/- SD,measured,"Female oral AUC 1.39 ug.day/mL. Female oral AUC (1.39) is slightly BELOW the female IV AUC (1.63), giving an oral bioavailability of about 85% in the female rat against >100% in the male.",Consistent with Table B-28. Not held in the project db. Supports a modest sex difference in oral bioavailability that EPA's Table B-2 does not capture for this study.
Kim et al. (2016b),2016,"US EPA 2024, Appendix to the Final Human Health Toxicity Assessment for PFOA, EPA-815R24006",Table B-39. PK Parameters in Male and Female Sprague-Dawley Rats Following Oral and IV Administration of PFOA as Reported by Kim et al. (2016b),PFOA,rat,Sprague-Dawley,male,,IV (intravenous),1,mg/kg,plasma,AUC,21.10,ug.day/mL,,,1.51,noncompartmental; mean +/- SD; EPA marks this cell * p < 0.05 between male and female,measured,"STATISTICALLY SIGNIFICANT SEX DIFFERENCE (p < 0.05): male IV AUC 21.10 vs female 1.63 ug.day/mL, a 12.9-fold difference at a matched IV dose - clearance, not absorption, is the sex-determining step.",Consistent with Table B-28. Not held in the project db.
Kim et al. (2016b),2016,"US EPA 2024, Appendix to the Final Human Health Toxicity Assessment for PFOA, EPA-815R24006",Table B-39. PK Parameters in Male and Female Sprague-Dawley Rats Following Oral and IV Administration of PFOA as Reported by Kim et al. (2016b),PFOA,rat,Sprague-Dawley,female,,IV (intravenous),1,mg/kg,plasma,AUC,1.63,ug.day/mL,,,0.09,noncompartmental; mean +/- SD,measured,Female IV AUC 1.63 ug.day/mL.,Consistent with Table B-28. Not held in the project db.
Kim et al. (2016b),2016,"US EPA 2024, Appendix to the Final Human Health Toxicity Assessment for PFOA, EPA-815R24006",Table B-39. PK Parameters in Male and Female Sprague-Dawley Rats Following Oral and IV Administration of PFOA as Reported by Kim et al. (2016b),PFOA,rat,Sprague-Dawley,male,,oral,1,mg/kg,plasma,T1/2 (terminal elimination half-life),1.83,days,,,0.47,noncompartmental; mean +/- SD,measured,"Matches the value EPA carries into Table B-40. Male oral T1/2 1.83 d vs female 0.15 d = 12.2-fold. The sex ratio here is far smaller than Kemper et al. (2003)'s 40-60-fold in the same species, strain and sex at the same 1 mg/kg oral dose, because this study's MALE value is 3.2-fold shorter than Kemper's while the female values agree.","INTERNAL INCONSISTENCY ACROSS EPA'S OWN TABLES: Table B-37 (Kemper 2003) gives male 1 mg/kg oral T1/2 = 138.3 hr = 5.76 d; this table gives 1.83 d for the same species, strain, sex, route and dose. EPA presents both without reconciliation. Not held in db/animal_halflife_measured.csv, which has Kim 2016 rows for PFHxS only."
Kim et al. (2016b),2016,"US EPA 2024, Appendix to the Final Human Health Toxicity Assessment for PFOA, EPA-815R24006",Table B-39. PK Parameters in Male and Female Sprague-Dawley Rats Following Oral and IV Administration of PFOA as Reported by Kim et al. (2016b),PFOA,rat,Sprague-Dawley,female,,oral,1,mg/kg,plasma,T1/2 (terminal elimination half-life),0.15,days,,,0.01,noncompartmental; mean +/- SD,measured,"0.15 d = 3.6 hr, which agrees closely with Kemper et al. (2003)'s female 1 mg/kg oral value of 3.457 hr in Table B-38. The two studies therefore AGREE on females and disagree 3-fold on males.","AGREES with EPA's own Table B-38 (Kemper female 1 mg/kg oral, 3.457 hr = 0.144 d), which makes the male disagreement between the two studies the anomaly. Not held in db/animal_halflife_measured.csv."
Kim et al. (2016b),2016,"US EPA 2024, Appendix to the Final Human Health Toxicity Assessment for PFOA, EPA-815R24006",Table B-39. PK Parameters in Male and Female Sprague-Dawley Rats Following Oral and IV Administration of PFOA as Reported by Kim et al. (2016b),PFOA,rat,Sprague-Dawley,male,,IV (intravenous),1,mg/kg,plasma,T1/2 (terminal elimination half-life),1.64,days,,,0.44,noncompartmental; mean +/- SD; EPA marks this cell * p < 0.05 between male and female,measured,STATISTICALLY SIGNIFICANT SEX DIFFERENCE (p < 0.05): male IV T1/2 1.64 d vs female 0.19 d = 8.6-fold. EPA's narrative claim that 'Rats exposed by the IV route exhibited shorter half-lives than rats administered the same dose by the oral gavage route' holds for the male (1.64 < 1.83) but is REVERSED in the female (0.19 > 0.15).,EPA's narrative generalisation about IV vs oral half-lives does not hold for the female arm of the very study it cites. Not held in db/animal_halflife_measured.csv.
Kim et al. (2016b),2016,"US EPA 2024, Appendix to the Final Human Health Toxicity Assessment for PFOA, EPA-815R24006",Table B-39. PK Parameters in Male and Female Sprague-Dawley Rats Following Oral and IV Administration of PFOA as Reported by Kim et al. (2016b),PFOA,rat,Sprague-Dawley,female,,IV (intravenous),1,mg/kg,plasma,T1/2 (terminal elimination half-life),0.19,days,,,0.01,noncompartmental; mean +/- SD,measured,"0.19 d = 4.6 hr. Compare Kemper et al. (2003) female 1 mg/kg IV = 2.844 hr (Table B-38): the two studies differ 1.6-fold for the female IV arm, much less than the 3-fold male disagreement.",Not held in db/animal_halflife_measured.csv (Kim 2016 rows there are PFHxS only).
Kim et al. (2016b),2016,"US EPA 2024, Appendix to the Final Human Health Toxicity Assessment for PFOA, EPA-815R24006",Table B-39. PK Parameters in Male and Female Sprague-Dawley Rats Following Oral and IV Administration of PFOA as Reported by Kim et al. (2016b),PFOA,rat,Sprague-Dawley,male,,oral,1,mg/kg,plasma,volume of distribution,106.40,"UNITS OMITTED BY EPA (mL/kg, per Table B-28)",,,8.90,"Vd = Dose x AUMC / (AUC 0-inf) squared, per Table B-28",measured,"EPA'S TABLE B-39 GIVES NO UNITS for the Vd row - the parameter label is simply 'Vd'. The units are mL/kg, established from Table B-28 which carries the identical values with units. This row also confirms the full precision (106.40, not 106.4).",EPA OMITS UNITS on the entire Vd row of Table B-39. Values reconcile exactly with Table B-28. Matches the httk male rat PFOA Vd of 0.113 L/kg in db/compiled_tk_parameters.csv only loosely (113 vs 106.4).
Kim et al. (2016b),2016,"US EPA 2024, Appendix to the Final Human Health Toxicity Assessment for PFOA, EPA-815R24006",Table B-39. PK Parameters in Male and Female Sprague-Dawley Rats Following Oral and IV Administration of PFOA as Reported by Kim et al. (2016b),PFOA,rat,Sprague-Dawley,female,,oral,1,mg/kg,plasma,volume of distribution,153.83,"UNITS OMITTED BY EPA (mL/kg, per Table B-28)",,,9.19,Vd = Dose x AUMC / (AUC 0-inf) squared,measured,"SEX-SPECIFIC: female oral Vd 1.45-fold the male. EPA does NOT mark the Vd row with a significance asterisk, and the narrative states 'Vd values were similar in males and females' and 'Although Vd values were not significantly different between males and females'. So the 1.45-fold difference is not statistically significant in this study.","EPA omits units on the Vd row. Matches the httk female rat PFOA Vd of 0.154 L/kg in db/compiled_tk_parameters.csv almost exactly (154 vs 153.83), so httk's female rat Vd traces to this cell."
Kim et al. (2016b),2016,"US EPA 2024, Appendix to the Final Human Health Toxicity Assessment for PFOA, EPA-815R24006",Table B-39. PK Parameters in Male and Female Sprague-Dawley Rats Following Oral and IV Administration of PFOA as Reported by Kim et al. (2016b),PFOA,rat,Sprague-Dawley,male,,IV (intravenous),1,mg/kg,plasma,volume of distribution,112.12,"UNITS OMITTED BY EPA (mL/kg, per Table B-28)",,,29.41,Vd = Dose x AUMC / (AUC 0-inf) squared,measured,"THIS ROW IS THE AUTHORITATIVE RENDERING of a value whose SD is corrupted by line-wrapping in Table B-28, where the same cell reads '112.12 +/- 29' / '0.41 mL/kg' and so appears to give an SD of 290.41. The correct SD is 29.41 mL/kg (26% of the mean).","Use this row's SD (29.41), not the apparent 290.41 from the wrapped Table B-28 cell. Central value matches db/compiled_tk_parameters.csv's httk male rat PFOA Vd of 0.113 L/kg."
Kim et al. (2016b),2016,"US EPA 2024, Appendix to the Final Human Health Toxicity Assessment for PFOA, EPA-815R24006",Table B-39. PK Parameters in Male and Female Sprague-Dawley Rats Following Oral and IV Administration of PFOA as Reported by Kim et al. (2016b),PFOA,rat,Sprague-Dawley,female,,IV (intravenous),1,mg/kg,plasma,volume of distribution,171.37,"UNITS OMITTED BY EPA (mL/kg, per Table B-28)",,,11.19,Vd = Dose x AUMC / (AUC 0-inf) squared,measured,"Authoritative rendering of the SD that Table B-28's wrapped cell makes look like 110.19; the correct SD is 11.19 mL/kg (7% of the mean). SEX-SPECIFIC: female IV Vd 171.37 vs male 112.12 mL/kg, a 1.53-fold difference that EPA's narrative nonetheless calls 'similar' and 'not significantly different'.","Use this row's SD (11.19), not the apparent 110.19 from the wrapped Table B-28 cell. Not otherwise held in db/vd_clearance.csv."
Gibson and Johnson (1979),1979,"US EPA 2024, Appendix to the Final Human Health Toxicity Assessment for PFOA, EPA-815R24006","Appendix B narrative, section B.4.5.3.2 Rats (text between Table B-38 and Table B-39; NOT carried in any numbered table)",PFOA (14C-labelled),rat,CD,male,3 (groups of three),oral (gavage),11.4 (average),mg/kg,plasma,elimination half-life,4.8,days,,,,plasma elimination of 14C-PFOA after a single gavage dose,measured,"EPA: 'Gibson and Johnson (1979) administered a single dose of [14C]PFOA averaging 11.4 mg/kg by gavage to groups of three male 10-week-old CD rats. The elimination half-life of [14C]PFOA from the plasma was 4.8 days.' Age 10 weeks. CD rat - the only CD-strain rat value in Appendix B, and the only rat strain other than Sprague-Dawley and Wistar. EPA gives no SD or interval. This value is NOT carried into Table B-40, so a reader working only from the summary table would miss it entirely.","OMITTED FROM EPA'S OWN SUMMARY TABLE B-40 despite being a rat PFOA half-life EPA discusses in the text. Not held in db/animal_halflife_measured.csv - new to the project. 4.8 d sits between Kim 2016b's male SD rat value (1.83 d) and Kemper 2003's (5.8-8.4 d), so it does not resolve that disagreement."
Kim et al. (2016b),2016,"US EPA 2024, Appendix to the Final Human Health Toxicity Assessment for PFOA, EPA-815R24006","Appendix B narrative, section B.4.5.3.2 Rats (text between Table B-38 and Table B-39)",PFOA AS STATED BY EPA (very probably PFOS - see discrepancy flag),rat,Sprague-Dawley,female,,oral,2,mg/kg,plasma/serum,elimination half-life,23.50,days,,,1.75,blood sampled at 10 time points over the first day then up to 70 days after exposure; urine and feces collected weekly,measured,"EPA: 'Toxicokinetic parameters informing half-lives were derived by comparing oral IV dosing in rats (Kim et al., 2016b). Sprague-Dawley rats were administered 2 mg/kg PFOA by either the IV or oral route... Half-lives in females and males were similar. In females, half-lives of 23.50 +/- 1.75 and 24.80 +/- 1.52 days were estimated after oral and IV dosing, respectively. In males, values were slightly longer (26.44 +/- 2.77 and 28.70 +/- 1.85 after oral and IV dosing, respectively).' EPA then adds that these estimates 'were substantially longer than those observed by Kemper (2003)'. NOTE the dose here is 2 mg/kg, whereas Tables B-28, B-39 and B-40 all report the Kim 2016b PFOA work at 1 mg/kg.","MAJOR INTERNAL CONTRADICTION IN EPA'S APPENDIX, AND A PROBABLE CHEMICAL MISATTRIBUTION. This narrative paragraph attributes half-lives of 23.50-28.70 DAYS to PFOA in Kim et al. (2016b) and states males and females were SIMILAR, while EPA's own Tables B-39 and B-40 report 0.15-1.83 days from the same study with a 9-12-fold SEX DIFFERENCE. The two accounts differ by a factor of 13-157 and disagree on the existence of a sex difference. Kim et al. (2016) studied PFOA alongside other PFAS, and db/animal_halflife_measured.csv records Kim 2016 PFHxS male oral 645.6 h (= 26.9 d) and male IV 496.8 h (= 20.7 d) with a note that 'Kim 2016 text gives 20.7-26.9 d (M)'. The narrative's male values (26.44 and 28.70 d) and the pattern of near-equal sexes both point to a NON-PFOA analyte (most likely PFOS, possibly PFHxS) having been carried into the PFOA document. DO NOT use these four values as PFOA half-lives without checking the primary paper."
Kim et al. (2016b),2016,"US EPA 2024, Appendix to the Final Human Health Toxicity Assessment for PFOA, EPA-815R24006","Appendix B narrative, section B.4.5.3.2 Rats (text between Table B-38 and Table B-39)",PFOA AS STATED BY EPA (very probably PFOS - see discrepancy flag),rat,Sprague-Dawley,female,,IV (intravenous),2,mg/kg,plasma/serum,elimination half-life,24.80,days,,,1.52,blood sampled to 70 days post-exposure,measured,Companion IV value to the 23.50 d oral figure in the same EPA sentence. 24.80 d is 131-fold the 0.19 d that EPA's Table B-39 gives for the female IV arm of the same study.,"Same probable chemical misattribution as the paired oral row - contradicts EPA's Tables B-39 and B-40 by two orders of magnitude. Flagged, not resolved."
Kim et al. (2016b),2016,"US EPA 2024, Appendix to the Final Human Health Toxicity Assessment for PFOA, EPA-815R24006","Appendix B narrative, section B.4.5.3.2 Rats (text between Table B-38 and Table B-39)",PFOA AS STATED BY EPA (very probably PFOS - see discrepancy flag),rat,Sprague-Dawley,male,,oral,2,mg/kg,plasma/serum,elimination half-life,26.44,days,,,2.77,blood sampled to 70 days post-exposure,measured,"EPA describes the male values as 'slightly longer' than the female ones, i.e. a male:female ratio of 1.13 - which is the hallmark of PFOS or PFHxS in rats, not of PFOA, for which every other row in Appendix B shows a 9-114-fold male:female ratio.","Same probable chemical misattribution. Note db/animal_halflife_measured.csv holds Kim 2016 PFHxS male oral 645.6 h = 26.9 d, almost exactly this value - strong circumstantial evidence that EPA's narrative has imported a non-PFOA half-life into the PFOA assessment."
Kim et al. (2016b),2016,"US EPA 2024, Appendix to the Final Human Health Toxicity Assessment for PFOA, EPA-815R24006","Appendix B narrative, section B.4.5.3.2 Rats (text between Table B-38 and Table B-39)",PFOA AS STATED BY EPA (very probably PFOS - see discrepancy flag),rat,Sprague-Dawley,male,,IV (intravenous),2,mg/kg,plasma/serum,elimination half-life,28.70,days,,,1.85,blood sampled to 70 days post-exposure,measured,"Longest of the four narrative values. EPA uses this set to assert that Kim's estimates 'were substantially longer than those observed by Kemper (2003) in Sprague-Dawley rats, as well in CD rats reported by Gibson and Johnson (1979)' - the exact opposite of what EPA's Table B-39 shows, where Kim's male value (1.83 d) is SHORTER than Kemper's (5.76 d).","Same probable chemical misattribution, and the comparison EPA draws from it ('substantially longer than Kemper') is contradicted by EPA's own Table B-39 (Kim 1.83 d vs Kemper 5.76 d male oral). This is the single largest internal inconsistency found in Appendix B."
Vanden Heuvel et al. (1991),1991,"US EPA 2024, Appendix to the Final Human Health Toxicity Assessment for PFOA, EPA-815R24006","Appendix B narrative, section B.4.5.3.2 Rats (text after Table B-39; NOT carried in Table B-40)",PFOA (14C-labelled),rat,Sprague-Dawley,male,,IP (intraperitoneal injection),4,mg/kg,liver,tissue elimination half-life,11,days,,,,tissue-specific 14C elimination after a single IP dose; EPA reports an average,measured,"EPA: 'In Sprague-Dawley rats exposed to a single dose of [14C]PFOA via the i.p. route, tissue elimination rates were slightly slower in the liver of male rats compared with other tissues. The PFOA half-life averaged 11 days in liver compared with an average of 9 days in extrahepatic tissues.' TISSUE DISTRIBUTION finding: liver retains PFOA 1.2-fold longer than extrahepatic tissues in the male rat.","THIS RESOLVES THE TABLE B-40 DISCREPANCY for Vanden Heuvel 1991: EPA's Table B-40 tabulates 15 days, this narrative gives 11 d (liver), 9 d (extrahepatic) and '15 days' for WHOLE-BODY elimination. db/animal_halflife_measured.csv holds 216 h = 9.0 d for this study, which is the EXTRAHEPATIC/plasma value - so the project and Table B-40 are measuring different compartments, not contradicting each other. The project row's own note that 'the abstract states whole-body t1/2' is confirmed."
Vanden Heuvel et al. (1991),1991,"US EPA 2024, Appendix to the Final Human Health Toxicity Assessment for PFOA, EPA-815R24006","Appendix B narrative, section B.4.5.3.2 Rats (text after Table B-39)",PFOA (14C-labelled),rat,Sprague-Dawley,male,,IP (intraperitoneal injection),4,mg/kg,extrahepatic tissues (average),tissue elimination half-life,9,days,,,,tissue-specific 14C elimination after a single IP dose; EPA reports an average across extrahepatic tissues,measured,"Average across extrahepatic tissues, against 11 days in liver. EPA gives no SD. This is the value the project holds (216 h = 9.0 d).","MATCHES db/animal_halflife_measured.csv's 216 h (= 9.0 d, SE 30.9) for Vanden Heuvel 1991 male rat PFOA, confirming the project captured the extrahepatic/plasma compartment rather than the 15 d whole-body figure EPA puts in Table B-40."
Vanden Heuvel et al. (1991),1991,"US EPA 2024, Appendix to the Final Human Health Toxicity Assessment for PFOA, EPA-815R24006","Appendix B narrative, section B.4.5.3.2 Rats (text after Table B-39)",PFOA (14C-labelled),rat,Sprague-Dawley,female,,IP (intraperitoneal injection),4,mg/kg,liver and extrahepatic tissues (both),tissue elimination half-life,3,hours,,,,tissue-specific 14C elimination after a single IP dose; EPA reports an average,measured,"EPA: 'In female rats, elimination rates were substantially shorter with an average half-life of 3 hours in both liver and extrahepatic tissues.' SEX-SPECIFIC AND MECHANISTIC: the male liver/extrahepatic distinction (11 vs 9 days) DISAPPEARS in the female, where both compartments clear in 3 hours - so the hepatic retention that lengthens the male half-life is itself sex-dependent. THIS FEMALE VALUE IS OMITTED FROM TABLE B-40, which tabulates only the male 15 d for this study.","OMITTED FROM TABLE B-40: EPA's summary table carries no female entry for Vanden Heuvel 1991, so the table understates the study's sex contrast. db/animal_halflife_measured.csv holds female 2.9 h (SE 0.2) for this study, consistent with EPA's 'average of 3 hours'."
Vanden Heuvel et al. (1991),1991,"US EPA 2024, Appendix to the Final Human Health Toxicity Assessment for PFOA, EPA-815R24006","Appendix B narrative, section B.4.5.3.2 Rats (text after Table B-39)",PFOA (14C-labelled),rat,Sprague-Dawley,female,,IP (intraperitoneal injection),4,mg/kg,whole body,whole-body elimination half-life,<1,days,,,,whole-body 14C mass balance after a single IP dose,measured (reported as an upper bound),"EPA: 'The whole-body elimination half-life was calculated as <1 day in females versus 15 days for males and was attributed to sex differences in the excretion of PFOA by the kidney.' This sentence identifies the 15 d figure in Table B-40 as a WHOLE-BODY value and supplies the matching female bound, which Table B-40 omits. EPA attributes the sex difference explicitly to renal excretion.","Reported as an inequality (<1 day), not a point estimate - recorded as such rather than being converted to a number. Confirms that Table B-40's 15 d male entry is a whole-body half-life, which is why it exceeds the 9 d plasma/extrahepatic value held in db/animal_halflife_measured.csv. The female whole-body bound is new to the project."
Vanden Heuvel et al. (1991),1991,"US EPA 2024, Appendix to the Final Human Health Toxicity Assessment for PFOA, EPA-815R24006","Appendix B narrative, section B.4.5.3.2 Rats (text after Table B-39)",PFOA (14C-labelled),rat,Sprague-Dawley,male,,IP (intraperitoneal injection),4,mg/kg,whole body,whole-body elimination half-life,15,days,,,,whole-body 14C mass balance after a single IP dose,measured,"This is the provenance of the '15' that appears in Table B-40 without a compartment label: it is a WHOLE-BODY half-life, not a plasma half-life. EPA attributes the >15-fold sex difference to sex differences in renal excretion of PFOA.","IDENTIFIES THE COMPARTMENT behind Table B-40's unlabelled 15 d male entry. Reconciles the apparent 1.67-fold conflict with db/animal_halflife_measured.csv's 216 h (9.0 d), which is the plasma/extrahepatic value - the two are different quantities, so the project's value need not be changed, but Table B-40's entry should be labelled whole-body."
Kim et al. (2016b),2016,"US EPA 2024, Appendix to the Final Human Health Toxicity Assessment for PFOA, EPA-815R24006",Table B-2. PFOA Parameters From Toxicokinetic Studies Informing Bioavailability in Sprague-Dawley Rats,PFOA,rat,Sprague-Dawley,male,,oral,1,mg/kg,serum,Cmax,7.55,ug/mL,,,0.51,noncompartmental; EPA's Cmax defined in the table notes as maximum serum concentration,measured,"EPA presents this table as 'PFOA Parameters From Toxicokinetic Studies Informing Bioavailability' - it reports NO bioavailability value (no F, no AUC ratio), only Cmax and Tmax, and leaves the reader to infer bioavailability from the oral/IV Cmax contrast. EPA footnote a: 'Converted published Tmax (days) to Tmax (hours) for Kim et al. (2016b).' Oral:IV Cmax ratio for this sex in this study is 0.85. Combined with the AUC values in Table B-39 (male oral 24.81 vs IV 21.10; female oral 1.39 vs IV 1.63 ug.day/mL), oral bioavailability is at or above 100% in the male rat and about 85% in the female.","UNIT CONTRADICTION BETWEEN EPA TABLES: Table B-39 lists this study's oral Tmax as '2.07 hr' (male 2.07, female 0.06) under a row header reading 'Tmax (hr)', but this table gives 49.68 hours for the same measurement and footnotes that the published values were in DAYS. 2.07 days x 24 = 49.68 h and 0.06 days x 24 = 1.44 h, confirming that TABLE B-39'S Tmax ROW IS ACTUALLY IN DAYS DESPITE ITS 'hr' LABEL. Table B-2 is the correct rendering. Cmax and Tmax for these studies are not held in db/animal_halflife_measured.csv or db/vd_clearance.csv - new to the project. No bioavailability fraction is available from EPA for either study."
Kim et al. (2016b),2016,"US EPA 2024, Appendix to the Final Human Health Toxicity Assessment for PFOA, EPA-815R24006",Table B-2. PFOA Parameters From Toxicokinetic Studies Informing Bioavailability in Sprague-Dawley Rats,PFOA,rat,Sprague-Dawley,male,,oral,1,mg/kg,serum,Tmax,49.68,hours,,,5.04,noncompartmental; for Kim et al. (2016b) EPA converted the published Tmax from days to hours,measured,"EPA presents this table as 'PFOA Parameters From Toxicokinetic Studies Informing Bioavailability' - it reports NO bioavailability value (no F, no AUC ratio), only Cmax and Tmax, and leaves the reader to infer bioavailability from the oral/IV Cmax contrast. EPA footnote a: 'Converted published Tmax (days) to Tmax (hours) for Kim et al. (2016b).' Oral:IV Cmax ratio for this sex in this study is 0.85. Combined with the AUC values in Table B-39 (male oral 24.81 vs IV 21.10; female oral 1.39 vs IV 1.63 ug.day/mL), oral bioavailability is at or above 100% in the male rat and about 85% in the female.","UNIT CONTRADICTION BETWEEN EPA TABLES: Table B-39 lists this study's oral Tmax as '2.07 hr' (male 2.07, female 0.06) under a row header reading 'Tmax (hr)', but this table gives 49.68 hours for the same measurement and footnotes that the published values were in DAYS. 2.07 days x 24 = 49.68 h and 0.06 days x 24 = 1.44 h, confirming that TABLE B-39'S Tmax ROW IS ACTUALLY IN DAYS DESPITE ITS 'hr' LABEL. Table B-2 is the correct rendering. Cmax and Tmax for these studies are not held in db/animal_halflife_measured.csv or db/vd_clearance.csv - new to the project. No bioavailability fraction is available from EPA for either study."
Kim et al. (2016b),2016,"US EPA 2024, Appendix to the Final Human Health Toxicity Assessment for PFOA, EPA-815R24006",Table B-2. PFOA Parameters From Toxicokinetic Studies Informing Bioavailability in Sprague-Dawley Rats,PFOA,rat,Sprague-Dawley,male,,IV (intravenous),1,mg/kg,serum,Cmax,8.92,ug/mL,,,2.34,noncompartmental; EPA's Cmax defined in the table notes as maximum serum concentration,measured,"EPA presents this table as 'PFOA Parameters From Toxicokinetic Studies Informing Bioavailability' - it reports NO bioavailability value (no F, no AUC ratio), only Cmax and Tmax, and leaves the reader to infer bioavailability from the oral/IV Cmax contrast. EPA footnote a: 'Converted published Tmax (days) to Tmax (hours) for Kim et al. (2016b).' Oral:IV Cmax ratio for this sex in this study is 0.85. Combined with the AUC values in Table B-39 (male oral 24.81 vs IV 21.10; female oral 1.39 vs IV 1.63 ug.day/mL), oral bioavailability is at or above 100% in the male rat and about 85% in the female.",Tmax is NA for the IV route. Cmax and Tmax for these studies are not held in db/animal_halflife_measured.csv or db/vd_clearance.csv - new to the project. No bioavailability fraction is available from EPA for either study.
Kim et al. (2016b),2016,"US EPA 2024, Appendix to the Final Human Health Toxicity Assessment for PFOA, EPA-815R24006",Table B-2. PFOA Parameters From Toxicokinetic Studies Informing Bioavailability in Sprague-Dawley Rats,PFOA,rat,Sprague-Dawley,male,,IV (intravenous),1,mg/kg,serum,Tmax,NA,not applicable,,,,noncompartmental; for Kim et al. (2016b) EPA converted the published Tmax from days to hours,not applicable (NA),"EPA presents this table as 'PFOA Parameters From Toxicokinetic Studies Informing Bioavailability' - it reports NO bioavailability value (no F, no AUC ratio), only Cmax and Tmax, and leaves the reader to infer bioavailability from the oral/IV Cmax contrast. EPA footnote a: 'Converted published Tmax (days) to Tmax (hours) for Kim et al. (2016b).' Oral:IV Cmax ratio for this sex in this study is 0.85. Combined with the AUC values in Table B-39 (male oral 24.81 vs IV 21.10; female oral 1.39 vs IV 1.63 ug.day/mL), oral bioavailability is at or above 100% in the male rat and about 85% in the female.",Tmax is NA for the IV route. Cmax and Tmax for these studies are not held in db/animal_halflife_measured.csv or db/vd_clearance.csv - new to the project. No bioavailability fraction is available from EPA for either study.
Kim et al. (2016b),2016,"US EPA 2024, Appendix to the Final Human Health Toxicity Assessment for PFOA, EPA-815R24006",Table B-2. PFOA Parameters From Toxicokinetic Studies Informing Bioavailability in Sprague-Dawley Rats,PFOA,rat,Sprague-Dawley,female,,oral,1,mg/kg,serum,Cmax,5.41,ug/mL,,,0.38,noncompartmental; EPA's Cmax defined in the table notes as maximum serum concentration,measured,"EPA presents this table as 'PFOA Parameters From Toxicokinetic Studies Informing Bioavailability' - it reports NO bioavailability value (no F, no AUC ratio), only Cmax and Tmax, and leaves the reader to infer bioavailability from the oral/IV Cmax contrast. EPA footnote a: 'Converted published Tmax (days) to Tmax (hours) for Kim et al. (2016b).' Oral:IV Cmax ratio for this sex in this study is 0.93. Combined with the AUC values in Table B-39 (male oral 24.81 vs IV 21.10; female oral 1.39 vs IV 1.63 ug.day/mL), oral bioavailability is at or above 100% in the male rat and about 85% in the female.","UNIT CONTRADICTION BETWEEN EPA TABLES: Table B-39 lists this study's oral Tmax as '0.06 hr' (male 2.07, female 0.06) under a row header reading 'Tmax (hr)', but this table gives 1.44 hours for the same measurement and footnotes that the published values were in DAYS. 2.07 days x 24 = 49.68 h and 0.06 days x 24 = 1.44 h, confirming that TABLE B-39'S Tmax ROW IS ACTUALLY IN DAYS DESPITE ITS 'hr' LABEL. Table B-2 is the correct rendering. Cmax and Tmax for these studies are not held in db/animal_halflife_measured.csv or db/vd_clearance.csv - new to the project. No bioavailability fraction is available from EPA for either study."
Kim et al. (2016b),2016,"US EPA 2024, Appendix to the Final Human Health Toxicity Assessment for PFOA, EPA-815R24006",Table B-2. PFOA Parameters From Toxicokinetic Studies Informing Bioavailability in Sprague-Dawley Rats,PFOA,rat,Sprague-Dawley,female,,oral,1,mg/kg,serum,Tmax,1.44,hours,,,0.096,noncompartmental; for Kim et al. (2016b) EPA converted the published Tmax from days to hours,measured,"EPA presents this table as 'PFOA Parameters From Toxicokinetic Studies Informing Bioavailability' - it reports NO bioavailability value (no F, no AUC ratio), only Cmax and Tmax, and leaves the reader to infer bioavailability from the oral/IV Cmax contrast. EPA footnote a: 'Converted published Tmax (days) to Tmax (hours) for Kim et al. (2016b).' Oral:IV Cmax ratio for this sex in this study is 0.93. Combined with the AUC values in Table B-39 (male oral 24.81 vs IV 21.10; female oral 1.39 vs IV 1.63 ug.day/mL), oral bioavailability is at or above 100% in the male rat and about 85% in the female.","UNIT CONTRADICTION BETWEEN EPA TABLES: Table B-39 lists this study's oral Tmax as '0.06 hr' (male 2.07, female 0.06) under a row header reading 'Tmax (hr)', but this table gives 1.44 hours for the same measurement and footnotes that the published values were in DAYS. 2.07 days x 24 = 49.68 h and 0.06 days x 24 = 1.44 h, confirming that TABLE B-39'S Tmax ROW IS ACTUALLY IN DAYS DESPITE ITS 'hr' LABEL. Table B-2 is the correct rendering. Cmax and Tmax for these studies are not held in db/animal_halflife_measured.csv or db/vd_clearance.csv - new to the project. No bioavailability fraction is available from EPA for either study."
Kim et al. (2016b),2016,"US EPA 2024, Appendix to the Final Human Health Toxicity Assessment for PFOA, EPA-815R24006",Table B-2. PFOA Parameters From Toxicokinetic Studies Informing Bioavailability in Sprague-Dawley Rats,PFOA,rat,Sprague-Dawley,female,,IV (intravenous),1,mg/kg,serum,Cmax,5.84,ug/mL,,,0.38,noncompartmental; EPA's Cmax defined in the table notes as maximum serum concentration,measured,"EPA presents this table as 'PFOA Parameters From Toxicokinetic Studies Informing Bioavailability' - it reports NO bioavailability value (no F, no AUC ratio), only Cmax and Tmax, and leaves the reader to infer bioavailability from the oral/IV Cmax contrast. EPA footnote a: 'Converted published Tmax (days) to Tmax (hours) for Kim et al. (2016b).' Oral:IV Cmax ratio for this sex in this study is 0.93. Combined with the AUC values in Table B-39 (male oral 24.81 vs IV 21.10; female oral 1.39 vs IV 1.63 ug.day/mL), oral bioavailability is at or above 100% in the male rat and about 85% in the female.",Tmax is NA for the IV route. Cmax and Tmax for these studies are not held in db/animal_halflife_measured.csv or db/vd_clearance.csv - new to the project. No bioavailability fraction is available from EPA for either study.
Kim et al. (2016b),2016,"US EPA 2024, Appendix to the Final Human Health Toxicity Assessment for PFOA, EPA-815R24006",Table B-2. PFOA Parameters From Toxicokinetic Studies Informing Bioavailability in Sprague-Dawley Rats,PFOA,rat,Sprague-Dawley,female,,IV (intravenous),1,mg/kg,serum,Tmax,NA,not applicable,,,,noncompartmental; for Kim et al. (2016b) EPA converted the published Tmax from days to hours,not applicable (NA),"EPA presents this table as 'PFOA Parameters From Toxicokinetic Studies Informing Bioavailability' - it reports NO bioavailability value (no F, no AUC ratio), only Cmax and Tmax, and leaves the reader to infer bioavailability from the oral/IV Cmax contrast. EPA footnote a: 'Converted published Tmax (days) to Tmax (hours) for Kim et al. (2016b).' Oral:IV Cmax ratio for this sex in this study is 0.93. Combined with the AUC values in Table B-39 (male oral 24.81 vs IV 21.10; female oral 1.39 vs IV 1.63 ug.day/mL), oral bioavailability is at or above 100% in the male rat and about 85% in the female.",Tmax is NA for the IV route. Cmax and Tmax for these studies are not held in db/animal_halflife_measured.csv or db/vd_clearance.csv - new to the project. No bioavailability fraction is available from EPA for either study.
Dzierlenga et al. (2019),2019,"US EPA 2024, Appendix to the Final Human Health Toxicity Assessment for PFOA, EPA-815R24006",Table B-2. PFOA Parameters From Toxicokinetic Studies Informing Bioavailability in Sprague-Dawley Rats,PFOA,rat,Sprague-Dawley,male,,oral,6,mg/kg,serum,Cmax,36.85,ug/mL,,,2.90,noncompartmental; EPA's Cmax defined in the table notes as maximum serum concentration,measured,"EPA presents this table as 'PFOA Parameters From Toxicokinetic Studies Informing Bioavailability' - it reports NO bioavailability value (no F, no AUC ratio), only Cmax and Tmax, and leaves the reader to infer bioavailability from the oral/IV Cmax contrast. EPA footnote a: 'Converted published Tmax (days) to Tmax (hours) for Kim et al. (2016b).' Oral:IV Cmax ratio for this sex in this study is 0.70. These Cmax values in ug/mL correspond exactly to the mM values EPA gives for the same arms in Table B-28 (e.g. 0.089 mM x 414 g/mol = 36.8 ug/mL), so the two tables are internally consistent on Cmax. ",Cmax and Tmax for these studies are not held in db/animal_halflife_measured.csv or db/vd_clearance.csv - new to the project. No bioavailability fraction is available from EPA for either study.
Dzierlenga et al. (2019),2019,"US EPA 2024, Appendix to the Final Human Health Toxicity Assessment for PFOA, EPA-815R24006",Table B-2. PFOA Parameters From Toxicokinetic Studies Informing Bioavailability in Sprague-Dawley Rats,PFOA,rat,Sprague-Dawley,male,,oral,6,mg/kg,serum,Tmax,4.86,hours,,,0.81,noncompartmental; for Kim et al. (2016b) EPA converted the published Tmax from days to hours,measured,"EPA presents this table as 'PFOA Parameters From Toxicokinetic Studies Informing Bioavailability' - it reports NO bioavailability value (no F, no AUC ratio), only Cmax and Tmax, and leaves the reader to infer bioavailability from the oral/IV Cmax contrast. EPA footnote a: 'Converted published Tmax (days) to Tmax (hours) for Kim et al. (2016b).' Oral:IV Cmax ratio for this sex in this study is 0.70. These Cmax values in ug/mL correspond exactly to the mM values EPA gives for the same arms in Table B-28 (e.g. 0.089 mM x 414 g/mol = 36.8 ug/mL), so the two tables are internally consistent on Cmax. ",Cmax and Tmax for these studies are not held in db/animal_halflife_measured.csv or db/vd_clearance.csv - new to the project. No bioavailability fraction is available from EPA for either study.
Dzierlenga et al. (2019),2019,"US EPA 2024, Appendix to the Final Human Health Toxicity Assessment for PFOA, EPA-815R24006",Table B-2. PFOA Parameters From Toxicokinetic Studies Informing Bioavailability in Sprague-Dawley Rats,PFOA,rat,Sprague-Dawley,male,,IV (intravenous),6,mg/kg,serum,Cmax,52.59,ug/mL,,,2.5,noncompartmental; EPA's Cmax defined in the table notes as maximum serum concentration,measured,"EPA presents this table as 'PFOA Parameters From Toxicokinetic Studies Informing Bioavailability' - it reports NO bioavailability value (no F, no AUC ratio), only Cmax and Tmax, and leaves the reader to infer bioavailability from the oral/IV Cmax contrast. EPA footnote a: 'Converted published Tmax (days) to Tmax (hours) for Kim et al. (2016b).' Oral:IV Cmax ratio for this sex in this study is 0.70. These Cmax values in ug/mL correspond exactly to the mM values EPA gives for the same arms in Table B-28 (e.g. 0.089 mM x 414 g/mol = 36.8 ug/mL), so the two tables are internally consistent on Cmax. ",Tmax is NA for the IV route. Cmax and Tmax for these studies are not held in db/animal_halflife_measured.csv or db/vd_clearance.csv - new to the project. No bioavailability fraction is available from EPA for either study.
Dzierlenga et al. (2019),2019,"US EPA 2024, Appendix to the Final Human Health Toxicity Assessment for PFOA, EPA-815R24006",Table B-2. PFOA Parameters From Toxicokinetic Studies Informing Bioavailability in Sprague-Dawley Rats,PFOA,rat,Sprague-Dawley,male,,IV (intravenous),6,mg/kg,serum,Tmax,NA,not applicable,,,,noncompartmental; for Kim et al. (2016b) EPA converted the published Tmax from days to hours,not applicable (NA),"EPA presents this table as 'PFOA Parameters From Toxicokinetic Studies Informing Bioavailability' - it reports NO bioavailability value (no F, no AUC ratio), only Cmax and Tmax, and leaves the reader to infer bioavailability from the oral/IV Cmax contrast. EPA footnote a: 'Converted published Tmax (days) to Tmax (hours) for Kim et al. (2016b).' Oral:IV Cmax ratio for this sex in this study is 0.70. These Cmax values in ug/mL correspond exactly to the mM values EPA gives for the same arms in Table B-28 (e.g. 0.089 mM x 414 g/mol = 36.8 ug/mL), so the two tables are internally consistent on Cmax. ",Tmax is NA for the IV route. Cmax and Tmax for these studies are not held in db/animal_halflife_measured.csv or db/vd_clearance.csv - new to the project. No bioavailability fraction is available from EPA for either study.
Dzierlenga et al. (2019),2019,"US EPA 2024, Appendix to the Final Human Health Toxicity Assessment for PFOA, EPA-815R24006",Table B-2. PFOA Parameters From Toxicokinetic Studies Informing Bioavailability in Sprague-Dawley Rats,PFOA,rat,Sprague-Dawley,female,,oral,40,mg/kg,serum,Cmax,240.16,ug/mL,,,24.84,noncompartmental; EPA's Cmax defined in the table notes as maximum serum concentration,measured,"EPA presents this table as 'PFOA Parameters From Toxicokinetic Studies Informing Bioavailability' - it reports NO bioavailability value (no F, no AUC ratio), only Cmax and Tmax, and leaves the reader to infer bioavailability from the oral/IV Cmax contrast. EPA footnote a: 'Converted published Tmax (days) to Tmax (hours) for Kim et al. (2016b).' Oral:IV Cmax ratio for this sex in this study is 0.65. These Cmax values in ug/mL correspond exactly to the mM values EPA gives for the same arms in Table B-28 (e.g. 0.089 mM x 414 g/mol = 36.8 ug/mL), so the two tables are internally consistent on Cmax. NOTE the female is dosed at 40 mg/kg against the male's 6 mg/kg, so male and female Cmax cannot be compared across this study. ",Cmax and Tmax for these studies are not held in db/animal_halflife_measured.csv or db/vd_clearance.csv - new to the project. No bioavailability fraction is available from EPA for either study.
Dzierlenga et al. (2019),2019,"US EPA 2024, Appendix to the Final Human Health Toxicity Assessment for PFOA, EPA-815R24006",Table B-2. PFOA Parameters From Toxicokinetic Studies Informing Bioavailability in Sprague-Dawley Rats,PFOA,rat,Sprague-Dawley,female,,oral,40,mg/kg,serum,Tmax,3.22,hours,,,0.32,noncompartmental; for Kim et al. (2016b) EPA converted the published Tmax from days to hours,measured,"EPA presents this table as 'PFOA Parameters From Toxicokinetic Studies Informing Bioavailability' - it reports NO bioavailability value (no F, no AUC ratio), only Cmax and Tmax, and leaves the reader to infer bioavailability from the oral/IV Cmax contrast. EPA footnote a: 'Converted published Tmax (days) to Tmax (hours) for Kim et al. (2016b).' Oral:IV Cmax ratio for this sex in this study is 0.65. These Cmax values in ug/mL correspond exactly to the mM values EPA gives for the same arms in Table B-28 (e.g. 0.089 mM x 414 g/mol = 36.8 ug/mL), so the two tables are internally consistent on Cmax. NOTE the female is dosed at 40 mg/kg against the male's 6 mg/kg, so male and female Cmax cannot be compared across this study. ",Cmax and Tmax for these studies are not held in db/animal_halflife_measured.csv or db/vd_clearance.csv - new to the project. No bioavailability fraction is available from EPA for either study.
Dzierlenga et al. (2019),2019,"US EPA 2024, Appendix to the Final Human Health Toxicity Assessment for PFOA, EPA-815R24006",Table B-2. PFOA Parameters From Toxicokinetic Studies Informing Bioavailability in Sprague-Dawley Rats,PFOA,rat,Sprague-Dawley,female,,IV (intravenous),40,mg/kg,serum,Cmax,369.76,ug/mL,,,81.16,noncompartmental; EPA's Cmax defined in the table notes as maximum serum concentration,measured,"EPA presents this table as 'PFOA Parameters From Toxicokinetic Studies Informing Bioavailability' - it reports NO bioavailability value (no F, no AUC ratio), only Cmax and Tmax, and leaves the reader to infer bioavailability from the oral/IV Cmax contrast. EPA footnote a: 'Converted published Tmax (days) to Tmax (hours) for Kim et al. (2016b).' Oral:IV Cmax ratio for this sex in this study is 0.65. These Cmax values in ug/mL correspond exactly to the mM values EPA gives for the same arms in Table B-28 (e.g. 0.089 mM x 414 g/mol = 36.8 ug/mL), so the two tables are internally consistent on Cmax. NOTE the female is dosed at 40 mg/kg against the male's 6 mg/kg, so male and female Cmax cannot be compared across this study. ",Tmax is NA for the IV route. Cmax and Tmax for these studies are not held in db/animal_halflife_measured.csv or db/vd_clearance.csv - new to the project. No bioavailability fraction is available from EPA for either study.
Dzierlenga et al. (2019),2019,"US EPA 2024, Appendix to the Final Human Health Toxicity Assessment for PFOA, EPA-815R24006",Table B-2. PFOA Parameters From Toxicokinetic Studies Informing Bioavailability in Sprague-Dawley Rats,PFOA,rat,Sprague-Dawley,female,,IV (intravenous),40,mg/kg,serum,Tmax,NA,not applicable,,,,noncompartmental; for Kim et al. (2016b) EPA converted the published Tmax from days to hours,not applicable (NA),"EPA presents this table as 'PFOA Parameters From Toxicokinetic Studies Informing Bioavailability' - it reports NO bioavailability value (no F, no AUC ratio), only Cmax and Tmax, and leaves the reader to infer bioavailability from the oral/IV Cmax contrast. EPA footnote a: 'Converted published Tmax (days) to Tmax (hours) for Kim et al. (2016b).' Oral:IV Cmax ratio for this sex in this study is 0.65. These Cmax values in ug/mL correspond exactly to the mM values EPA gives for the same arms in Table B-28 (e.g. 0.089 mM x 414 g/mol = 36.8 ug/mL), so the two tables are internally consistent on Cmax. NOTE the female is dosed at 40 mg/kg against the male's 6 mg/kg, so male and female Cmax cannot be compared across this study. ",Tmax is NA for the IV route. Cmax and Tmax for these studies are not held in db/animal_halflife_measured.csv or db/vd_clearance.csv - new to the project. No bioavailability fraction is available from EPA for either study.
Li et al. (2015),2015,"US EPA 2024, Appendix to the Final Human Health Toxicity Assessment for PFOA, EPA-815R24006","Appendix B narrative, section B.1 Absorption (text immediately following Table B-2; NOT carried in any numbered table)",PFOA,mouse,BALB/c,female,,"oral (PFOA mixed into foods of differing nutritional composition, 7-day feeding)",not stated by EPA,,liver (accumulation used as the bioavailability endpoint),relative oral bioavailability (food vs water),4.30 to 69.0,% relative to administration in water,,,0.80 at the low end; 11.9 at the high end,"in vivo comparison of liver PFOA accumulation after feeding PFOA in food mixtures (meat, seafood, milk, fruits/vegetables) versus in water",measured,"EPA: 'PFOA bioavailability relative to water ranged from 4.30 +/- 0.80 to 69.0 +/- 11.9% and was negatively correlated with lipid content (r = 0.76).' The authors suggest sorption by free fatty acids in foods could limit PFOA access to intestinal transporters, and that cations in the gastrointestinal tract such as Ca2+ and Mg2+ can complex PFOA promoting partitioning to the lipid phase. EPA's own conclusion: 'PFOA bioavailability is strongly influenced by diet, with high fat diets associated with reduced absorption, and that an important factor influencing PFOA bioaccessibility is colloidal stability in intestinal solutions.' This is the ONLY quantitative bioavailability figure anywhere in Appendix B - Table B-2 itself reports no bioavailability value, only Cmax and Tmax. A 16-fold range of relative bioavailability driven by diet is a large and under-recognised source of variability in oral PFOA dosimetry.","NOT IN ANY NUMBERED EPA TABLE and not held in any db/ CSV checked - new to the project. The vehicle/matrix dependence (16-fold) is of the same order as the species and sex effects the project tracks, and applies to every oral animal dose in db/animal_halflife_measured.csv. Note the correlation is reported as r = 0.76 for a NEGATIVE correlation, i.e. the sign is stated in words but not in the coefficient."
Li et al. (2015),2015,"US EPA 2024, Appendix to the Final Human Health Toxicity Assessment for PFOA, EPA-815R24006","Appendix B narrative, section B.1 Absorption (text immediately following Table B-2)",PFOA,in vitro (no species),,,,"in vitro digestion of food matrices (0.3 g food, sample/solution ratio 1:97.5)",not stated by EPA,,simulated gastrointestinal fluid,"bioaccessibility (unified BARGE method, UBM)",8.7 to 73,%,,,,"unified BARGE method (UBM) of Smith et al. (2012), applied to food instead of soil",measured (in vitro surrogate for bioavailability),"EPA reports bioaccessibility varied by method: 8.7-73% for UBM, 9.8-99% for PBET, 21-114% for IVD. Bioaccessibility was negatively correlated with lipid content for the UBM method (r = 0.82) but NOT for the other methods (r = 0.11-0.22). EPA suggests UBM can be used to model bioaccessibility, possibly because it is associated with higher lipolysis and better mimics cations in gastrointestinal fluid, which may lower the potential to form stable micelles relative to PBET and IVD.","In vitro, not an in vivo TK parameter; recorded because it is the only bioaccessibility data in Appendix B and it is the method EPA endorses. Not in any db/ CSV. Note the IVD method returns values ABOVE 100% (up to 114%), which is not physically interpretable as a bioavailable fraction."
Li et al. (2015),2015,"US EPA 2024, Appendix to the Final Human Health Toxicity Assessment for PFOA, EPA-815R24006","Appendix B narrative, section B.1 Absorption (text immediately following Table B-2)",PFOA,in vitro (no species),,,,"in vitro digestion of food matrices (0.3 g food, sample/solution ratio 1:100)",not stated by EPA,,simulated gastrointestinal fluid,"bioaccessibility (physiologically based extraction test, PBET)",9.8 to 99,%,,,,physiologically based extraction test (PBET) of Tilston et al. (2011),measured (in vitro surrogate),"PBET gave 9.8-99% bioaccessibility and showed essentially NO correlation with lipid content (r = 0.11-0.22), unlike the UBM method (r = 0.82) and unlike the in vivo mouse result (r = 0.76). The three in vitro methods therefore disagree with each other and only one of them reproduces the in vivo lipid effect.","METHOD DISAGREEMENT: three in vitro bioaccessibility methods applied to the same food matrices give 8.7-73%, 9.8-99% and 21-114%, and only UBM reproduces the in vivo lipid dependence. Not in any db/ CSV."
Li et al. (2015),2015,"US EPA 2024, Appendix to the Final Human Health Toxicity Assessment for PFOA, EPA-815R24006","Appendix B narrative, section B.1 Absorption (text immediately following Table B-2)",PFOA,in vitro (no species),,,,"in vitro digestion of food matrices (0.3 g food, sample/solution ratio 1:150)",not stated by EPA,,simulated gastrointestinal fluid,"bioaccessibility (in vitro digestion method, IVD)",21 to 114,%,,,,in vitro digestion method (IVD) of James et al. (2011),measured (in vitro surrogate),"IVD gave 21-114% bioaccessibility. The upper bound exceeds 100%, which cannot be a bioavailable fraction and indicates the method over-extracts relative to the gastrointestinal tract. No correlation with lipid content (r = 0.11-0.22 across the non-UBM methods).","VALUE EXCEEDS 100% (up to 114%), physically uninterpretable as a fraction absorbed - recorded as printed. Not in any db/ CSV."
