study,year,pmid,doi,chemical,isomer,halflife_y,ci_low,ci_high,statistic,n,sex,age_group,population,setting,country,exposure_source,water_conc_ngL,intake_ng_kg_day,initial_serum_ng_mL,final_serum_ng_mL,serum_matrix,vd_L_kg,vd_assumed_or_fitted,exposure_ceased,background_adjusted,followup_y,model,estimation_basis_serumdecay_or_massbalance,excretion_routes_counted,isomers_separated,key_assumptions,risk_of_bias_notes,verified,source_table
Batzella 2024 Veneto,2024,38306197,10.1289/EHP13152,PFOA,total,2.36,2.33,2.40,mean half-life from the mean elimination rate constant,5860,both (49% male),14-52 y (median 28),Veneto 'Red Area' residents in the regional health surveillance plan,community water,Italy,groundwater contaminated by the Miteni plant (active from the late 1960s); GAC filtration from Aug 2013,,,49 median (range 0.5-1090),median decline 62.45%,serum,,not used (serum decay),yes - charcoal filtration Aug 2013; nearly all water samples below detection from 2018,"yes - background PFOA 1.64 ng/mL (males 2.04, females 1.27) from the Ingelido background-area survey subtracted before modelling; 90 subjects below background excluded",4.0 median between the two samples; first sample 41-75 months (mean 53) after exposure ended,linear mixed effects with subject-specific intercept and slope; individual rates by BLUP; covariate x elapsed-time interactions,serum decay,none counted explicitly (serum decay),no (total PFOA; paper notes exposure was predominantly the linear isomer),"Background taken from a DIFFERENT population sampled 2015-2016 and held constant, so any temporal trend in background is unaccounted. Only 2 serum measurements per person, so time-dependence of the rate cannot be tested. Aug 2013 assumed as the exposure end date for everyone. Serum assumed to decay to a non-zero background floor.","Largest human PFOA half-life study and the narrowest CI in the literature. Restricted to ages 14-52, so not generalisable to older adults. Blood-donor status and breastfeeding not recorded.",full text,Results text and Table 3
Batzella 2024 Veneto,2024,38306197,10.1289/EHP13152,PFOA,total,2.04,2.00,2.08,mean (females),3006,female,14-52 y,Veneto 'Red Area' residents in the regional health surveillance plan,community water,Italy,groundwater contaminated by the Miteni plant (active from the late 1960s); GAC filtration from Aug 2013,,,lower than males (Table S1),,serum,,not used (serum decay),yes - charcoal filtration Aug 2013; nearly all water samples below detection from 2018,yes (1.27 ng/mL),4.0 median between the two samples; first sample 41-75 months (mean 53) after exposure ended,linear mixed effects with subject-specific intercept and slope; individual rates by BLUP; covariate x elapsed-time interactions,serum decay,none counted explicitly (serum decay),no (total PFOA; paper notes exposure was predominantly the linear isomer),as main row,sex is the largest single effect modifier found (-28% vs males),full text,Table 3
Batzella 2024 Veneto,2024,38306197,10.1289/EHP13152,PFOA,total,2.83,2.78,2.89,mean (males),2854,male,14-52 y,Veneto 'Red Area' residents in the regional health surveillance plan,community water,Italy,groundwater contaminated by the Miteni plant (active from the late 1960s); GAC filtration from Aug 2013,,,higher than females (Table S1),,serum,,not used (serum decay),yes - charcoal filtration Aug 2013; nearly all water samples below detection from 2018,yes (2.04 ng/mL),4.0 median between the two samples; first sample 41-75 months (mean 53) after exposure ended,linear mixed effects with subject-specific intercept and slope; individual rates by BLUP; covariate x elapsed-time interactions,serum decay,none counted explicitly (serum decay),no (total PFOA; paper notes exposure was predominantly the linear isomer),as main row,,full text,Table 3
Batzella 2024 Veneto,2024,38306197,10.1289/EHP13152,PFOA,total,1.64,1.58,1.70,mean,not stated (subgroup aged <14 y),both,children/adolescents <14 y (median 9 y at baseline),Veneto 'Red Area' residents in the regional health surveillance plan,community water,Italy,groundwater contaminated by the Miteni plant (active from the late 1960s); GAC filtration from Aug 2013,,,,,serum,,not used (serum decay),yes - charcoal filtration Aug 2013; nearly all water samples below detection from 2018,yes,4.0 median between the two samples; first sample 41-75 months (mean 53) after exposure ended,linear mixed effects with subject-specific intercept and slope; individual rates by BLUP; covariate x elapsed-time interactions,serum decay,none counted explicitly (serum decay),no (total PFOA; paper notes exposure was predominantly the linear isomer),"Growth dilution not modelled separately, so part of the shorter half-life is dilution rather than faster intrinsic elimination.","One of only two paediatric PFOA half-life estimates found anywhere (the other is Lewis-Michl 2025). No male/female difference in this age band, consistent with menstruation and pregnancy being the source of the adult sex difference.",full text,"Table S9, reported in Results"
Batzella 2024 Veneto,2024,38306197,10.1289/EHP13152,PFOA,total,1.92,1.86,1.98,"mean, quartile 1 of baseline serum PFOA",~1465,both,14-52 y,Veneto 'Red Area' residents in the regional health surveillance plan,community water,Italy,groundwater contaminated by the Miteni plant (active from the late 1960s); GAC filtration from Aug 2013,,,lowest quartile of baseline PFOA (cohort median 49),,serum,,not used (serum decay),yes - charcoal filtration Aug 2013; nearly all water samples below detection from 2018,yes,4.0 median between the two samples; first sample 41-75 months (mean 53) after exposure ended,linear mixed effects with subject-specific intercept and slope; individual rates by BLUP; covariate x elapsed-time interactions,serum decay,none counted explicitly (serum decay),no (total PFOA; paper notes exposure was predominantly the linear isomer),"DIRECT WITHIN-COHORT TEST OF CONCENTRATION DEPENDENCE. Half-life rises monotonically across baseline quartiles, Q1 1.92 -> Q4 2.85 y (+34.1% in males, +26.4% in females). Sign is OPPOSITE to saturable renal reabsorption.","Authors name the confound: 'there will be a tendency for people with more rapid excretion having lower baseline concentrations due to relatively more excretion between the end of exposure and the first sample. Whether there is an effect of concentration in addition on excretion rate cannot be distinguished in this study.' Sampling began 41-75 months after exposure ended, so fast eliminators were already depleted - a survivorship artefact, not a null result.",full text,"Table S3, reported in Results"
Batzella 2024 Veneto,2024,38306197,10.1289/EHP13152,PFOA,total,2.85,2.79,2.92,"mean, quartile 4 of baseline serum PFOA",~1465,both,14-52 y,Veneto 'Red Area' residents in the regional health surveillance plan,community water,Italy,groundwater contaminated by the Miteni plant (active from the late 1960s); GAC filtration from Aug 2013,,,highest quartile of baseline PFOA,,serum,,not used (serum decay),yes - charcoal filtration Aug 2013; nearly all water samples below detection from 2018,yes,4.0 median between the two samples; first sample 41-75 months (mean 53) after exposure ended,linear mixed effects with subject-specific intercept and slope; individual rates by BLUP; covariate x elapsed-time interactions,serum decay,none counted explicitly (serum decay),no (total PFOA; paper notes exposure was predominantly the linear isomer),see the Q1 row,see the Q1 row,full text,Table S3
Batzella 2024 Veneto,2024,38306197,10.1289/EHP13152,PFOA,total,1.78,1.71,1.85,"mean, women who gave birth during follow-up",213,female,reproductive age,Veneto 'Red Area' residents in the regional health surveillance plan,community water,Italy,groundwater contaminated by the Miteni plant (active from the late 1960s); GAC filtration from Aug 2013,,,,,serum,,not used (serum decay),yes - charcoal filtration Aug 2013; nearly all water samples below detection from 2018,yes,4.0 median between the two samples; first sample 41-75 months (mean 53) after exposure ended,linear mixed effects with subject-specific intercept and slope; individual rates by BLUP; covariate x elapsed-time interactions,serum decay,none counted explicitly (serum decay),no (total PFOA; paper notes exposure was predominantly the linear isomer),childbirth and lactation treated as an extra excretion route; breastfeeding duration not recorded,pregnancy data available for only 1492 of 3006 women (49.6%),full text,Table S5
Batzella 2024 Veneto,2024,38306197,10.1289/EHP13152,PFOA,total,2.54,2.47,2.60,"mean, women with no childbirth during follow-up",1279,female,reproductive age,Veneto 'Red Area' residents in the regional health surveillance plan,community water,Italy,groundwater contaminated by the Miteni plant (active from the late 1960s); GAC filtration from Aug 2013,,,,,serum,,not used (serum decay),yes - charcoal filtration Aug 2013; nearly all water samples below detection from 2018,yes,4.0 median between the two samples; first sample 41-75 months (mean 53) after exposure ended,linear mixed effects with subject-specific intercept and slope; individual rates by BLUP; covariate x elapsed-time interactions,serum decay,none counted explicitly (serum decay),no (total PFOA; paper notes exposure was predominantly the linear isomer),,,full text,Table S5
Batzella 2024 Veneto,2024,38306197,10.1289/EHP13152,PFOA,total,2.71,,,"mean, derived without background correction",5860,both,14-52 y,Veneto 'Red Area' residents in the regional health surveillance plan,community water,Italy,groundwater contaminated by the Miteni plant (active from the late 1960s); GAC filtration from Aug 2013,,,49 median,,serum,,not used (serum decay),yes - charcoal filtration Aug 2013; nearly all water samples below detection from 2018,no (uncorrected sensitivity analysis),4.0 median between the two samples; first sample 41-75 months (mean 53) after exposure ended,linear mixed effects with subject-specific intercept and slope; individual rates by BLUP; covariate x elapsed-time interactions,serum decay,none counted explicitly (serum decay),no (total PFOA; paper notes exposure was predominantly the linear isomer),"DERIVED BY US from the paper's statement 'the half-life would be overestimated by 0.35 of a year, when using the original concentrations not correcting for background exposure'. Implies +15% inflation at a baseline/background ratio of ~30.","derived, not a printed value",derived,Discussion text
Batzella 2024 Veneto,2024,38306197,10.1289/EHP13152,PFOS,total,7.45,7.24,7.69,mean APPARENT half-life,5847,both,14-52 y,Veneto 'Red Area' residents in the regional health surveillance plan,community water,Italy,groundwater contaminated by the Miteni plant (active from the late 1960s); GAC filtration from Aug 2013,,,4.3 median (range 0.5-142),median decline 30.23%,serum,,not used (serum decay),yes - charcoal filtration Aug 2013; nearly all water samples below detection from 2018,no - authors state baseline PFOS was similar to background so a true half-life could not be estimated,4.0 median between the two samples; first sample 41-75 months (mean 53) after exposure ended,linear mixed effects with subject-specific intercept and slope; individual rates by BLUP; covariate x elapsed-time interactions,serum decay,none counted explicitly (serum decay),no (total PFOA; paper notes exposure was predominantly the linear isomer),"Authors label this APPARENT, not intrinsic: 'they describe the trends in this population but are not reliable estimates of the intrinsic half-lives for these compounds.' Baseline 4.3 ng/mL sat at or just below the background area's median.",Do NOT use as an intrinsic half-life. It is the clearest demonstration of the central bias: at baseline ~= background the apparent half-life (7.45 y) is ~1.6x the pooled literature value for PFOS.,full text,"Table S6/S7, reported in Results"
Batzella 2024 Veneto,2024,38306197,10.1289/EHP13152,PFHxS,total,5.39,5.28,5.51,mean APPARENT half-life,5757,both,14-52 y,Veneto 'Red Area' residents in the regional health surveillance plan,community water,Italy,groundwater contaminated by the Miteni plant (active from the late 1960s); GAC filtration from Aug 2013,,,4.3 median (range 0.5-109.2),median decline 39.53%,serum,,not used (serum decay),yes - charcoal filtration Aug 2013; nearly all water samples below detection from 2018,no - baseline only moderately above background,4.0 median between the two samples; first sample 41-75 months (mean 53) after exposure ended,linear mixed effects with subject-specific intercept and slope; individual rates by BLUP; covariate x elapsed-time interactions,serum decay,none counted explicitly (serum decay),no (total PFOA; paper notes exposure was predominantly the linear isomer),"apparent only, as for PFOS",,full text,Table S6/S7
Lewis-Michl 2025 Hoosick Falls,2025,40247098,10.1038/s41370-025-00769-z,PFOA,total,3.15,2.97,3.34,geometric mean of individual half-lives (unadjusted),307,"both (163 F, 144 M)",all ages; 47.9% aged 60+,Village of Hoosick Falls public water consumers,community water,USA (New York State),"Saint-Gobain PTFE/Teflon-coated fabric plant; bottled water from Nov 2015, GAC filtration from 16 Feb 2016",533.6 average of 25 samples Nov 2014-Feb 2016 (range 422-983),15 (DERIVED BY US: 533.6 ng/L x 2 L/day / 70 kg),70.7 GM (95% CI 63.8-78.4) in the 307 repeat-testers; 42.1 (39.9-44.4) in the full baseline group of 1573,"37.3 GM (33.2-42.0), a 42% reduction",serum,,not used (serum decay),"yes - bottled water Nov 2015, filtration Feb 2016; baseline blood testing began ~10 weeks after contamination became widely known",no subtraction; instead 9 participants (2.8%) with baseline PFOA below the NHANES 2015-16 95th percentile of 4.17 ng/mL were EXCLUDED,2.5 mean interval; 2 samples per person,two-point first-order per individual: k = ln(Cp1/Cp2)/(t2-t1),serum decay,none counted (serum decay),no,"Two samples only, so single-exponential decay is assumed and time-dependence cannot be tested. Background handled by exclusion rather than subtraction, so the estimate is biased long by whatever non-water exposure remains; the paper states analyses of ongoing non-drinking-water exposure are 'currently underway'. Serum/water ratio 89.0 using the GM, 101.6 using the median.","Strong participation bias into round 2: the 307 repeat-testers had GM 70.7 vs 42.1 for the full baseline cohort, and 47.9% were 60+ vs 25% at baseline and 22% in the village. Because half-life rises steeply with age here, 3.15 y is biased upward; use the age-standardised 2.86 y for cross-cohort comparison.",full text,Table 5 and Results text
Lewis-Michl 2025 Hoosick Falls,2025,40247098,10.1038/s41370-025-00769-z,PFOA,total,3.65,3.34,3.95,arithmetic mean of individual half-lives (unadjusted),307,both,all ages,Village of Hoosick Falls public water consumers,community water,USA (New York State),"Saint-Gobain PTFE/Teflon-coated fabric plant; bottled water from Nov 2015, GAC filtration from 16 Feb 2016",533.6 average of 25 samples Nov 2014-Feb 2016 (range 422-983),,70.7 GM,37.3 GM,serum,,not used (serum decay),"yes - bottled water Nov 2015, filtration Feb 2016; baseline blood testing began ~10 weeks after contamination became widely known",no (exclusion below 4.17 ng/mL),2.5 mean interval; 2 samples per person,two-point first-order per individual: k = ln(Cp1/Cp2)/(t2-t1),serum decay,none counted (serum decay),no,"AM exceeds GM by 16% in the same data - a clean, single-study measure of the summary-statistic assumption",,full text,Table 5
Lewis-Michl 2025 Hoosick Falls,2025,40247098,10.1038/s41370-025-00769-z,PFOA,total,2.86,,,"geometric mean, directly age-standardised to the Hoosick Falls age distribution",307,both,age-standardised,Village of Hoosick Falls public water consumers,community water,USA (New York State),"Saint-Gobain PTFE/Teflon-coated fabric plant; bottled water from Nov 2015, GAC filtration from 16 Feb 2016",533.6 average of 25 samples Nov 2014-Feb 2016 (range 422-983),,70.7 GM,,serum,,not used (serum decay),"yes - bottled water Nov 2015, filtration Feb 2016; baseline blood testing began ~10 weeks after contamination became widely known",no,2.5 mean interval; 2 samples per person,two-point first-order per individual: k = ln(Cp1/Cp2)/(t2-t1),serum decay,none counted (serum decay),no,This is the comparable estimate; the raw 3.15 y is inflated by over-representation of the elderly,,full text,Results text
Lewis-Michl 2025 Hoosick Falls,2025,40247098,10.1038/s41370-025-00769-z,PFOA,total,3.26,,,"arithmetic mean, age-standardised",307,both,age-standardised,Village of Hoosick Falls public water consumers,community water,USA (New York State),"Saint-Gobain PTFE/Teflon-coated fabric plant; bottled water from Nov 2015, GAC filtration from 16 Feb 2016",533.6 average of 25 samples Nov 2014-Feb 2016 (range 422-983),,,,serum,,not used (serum decay),"yes - bottled water Nov 2015, filtration Feb 2016; baseline blood testing began ~10 weeks after contamination became widely known",no,2.5 mean interval; 2 samples per person,two-point first-order per individual: k = ln(Cp1/Cp2)/(t2-t1),serum decay,none counted (serum decay),no,,,full text,Results text
Lewis-Michl 2025 Hoosick Falls,2025,40247098,10.1038/s41370-025-00769-z,PFOA,total,1.96,1.69,2.27,"geometric mean (median 1.95; AM 2.10, 1.80-2.39)",29,both,0-17 y,Village of Hoosick Falls public water consumers,community water,USA (New York State),"Saint-Gobain PTFE/Teflon-coated fabric plant; bottled water from Nov 2015, GAC filtration from 16 Feb 2016",533.6 average of 25 samples Nov 2014-Feb 2016 (range 422-983),,,,serum,,not used (serum decay),"yes - bottled water Nov 2015, filtration Feb 2016; baseline blood testing began ~10 weeks after contamination became widely known",no,2.5 mean interval; 2 samples per person,two-point first-order per individual: k = ln(Cp1/Cp2)/(t2-t1),serum decay,none counted (serum decay),no,growth dilution not separated from intrinsic elimination,n=29; one of only two paediatric PFOA half-life estimates in the literature,full text,Table 5
Lewis-Michl 2025 Hoosick Falls,2025,40247098,10.1038/s41370-025-00769-z,PFOA,total,2.65,2.17,3.23,geometric mean (median 2.47; AM 3.44),38,both,18-39 y,Village of Hoosick Falls public water consumers,community water,USA (New York State),"Saint-Gobain PTFE/Teflon-coated fabric plant; bottled water from Nov 2015, GAC filtration from 16 Feb 2016",533.6 average of 25 samples Nov 2014-Feb 2016 (range 422-983),,,,serum,,not used (serum decay),"yes - bottled water Nov 2015, filtration Feb 2016; baseline blood testing began ~10 weeks after contamination became widely known",no,2.5 mean interval; 2 samples per person,two-point first-order per individual: k = ln(Cp1/Cp2)/(t2-t1),serum decay,none counted (serum decay),no,,,full text,Table 5
Lewis-Michl 2025 Hoosick Falls,2025,40247098,10.1038/s41370-025-00769-z,PFOA,total,3.23,2.96,3.52,geometric mean (median 3.19; AM 3.59),93,both,40-59 y,Village of Hoosick Falls public water consumers,community water,USA (New York State),"Saint-Gobain PTFE/Teflon-coated fabric plant; bottled water from Nov 2015, GAC filtration from 16 Feb 2016",533.6 average of 25 samples Nov 2014-Feb 2016 (range 422-983),,,,serum,,not used (serum decay),"yes - bottled water Nov 2015, filtration Feb 2016; baseline blood testing began ~10 weeks after contamination became widely known",no,2.5 mean interval; 2 samples per person,two-point first-order per individual: k = ln(Cp1/Cp2)/(t2-t1),serum decay,none counted (serum decay),no,,,full text,Table 5
Lewis-Michl 2025 Hoosick Falls,2025,40247098,10.1038/s41370-025-00769-z,PFOA,total,3.55,3.27,3.87,geometric mean (median 3.51; AM 4.04),147,both,60+ y,Village of Hoosick Falls public water consumers,community water,USA (New York State),"Saint-Gobain PTFE/Teflon-coated fabric plant; bottled water from Nov 2015, GAC filtration from 16 Feb 2016",533.6 average of 25 samples Nov 2014-Feb 2016 (range 422-983),,,,serum,,not used (serum decay),"yes - bottled water Nov 2015, filtration Feb 2016; baseline blood testing began ~10 weeks after contamination became widely known",no,2.5 mean interval; 2 samples per person,two-point first-order per individual: k = ln(Cp1/Cp2)/(t2-t1),serum decay,none counted (serum decay),no,"1.8-fold age gradient (1.96 y at 0-17 vs 3.55 y at 60+) inside one cohort, one water source, one laboratory and one model - the cleanest age effect in the human literature",,full text,Table 5
Lewis-Michl 2025 Hoosick Falls,2025,40247098,10.1038/s41370-025-00769-z,PFOA,total,2.90,2.69,3.12,geometric mean (median 2.98; AM 3.24),163,female,all ages,Village of Hoosick Falls public water consumers,community water,USA (New York State),"Saint-Gobain PTFE/Teflon-coated fabric plant; bottled water from Nov 2015, GAC filtration from 16 Feb 2016",533.6 average of 25 samples Nov 2014-Feb 2016 (range 422-983),,,,serum,,not used (serum decay),"yes - bottled water Nov 2015, filtration Feb 2016; baseline blood testing began ~10 weeks after contamination became widely known",no,2.5 mean interval; 2 samples per person,two-point first-order per individual: k = ln(Cp1/Cp2)/(t2-t1),serum decay,none counted (serum decay),no,,,full text,Table 5
Lewis-Michl 2025 Hoosick Falls,2025,40247098,10.1038/s41370-025-00769-z,PFOA,total,3.46,3.16,3.78,geometric mean (median 3.28; AM 4.10),144,male,all ages,Village of Hoosick Falls public water consumers,community water,USA (New York State),"Saint-Gobain PTFE/Teflon-coated fabric plant; bottled water from Nov 2015, GAC filtration from 16 Feb 2016",533.6 average of 25 samples Nov 2014-Feb 2016 (range 422-983),,,,serum,,not used (serum decay),"yes - bottled water Nov 2015, filtration Feb 2016; baseline blood testing began ~10 weeks after contamination became widely known",no,2.5 mean interval; 2 samples per person,two-point first-order per individual: k = ln(Cp1/Cp2)/(t2-t1),serum decay,none counted (serum decay),no,,,full text,Table 5
Lewis-Michl 2025 Petersburgh,2025,40247098,10.1038/s41370-025-00769-z,PFOA,total,3.2,,,50th percentile (unadjusted),fewer than 10,both,all ages,"hamlet of Petersburgh public water consumers (~200 residents, 79 residences)",community water,USA (New York State),Taconic Plastics PTFE-coated fabric plant (operating since 1961),92.5 average for the Petersburgh public system,2.6 (DERIVED BY US: 92.5 ng/L x 2 L/day / 70 kg),9.57 GM (7.33-12.5) for the 51 baseline participants; median 11.3,,serum,,not used,yes,no,~2.5,two-point first-order,serum decay,none counted,no,"Serum/water ratio 103.4 using the GM, 122.2 using the median - HIGHER than Hoosick Falls (89.0/101.6) despite 5.8x lower water concentration, i.e. weak evidence of a steeper serum response per unit water at low water concentration",n<10 for the half-life; reported only as a footnoted value,full text,"Results text, ref 57"
Lyu 2026 Tokyo Tama,2026,41548900,10.1265/ehpm.25-00330,PFOS,linear,3.9,3.4,4.6,"estimate from the mean elimination rate (individual mean 4.6, 3.6-5.6)",17,female (all),"53-83 y (mean 70.2, SD 9.5); all amenorrhoeic","long-term residents of the Tama region, western Tokyo",community water,Japan,groundwater contaminated via a sewage plant handling wastewater from Yokota Air Force Base; contaminated wells withdrawn from tap-water use June 2019,pre-2019 groundwater exceeded Japan's 50 ng/L provisional target for PFOS+PFOA combined; cohort-specific tap-water concentration NOT measured,,"13.9 GM in 2020 (median 15.0, range 6.2-27.0)","8.1 GM in 2023 (median 8.4); -40.4%, p=0.006",serum,,not used (serum decay),yes - June 2019; regional tap water fell below the provisional target afterwards,no,"3.0 (two samples, 2020 and 2023)","first-order kinetics; point estimate from the mean elimination rate, individual rates also computed",serum decay,none counted (serum decay),yes - linear isomers only; branched isomers were not quantified in 2020,,"n=17, all female, all >50 y, two samples only",full text,Table 3
Lyu 2026 Tokyo Tama,2026,41548900,10.1265/ehpm.25-00330,PFOS,linear,2.7,2.3,3.4,estimate from the mean elimination rate,17,female (all),"53-83 y (mean 70.2, SD 9.5); all amenorrhoeic","long-term residents of the Tama region, western Tokyo",community water,Japan,groundwater contaminated via a sewage plant handling wastewater from Yokota Air Force Base; contaminated wells withdrawn from tap-water use June 2019,pre-2019 groundwater exceeded Japan's 50 ng/L provisional target for PFOS+PFOA combined; cohort-specific tap-water concentration NOT measured,,13.9 GM in 2020,8.1 GM in 2023,serum,,not used (serum decay),yes - June 2019; regional tap water fell below the provisional target afterwards,yes - 2.5 ng/mL (Japan Ministry of the Environment 2020 national biomonitoring mean) subtracted,"3.0 (two samples, 2020 and 2023)","first-order kinetics; point estimate from the mean elimination rate, individual rates also computed",serum decay,none counted (serum decay),yes - linear isomers only; branched isomers were not quantified in 2020,Background subtraction shortened PFOS by 1.2 y (-31%) at a baseline/background ratio of 5.6,,full text,Table 5
Lyu 2026 Tokyo Tama,2026,41548900,10.1265/ehpm.25-00330,PFHxS,linear,5.7,4.6,7.5,"estimate from the mean elimination rate (individual mean 6.5, 5.6-7.5)",17,female (all),"53-83 y (mean 70.2, SD 9.5); all amenorrhoeic","long-term residents of the Tama region, western Tokyo",community water,Japan,groundwater contaminated via a sewage plant handling wastewater from Yokota Air Force Base; contaminated wells withdrawn from tap-water use June 2019,pre-2019 groundwater exceeded Japan's 50 ng/L provisional target for PFOS+PFOA combined; cohort-specific tap-water concentration NOT measured,,"21.0 GM in 2020 (median 22.0, range 5.2-81.0)","14.6 GM in 2023 (median 14.7); -29.5%, p=0.045",serum,,not used (serum decay),yes - June 2019; regional tap water fell below the provisional target afterwards,no,"3.0 (two samples, 2020 and 2023)","first-order kinetics; point estimate from the mean elimination rate, individual rates also computed",serum decay,none counted (serum decay),yes - linear isomers only; branched isomers were not quantified in 2020,,,full text,Table 3
Lyu 2026 Tokyo Tama,2026,41548900,10.1265/ehpm.25-00330,PFHxS,linear,5.6,4.5,7.4,estimate from the mean elimination rate,17,female (all),"53-83 y (mean 70.2, SD 9.5); all amenorrhoeic","long-term residents of the Tama region, western Tokyo",community water,Japan,groundwater contaminated via a sewage plant handling wastewater from Yokota Air Force Base; contaminated wells withdrawn from tap-water use June 2019,pre-2019 groundwater exceeded Japan's 50 ng/L provisional target for PFOS+PFOA combined; cohort-specific tap-water concentration NOT measured,,21.0 GM in 2020,14.6 GM in 2023,serum,,not used (serum decay),yes - June 2019; regional tap water fell below the provisional target afterwards,yes - 0.4 ng/mL subtracted,"3.0 (two samples, 2020 and 2023)","first-order kinetics; point estimate from the mean elimination rate, individual rates also computed",serum decay,none counted (serum decay),yes - linear isomers only; branched isomers were not quantified in 2020,Background subtraction changed PFHxS by only 0.1 y (-2%) at a baseline/background ratio of 53 - exactly the null effect predicted when levels are far above background,,full text,Table 5
Lyu 2026 Tokyo Tama,2026,41548900,10.1265/ehpm.25-00330,PFOA,linear,8.0,6.0,10.0,"estimate from the mean elimination rate (individual mean 9.8, 7.5-12.1)",17,female (all),"53-83 y (mean 70.2, SD 9.5); all amenorrhoeic","long-term residents of the Tama region, western Tokyo",community water,Japan,groundwater contaminated via a sewage plant handling wastewater from Yokota Air Force Base; contaminated wells withdrawn from tap-water use June 2019,pre-2019 groundwater exceeded Japan's 50 ng/L provisional target for PFOS+PFOA combined; cohort-specific tap-water concentration NOT measured,,"5.5 GM in 2020 (median 4.9, range 3.1-12.0)","4.2 GM in 2023 (median 4.1); -22.6%, p=0.118 (NOT significant)",serum,,not used (serum decay),yes - June 2019; regional tap water fell below the provisional target afterwards,no,"3.0 (two samples, 2020 and 2023)","first-order kinetics; point estimate from the mean elimination rate, individual rates also computed",serum decay,none counted (serum decay),yes - linear isomers only; branched isomers were not quantified in 2020,"The three-year decline was not statistically significant for PFOA, so this estimate rests on a non-significant trend","Highest PFOA half-life in the 2022-2026 literature; the authors attribute it to the low exposure contrast - 'Because measured PFOA concentrations in our study were close to background levels, even small unaccounted exposures may have disproportionately influenced the rate constant estimates, biasing the elimination half-life upward.'",full text,Table 3
Lyu 2026 Tokyo Tama,2026,41548900,10.1265/ehpm.25-00330,PFOA,linear,5.1,4.1,6.8,estimate from the mean elimination rate,17,female (all),"53-83 y (mean 70.2, SD 9.5); all amenorrhoeic","long-term residents of the Tama region, western Tokyo",community water,Japan,groundwater contaminated via a sewage plant handling wastewater from Yokota Air Force Base; contaminated wells withdrawn from tap-water use June 2019,pre-2019 groundwater exceeded Japan's 50 ng/L provisional target for PFOS+PFOA combined; cohort-specific tap-water concentration NOT measured,,5.5 GM in 2020,4.2 GM in 2023,serum,,not used (serum decay),yes - June 2019; regional tap water fell below the provisional target afterwards,yes - 1.5 ng/mL subtracted,"3.0 (two samples, 2020 and 2023)","first-order kinetics; point estimate from the mean elimination rate, individual rates also computed",serum decay,none counted (serum decay),yes - linear isomers only; branched isomers were not quantified in 2020,"Background subtraction shortened PFOA by 2.9 y (-36%) at a baseline/background ratio of 3.7 - the largest correction in this study, and the authors say it is probably still incomplete","Even corrected, 5.1 y exceeds every other 2022-2026 PFOA estimate, consistent with residual unmeasured exposure rather than slower biology",full text,Table 5
Lyu 2026 Tokyo Tama,2026,41548900,10.1265/ehpm.25-00330,PFOA,linear,8.7,7.0,11.5,"mean rate estimate, LOW baseline-exposure group (<75th pct); individual mean 10.6 (7.7-13.4)",12,female,53-83 y,"Tama region, Tokyo",community water,Japan,as Lyu 2026 main rows,,,below the 75th percentile of baseline L-PFOA,,serum,,not used,yes,no,3.0,first-order,serum decay,none counted,yes (linear),"DIRECT WITHIN-COHORT TEST: PFOA half-life was 2.0 y SHORTER in the high-exposure group (individual mean 2.6 y lower), the direction saturable reabsorption predicts; but the Pearson correlation between baseline level and individual half-life was r=-0.231, p=0.371, and the group difference p=0.351",n=12 vs 5; not statistically significant,full text,Table 4
Lyu 2026 Tokyo Tama,2026,41548900,10.1265/ehpm.25-00330,PFOA,linear,6.7,5.0,9.9,"mean rate estimate, HIGH baseline-exposure group (>=75th pct); individual mean 8.0 (4.8-11.2)",5,female,53-83 y,"Tama region, Tokyo",community water,Japan,as Lyu 2026 main rows,,,at or above the 75th percentile of baseline L-PFOA,,serum,,not used,yes,no,3.0,first-order,serum decay,none counted,yes (linear),see the paired low-exposure row,see the paired low-exposure row,full text,Table 4
Lyu 2026 Tokyo Tama,2026,41548900,10.1265/ehpm.25-00330,PFOS,linear,3.8,3.0,5.0,"mean rate estimate, below-median baseline; individual mean 4.5 (2.7-6.3)",7,female,53-83 y,"Tama region, Tokyo",community water,Japan,as Lyu 2026 main rows,,,,,serum,,not used,yes,no,3.0,first-order,serum decay,none counted,yes (linear),"PFOS shows essentially NO exposure-level effect (3.8 vs 4.0 y; individual means 4.5 vs 4.6, p=0.854) and the Pearson r was POSITIVE (+0.214, p=0.410), i.e. the opposite sign to saturation",,full text,Table 4
Lyu 2026 Tokyo Tama,2026,41548900,10.1265/ehpm.25-00330,PFOS,linear,4.0,3.3,5.1,"mean rate estimate, above-median baseline; individual mean 4.6 (3.4-5.9)",10,female,53-83 y,"Tama region, Tokyo",community water,Japan,as Lyu 2026 main rows,,,,,serum,,not used,yes,no,3.0,first-order,serum decay,none counted,yes (linear),see the paired row,,full text,Table 4
Lyu 2026 Tokyo Tama,2026,41548900,10.1265/ehpm.25-00330,PFHxS,linear,5.4,3.7,9.8,"mean rate estimate, below-median baseline; individual mean 6.6 (5.2-7.9)",8,female,53-83 y,"Tama region, Tokyo",community water,Japan,as Lyu 2026 main rows,,,,,serum,,not used,yes,no,3.0,first-order,serum decay,none counted,yes (linear),"PFHxS: 5.4 (low) vs 6.1 (high); individual means 6.6 vs 6.5, p=0.970; Pearson r +0.168, p=0.520 - no effect",,full text,Table 4
Lyu 2026 Tokyo Tama,2026,41548900,10.1265/ehpm.25-00330,PFHxS,linear,6.1,5.3,7.2,"mean rate estimate, above-median baseline; individual mean 6.5 (5.3-7.8)",9,female,53-83 y,"Tama region, Tokyo",community water,Japan,as Lyu 2026 main rows,,,,,serum,,not used,yes,no,3.0,first-order,serum decay,none counted,yes (linear),see the paired row,"eGFR was significantly associated with L-PFHxS half-life (R2=0.252, p=0.040) but not with PFOS or PFOA half-life",full text,Table 4 and Fig. 1
Abraham 2024 controlled oral dose (n=1),2024,39476597,10.1016/j.envint.2024.109047,PFBA,MPFBA,0.0114,0.0111,0.0118,point estimate of the terminal plasma half-life; 4.18 days (range = 95% CI: 4.06-4.31 days),1,male,"67 y, 82 kg",single healthy male volunteer (self-experiment by the study's own physician),controlled oral administration,Germany,"single oral dose of a mixture of 15 predominantly 13C-labelled PFAS, taken with the volunteer's background PFAS sum below 6.9 ug/L",,single dose 4.01 ug (49 ng/kg bw); not a daily intake,back-extrapolated plasma C0 0.371 ug/L (= ng/mL),followed to day 450,plasma,0.132 (132 mL/kg bw; range 128-136),fitted/measured: Vd = absorbed dose / back-extrapolated C0,"yes by design - a single bolus dose, so intake is exactly known and zero thereafter; the 13C label also removes background interference entirely","not needed for the labelled compounds (13C-label separates them from background); for MPFOA a pre-existing level of 0.130 ug/L was subtracted; PFBS, 6:2FTS, HFPO-DA and DONA were unlabelled","1.23 (450 days of plasma, urine and faecal sampling)",two-compartment (one-compartment for MPFBA and 6:2FTS); terminal phase t1/2 = ln2/kel; CLtot = kel x Vd,"both - plasma decay for the half-life and Vd, plus a full urinary and faecal mass balance for clearance",urine AND faeces both measured; glomerular filtration clearance also computed as fup x measured creatinine clearance (113.7 mL/min),n/a - pure linear reference standards administered,"Vd is computed as absorbed dose / back-extrapolated C0, so it inherits the assumption that absorption was essentially complete (supported here by the faecal recovery of unabsorbed compound in the first days). CRITICAL: only 107.66 half-lives were actually observed in the 450-day window, so the long-chain values are extrapolations from the early terminal slope, not observed decay. Clearance partition: CLuri 1.00, CLtot 1.24 mL/min; fup 0.093; CLfilt 10.57; faecal not detected.","n=1, male, 67 y - no inter-individual variability, no sex contrast, no generalisability. BUT this is the ONLY human study with a known administered dose, a label that eliminates background, and simultaneous urinary and faecal measurement, so it is the only design that needs no assumption about exposure cessation or background. For the project's core question: plasma C0 here was 0.13-1.64 ug/L, i.e. 30-500x BELOW the serum levels of every contaminated-community cohort, and the PFOA half-life came out at 5.5 y against 2.3-3.2 y in those cohorts - the direction saturable reabsorption predicts, though confounded by the extrapolation and by n=1.",full text,"Tables 1, 3 and 4"
Abraham 2024 controlled oral dose (n=1),2024,39476597,10.1016/j.envint.2024.109047,PFPeA,MPFPeA,0.0014,0.0014,0.0015,point estimate of the terminal plasma half-life; 0.52 days (range = 95% CI: 0.51-0.53 days),1,male,"67 y, 82 kg",single healthy male volunteer (self-experiment by the study's own physician),controlled oral administration,Germany,"single oral dose of a mixture of 15 predominantly 13C-labelled PFAS, taken with the volunteer's background PFAS sum below 6.9 ug/L",,single dose 3.95 ug (48 ng/kg bw); not a daily intake,back-extrapolated plasma C0 0.436 ug/L (= ng/mL),followed to day 450,plasma,0.110 (110 mL/kg bw; range 107-115),fitted/measured: Vd = absorbed dose / back-extrapolated C0,"yes by design - a single bolus dose, so intake is exactly known and zero thereafter; the 13C label also removes background interference entirely","not needed for the labelled compounds (13C-label separates them from background); for MPFOA a pre-existing level of 0.130 ug/L was subtracted; PFBS, 6:2FTS, HFPO-DA and DONA were unlabelled","1.23 (450 days of plasma, urine and faecal sampling)",two-compartment (one-compartment for MPFBA and 6:2FTS); terminal phase t1/2 = ln2/kel; CLtot = kel x Vd,"both - plasma decay for the half-life and Vd, plus a full urinary and faecal mass balance for clearance",urine AND faeces both measured; glomerular filtration clearance also computed as fup x measured creatinine clearance (113.7 mL/min),n/a - pure linear reference standards administered,"Vd is computed as absorbed dose / back-extrapolated C0, so it inherits the assumption that absorption was essentially complete (supported here by the faecal recovery of unabsorbed compound in the first days). CRITICAL: only 865.38 half-lives were actually observed in the 450-day window, so the long-chain values are extrapolations from the early terminal slope, not observed decay. Clearance partition: CLuri 8.89, CLtot 8.45 mL/min; fup 0.044; CLfilt 5.00; faecal not detected.","n=1, male, 67 y - no inter-individual variability, no sex contrast, no generalisability. BUT this is the ONLY human study with a known administered dose, a label that eliminates background, and simultaneous urinary and faecal measurement, so it is the only design that needs no assumption about exposure cessation or background. For the project's core question: plasma C0 here was 0.13-1.64 ug/L, i.e. 30-500x BELOW the serum levels of every contaminated-community cohort, and the PFOA half-life came out at 5.5 y against 2.3-3.2 y in those cohorts - the direction saturable reabsorption predicts, though confounded by the extrapolation and by n=1.",full text,"Tables 1, 3 and 4"
Abraham 2024 controlled oral dose (n=1),2024,39476597,10.1016/j.envint.2024.109047,PFHxA,MPFHxA,0.0040,0.0039,0.0041,point estimate of the terminal plasma half-life; 1.45 days (range = 95% CI: 1.42-1.48 days),1,male,"67 y, 82 kg",single healthy male volunteer (self-experiment by the study's own physician),controlled oral administration,Germany,"single oral dose of a mixture of 15 predominantly 13C-labelled PFAS, taken with the volunteer's background PFAS sum below 6.9 ug/L",,single dose 3.99 ug (49 ng/kg bw); not a daily intake,back-extrapolated plasma C0 0.409 ug/L (= ng/mL),followed to day 450,plasma,0.119 (119 mL/kg bw; range 113-126),fitted/measured: Vd = absorbed dose / back-extrapolated C0,"yes by design - a single bolus dose, so intake is exactly known and zero thereafter; the 13C label also removes background interference entirely","not needed for the labelled compounds (13C-label separates them from background); for MPFOA a pre-existing level of 0.130 ug/L was subtracted; PFBS, 6:2FTS, HFPO-DA and DONA were unlabelled","1.23 (450 days of plasma, urine and faecal sampling)",two-compartment (one-compartment for MPFBA and 6:2FTS); terminal phase t1/2 = ln2/kel; CLtot = kel x Vd,"both - plasma decay for the half-life and Vd, plus a full urinary and faecal mass balance for clearance",urine AND faeces both measured; glomerular filtration clearance also computed as fup x measured creatinine clearance (113.7 mL/min),n/a - pure linear reference standards administered,"Vd is computed as absorbed dose / back-extrapolated C0, so it inherits the assumption that absorption was essentially complete (supported here by the faecal recovery of unabsorbed compound in the first days). CRITICAL: only 310.34 half-lives were actually observed in the 450-day window, so the long-chain values are extrapolations from the early terminal slope, not observed decay. Clearance partition: CLuri 2.68, CLtot 3.24 mL/min; fup 0.0068; CLfilt 0.77; faecal not detected.","n=1, male, 67 y - no inter-individual variability, no sex contrast, no generalisability. BUT this is the ONLY human study with a known administered dose, a label that eliminates background, and simultaneous urinary and faecal measurement, so it is the only design that needs no assumption about exposure cessation or background. For the project's core question: plasma C0 here was 0.13-1.64 ug/L, i.e. 30-500x BELOW the serum levels of every contaminated-community cohort, and the PFOA half-life came out at 5.5 y against 2.3-3.2 y in those cohorts - the direction saturable reabsorption predicts, though confounded by the extrapolation and by n=1.",full text,"Tables 1, 3 and 4"
Abraham 2024 controlled oral dose (n=1),2024,39476597,10.1016/j.envint.2024.109047,PFHpA,MPFHpA,0.416,0.402,0.430,point estimate of the terminal plasma half-life; 152 days (range = 95% CI: 147-157 days),1,male,"67 y, 82 kg",single healthy male volunteer (self-experiment by the study's own physician),controlled oral administration,Germany,"single oral dose of a mixture of 15 predominantly 13C-labelled PFAS, taken with the volunteer's background PFAS sum below 6.9 ug/L",,single dose 3.80 ug (46 ng/kg bw); not a daily intake,back-extrapolated plasma C0 0.362 ug/L (= ng/mL),followed to day 450,plasma,0.128 (128 mL/kg bw; range 125-131),fitted/measured: Vd = absorbed dose / back-extrapolated C0,"yes by design - a single bolus dose, so intake is exactly known and zero thereafter; the 13C label also removes background interference entirely","not needed for the labelled compounds (13C-label separates them from background); for MPFOA a pre-existing level of 0.130 ug/L was subtracted; PFBS, 6:2FTS, HFPO-DA and DONA were unlabelled","1.23 (450 days of plasma, urine and faecal sampling)",two-compartment (one-compartment for MPFBA and 6:2FTS); terminal phase t1/2 = ln2/kel; CLtot = kel x Vd,"both - plasma decay for the half-life and Vd, plus a full urinary and faecal mass balance for clearance",urine AND faeces both measured; glomerular filtration clearance also computed as fup x measured creatinine clearance (113.7 mL/min),n/a - pure linear reference standards administered,"Vd is computed as absorbed dose / back-extrapolated C0, so it inherits the assumption that absorption was essentially complete (supported here by the faecal recovery of unabsorbed compound in the first days). CRITICAL: only 2.96 half-lives were actually observed in the 450-day window, so the long-chain values are extrapolations from the early terminal slope, not observed decay. Clearance partition: CLuri 0.023, CLtot 0.033 mL/min; fup 0.0004; CLfilt 0.045; faecal not detected.","n=1, male, 67 y - no inter-individual variability, no sex contrast, no generalisability. BUT this is the ONLY human study with a known administered dose, a label that eliminates background, and simultaneous urinary and faecal measurement, so it is the only design that needs no assumption about exposure cessation or background. For the project's core question: plasma C0 here was 0.13-1.64 ug/L, i.e. 30-500x BELOW the serum levels of every contaminated-community cohort, and the PFOA half-life came out at 5.5 y against 2.3-3.2 y in those cohorts - the direction saturable reabsorption predicts, though confounded by the extrapolation and by n=1.",full text,"Tables 1, 3 and 4"
Abraham 2024 controlled oral dose (n=1),2024,39476597,10.1016/j.envint.2024.109047,PFOA,MPFOA,5.506,4.014,8.778,point estimate of the terminal plasma half-life; 2011 days (range = 95% CI: 1466-3206 days),1,male,"67 y, 82 kg",single healthy male volunteer (self-experiment by the study's own physician),controlled oral administration,Germany,"single oral dose of a mixture of 15 predominantly 13C-labelled PFAS, taken with the volunteer's background PFAS sum below 6.9 ug/L",,single dose 3.96 ug (48 ng/kg bw); not a daily intake,back-extrapolated plasma C0 0.529 ug/L (0.399 after subtracting the pre-existing 0.130) (= ng/mL),followed to day 450,plasma,0.121 (121 mL/kg bw; range 118-124),fitted/measured: Vd = absorbed dose / back-extrapolated C0,"yes by design - a single bolus dose, so intake is exactly known and zero thereafter; the 13C label also removes background interference entirely","not needed for the labelled compounds (13C-label separates them from background); for MPFOA a pre-existing level of 0.130 ug/L was subtracted; PFBS, 6:2FTS, HFPO-DA and DONA were unlabelled","1.23 (450 days of plasma, urine and faecal sampling)",two-compartment (one-compartment for MPFBA and 6:2FTS); terminal phase t1/2 = ln2/kel; CLtot = kel x Vd,"both - plasma decay for the half-life and Vd, plus a full urinary and faecal mass balance for clearance",urine AND faeces both measured; glomerular filtration clearance also computed as fup x measured creatinine clearance (113.7 mL/min),n/a - pure linear reference standards administered,"Vd is computed as absorbed dose / back-extrapolated C0, so it inherits the assumption that absorption was essentially complete (supported here by the faecal recovery of unabsorbed compound in the first days). CRITICAL: only 0.22 half-lives were actually observed in the 450-day window, so the long-chain values are extrapolations from the early terminal slope, not observed decay. Clearance partition: CLuri not quantifiable, CLtot 0.0024 mL/min; fup 0.001; CLfilt 0.11; CLfec 0.0004 (=17% of CLtot).","n=1, male, 67 y - no inter-individual variability, no sex contrast, no generalisability. BUT this is the ONLY human study with a known administered dose, a label that eliminates background, and simultaneous urinary and faecal measurement, so it is the only design that needs no assumption about exposure cessation or background. For the project's core question: plasma C0 here was 0.13-1.64 ug/L, i.e. 30-500x BELOW the serum levels of every contaminated-community cohort, and the PFOA half-life came out at 5.5 y against 2.3-3.2 y in those cohorts - the direction saturable reabsorption predicts, though confounded by the extrapolation and by n=1.",full text,"Tables 1, 3 and 4"
Abraham 2024 controlled oral dose (n=1),2024,39476597,10.1016/j.envint.2024.109047,PFNA,MPFNA,3.573,2.886,4.698,point estimate of the terminal plasma half-life; 1305 days (range = 95% CI: 1054-1716 days),1,male,"67 y, 82 kg",single healthy male volunteer (self-experiment by the study's own physician),controlled oral administration,Germany,"single oral dose of a mixture of 15 predominantly 13C-labelled PFAS, taken with the volunteer's background PFAS sum below 6.9 ug/L",,single dose 4.02 ug (49 ng/kg bw); not a daily intake,back-extrapolated plasma C0 0.394 ug/L (= ng/mL),followed to day 450,plasma,0.124 (124 mL/kg bw; range 122-127),fitted/measured: Vd = absorbed dose / back-extrapolated C0,"yes by design - a single bolus dose, so intake is exactly known and zero thereafter; the 13C label also removes background interference entirely","not needed for the labelled compounds (13C-label separates them from background); for MPFOA a pre-existing level of 0.130 ug/L was subtracted; PFBS, 6:2FTS, HFPO-DA and DONA were unlabelled","1.23 (450 days of plasma, urine and faecal sampling)",two-compartment (one-compartment for MPFBA and 6:2FTS); terminal phase t1/2 = ln2/kel; CLtot = kel x Vd,"both - plasma decay for the half-life and Vd, plus a full urinary and faecal mass balance for clearance",urine AND faeces both measured; glomerular filtration clearance also computed as fup x measured creatinine clearance (113.7 mL/min),n/a - pure linear reference standards administered,"Vd is computed as absorbed dose / back-extrapolated C0, so it inherits the assumption that absorption was essentially complete (supported here by the faecal recovery of unabsorbed compound in the first days). CRITICAL: only 0.34 half-lives were actually observed in the 450-day window, so the long-chain values are extrapolations from the early terminal slope, not observed decay. Clearance partition: CLuri not quantifiable, CLtot 0.0038 mL/min; fup 0.0016; CLfilt 0.18; CLfec 0.0022 (=58% of CLtot).","n=1, male, 67 y - no inter-individual variability, no sex contrast, no generalisability. BUT this is the ONLY human study with a known administered dose, a label that eliminates background, and simultaneous urinary and faecal measurement, so it is the only design that needs no assumption about exposure cessation or background. For the project's core question: plasma C0 here was 0.13-1.64 ug/L, i.e. 30-500x BELOW the serum levels of every contaminated-community cohort, and the PFOA half-life came out at 5.5 y against 2.3-3.2 y in those cohorts - the direction saturable reabsorption predicts, though confounded by the extrapolation and by n=1.",full text,"Tables 1, 3 and 4"
Abraham 2024 controlled oral dose (n=1),2024,39476597,10.1016/j.envint.2024.109047,PFDA,MPFDA,2.360,1.993,2.894,point estimate of the terminal plasma half-life; 862 days (range = 95% CI: 728-1057 days),1,male,"67 y, 82 kg",single healthy male volunteer (self-experiment by the study's own physician),controlled oral administration,Germany,"single oral dose of a mixture of 15 predominantly 13C-labelled PFAS, taken with the volunteer's background PFAS sum below 6.9 ug/L",,single dose 4.01 ug (49 ng/kg bw); not a daily intake,back-extrapolated plasma C0 0.266 ug/L (= ng/mL),followed to day 450,plasma,0.184 (184 mL/kg bw; range 180-188),fitted/measured: Vd = absorbed dose / back-extrapolated C0,"yes by design - a single bolus dose, so intake is exactly known and zero thereafter; the 13C label also removes background interference entirely","not needed for the labelled compounds (13C-label separates them from background); for MPFOA a pre-existing level of 0.130 ug/L was subtracted; PFBS, 6:2FTS, HFPO-DA and DONA were unlabelled","1.23 (450 days of plasma, urine and faecal sampling)",two-compartment (one-compartment for MPFBA and 6:2FTS); terminal phase t1/2 = ln2/kel; CLtot = kel x Vd,"both - plasma decay for the half-life and Vd, plus a full urinary and faecal mass balance for clearance",urine AND faeces both measured; glomerular filtration clearance also computed as fup x measured creatinine clearance (113.7 mL/min),n/a - pure linear reference standards administered,"Vd is computed as absorbed dose / back-extrapolated C0, so it inherits the assumption that absorption was essentially complete (supported here by the faecal recovery of unabsorbed compound in the first days). CRITICAL: only 0.52 half-lives were actually observed in the 450-day window, so the long-chain values are extrapolations from the early terminal slope, not observed decay. Clearance partition: CLuri not detected, CLtot 0.0084 mL/min; fup 0.0027; CLfilt 0.31; CLfec 0.0051 (=61% of CLtot).","n=1, male, 67 y - no inter-individual variability, no sex contrast, no generalisability. BUT this is the ONLY human study with a known administered dose, a label that eliminates background, and simultaneous urinary and faecal measurement, so it is the only design that needs no assumption about exposure cessation or background. For the project's core question: plasma C0 here was 0.13-1.64 ug/L, i.e. 30-500x BELOW the serum levels of every contaminated-community cohort, and the PFOA half-life came out at 5.5 y against 2.3-3.2 y in those cohorts - the direction saturable reabsorption predicts, though confounded by the extrapolation and by n=1.",full text,"Tables 1, 3 and 4"
Abraham 2024 controlled oral dose (n=1),2024,39476597,10.1016/j.envint.2024.109047,PFUnDA,MPFUdA,1.599,1.372,1.930,point estimate of the terminal plasma half-life; 584 days (range = 95% CI: 501-705 days),1,male,"67 y, 82 kg",single healthy male volunteer (self-experiment by the study's own physician),controlled oral administration,Germany,"single oral dose of a mixture of 15 predominantly 13C-labelled PFAS, taken with the volunteer's background PFAS sum below 6.9 ug/L",,single dose 4.00 ug (49 ng/kg bw); not a daily intake,back-extrapolated plasma C0 0.202 ug/L (= ng/mL),followed to day 450,plasma,0.241 (241 mL/kg bw; range 232-252),fitted/measured: Vd = absorbed dose / back-extrapolated C0,"yes by design - a single bolus dose, so intake is exactly known and zero thereafter; the 13C label also removes background interference entirely","not needed for the labelled compounds (13C-label separates them from background); for MPFOA a pre-existing level of 0.130 ug/L was subtracted; PFBS, 6:2FTS, HFPO-DA and DONA were unlabelled","1.23 (450 days of plasma, urine and faecal sampling)",two-compartment (one-compartment for MPFBA and 6:2FTS); terminal phase t1/2 = ln2/kel; CLtot = kel x Vd,"both - plasma decay for the half-life and Vd, plus a full urinary and faecal mass balance for clearance",urine AND faeces both measured; glomerular filtration clearance also computed as fup x measured creatinine clearance (113.7 mL/min),n/a - pure linear reference standards administered,"Vd is computed as absorbed dose / back-extrapolated C0, so it inherits the assumption that absorption was essentially complete (supported here by the faecal recovery of unabsorbed compound in the first days). CRITICAL: only 0.77 half-lives were actually observed in the 450-day window, so the long-chain values are extrapolations from the early terminal slope, not observed decay. Clearance partition: CLuri not detected, CLtot 0.0163 mL/min; fup 0.0148; CLfilt 1.68; CLfec 0.0098 (=60% of CLtot).","n=1, male, 67 y - no inter-individual variability, no sex contrast, no generalisability. BUT this is the ONLY human study with a known administered dose, a label that eliminates background, and simultaneous urinary and faecal measurement, so it is the only design that needs no assumption about exposure cessation or background. For the project's core question: plasma C0 here was 0.13-1.64 ug/L, i.e. 30-500x BELOW the serum levels of every contaminated-community cohort, and the PFOA half-life came out at 5.5 y against 2.3-3.2 y in those cohorts - the direction saturable reabsorption predicts, though confounded by the extrapolation and by n=1.",full text,"Tables 1, 3 and 4"
Abraham 2024 controlled oral dose (n=1),2024,39476597,10.1016/j.envint.2024.109047,PFDoDA,MPFDoA,0.808,0.750,0.879,point estimate of the terminal plasma half-life; 295 days (range = 95% CI: 274-321 days),1,male,"67 y, 82 kg",single healthy male volunteer (self-experiment by the study's own physician),controlled oral administration,Germany,"single oral dose of a mixture of 15 predominantly 13C-labelled PFAS, taken with the volunteer's background PFAS sum below 6.9 ug/L",,single dose 3.79 ug (46 ng/kg bw); not a daily intake,back-extrapolated plasma C0 0.129 ug/L (= ng/mL),followed to day 450,plasma,0.354 (354 mL/kg bw; range 342-368),fitted/measured: Vd = absorbed dose / back-extrapolated C0,"yes by design - a single bolus dose, so intake is exactly known and zero thereafter; the 13C label also removes background interference entirely","not needed for the labelled compounds (13C-label separates them from background); for MPFOA a pre-existing level of 0.130 ug/L was subtracted; PFBS, 6:2FTS, HFPO-DA and DONA were unlabelled","1.23 (450 days of plasma, urine and faecal sampling)",two-compartment (one-compartment for MPFBA and 6:2FTS); terminal phase t1/2 = ln2/kel; CLtot = kel x Vd,"both - plasma decay for the half-life and Vd, plus a full urinary and faecal mass balance for clearance",urine AND faeces both measured; glomerular filtration clearance also computed as fup x measured creatinine clearance (113.7 mL/min),n/a - pure linear reference standards administered,"Vd is computed as absorbed dose / back-extrapolated C0, so it inherits the assumption that absorption was essentially complete (supported here by the faecal recovery of unabsorbed compound in the first days). CRITICAL: only 1.53 half-lives were actually observed in the 450-day window, so the long-chain values are extrapolations from the early terminal slope, not observed decay. Clearance partition: CLuri not detected, CLtot 0.0474 mL/min; CLfec 0.0286 (=60% of CLtot).","n=1, male, 67 y - no inter-individual variability, no sex contrast, no generalisability. BUT this is the ONLY human study with a known administered dose, a label that eliminates background, and simultaneous urinary and faecal measurement, so it is the only design that needs no assumption about exposure cessation or background. For the project's core question: plasma C0 here was 0.13-1.64 ug/L, i.e. 30-500x BELOW the serum levels of every contaminated-community cohort, and the PFOA half-life came out at 5.5 y against 2.3-3.2 y in those cohorts - the direction saturable reabsorption predicts, though confounded by the extrapolation and by n=1.",full text,"Tables 1, 3 and 4"
Abraham 2024 controlled oral dose (n=1),2024,39476597,10.1016/j.envint.2024.109047,PFBS,PFBS (unlabelled),0.139,0.131,0.147,point estimate of the terminal plasma half-life; 50.6 days (range = 95% CI: 47.7-53.8 days),1,male,"67 y, 82 kg",single healthy male volunteer (self-experiment by the study's own physician),controlled oral administration,Germany,"single oral dose of a mixture of 15 predominantly 13C-labelled PFAS, taken with the volunteer's background PFAS sum below 6.9 ug/L",,single dose 18.42 ug (225 ng/kg bw); not a daily intake,back-extrapolated plasma C0 1.641 ug/L (= ng/mL),followed to day 450,plasma,0.137 (137 mL/kg bw; range 134-140),fitted/measured: Vd = absorbed dose / back-extrapolated C0,"yes by design - a single bolus dose, so intake is exactly known and zero thereafter; the 13C label also removes background interference entirely","not needed for the labelled compounds (13C-label separates them from background); for MPFOA a pre-existing level of 0.130 ug/L was subtracted; PFBS, 6:2FTS, HFPO-DA and DONA were unlabelled","1.23 (450 days of plasma, urine and faecal sampling)",two-compartment (one-compartment for MPFBA and 6:2FTS); terminal phase t1/2 = ln2/kel; CLtot = kel x Vd,"both - plasma decay for the half-life and Vd, plus a full urinary and faecal mass balance for clearance",urine AND faeces both measured; glomerular filtration clearance also computed as fup x measured creatinine clearance (113.7 mL/min),n/a - pure linear reference standards administered,"Vd is computed as absorbed dose / back-extrapolated C0, so it inherits the assumption that absorption was essentially complete (supported here by the faecal recovery of unabsorbed compound in the first days). CRITICAL: only 8.89 half-lives were actually observed in the 450-day window, so the long-chain values are extrapolations from the early terminal slope, not observed decay. Clearance partition: CLuri 0.067, CLtot 0.107 mL/min; fup 0.0046; CLfilt 0.52; faecal not detected.","n=1, male, 67 y - no inter-individual variability, no sex contrast, no generalisability. BUT this is the ONLY human study with a known administered dose, a label that eliminates background, and simultaneous urinary and faecal measurement, so it is the only design that needs no assumption about exposure cessation or background. For the project's core question: plasma C0 here was 0.13-1.64 ug/L, i.e. 30-500x BELOW the serum levels of every contaminated-community cohort, and the PFOA half-life came out at 5.5 y against 2.3-3.2 y in those cohorts - the direction saturable reabsorption predicts, though confounded by the extrapolation and by n=1.",full text,"Tables 1, 3 and 4"
Abraham 2024 controlled oral dose (n=1),2024,39476597,10.1016/j.envint.2024.109047,PFHxS,MPFHxS,4.474,3.192,7.483,point estimate of the terminal plasma half-life; 1634 days (range = 95% CI: 1166-2733 days),1,male,"67 y, 82 kg",single healthy male volunteer (self-experiment by the study's own physician),controlled oral administration,Germany,"single oral dose of a mixture of 15 predominantly 13C-labelled PFAS, taken with the volunteer's background PFAS sum below 6.9 ug/L",,single dose 3.76 ug (46 ng/kg bw); not a daily intake,back-extrapolated plasma C0 0.367 ug/L (= ng/mL),followed to day 450,plasma,0.125 (125 mL/kg bw; range 122-128),fitted/measured: Vd = absorbed dose / back-extrapolated C0,"yes by design - a single bolus dose, so intake is exactly known and zero thereafter; the 13C label also removes background interference entirely","not needed for the labelled compounds (13C-label separates them from background); for MPFOA a pre-existing level of 0.130 ug/L was subtracted; PFBS, 6:2FTS, HFPO-DA and DONA were unlabelled","1.23 (450 days of plasma, urine and faecal sampling)",two-compartment (one-compartment for MPFBA and 6:2FTS); terminal phase t1/2 = ln2/kel; CLtot = kel x Vd,"both - plasma decay for the half-life and Vd, plus a full urinary and faecal mass balance for clearance",urine AND faeces both measured; glomerular filtration clearance also computed as fup x measured creatinine clearance (113.7 mL/min),n/a - pure linear reference standards administered,"Vd is computed as absorbed dose / back-extrapolated C0, so it inherits the assumption that absorption was essentially complete (supported here by the faecal recovery of unabsorbed compound in the first days). CRITICAL: only 0.28 half-lives were actually observed in the 450-day window, so the long-chain values are extrapolations from the early terminal slope, not observed decay. Clearance partition: CLuri not detected, CLtot 0.0030 mL/min; fup 0.0009; CLfilt 0.10; faecal NOT detected.","n=1, male, 67 y - no inter-individual variability, no sex contrast, no generalisability. BUT this is the ONLY human study with a known administered dose, a label that eliminates background, and simultaneous urinary and faecal measurement, so it is the only design that needs no assumption about exposure cessation or background. For the project's core question: plasma C0 here was 0.13-1.64 ug/L, i.e. 30-500x BELOW the serum levels of every contaminated-community cohort, and the PFOA half-life came out at 5.5 y against 2.3-3.2 y in those cohorts - the direction saturable reabsorption predicts, though confounded by the extrapolation and by n=1.",full text,"Tables 1, 3 and 4"
Abraham 2024 controlled oral dose (n=1),2024,39476597,10.1016/j.envint.2024.109047,PFOS,MPFOS,3.316,2.538,,point estimate of the terminal plasma half-life; 1211 days (range = 95% CI: 927-NA days),1,male,"67 y, 82 kg",single healthy male volunteer (self-experiment by the study's own physician),controlled oral administration,Germany,"single oral dose of a mixture of 15 predominantly 13C-labelled PFAS, taken with the volunteer's background PFAS sum below 6.9 ug/L",,single dose 3.78 ug (46 ng/kg bw); not a daily intake,back-extrapolated plasma C0 0.303 ug/L (= ng/mL),followed to day 450,plasma,0.152 (152 mL/kg bw; range 148-NA),fitted/measured: Vd = absorbed dose / back-extrapolated C0,"yes by design - a single bolus dose, so intake is exactly known and zero thereafter; the 13C label also removes background interference entirely","not needed for the labelled compounds (13C-label separates them from background); for MPFOA a pre-existing level of 0.130 ug/L was subtracted; PFBS, 6:2FTS, HFPO-DA and DONA were unlabelled","1.23 (450 days of plasma, urine and faecal sampling)",two-compartment (one-compartment for MPFBA and 6:2FTS); terminal phase t1/2 = ln2/kel; CLtot = kel x Vd,"both - plasma decay for the half-life and Vd, plus a full urinary and faecal mass balance for clearance",urine AND faeces both measured; glomerular filtration clearance also computed as fup x measured creatinine clearance (113.7 mL/min),n/a - pure linear reference standards administered,"Vd is computed as absorbed dose / back-extrapolated C0, so it inherits the assumption that absorption was essentially complete (supported here by the faecal recovery of unabsorbed compound in the first days). CRITICAL: only 0.37 half-lives were actually observed in the 450-day window, so the long-chain values are extrapolations from the early terminal slope, not observed decay. Clearance partition: CLuri not detected, CLtot 0.0050 mL/min; fup 0.0045; CLfilt 0.51; faecal NOT detected - directly contradicts Andersson 2025.","n=1, male, 67 y - no inter-individual variability, no sex contrast, no generalisability. BUT this is the ONLY human study with a known administered dose, a label that eliminates background, and simultaneous urinary and faecal measurement, so it is the only design that needs no assumption about exposure cessation or background. For the project's core question: plasma C0 here was 0.13-1.64 ug/L, i.e. 30-500x BELOW the serum levels of every contaminated-community cohort, and the PFOA half-life came out at 5.5 y against 2.3-3.2 y in those cohorts - the direction saturable reabsorption predicts, though confounded by the extrapolation and by n=1.",full text,"Tables 1, 3 and 4"
Abraham 2024 controlled oral dose (n=1),2024,39476597,10.1016/j.envint.2024.109047,6:2 FTS,6:2FTS (unlabelled),0.0113,0.0109,0.0118,point estimate of the terminal plasma half-life; 4.14 days (range = 95% CI: 3.97-4.32 days),1,male,"67 y, 82 kg",single healthy male volunteer (self-experiment by the study's own physician),controlled oral administration,Germany,"single oral dose of a mixture of 15 predominantly 13C-labelled PFAS, taken with the volunteer's background PFAS sum below 6.9 ug/L",,single dose 3.93 ug (48 ng/kg bw); not a daily intake,back-extrapolated plasma C0 0.399 ug/L (= ng/mL),followed to day 450,plasma,0.119 (119 mL/kg bw; range 115-122),fitted/measured: Vd = absorbed dose / back-extrapolated C0,"yes by design - a single bolus dose, so intake is exactly known and zero thereafter; the 13C label also removes background interference entirely","not needed for the labelled compounds (13C-label separates them from background); for MPFOA a pre-existing level of 0.130 ug/L was subtracted; PFBS, 6:2FTS, HFPO-DA and DONA were unlabelled","1.23 (450 days of plasma, urine and faecal sampling)",two-compartment (one-compartment for MPFBA and 6:2FTS); terminal phase t1/2 = ln2/kel; CLtot = kel x Vd,"both - plasma decay for the half-life and Vd, plus a full urinary and faecal mass balance for clearance",urine AND faeces both measured; glomerular filtration clearance also computed as fup x measured creatinine clearance (113.7 mL/min),n/a - pure linear reference standards administered,"Vd is computed as absorbed dose / back-extrapolated C0, so it inherits the assumption that absorption was essentially complete (supported here by the faecal recovery of unabsorbed compound in the first days). CRITICAL: only 108.70 half-lives were actually observed in the 450-day window, so the long-chain values are extrapolations from the early terminal slope, not observed decay. Clearance partition: CLuri 0.97, CLtot 1.13 mL/min; fup 0.0143; CLfilt 1.63; faecal not detected.","n=1, male, 67 y - no inter-individual variability, no sex contrast, no generalisability. BUT this is the ONLY human study with a known administered dose, a label that eliminates background, and simultaneous urinary and faecal measurement, so it is the only design that needs no assumption about exposure cessation or background. For the project's core question: plasma C0 here was 0.13-1.64 ug/L, i.e. 30-500x BELOW the serum levels of every contaminated-community cohort, and the PFOA half-life came out at 5.5 y against 2.3-3.2 y in those cohorts - the direction saturable reabsorption predicts, though confounded by the extrapolation and by n=1.",full text,"Tables 1, 3 and 4"
Abraham 2024 controlled oral dose (n=1),2024,39476597,10.1016/j.envint.2024.109047,HFPO-DA (GenX),HFPO-DA (unlabelled),0.0078,0.0077,0.0079,point estimate of the terminal plasma half-life; 2.86 days (range = 95% CI: 2.83-2.9 days),1,male,"67 y, 82 kg",single healthy male volunteer (self-experiment by the study's own physician),controlled oral administration,Germany,"single oral dose of a mixture of 15 predominantly 13C-labelled PFAS, taken with the volunteer's background PFAS sum below 6.9 ug/L",,single dose 19.58 ug (239 ng/kg bw); not a daily intake,back-extrapolated plasma C0 1.341 ug/L (= ng/mL),followed to day 450,plasma,0.177 (177 mL/kg bw; range 172-183),fitted/measured: Vd = absorbed dose / back-extrapolated C0,"yes by design - a single bolus dose, so intake is exactly known and zero thereafter; the 13C label also removes background interference entirely","not needed for the labelled compounds (13C-label separates them from background); for MPFOA a pre-existing level of 0.130 ug/L was subtracted; PFBS, 6:2FTS, HFPO-DA and DONA were unlabelled","1.23 (450 days of plasma, urine and faecal sampling)",two-compartment (one-compartment for MPFBA and 6:2FTS); terminal phase t1/2 = ln2/kel; CLtot = kel x Vd,"both - plasma decay for the half-life and Vd, plus a full urinary and faecal mass balance for clearance",urine AND faeces both measured; glomerular filtration clearance also computed as fup x measured creatinine clearance (113.7 mL/min),n/a - pure linear reference standards administered,"Vd is computed as absorbed dose / back-extrapolated C0, so it inherits the assumption that absorption was essentially complete (supported here by the faecal recovery of unabsorbed compound in the first days). CRITICAL: only 157.34 half-lives were actually observed in the 450-day window, so the long-chain values are extrapolations from the early terminal slope, not observed decay. Clearance partition: CLuri 1.43, CLtot 2.45 mL/min; faecal not detected.","n=1, male, 67 y - no inter-individual variability, no sex contrast, no generalisability. BUT this is the ONLY human study with a known administered dose, a label that eliminates background, and simultaneous urinary and faecal measurement, so it is the only design that needs no assumption about exposure cessation or background. For the project's core question: plasma C0 here was 0.13-1.64 ug/L, i.e. 30-500x BELOW the serum levels of every contaminated-community cohort, and the PFOA half-life came out at 5.5 y against 2.3-3.2 y in those cohorts - the direction saturable reabsorption predicts, though confounded by the extrapolation and by n=1.",full text,"Tables 1, 3 and 4"
Abraham 2024 controlled oral dose (n=1),2024,39476597,10.1016/j.envint.2024.109047,DONA,DONA (unlabelled),0.095,0.088,0.104,point estimate of the terminal plasma half-life; 34.7 days (range = 95% CI: 32.3-38.0 days),1,male,"67 y, 82 kg",single healthy male volunteer (self-experiment by the study's own physician),controlled oral administration,Germany,"single oral dose of a mixture of 15 predominantly 13C-labelled PFAS, taken with the volunteer's background PFAS sum below 6.9 ug/L",,single dose 3.71 ug (45 ng/kg bw); not a daily intake,back-extrapolated plasma C0 0.269 ug/L (= ng/mL),followed to day 450,plasma,0.168 (168 mL/kg bw; range 140-212),fitted/measured: Vd = absorbed dose / back-extrapolated C0,"yes by design - a single bolus dose, so intake is exactly known and zero thereafter; the 13C label also removes background interference entirely","not needed for the labelled compounds (13C-label separates them from background); for MPFOA a pre-existing level of 0.130 ug/L was subtracted; PFBS, 6:2FTS, HFPO-DA and DONA were unlabelled","1.23 (450 days of plasma, urine and faecal sampling)",two-compartment (one-compartment for MPFBA and 6:2FTS); terminal phase t1/2 = ln2/kel; CLtot = kel x Vd,"both - plasma decay for the half-life and Vd, plus a full urinary and faecal mass balance for clearance",urine AND faeces both measured; glomerular filtration clearance also computed as fup x measured creatinine clearance (113.7 mL/min),n/a - pure linear reference standards administered,"Vd is computed as absorbed dose / back-extrapolated C0, so it inherits the assumption that absorption was essentially complete (supported here by the faecal recovery of unabsorbed compound in the first days). CRITICAL: only 12.97 half-lives were actually observed in the 450-day window, so the long-chain values are extrapolations from the early terminal slope, not observed decay. Clearance partition: CLuri 0.178, CLtot 0.191 mL/min; faecal not detected.","n=1, male, 67 y - no inter-individual variability, no sex contrast, no generalisability. BUT this is the ONLY human study with a known administered dose, a label that eliminates background, and simultaneous urinary and faecal measurement, so it is the only design that needs no assumption about exposure cessation or background. For the project's core question: plasma C0 here was 0.13-1.64 ug/L, i.e. 30-500x BELOW the serum levels of every contaminated-community cohort, and the PFOA half-life came out at 5.5 y against 2.3-3.2 y in those cohorts - the direction saturable reabsorption predicts, though confounded by the extrapolation and by n=1.",full text,"Tables 1, 3 and 4"
Xu 2020 Arvidsjaur airport,2020,32648786,10.1289/EHP6785,PFHxA,total,1.63,,,"population-average mean from the linear mixed model (elimination rate 0.43 (-0.25, 1.1) /y, p=0.2)",17 (of 26 employees sampled at baseline),both (35% female),median 50 y (range 24-62),employees of Arvidsjaur regional airport,occupational drinking water,Sweden,"airport drinking water contaminated by firefighting foam at the fire drill area; clean bottled water supplied from 31 Aug 2018, GAC filters ~2 months later. Home water supply verified PFAS-free for every participant",330,"9.43 if 2 L/day at 70 kg were drunk at work - DERIVED BY US, and an overestimate because exposure was occupational only","0.38 (0.16-1.1) (median, range; first sample from all 26 employees); serum/water ratio 1.15",,serum,,not used (serum decay),"yes - first blood sample 11-14 days after clean water was supplied, the shortest cessation-to-sampling interval of any human half-life study",no (this row),0.42 (5 months; 5 serum samples and 4 paired first-morning urine samples per person at ~1-month intervals),"linear mixed model with random intercept (random slope dropped - failed to converge), age and sex as covariates, log-transformed serum","serum decay (paired urine measured separately for urine/serum ratios, not used in the half-life)",none counted in the half-life; urinary excretion characterised separately (urine/serum ratios all <0.1),"yes - L-PFOS, 1m-PFOS, 2/6m-PFOS and 3/4/5m-PFOS reported separately","One compartment, first-order, exposure assumed to have stopped completely (home water verified clean). Random slope omitted because the model would not converge with only 17 subjects, so inter-individual variation in the rate is not propagated into the CI. Follow-up of 5 months is only 0.15-0.18 half-lives for PFHxS and L-PFOS, so those two values are weakly identified; it is 1.2-3.5 half-lives for PFBS, PFHpA and PFPeS, which are the reliable ones.",n=17; serum matrix wrong for PFHxA. NOT significantly different from zero; 53% (9/17) of individuals showed no decrement. Authors state the estimate is unreliable because PFHxA partitions to blood cells and serum does not reflect body burden,full text,Tables 3 and 5
Xu 2020 Arvidsjaur airport,2020,32648786,10.1289/EHP6785,PFHpA,total,0.17,0.14,0.22,"population-average mean from the linear mixed model (elimination rate 4.11 (3.13, 5.09) /y, p=<0.001)",17 (of 26 employees sampled at baseline),both (35% female),median 50 y (range 24-62),employees of Arvidsjaur regional airport,occupational drinking water,Sweden,"airport drinking water contaminated by firefighting foam at the fire drill area; clean bottled water supplied from 31 Aug 2018, GAC filters ~2 months later. Home water supply verified PFAS-free for every participant",97,"2.77 if 2 L/day at 70 kg were drunk at work - DERIVED BY US, and an overestimate because exposure was occupational only","0.46 (0.07-2.2) (median, range; first sample from all 26 employees); serum/water ratio 4.74",,serum,,not used (serum decay),"yes - first blood sample 11-14 days after clean water was supplied, the shortest cessation-to-sampling interval of any human half-life study",no (this row),0.42 (5 months; 5 serum samples and 4 paired first-morning urine samples per person at ~1-month intervals),"linear mixed model with random intercept (random slope dropped - failed to converge), age and sex as covariates, log-transformed serum","serum decay (paired urine measured separately for urine/serum ratios, not used in the half-life)",none counted in the half-life; urinary excretion characterised separately (urine/serum ratios all <0.1),"yes - L-PFOS, 1m-PFOS, 2/6m-PFOS and 3/4/5m-PFOS reported separately","One compartment, first-order, exposure assumed to have stopped completely (home water verified clean). Random slope omitted because the model would not converge with only 17 subjects, so inter-individual variation in the rate is not propagated into the CI. Follow-up of 5 months is only 0.15-0.18 half-lives for PFHxS and L-PFOS, so those two values are weakly identified; it is 1.2-3.5 half-lives for PFBS, PFHpA and PFPeS, which are the reliable ones.","n=17; serum matrix wrong for PFHxA. no background value available, so no background-subtracted estimate",full text,Tables 3 and 5
Xu 2020 Arvidsjaur airport,2020,32648786,10.1289/EHP6785,PFOA,total,1.77,1.43,2.31,"population-average mean from the linear mixed model (elimination rate 0.39 (0.3, 0.49) /y, p=0.002)",17 (of 26 employees sampled at baseline),both (35% female),median 50 y (range 24-62),employees of Arvidsjaur regional airport,occupational drinking water,Sweden,"airport drinking water contaminated by firefighting foam at the fire drill area; clean bottled water supplied from 31 Aug 2018, GAC filters ~2 months later. Home water supply verified PFAS-free for every participant",300,"8.57 if 2 L/day at 70 kg were drunk at work - DERIVED BY US, and an overestimate because exposure was occupational only","9.1 (2.9-31); median 13 in the 17 followed (median, range; first sample from all 26 employees); serum/water ratio 30.3",,serum,,not used (serum decay),"yes - first blood sample 11-14 days after clean water was supplied, the shortest cessation-to-sampling interval of any human half-life study",no (this row),0.42 (5 months; 5 serum samples and 4 paired first-morning urine samples per person at ~1-month intervals),"linear mixed model with random intercept (random slope dropped - failed to converge), age and sex as covariates, log-transformed serum","serum decay (paired urine measured separately for urine/serum ratios, not used in the half-life)",none counted in the half-life; urinary excretion characterised separately (urine/serum ratios all <0.1),"yes - L-PFOS, 1m-PFOS, 2/6m-PFOS and 3/4/5m-PFOS reported separately","One compartment, first-order, exposure assumed to have stopped completely (home water verified clean). Random slope omitted because the model would not converge with only 17 subjects, so inter-individual variation in the rate is not propagated into the CI. Follow-up of 5 months is only 0.15-0.18 half-lives for PFHxS and L-PFOS, so those two values are weakly identified; it is 1.2-3.5 half-lives for PFBS, PFHpA and PFPeS, which are the reliable ones.",n=17; serum matrix wrong for PFHxA. background subtraction shortened the half-life by 16% at a serum/background contrast of about 5-fold,full text,Tables 3 and 5
Xu 2020 Arvidsjaur airport,2020,32648786,10.1289/EHP6785,PFOA,total,1.48,1.19,1.96,population-average mean from the same linear mixed model after subtracting background,17 (of 26 employees sampled at baseline),both (35% female),median 50 y (range 24-62),employees of Arvidsjaur regional airport,occupational drinking water,Sweden,"airport drinking water contaminated by firefighting foam at the fire drill area; clean bottled water supplied from 31 Aug 2018, GAC filters ~2 months later. Home water supply verified PFAS-free for every participant",300,,"9.1 (2.9-31); median 13 in the 17 followed (median, range); serum/water ratio 30.3",,serum,,not used (serum decay),"yes - first blood sample 11-14 days after clean water was supplied, the shortest cessation-to-sampling interval of any human half-life study","yes - median levels of an unexposed Swedish reference population (Karlshamn, n=58 age-matched) subtracted; values falling below half the background were replaced with half the background",0.42 (5 months; 5 serum samples and 4 paired first-morning urine samples per person at ~1-month intervals),"linear mixed model with random intercept (random slope dropped - failed to converge), age and sex as covariates, log-transformed serum","serum decay (paired urine measured separately for urine/serum ratios, not used in the half-life)",none counted in the half-life; urinary excretion characterised separately (urine/serum ratios all <0.1),"yes - L-PFOS, 1m-PFOS, 2/6m-PFOS and 3/4/5m-PFOS reported separately","Background taken from a different municipality sampled in 2016, two years before this cohort, and assumed constant. background subtraction shortened the half-life by 16% at a serum/background contrast of about 5-fold",n=17,full text,Table 5
Xu 2020 Arvidsjaur airport,2020,32648786,10.1289/EHP6785,PFBS,total,0.12,0.10,0.15,"population-average mean from the linear mixed model (elimination rate 5.96 (4.65, 7.27) /y, p=0.003)",17 (of 26 employees sampled at baseline),both (35% female),median 50 y (range 24-62),employees of Arvidsjaur regional airport,occupational drinking water,Sweden,"airport drinking water contaminated by firefighting foam at the fire drill area; clean bottled water supplied from 31 Aug 2018, GAC filters ~2 months later. Home water supply verified PFAS-free for every participant",200,"5.71 if 2 L/day at 70 kg were drunk at work - DERIVED BY US, and an overestimate because exposure was occupational only","0.33 (<LOD-1.3) (median, range; first sample from all 26 employees); serum/water ratio 1.65",,serum,,not used (serum decay),"yes - first blood sample 11-14 days after clean water was supplied, the shortest cessation-to-sampling interval of any human half-life study",no (this row),0.42 (5 months; 5 serum samples and 4 paired first-morning urine samples per person at ~1-month intervals),"linear mixed model with random intercept (random slope dropped - failed to converge), age and sex as covariates, log-transformed serum","serum decay (paired urine measured separately for urine/serum ratios, not used in the half-life)",none counted in the half-life; urinary excretion characterised separately (urine/serum ratios all <0.1),"yes - L-PFOS, 1m-PFOS, 2/6m-PFOS and 3/4/5m-PFOS reported separately","One compartment, first-order, exposure assumed to have stopped completely (home water verified clean). Random slope omitted because the model would not converge with only 17 subjects, so inter-individual variation in the rate is not propagated into the CI. Follow-up of 5 months is only 0.15-0.18 half-lives for PFHxS and L-PFOS, so those two values are weakly identified; it is 1.2-3.5 half-lives for PFBS, PFHpA and PFPeS, which are the reliable ones.","n=17; serum matrix wrong for PFHxA. 43.8 d average; individual range 21.9-87.6 d. Compare Olsen 2009: GM 25.8 d at mean serum 397 ng/mL, i.e. ~1200x higher. Authors: 'Given the large variation in exposure levels between the two studies, a dose-dependency of PFBS serum elimination half-life cannot be ruled out'",full text,Tables 3 and 5
Xu 2020 Arvidsjaur airport,2020,32648786,10.1289/EHP6785,PFPeS,total,0.63,0.46,1.01,"population-average mean from the linear mixed model (elimination rate 1.1 (0.68, 1.51) /y, p=0.004)",17 (of 26 employees sampled at baseline),both (35% female),median 50 y (range 24-62),employees of Arvidsjaur regional airport,occupational drinking water,Sweden,"airport drinking water contaminated by firefighting foam at the fire drill area; clean bottled water supplied from 31 Aug 2018, GAC filters ~2 months later. Home water supply verified PFAS-free for every participant",180,"5.14 if 2 L/day at 70 kg were drunk at work - DERIVED BY US, and an overestimate because exposure was occupational only","6.9 (1.4-17) (median, range; first sample from all 26 employees); serum/water ratio 38.3",,serum,,not used (serum decay),"yes - first blood sample 11-14 days after clean water was supplied, the shortest cessation-to-sampling interval of any human half-life study",no (this row),0.42 (5 months; 5 serum samples and 4 paired first-morning urine samples per person at ~1-month intervals),"linear mixed model with random intercept (random slope dropped - failed to converge), age and sex as covariates, log-transformed serum","serum decay (paired urine measured separately for urine/serum ratios, not used in the half-life)",none counted in the half-life; urinary excretion characterised separately (urine/serum ratios all <0.1),"yes - L-PFOS, 1m-PFOS, 2/6m-PFOS and 3/4/5m-PFOS reported separately","One compartment, first-order, exposure assumed to have stopped completely (home water verified clean). Random slope omitted because the model would not converge with only 17 subjects, so inter-individual variation in the rate is not propagated into the CI. Follow-up of 5 months is only 0.15-0.18 half-lives for PFHxS and L-PFOS, so those two values are weakly identified; it is 1.2-3.5 half-lives for PFBS, PFHpA and PFPeS, which are the reliable ones.",n=17; serum matrix wrong for PFHxA. background subtraction had essentially no effect (serum 175-380x the reference maximum),full text,Tables 3 and 5
Xu 2020 Arvidsjaur airport,2020,32648786,10.1289/EHP6785,PFPeS,total,0.63,0.46,1.01,population-average mean from the same linear mixed model after subtracting background,17 (of 26 employees sampled at baseline),both (35% female),median 50 y (range 24-62),employees of Arvidsjaur regional airport,occupational drinking water,Sweden,"airport drinking water contaminated by firefighting foam at the fire drill area; clean bottled water supplied from 31 Aug 2018, GAC filters ~2 months later. Home water supply verified PFAS-free for every participant",180,,"6.9 (1.4-17) (median, range); serum/water ratio 38.3",,serum,,not used (serum decay),"yes - first blood sample 11-14 days after clean water was supplied, the shortest cessation-to-sampling interval of any human half-life study","yes - median levels of an unexposed Swedish reference population (Karlshamn, n=58 age-matched) subtracted; values falling below half the background were replaced with half the background",0.42 (5 months; 5 serum samples and 4 paired first-morning urine samples per person at ~1-month intervals),"linear mixed model with random intercept (random slope dropped - failed to converge), age and sex as covariates, log-transformed serum","serum decay (paired urine measured separately for urine/serum ratios, not used in the half-life)",none counted in the half-life; urinary excretion characterised separately (urine/serum ratios all <0.1),"yes - L-PFOS, 1m-PFOS, 2/6m-PFOS and 3/4/5m-PFOS reported separately","Background taken from a different municipality sampled in 2016, two years before this cohort, and assumed constant. background subtraction had essentially no effect (serum 175-380x the reference maximum)",n=17,full text,Table 5
Xu 2020 Arvidsjaur airport,2020,32648786,10.1289/EHP6785,PFHxS,total,2.86,2.1,4.47,"population-average mean from the linear mixed model (elimination rate 0.24 (0.16, 0.33) /y, p=0.005)",17 (of 26 employees sampled at baseline),both (35% female),median 50 y (range 24-62),employees of Arvidsjaur regional airport,occupational drinking water,Sweden,"airport drinking water contaminated by firefighting foam at the fire drill area; clean bottled water supplied from 31 Aug 2018, GAC filters ~2 months later. Home water supply verified PFAS-free for every participant",710,"20.29 if 2 L/day at 70 kg were drunk at work - DERIVED BY US, and an overestimate because exposure was occupational only","76 (17-402); median 133 in the 17 followed (median, range; first sample from all 26 employees); serum/water ratio 107",,serum,,not used (serum decay),"yes - first blood sample 11-14 days after clean water was supplied, the shortest cessation-to-sampling interval of any human half-life study",no (this row),0.42 (5 months; 5 serum samples and 4 paired first-morning urine samples per person at ~1-month intervals),"linear mixed model with random intercept (random slope dropped - failed to converge), age and sex as covariates, log-transformed serum","serum decay (paired urine measured separately for urine/serum ratios, not used in the half-life)",none counted in the half-life; urinary excretion characterised separately (urine/serum ratios all <0.1),"yes - L-PFOS, 1m-PFOS, 2/6m-PFOS and 3/4/5m-PFOS reported separately","One compartment, first-order, exposure assumed to have stopped completely (home water verified clean). Random slope omitted because the model would not converge with only 17 subjects, so inter-individual variation in the rate is not propagated into the CI. Follow-up of 5 months is only 0.15-0.18 half-lives for PFHxS and L-PFOS, so those two values are weakly identified; it is 1.2-3.5 half-lives for PFBS, PFHpA and PFPeS, which are the reliable ones.",n=17; serum matrix wrong for PFHxA. background subtraction changed the half-life by <1% (serum 102-225x the reference population),full text,Tables 3 and 5
Xu 2020 Arvidsjaur airport,2020,32648786,10.1289/EHP6785,PFHxS,total,2.84,2.08,4.43,population-average mean from the same linear mixed model after subtracting background,17 (of 26 employees sampled at baseline),both (35% female),median 50 y (range 24-62),employees of Arvidsjaur regional airport,occupational drinking water,Sweden,"airport drinking water contaminated by firefighting foam at the fire drill area; clean bottled water supplied from 31 Aug 2018, GAC filters ~2 months later. Home water supply verified PFAS-free for every participant",710,,"76 (17-402); median 133 in the 17 followed (median, range); serum/water ratio 107",,serum,,not used (serum decay),"yes - first blood sample 11-14 days after clean water was supplied, the shortest cessation-to-sampling interval of any human half-life study","yes - median levels of an unexposed Swedish reference population (Karlshamn, n=58 age-matched) subtracted; values falling below half the background were replaced with half the background",0.42 (5 months; 5 serum samples and 4 paired first-morning urine samples per person at ~1-month intervals),"linear mixed model with random intercept (random slope dropped - failed to converge), age and sex as covariates, log-transformed serum","serum decay (paired urine measured separately for urine/serum ratios, not used in the half-life)",none counted in the half-life; urinary excretion characterised separately (urine/serum ratios all <0.1),"yes - L-PFOS, 1m-PFOS, 2/6m-PFOS and 3/4/5m-PFOS reported separately","Background taken from a different municipality sampled in 2016, two years before this cohort, and assumed constant. background subtraction changed the half-life by <1% (serum 102-225x the reference population)",n=17,full text,Table 5
Xu 2020 Arvidsjaur airport,2020,32648786,10.1289/EHP6785,PFHpS,total,1.46,0.83,6.25,"population-average mean from the linear mixed model (elimination rate 0.48 (0.11, 0.84) /y, p=0.014)",17 (of 26 employees sampled at baseline),both (35% female),median 50 y (range 24-62),employees of Arvidsjaur regional airport,occupational drinking water,Sweden,"airport drinking water contaminated by firefighting foam at the fire drill area; clean bottled water supplied from 31 Aug 2018, GAC filters ~2 months later. Home water supply verified PFAS-free for every participant",16,"0.46 if 2 L/day at 70 kg were drunk at work - DERIVED BY US, and an overestimate because exposure was occupational only","1.3 (0.28-6.2) (median, range; first sample from all 26 employees); serum/water ratio 81.3",,serum,,not used (serum decay),"yes - first blood sample 11-14 days after clean water was supplied, the shortest cessation-to-sampling interval of any human half-life study",no (this row),0.42 (5 months; 5 serum samples and 4 paired first-morning urine samples per person at ~1-month intervals),"linear mixed model with random intercept (random slope dropped - failed to converge), age and sex as covariates, log-transformed serum","serum decay (paired urine measured separately for urine/serum ratios, not used in the half-life)",none counted in the half-life; urinary excretion characterised separately (urine/serum ratios all <0.1),"yes - L-PFOS, 1m-PFOS, 2/6m-PFOS and 3/4/5m-PFOS reported separately","One compartment, first-order, exposure assumed to have stopped completely (home water verified clean). Random slope omitted because the model would not converge with only 17 subjects, so inter-individual variation in the rate is not propagated into the CI. Follow-up of 5 months is only 0.15-0.18 half-lives for PFHxS and L-PFOS, so those two values are weakly identified; it is 1.2-3.5 half-lives for PFBS, PFHpA and PFPeS, which are the reliable ones.",n=17; serum matrix wrong for PFHxA. background subtraction shortened it by 8%,full text,Tables 3 and 5
Xu 2020 Arvidsjaur airport,2020,32648786,10.1289/EHP6785,PFHpS,total,1.35,0.77,5.71,population-average mean from the same linear mixed model after subtracting background,17 (of 26 employees sampled at baseline),both (35% female),median 50 y (range 24-62),employees of Arvidsjaur regional airport,occupational drinking water,Sweden,"airport drinking water contaminated by firefighting foam at the fire drill area; clean bottled water supplied from 31 Aug 2018, GAC filters ~2 months later. Home water supply verified PFAS-free for every participant",16,,"1.3 (0.28-6.2) (median, range); serum/water ratio 81.3",,serum,,not used (serum decay),"yes - first blood sample 11-14 days after clean water was supplied, the shortest cessation-to-sampling interval of any human half-life study","yes - median levels of an unexposed Swedish reference population (Karlshamn, n=58 age-matched) subtracted; values falling below half the background were replaced with half the background",0.42 (5 months; 5 serum samples and 4 paired first-morning urine samples per person at ~1-month intervals),"linear mixed model with random intercept (random slope dropped - failed to converge), age and sex as covariates, log-transformed serum","serum decay (paired urine measured separately for urine/serum ratios, not used in the half-life)",none counted in the half-life; urinary excretion characterised separately (urine/serum ratios all <0.1),"yes - L-PFOS, 1m-PFOS, 2/6m-PFOS and 3/4/5m-PFOS reported separately","Background taken from a different municipality sampled in 2016, two years before this cohort, and assumed constant. background subtraction shortened it by 8%",n=17,full text,Table 5
Xu 2020 Arvidsjaur airport,2020,32648786,10.1289/EHP6785,PFOS,linear (L-PFOS),2.91,1.71,9.63,"population-average mean from the linear mixed model (elimination rate 0.24 (0.07, 0.4) /y, p=0.007)",17 (of 26 employees sampled at baseline),both (35% female),median 50 y (range 24-62),employees of Arvidsjaur regional airport,occupational drinking water,Sweden,"airport drinking water contaminated by firefighting foam at the fire drill area; clean bottled water supplied from 31 Aug 2018, GAC filters ~2 months later. Home water supply verified PFAS-free for every participant",62,"1.77 if 2 L/day at 70 kg were drunk at work - DERIVED BY US, and an overestimate because exposure was occupational only","9.5 (5.4-28); median 11 in the 17 followed (median, range; first sample from all 26 employees); serum/water ratio 153",,serum,,not used (serum decay),"yes - first blood sample 11-14 days after clean water was supplied, the shortest cessation-to-sampling interval of any human half-life study",no (this row),0.42 (5 months; 5 serum samples and 4 paired first-morning urine samples per person at ~1-month intervals),"linear mixed model with random intercept (random slope dropped - failed to converge), age and sex as covariates, log-transformed serum","serum decay (paired urine measured separately for urine/serum ratios, not used in the half-life)",none counted in the half-life; urinary excretion characterised separately (urine/serum ratios all <0.1),"yes - L-PFOS, 1m-PFOS, 2/6m-PFOS and 3/4/5m-PFOS reported separately","One compartment, first-order, exposure assumed to have stopped completely (home water verified clean). Random slope omitted because the model would not converge with only 17 subjects, so inter-individual variation in the rate is not propagated into the CI. Follow-up of 5 months is only 0.15-0.18 half-lives for PFHxS and L-PFOS, so those two values are weakly identified; it is 1.2-3.5 half-lives for PFBS, PFHpA and PFPeS, which are the reliable ones.","n=17; serum matrix wrong for PFHxA. background subtraction shortened L-PFOS by 42% - the largest correction in the study, because the serum/background contrast was only about 5-fold",full text,Tables 3 and 5
Xu 2020 Arvidsjaur airport,2020,32648786,10.1289/EHP6785,PFOS,linear (L-PFOS),1.69,0.98,6.04,population-average mean from the same linear mixed model after subtracting background,17 (of 26 employees sampled at baseline),both (35% female),median 50 y (range 24-62),employees of Arvidsjaur regional airport,occupational drinking water,Sweden,"airport drinking water contaminated by firefighting foam at the fire drill area; clean bottled water supplied from 31 Aug 2018, GAC filters ~2 months later. Home water supply verified PFAS-free for every participant",62,,"9.5 (5.4-28); median 11 in the 17 followed (median, range); serum/water ratio 153",,serum,,not used (serum decay),"yes - first blood sample 11-14 days after clean water was supplied, the shortest cessation-to-sampling interval of any human half-life study","yes - median levels of an unexposed Swedish reference population (Karlshamn, n=58 age-matched) subtracted; values falling below half the background were replaced with half the background",0.42 (5 months; 5 serum samples and 4 paired first-morning urine samples per person at ~1-month intervals),"linear mixed model with random intercept (random slope dropped - failed to converge), age and sex as covariates, log-transformed serum","serum decay (paired urine measured separately for urine/serum ratios, not used in the half-life)",none counted in the half-life; urinary excretion characterised separately (urine/serum ratios all <0.1),"yes - L-PFOS, 1m-PFOS, 2/6m-PFOS and 3/4/5m-PFOS reported separately","Background taken from a different municipality sampled in 2016, two years before this cohort, and assumed constant. background subtraction shortened L-PFOS by 42% - the largest correction in the study, because the serum/background contrast was only about 5-fold",n=17,full text,Table 5
Xu 2020 Arvidsjaur airport,2020,32648786,10.1289/EHP6785,PFOS,1m-PFOS (branched),1.27,0.69,7.64,"population-average mean from the linear mixed model (elimination rate 0.55 (0.09, 1.01) /y, p=0.022)",17 (of 26 employees sampled at baseline),both (35% female),median 50 y (range 24-62),employees of Arvidsjaur regional airport,occupational drinking water,Sweden,"airport drinking water contaminated by firefighting foam at the fire drill area; clean bottled water supplied from 31 Aug 2018, GAC filters ~2 months later. Home water supply verified PFAS-free for every participant",,,"part of B-PFOS median 6.4 (2.2-28) (median, range; first sample from all 26 employees)",,serum,,not used (serum decay),"yes - first blood sample 11-14 days after clean water was supplied, the shortest cessation-to-sampling interval of any human half-life study",no (this row),0.42 (5 months; 5 serum samples and 4 paired first-morning urine samples per person at ~1-month intervals),"linear mixed model with random intercept (random slope dropped - failed to converge), age and sex as covariates, log-transformed serum","serum decay (paired urine measured separately for urine/serum ratios, not used in the half-life)",none counted in the half-life; urinary excretion characterised separately (urine/serum ratios all <0.1),"yes - L-PFOS, 1m-PFOS, 2/6m-PFOS and 3/4/5m-PFOS reported separately","One compartment, first-order, exposure assumed to have stopped completely (home water verified clean). Random slope omitted because the model would not converge with only 17 subjects, so inter-individual variation in the rate is not propagated into the CI. Follow-up of 5 months is only 0.15-0.18 half-lives for PFHxS and L-PFOS, so those two values are weakly identified; it is 1.2-3.5 half-lives for PFBS, PFHpA and PFPeS, which are the reliable ones.","n=17; serum matrix wrong for PFHxA. branched isomers cleared faster than linear in this cohort, opposite to the pooled 1m-PFOS result in Rosato 2024",full text,Tables 3 and 5
Xu 2020 Arvidsjaur airport,2020,32648786,10.1289/EHP6785,PFOS,1m-PFOS (branched),0.92,0.51,4.77,population-average mean from the same linear mixed model after subtracting background,17 (of 26 employees sampled at baseline),both (35% female),median 50 y (range 24-62),employees of Arvidsjaur regional airport,occupational drinking water,Sweden,"airport drinking water contaminated by firefighting foam at the fire drill area; clean bottled water supplied from 31 Aug 2018, GAC filters ~2 months later. Home water supply verified PFAS-free for every participant",,,"part of B-PFOS median 6.4 (2.2-28) (median, range)",,serum,,not used (serum decay),"yes - first blood sample 11-14 days after clean water was supplied, the shortest cessation-to-sampling interval of any human half-life study","yes - median levels of an unexposed Swedish reference population (Karlshamn, n=58 age-matched) subtracted; values falling below half the background were replaced with half the background",0.42 (5 months; 5 serum samples and 4 paired first-morning urine samples per person at ~1-month intervals),"linear mixed model with random intercept (random slope dropped - failed to converge), age and sex as covariates, log-transformed serum","serum decay (paired urine measured separately for urine/serum ratios, not used in the half-life)",none counted in the half-life; urinary excretion characterised separately (urine/serum ratios all <0.1),"yes - L-PFOS, 1m-PFOS, 2/6m-PFOS and 3/4/5m-PFOS reported separately","Background taken from a different municipality sampled in 2016, two years before this cohort, and assumed constant. branched isomers cleared faster than linear in this cohort, opposite to the pooled 1m-PFOS result in Rosato 2024",n=17,full text,Table 5
Xu 2020 Arvidsjaur airport,2020,32648786,10.1289/EHP6785,PFOS,3/4/5m-PFOS (branched),1.09,0.63,3.96,"population-average mean from the linear mixed model (elimination rate 0.64 (0.18, 1.1) /y, p=0.011)",17 (of 26 employees sampled at baseline),both (35% female),median 50 y (range 24-62),employees of Arvidsjaur regional airport,occupational drinking water,Sweden,"airport drinking water contaminated by firefighting foam at the fire drill area; clean bottled water supplied from 31 Aug 2018, GAC filters ~2 months later. Home water supply verified PFAS-free for every participant",,,"part of B-PFOS median 6.4 (2.2-28) (median, range; first sample from all 26 employees)",,serum,,not used (serum decay),"yes - first blood sample 11-14 days after clean water was supplied, the shortest cessation-to-sampling interval of any human half-life study",no (this row),0.42 (5 months; 5 serum samples and 4 paired first-morning urine samples per person at ~1-month intervals),"linear mixed model with random intercept (random slope dropped - failed to converge), age and sex as covariates, log-transformed serum","serum decay (paired urine measured separately for urine/serum ratios, not used in the half-life)",none counted in the half-life; urinary excretion characterised separately (urine/serum ratios all <0.1),"yes - L-PFOS, 1m-PFOS, 2/6m-PFOS and 3/4/5m-PFOS reported separately","One compartment, first-order, exposure assumed to have stopped completely (home water verified clean). Random slope omitted because the model would not converge with only 17 subjects, so inter-individual variation in the rate is not propagated into the CI. Follow-up of 5 months is only 0.15-0.18 half-lives for PFHxS and L-PFOS, so those two values are weakly identified; it is 1.2-3.5 half-lives for PFBS, PFHpA and PFPeS, which are the reliable ones.",n=17,full text,Tables 3 and 5
Xu 2020 Arvidsjaur airport,2020,32648786,10.1289/EHP6785,PFOS,3/4/5m-PFOS (branched),0.83,0.49,2.84,population-average mean from the same linear mixed model after subtracting background,17 (of 26 employees sampled at baseline),both (35% female),median 50 y (range 24-62),employees of Arvidsjaur regional airport,occupational drinking water,Sweden,"airport drinking water contaminated by firefighting foam at the fire drill area; clean bottled water supplied from 31 Aug 2018, GAC filters ~2 months later. Home water supply verified PFAS-free for every participant",,,"part of B-PFOS median 6.4 (2.2-28) (median, range)",,serum,,not used (serum decay),"yes - first blood sample 11-14 days after clean water was supplied, the shortest cessation-to-sampling interval of any human half-life study","yes - median levels of an unexposed Swedish reference population (Karlshamn, n=58 age-matched) subtracted; values falling below half the background were replaced with half the background",0.42 (5 months; 5 serum samples and 4 paired first-morning urine samples per person at ~1-month intervals),"linear mixed model with random intercept (random slope dropped - failed to converge), age and sex as covariates, log-transformed serum","serum decay (paired urine measured separately for urine/serum ratios, not used in the half-life)",none counted in the half-life; urinary excretion characterised separately (urine/serum ratios all <0.1),"yes - L-PFOS, 1m-PFOS, 2/6m-PFOS and 3/4/5m-PFOS reported separately","Background taken from a different municipality sampled in 2016, two years before this cohort, and assumed constant. ",n=17,full text,Table 5
Xu 2020 Arvidsjaur airport,2020,32648786,10.1289/EHP6785,PFOS,2/6m-PFOS (branched),1.04,0.67,2.42,"population-average mean from the linear mixed model (elimination rate 0.66 (0.29, 1.04) /y, p=0.001)",17 (of 26 employees sampled at baseline),both (35% female),median 50 y (range 24-62),employees of Arvidsjaur regional airport,occupational drinking water,Sweden,"airport drinking water contaminated by firefighting foam at the fire drill area; clean bottled water supplied from 31 Aug 2018, GAC filters ~2 months later. Home water supply verified PFAS-free for every participant",,,"part of B-PFOS median 6.4 (2.2-28) (median, range; first sample from all 26 employees)",,serum,,not used (serum decay),"yes - first blood sample 11-14 days after clean water was supplied, the shortest cessation-to-sampling interval of any human half-life study",no (this row),0.42 (5 months; 5 serum samples and 4 paired first-morning urine samples per person at ~1-month intervals),"linear mixed model with random intercept (random slope dropped - failed to converge), age and sex as covariates, log-transformed serum","serum decay (paired urine measured separately for urine/serum ratios, not used in the half-life)",none counted in the half-life; urinary excretion characterised separately (urine/serum ratios all <0.1),"yes - L-PFOS, 1m-PFOS, 2/6m-PFOS and 3/4/5m-PFOS reported separately","One compartment, first-order, exposure assumed to have stopped completely (home water verified clean). Random slope omitted because the model would not converge with only 17 subjects, so inter-individual variation in the rate is not propagated into the CI. Follow-up of 5 months is only 0.15-0.18 half-lives for PFHxS and L-PFOS, so those two values are weakly identified; it is 1.2-3.5 half-lives for PFBS, PFHpA and PFPeS, which are the reliable ones.",n=17; serum matrix wrong for PFHxA. shortest PFOS isomer half-life and the highest urine/serum ratio of the PFOS isomers,full text,Tables 3 and 5
Xu 2020 Arvidsjaur airport,2020,32648786,10.1289/EHP6785,PFOS,2/6m-PFOS (branched),0.73,0.46,1.76,population-average mean from the same linear mixed model after subtracting background,17 (of 26 employees sampled at baseline),both (35% female),median 50 y (range 24-62),employees of Arvidsjaur regional airport,occupational drinking water,Sweden,"airport drinking water contaminated by firefighting foam at the fire drill area; clean bottled water supplied from 31 Aug 2018, GAC filters ~2 months later. Home water supply verified PFAS-free for every participant",,,"part of B-PFOS median 6.4 (2.2-28) (median, range)",,serum,,not used (serum decay),"yes - first blood sample 11-14 days after clean water was supplied, the shortest cessation-to-sampling interval of any human half-life study","yes - median levels of an unexposed Swedish reference population (Karlshamn, n=58 age-matched) subtracted; values falling below half the background were replaced with half the background",0.42 (5 months; 5 serum samples and 4 paired first-morning urine samples per person at ~1-month intervals),"linear mixed model with random intercept (random slope dropped - failed to converge), age and sex as covariates, log-transformed serum","serum decay (paired urine measured separately for urine/serum ratios, not used in the half-life)",none counted in the half-life; urinary excretion characterised separately (urine/serum ratios all <0.1),"yes - L-PFOS, 1m-PFOS, 2/6m-PFOS and 3/4/5m-PFOS reported separately","Background taken from a different municipality sampled in 2016, two years before this cohort, and assumed constant. shortest PFOS isomer half-life and the highest urine/serum ratio of the PFOS isomers",n=17,full text,Table 5
Xu 2020 Arvidsjaur airport,2020,32648786,10.1289/EHP6785,PFOA,total,,,,test of concentration dependence (no half-life),17 (of 26 employees sampled at baseline),both (35% female),median 50 y (range 24-62),employees of Arvidsjaur regional airport,occupational drinking water,Sweden,"airport drinking water contaminated by firefighting foam at the fire drill area; clean bottled water supplied from 31 Aug 2018, GAC filters ~2 months later. Home water supply verified PFAS-free for every participant",,,,,serum,,not used (serum decay),"yes - first blood sample 11-14 days after clean water was supplied, the shortest cessation-to-sampling interval of any human half-life study",,0.42 (5 months; 5 serum samples and 4 paired first-morning urine samples per person at ~1-month intervals),"linear mixed model with random intercept (random slope dropped - failed to converge), age and sex as covariates, log-transformed serum","serum decay (paired urine measured separately for urine/serum ratios, not used in the half-life)",none counted in the half-life; urinary excretion characterised separately (urine/serum ratios all <0.1),"yes - L-PFOS, 1m-PFOS, 2/6m-PFOS and 3/4/5m-PFOS reported separately","DIRECT WITHIN-COHORT TEST: 'For most of the PFAS, the individual elimination rates were not correlated with their initial serum levels (Spearman's correlation test). Only PFHpA showed a significant positive correlation.' A positive rate-vs-level correlation is the direction saturable reabsorption predicts, and it appeared for exactly one of eleven compounds.","n=17, so power to detect a modest correlation is very low; a null here is weak evidence either way",full text,"Results, final paragraph"
Fustinoni & Consonni 2023 Solvay Spinetta Marengo,2023,36715212,10.1093/annweh/wxac095,PFOA,total,3.16,2.98,3.37,geometric mean from a random-intercept linear regression on ln-transformed pooled data,"93 workers (78 male, 15 female), 568 serum measurements, 2-9 per subject",both (16% female),working age (not tabulated),fluoropolymer plant workers (Plast2 plant) hired before 2013,occupational,Italy,"PFOA used as a polymerisation surfactant until 2013, then phased out and replaced by ADV and cC6O4",,,"750 (median C0 in 2013, the assumed t0)",,serum,,not used (serum decay),"yes - 2013 was the last year PFOA was used in the plant; workers stayed employed at the same plant, so residual environmental/legacy exposure inside the plant is possible",no,8 (2013-2021),first-order on ln-transformed serum; random-intercept linear regression to handle within-subject correlation,serum decay,none counted,no,"t0 is assumed to be 2013 and C0 the measured 2013 serum level, i.e. exposure is assumed to have stopped abruptly at the end of the production year. Workers remained on site, so legacy plant exposure is not excluded. Background not subtracted, but at a median C0 of 750 ng/mL the background (~1-2 ng/mL) is a 400-fold smaller quantity and the bias is negligible.","2.5x longer follow-up than most cohorts and 568 repeat measurements, so one of the best-identified single-cohort PFOA estimates. No significant influence of sex or age on the kinetic parameters, which conflicts with the strong sex and age effects in Batzella 2024 and Lewis-Michl 2025 - probably a power issue (only 15 women). Industry-affiliated plant data.",full text,Table 5 and Fig. 3
Girardi 2018 Miteni retired workers (via Fustinoni 2023),2018,,,PFOA,total,3.35,2.89,3.99,mean,"35 males, 81 samples, 2 per subject",male,retired,"retired fluorochemical workers, Miteni/RIMAR plant, Trissino",occupational,Italy,PFOA manufacture,,,"GM reported as '1.489' in ug/L in both Fustinoni tables - almost certainly 1,489 ng/mL with an Italian thousands separator, but NOT verifiable from the secondary source",,serum,,not used,yes (retirement),no,"18 (2000-2018), 2 samples",first-order,serum decay,none counted,no,"Only 2 samples per subject over an 18-year window. Primary source is an Italian-language project report (pfas.land), not a peer-reviewed paper, so the methods cannot be audited.","Grey literature. The initial-concentration figure is ambiguous by a factor of 1000 - flagged, do not use without the primary report.",secondary,Fustinoni 2023 Toxics Table 5; Fustinoni & Consonni 2023 Table 5
Fustinoni 2023 cC6O4 workers,2023,36977049,10.3390/toxics11030284,cC6O4 (perfluoro-dioxolane PFOA replacement),n/a,0.504,0.444,0.583,geometric mean half-life 184 h (95% CI 162-213 h) = 7.7 d (6.7-8.9 d); converted to years by us,18,male (all),not tabulated (adult workers),fluoropolymer production workers,occupational,Italy,"occupational handling of cC6O4 in fluoropolymer production; sampling began at the end of a work shift, then 5 days off work",,,"2.34 (median C0, ug/L = ng/mL)",followed over 114 h off work,serum,"0.084 (mean; median 0.081, SD 0.042, range 0.023-0.204; absolute Vd mean 6.6 L)","fitted - Vd computed from renal clearance and the fitted elimination constant, normalised to body weight",yes - workers removed from the workplace for 5 days,no (not needed; cC6O4 is not present in the general population),"0.013 (114 h, i.e. about 0.6 half-lives)",first-order on ln-transformed pooled data; random-intercept linear regression for intra-subject correlation,serum decay for the half-life; renal clearance plus urinary mass balance for Cl and Vd,urine only (about 20% of the plasma dose excreted in urine per day); faeces not measured,n/a,"Vd derived from RENAL clearance alone, so if non-renal routes matter the true Vd is larger; the authors note clearance would rise from 0.41 to 0.50 mL/min on one alternative assumption. Half-life estimated from only 0.6 half-lives of observation. No females studied.","Funded by Solvay Specialty Polymers Italy, the manufacturer of cC6O4, and the authors also published the company's occupational trend paper. The finding (short half-life, no bioaccumulation) is commercially favourable to the sponsor. The Vd of 0.084 L/kg is nonetheless one of only three directly estimated human PFAS Vd values.",full text,"Abstract, Section 3, Table 4 and Table 5"
Yu 2021 New Jersey PFNA,2021,33962122,10.1016/j.ijheh.2021.113757,PFNA,total,3.52,,,"estimate from a mixed model, controlling for physiological covariates","68 high-exposed participants (of 120 recruited, 99 completing all three samples)",both (Rosato: 69.2% female),"20-74 y (Rosato: mean 47.9, SD 13.3)",residents of New Jersey communities whose public water systems or private wells had elevated PFNA,community water,USA (New Jersey),PFNA in public water systems and private wells; drinking-water interventions carried out 2014-2016,not reported in the abstract; current drinking water and house dust were measured and found NOT to be significant contributing sources by the time of biomonitoring,,"Rosato 2024 Table 2 gives median PFNA 2,882 and GM 2,979 under a column headed ng/mL. These must be ng/L (= 2.88 and 2.98 ng/mL), because the abstract states participants exceeded the NHANES 95th percentile for PFNA, which is of order 2-3 ng/mL. UNIT DISCREPANCY FLAGGED - do not use 2,882 ng/mL.",on average 12 +/- 16% lower in year 2 and 27 +/- 16% lower in year 3 than year 1 (p<0.01),serum,,not used (serum decay),"yes - water interventions 2014-2016, biomonitoring 2017-2020; current water and dust verified as non-contributing",no subtraction; restricted to the 68 participants above the NHANES 95th percentile,"3 (three annual samples, 2017-2020)",mixed model with physiological covariates,serum decay,none counted,no,"Convenience sampling. Background handled by restriction rather than subtraction. Biomonitoring began 1-3 years AFTER the intervention, so the fastest eliminators were already partly depleted (the same survivorship problem as Batzella 2024).",The only community-cohort PFNA half-life. Compare Chiu 2022's pooled PFNA 2.35 y (1.65-3.16) and Abraham 2024's 3.57 y at 1000x lower plasma concentration. Rosato 2024 included this study but could not meta-analyse PFNA (fewer than 3 studies).,abstract,Abstract; study characteristics from Rosato 2024 Table 2
Shi 2016 Cl-PFESA (F-53B),2016,26866980,10.1021/acs.est.5b05849,6:2 Cl-PFESA (F-53B),8-carbon Cl-PFESA,280,7.1,4230,median of individual estimates (range given as ci_low/ci_high),"72 total: 19 metal plating workers, 45 high fish consumers, 8 background controls",not stated in the abstract,adults,"metal plating workers, high fish consumers and background controls",occupational and dietary,China,6:2 Cl-PFESA (F-53B) used as a chrome-plating mist suppressant in China; dietary exposure via fish,,,"range <0.019-5040 across the whole sample; median 93.7 in high fish consumers, 51.5 in metal plating workers, 4.78 in background controls",,serum,,assumed (value not recoverable from the abstract),"NO - this is a cross-sectional single-timepoint design with ongoing exposure; intake was reconstructed, not stopped",n/a (no serum decay modelled),0 (single paired serum/urine sample per person),one-compartment mass balance from renal clearance,mass balance / renal clearance,urine only,no,"Total clearance set equal to renal clearance, which the paper's own second estimate shows is wrong by a factor of ~18 for this compound. An assumed Vd is required and multiplies straight through.",EXCLUDED from Rosato 2024's systematic review as a renal-clearance-only estimate. The abstract's own framing is that these numbers establish 6:2 Cl-PFESA as 'the most biopersistent PFAS in humans reported to date'. The 1800-fold gap between the renal-clearance half-life and the total-elimination half-life inside one paper is itself the strongest single demonstration that renal clearance alone is not total clearance.,abstract,Abstract
Shi 2016 Cl-PFESA (F-53B),2016,26866980,10.1021/acs.est.5b05849,6:2 Cl-PFESA (F-53B),8-carbon Cl-PFESA,15.3,10.1,56.4,median of individual estimates for TOTAL elimination (range given as ci_low/ci_high),"72 total: 19 metal plating workers, 45 high fish consumers, 8 background controls",not stated in the abstract,adults,"metal plating workers, high fish consumers and background controls",occupational and dietary,China,6:2 Cl-PFESA (F-53B) used as a chrome-plating mist suppressant in China; dietary exposure via fish,,,"range <0.019-5040 across the whole sample; median 93.7 in high fish consumers, 51.5 in metal plating workers, 4.78 in background controls",,serum,,assumed (value not recoverable from the abstract),"NO - this is a cross-sectional single-timepoint design with ongoing exposure; intake was reconstructed, not stopped",n/a (no serum decay modelled),0 (single paired serum/urine sample per person),one-compartment mass balance from reconstructed total intake and measured serum,mass balance from reconstructed intake,"all routes implicitly, via a total intake / steady-state serum balance rather than by measuring any route",no,"Requires steady state between reconstructed intake and measured serum, and an assumed Vd. Gives 15.3 y, the longest total-elimination half-life reported for any PFAS in humans - longer than PFHxS.",EXCLUDED from Rosato 2024's systematic review as a renal-clearance-only estimate. The abstract's own framing is that these numbers establish 6:2 Cl-PFESA as 'the most biopersistent PFAS in humans reported to date'. The 1800-fold gap between the renal-clearance half-life and the total-elimination half-life inside one paper is itself the strongest single demonstration that renal clearance alone is not total clearance.,abstract,Abstract
Gasiorowski 2022 blood/plasma donation RCT,2022,35394514,10.1001/jamanetworkopen.2022.6257,PFOS,total,,,,"mean change over 52 weeks, plasma donation arm: -2.9 ng/mL (95% CI -3.6 to -2.3), p<0.001",95 randomised to plasma donation (mean 6.4 of 9 planned donations of up to 800 mL every 6 weeks),male (97.9%),mean 53.0 y (SD 8.4),Fire Rescue Victoria staff and contractors with serum PFOS >=5 ng/mL,"occupational (AFFF exposure), randomised removal intervention",Australia,"historical AFFF use; the intervention is the removal route, not the exposure",,,10.7 (SD 5.9) at baseline; 12.5 (SD 6.8) at screening,,serum,,"not reported - the trial did not estimate Vd, which is the main missed opportunity","partially - AFFF replaced, but firefighters continued to work at PFAS-contaminated sites",no,"1.0 to week 52, plus a donation-free follow-up to week 64","general linear model on mean change, controlling for baseline; intention to treat; outliers winsorised at 3 SD; bootstrapped",neither - measured change in serum concentration under a controlled removal; no half-life was computed,"iatrogenic removal of plasma or whole blood, plus whatever physiological elimination occurred",no,"Serum PFAS measured only at screening, baseline, week 52 and week 64, so no within-intervention kinetics and no half-life can be fitted - the authors say so explicitly. Limit of detection 1 ng/mL.",Open-label; adherence lower in the plasma arm. Regression to the mean is visible from screening to baseline because of the >=5 ng/mL eligibility threshold.,full text,Table and Figure 2A
Gasiorowski 2022 blood/plasma donation RCT,2022,35394514,10.1001/jamanetworkopen.2022.6257,PFOS,total,,,,"mean change over 52 weeks, whole blood donation arm: -1.1 ng/mL (-1.5 to -0.7), p<0.001",95 randomised to blood donation (mean 4.3 of 5 planned donations of ~470 mL every 12 weeks),male (97.9%),mean 53.0 y (SD 8.4),Fire Rescue Victoria staff and contractors with serum PFOS >=5 ng/mL,"occupational (AFFF exposure), randomised removal intervention",Australia,"historical AFFF use; the intervention is the removal route, not the exposure",,,10.9 (SD 8.3) at baseline,,serum,,"not reported - the trial did not estimate Vd, which is the main missed opportunity","partially - AFFF replaced, but firefighters continued to work at PFAS-contaminated sites",no,"1.0 to week 52, plus a donation-free follow-up to week 64","general linear model on mean change, controlling for baseline; intention to treat; outliers winsorised at 3 SD; bootstrapped",neither - measured change in serum concentration under a controlled removal; no half-life was computed,"iatrogenic removal of plasma or whole blood, plus whatever physiological elimination occurred",no,as above,,full text,Figure 2A
Gasiorowski 2022 blood/plasma donation RCT,2022,35394514,10.1001/jamanetworkopen.2022.6257,PFOS,total,,,,"mean change over 52 weeks, OBSERVATION arm: -0.01 ng/mL (-0.5 to 0.5), p=0.96 - no detectable decline",95 observation only,male (97.9%),mean 53.0 y (SD 8.4),Fire Rescue Victoria staff and contractors with serum PFOS >=5 ng/mL,"occupational (AFFF exposure), randomised removal intervention",Australia,"historical AFFF use; the intervention is the removal route, not the exposure",,,11.7 (SD 20.1) at baseline,,serum,,"not reported - the trial did not estimate Vd, which is the main missed opportunity","partially - AFFF replaced, but firefighters continued to work at PFAS-contaminated sites",no,"1.0 to week 52, plus a donation-free follow-up to week 64","general linear model on mean change, controlling for baseline; intention to treat; outliers winsorised at 3 SD; bootstrapped",neither - measured change in serum concentration under a controlled removal; no half-life was computed,"iatrogenic removal of plasma or whole blood, plus whatever physiological elimination occurred",no,"CRITICAL FOR THE EXPOSURE-LEVEL QUESTION. The authors expected ~10% decline in a year from a 4.8 y half-life and saw none, and attribute it to the low baseline: 'In our cohort, the baseline levels were substantially lower than those in the previous study, which may explain the lower-than-expected changes'. At a serum PFOS of ~11 ng/mL the apparent half-life is effectively infinite, i.e. ongoing background intake matches elimination.","An effectively infinite apparent half-life at near-background concentrations, in a randomised control arm. This is the strongest available demonstration that apparent half-life diverges without bound as serum approaches the steady-state background level, which is a BIAS mechanism that mimics saturable elimination.",full text,Figure 2A and Discussion
Gasiorowski 2022 blood/plasma donation RCT,2022,35394514,10.1001/jamanetworkopen.2022.6257,PFHxS,total,,,,mean change over 52 weeks: plasma -1.1 ng/mL (-1.6 to -0.7) p<0.001; blood -0.1 (-0.4 to 0.2) p=0.54; observation +0.4 (-0.01 to 0.7) p=0.06,285 total (95 per arm),male (97.9%),mean 53.0 y (SD 8.4),Fire Rescue Victoria staff and contractors with serum PFOS >=5 ng/mL,"occupational (AFFF exposure), randomised removal intervention",Australia,"historical AFFF use; the intervention is the removal route, not the exposure",,,"plasma arm 3.9 (SD 5.7); blood arm 3.6 (5.0); observation arm 5.2 (15.0); whole cohort 4.2 (9.7), range 0-140",,serum,,"not reported - the trial did not estimate Vd, which is the main missed opportunity","partially - AFFF replaced, but firefighters continued to work at PFAS-contaminated sites",no,"1.0 to week 52, plus a donation-free follow-up to week 64","general linear model on mean change, controlling for baseline; intention to treat; outliers winsorised at 3 SD; bootstrapped",neither - measured change in serum concentration under a controlled removal; no half-life was computed,"iatrogenic removal of plasma or whole blood, plus whatever physiological elimination occurred",no,"PFHxS INCREASED (non-significantly) in the observation arm over a year, i.e. the apparent half-life was negative",,full text,Table and Figure 2B
Gasiorowski 2022 blood/plasma donation RCT,2022,35394514,10.1001/jamanetworkopen.2022.6257,PFOA,total,,,,mean change over 52 weeks: plasma -0.5 ng/mL (-0.7 to -0.3) p=0.001; blood -0.1 (-0.2 to 0.1) p=0.63; observation +0.2 (0.1 to 0.3) p=0.02,285 total,male (97.9%),mean 53.0 y (SD 8.4),Fire Rescue Victoria staff and contractors with serum PFOS >=5 ng/mL,"occupational (AFFF exposure), randomised removal intervention",Australia,"historical AFFF use; the intervention is the removal route, not the exposure",,,"1.2 (SD 1.1) across the whole cohort, i.e. at the 1 ng/mL limit of detection",,serum,,"not reported - the trial did not estimate Vd, which is the main missed opportunity","partially - AFFF replaced, but firefighters continued to work at PFAS-contaminated sites",no,"1.0 to week 52, plus a donation-free follow-up to week 64","general linear model on mean change, controlling for baseline; intention to treat; outliers winsorised at 3 SD; bootstrapped",neither - measured change in serum concentration under a controlled removal; no half-life was computed,"iatrogenic removal of plasma or whole blood, plus whatever physiological elimination occurred",no,PFOA rose significantly in the observation arm. At a baseline of 1.2 ng/mL no decay is measurable and the apparent half-life is negative.,"The other 25 PFAS measured were undetectable in 93-100% of participants at baseline, so no other compound could be analysed.",full text,Figure 2C and Results
Gasiorowski 2022 blood/plasma donation RCT,2022,35394514,10.1001/jamanetworkopen.2022.6257,PFOS,total,,,,"post hoc: treatment effects were largest in the TOP baseline quartile, particularly for plasma donation; no such pattern in the observation arm",285,male (97.9%),mean 53.0 y (SD 8.4),Fire Rescue Victoria staff and contractors with serum PFOS >=5 ng/mL,"occupational (AFFF exposure), randomised removal intervention",Australia,"historical AFFF use; the intervention is the removal route, not the exposure",,,stratified by baseline quartile,,serum,,"not reported - the trial did not estimate Vd, which is the main missed opportunity","partially - AFFF replaced, but firefighters continued to work at PFAS-contaminated sites",no,"1.0 to week 52, plus a donation-free follow-up to week 64","general linear model on mean change, controlling for baseline; intention to treat; outliers winsorised at 3 SD; bootstrapped",neither - measured change in serum concentration under a controlled removal; no half-life was computed,"iatrogenic removal of plasma or whole blood, plus whatever physiological elimination occurred",no,"Consistent with removal being proportional to concentration (first-order), as a fixed plasma volume removes more mass from a higher-concentration pool. Not evidence about intrinsic elimination.",post hoc and descriptive; no statistical test reported,full text,Figure 4
Delaere 2025 SAMFS voluntary treatment programme,2025,40540942,10.1016/j.envint.2025.109609,PFOS,total,1.2,,,"apparent half-life, average for the treatment group (41% annual decrease)","19 (2 plasma donation, 12 cholestyramine, 5 both)",not stated (both present per MeSH),adult (middle-aged per MeSH),South Australian Metropolitan Fire Service firefighters from a station identified in a 2018/19 biomonitoring survey (n=916) as having substantially elevated PFOS and PFHxS,"occupational, with a voluntary removal intervention",Australia,historical AFFF exposure at one fire station,,,"not reported; the average maximum DECREASE was 162 ng/mL, so initial levels were at least that high",,serum,,not reported,not established - no stated cessation date; participants remained firefighters,no,not stated (repeat samples; maximum-to-minimum concentrations used),one-compartment first-order elimination kinetics on each participant's maximum and minimum serum concentration,serum decay,"plasma donation and/or cholestyramine-blocked enterohepatic reuptake, plus physiological elimination",no,"Half-life computed only from participants whose concentration decreased, which truncates the distribution and biases the estimate short. No statistical comparison was performed - 'conclusions were drawn based on visual observations'. Retrospective analysis of a de-identified spreadsheet from a programme not designed as a study.","High risk of bias: selective inclusion of decliners, no randomisation, no statistics, three different interventions pooled into one 'treatment' group with n=2 to 12 per subgroup.",abstract,"Abstract, Results"
Delaere 2025 SAMFS voluntary treatment programme,2025,40540942,10.1016/j.envint.2025.109609,PFHxS,total,2.5,,,"apparent half-life, average for the treatment group (32% annual decrease)",19,not stated (both present per MeSH),adult (middle-aged per MeSH),South Australian Metropolitan Fire Service firefighters from a station identified in a 2018/19 biomonitoring survey (n=916) as having substantially elevated PFOS and PFHxS,"occupational, with a voluntary removal intervention",Australia,historical AFFF exposure at one fire station,,,not reported; average maximum decrease 37 ng/mL,,serum,,not reported,not established - no stated cessation date; participants remained firefighters,no,not stated (repeat samples; maximum-to-minimum concentrations used),one-compartment first-order elimination kinetics on each participant's maximum and minimum serum concentration,serum decay,as above,no,as above,as above,abstract,Abstract
Delaere 2025 SAMFS voluntary treatment programme,2025,40540942,10.1016/j.envint.2025.109609,PFOS,total,7.3,,,"apparent half-life, average for the OBSERVATION group (12% annual decrease)",9,not stated (both present per MeSH),adult (middle-aged per MeSH),South Australian Metropolitan Fire Service firefighters from a station identified in a 2018/19 biomonitoring survey (n=916) as having substantially elevated PFOS and PFHxS,"occupational, with a voluntary removal intervention",Australia,historical AFFF exposure at one fire station,,,not reported; average maximum decrease 41 ng/mL,,serum,,not reported,not established - no stated cessation date; participants remained firefighters,no,not stated (repeat samples; maximum-to-minimum concentrations used),one-compartment first-order elimination kinetics on each participant's maximum and minimum serum concentration,serum decay,physiological only,no,"This is the untreated comparator and therefore an apparent half-life under ongoing occupational exposure. 7.3 y for PFOS is at the long end of the literature and matches Batzella 2024's apparent 7.45 y, both of them in cohorts without demonstrated exposure cessation.",n=9; same selective-inclusion problem,abstract,Abstract
Delaere 2025 SAMFS voluntary treatment programme,2025,40540942,10.1016/j.envint.2025.109609,PFHxS,total,9.4,,,"apparent half-life, average for the OBSERVATION group (10% annual decrease)",9,not stated (both present per MeSH),adult (middle-aged per MeSH),South Australian Metropolitan Fire Service firefighters from a station identified in a 2018/19 biomonitoring survey (n=916) as having substantially elevated PFOS and PFHxS,"occupational, with a voluntary removal intervention",Australia,historical AFFF exposure at one fire station,,,not reported; average maximum decrease 6 ng/mL,,serum,,not reported,not established - no stated cessation date; participants remained firefighters,no,not stated (repeat samples; maximum-to-minimum concentrations used),one-compartment first-order elimination kinetics on each participant's maximum and minimum serum concentration,serum decay,physiological only,no,"9.4 y is the longest PFHxS apparent half-life in the database, in the group with the smallest absolute decline (6 ng/mL) - exactly where measurement error and ongoing exposure dominate",n=9,abstract,Abstract
Moller 2024 cholestyramine cross-over trial (via Andersson 2025),2024,,10.1016/j.envint.2024.108497,PFOS,total,0.16,,,DERIVED BY US from the reported 63% lowering of serum PFOS over 12 weeks: t1/2 = ln2 / (-ln(0.37)/0.2308 y) = 0.16 y,45,not stated,adults,Danish adults with elevated PFAS,clinical cross-over intervention,Denmark,n/a - the intervention is the removal route,,,,,serum,,not reported,no,no,"0.46 (two 12-week periods, cross-over)",cross-over comparison of percentage change,serum decay under an intervention,"faecal elimination enhanced by cholestyramine blocking intestinal reuptake, plus physiological elimination",no,"Derived, not printed. Assumes first-order decay over the 12 weeks. Shows that the faecal route can be driven hard enough to cut the PFOS half-life by a factor of ~30.","Secondary extraction from Andersson 2025's Introduction; the primary paper was not retrieved. PFOA, PFNA, PFDA and PFHxS were also lowered but 'to lesser degrees' with no figures quoted.",derived from secondary,"Andersson 2025 Introduction, quoting Moller 2024"
Moller 2024 cholestyramine cross-over trial (via Andersson 2025),2024,,10.1016/j.envint.2024.108497,PFOS,total,5.25,,,DERIVED BY US from the reported 3% lowering over 12 weeks without intervention: t1/2 = ln2/(-ln(0.97)/0.2308 y) = 5.25 y,45,not stated,adults,Danish adults with elevated PFAS,clinical cross-over intervention,Denmark,n/a - the intervention is the removal route,,,,,serum,,not reported,no,no,"0.46 (two 12-week periods, cross-over)",cross-over comparison of percentage change,serum decay under an intervention,"faecal elimination enhanced by cholestyramine blocking intestinal reuptake, plus physiological elimination",no,"Derived, not printed. This is the within-trial control period and lands at 5.25 y for PFOS, close to Rosato 2024's pooled 4.77 y.",as above,derived from secondary,Andersson 2025 Introduction
Genuis 2014 phlebotomy case series,2014,25504057,10.1371/journal.pone.0114295,PFHxS,total,,,,HLapp significantly shorter than the Olsen 2007 geometric mean in every family member except the mother; individual values are plotted in Fig. 4 and are NOT given numerically in the text,6 members of one family,"both (father, mother, 4 children)",children and adults,one highly exposed Canadian family,"household contamination, phlebotomy intervention",Canada,not identified in the paper; family had serum PFHxS up to 20x the Canadian 95th percentile,,,"125 average before treatment (father 44.1, mother 29.3, children 78.6 / 140 / 293 / 167)",23.3 average after treatment (8.8 / 13.5 / 11.9 / 27.1 / 48.3 / 29.9),serum,"not estimated; the paper notes PFAAs have 'small volumes of distribution, meaning they are primarily distributed in the blood'",not used,no - no cessation established; two children moved out during follow-up,no,4 (about 4-5 years of intermittent phlebotomy),simple exponential decay fitted per individual; apparent half-life (HLapp) compared with the intrinsic half-life of Olsen 2007's retirees,serum decay under an intervention,"iatrogenic whole-blood removal (~500 mL at intervals no more frequent than routine donation; mother's rate 0.028 mL blood/day/kg, which the authors note is almost identical to the average menstrual blood loss of 0.029 mL/day/kg) plus physiological elimination",no,"No control group and no cessation of exposure, so the comparator is an external reference population (Olsen 2007, >55 y, 92% male) that differs in age and sex from this family. The authors state the comparison 'precludes drawing firm conclusions'.","n=6, one family, retrospective, no controls. Numeric HLapp values could not be extracted because they appear only in a figure. Useful mainly as the observation that a blood-removal rate equal to menstrual blood loss measurably accelerates PFHxS and PFOS clearance - which is a quantitative handle on why women's half-lives are shorter.",full text,Table 3 and Fig. 4
Genuis 2014 phlebotomy case series,2014,25504057,10.1371/journal.pone.0114295,PFOS,total,,,,as for PFHxS; numeric HLapp only in Fig. 4,6 members of one family,"both (father, mother, 4 children)",children and adults,one highly exposed Canadian family,"household contamination, phlebotomy intervention",Canada,not identified in the paper; family had serum PFHxS up to 20x the Canadian 95th percentile,,,43.4 average before (15.1 / 16.3 / 19.3 / 59.7 / 87.3 / 62.4),6.7 average after (1.4 / 11.0 / 1.6 / 9.0 / 12.2 / 5.0),serum,"not estimated; the paper notes PFAAs have 'small volumes of distribution, meaning they are primarily distributed in the blood'",not used,no - no cessation established; two children moved out during follow-up,no,4 (about 4-5 years of intermittent phlebotomy),simple exponential decay fitted per individual; apparent half-life (HLapp) compared with the intrinsic half-life of Olsen 2007's retirees,serum decay under an intervention,"iatrogenic whole-blood removal (~500 mL at intervals no more frequent than routine donation; mother's rate 0.028 mL blood/day/kg, which the authors note is almost identical to the average menstrual blood loss of 0.029 mL/day/kg) plus physiological elimination",no,as above,as above,full text,Table 3
Genuis 2014 phlebotomy case series,2014,25504057,10.1371/journal.pone.0114295,PFOA,total,,,,as for PFHxS; numeric HLapp only in Fig. 4,6 members of one family,"both (father, mother, 4 children)",children and adults,one highly exposed Canadian family,"household contamination, phlebotomy intervention",Canada,not identified in the paper; family had serum PFHxS up to 20x the Canadian 95th percentile,,,5.7 average before (3.0 / 2.5 / 4.7 / 8.7 / 8.2 / 6.8),1.4 average after,serum,"not estimated; the paper notes PFAAs have 'small volumes of distribution, meaning they are primarily distributed in the blood'",not used,no - no cessation established; two children moved out during follow-up,no,4 (about 4-5 years of intermittent phlebotomy),simple exponential decay fitted per individual; apparent half-life (HLapp) compared with the intrinsic half-life of Olsen 2007's retirees,serum decay under an intervention,"iatrogenic whole-blood removal (~500 mL at intervals no more frequent than routine donation; mother's rate 0.028 mL blood/day/kg, which the authors note is almost identical to the average menstrual blood loss of 0.029 mL/day/kg) plus physiological elimination",no,"The authors flag that PFOA starting levels were NOT far above the Canadian 95th percentile (5 ng/mL), so the PFOA HLapp is biased long by background exposure - they say so explicitly",as above; the PFOA result is the weakest of the three for exactly the background reason,full text,Table 3
Olsen 2007 retired 3M workers (exposure audit),2007,17805419,10.1289/ehp.10009,PFOA,sum of linear and branched,3.8,3.1,4.4,"arithmetic mean (median 3.4, range 1.5-9.1); GM 3.5 (3.0-4.1)","26 (24 male, 2 female)",both (7.7% female),mean 61 y (range 55-75),"retired fluorochemical production workers, 3M Minnesota",occupational,USA,fluorochemical manufacture; exposure ceased at retirement,,,"408 median (range 72-5,100); mean 691","148 median (range 17-2,435)",serum,0.18 male / 0.20 female (Butenhoff 2004c); 0.3 (Harada 2005a),not used in the half-life (serum decay); ATSDR later paired these half-lives with Vd values taken from MONKEY non-compartmental modelling,yes (retirement),"no - not needed at these concentrations (initial PFOA 408 ng/mL vs a background of ~4 ng/mL, a 100-fold contrast)","5.0 (up to 5.3 y; 4-8 samples per participant, 1998-2004)","first-order log-linear fitted per individual, then averaged",serum decay,none counted (serum decay),no - sum of linear and branched,The exposure numbers here are the audit addition. The 100-fold contrast with background is why this study needs no background term - the opposite situation to Batzella 2024's PFOS or Gasiorowski 2022.,"n=26, 92% male, all >55 y. Follow-up of 5 y is 1.3 PFOA half-lives, 1.0 PFOS half-lives and only 0.6 PFHxS half-lives, so the PFHxS value is the least well identified of the three. Judged low risk of bias by Rosato 2024.",secondary,ATSDR 2021 Appendix A Table A-2 (serum); Rosato 2024 Table 3 (half-lives); ATSDR Table A-3 (Vd)
Olsen 2007 retired 3M workers (exposure audit),2007,17805419,10.1289/ehp.10009,PFOS,sum of linear and branched,5.4,3.9,6.9,"arithmetic mean (median 4.6, range 2.4-21.7); GM 4.8 (4.0-5.8)","26 (24 male, 2 female)",both (7.7% female),mean 61 y (range 55-75),"retired fluorochemical production workers, 3M Minnesota",occupational,USA,fluorochemical manufacture; exposure ceased at retirement,,,"626 median (range 145-3,490); mean 799","295 median (range 37-1,740)",serum,0.20 male / 0.27 female (Chang 2012); 0.3 (Harada 2005a),not used in the half-life (serum decay); ATSDR later paired these half-lives with Vd values taken from MONKEY non-compartmental modelling,yes (retirement),"no - not needed at these concentrations (initial PFOA 408 ng/mL vs a background of ~4 ng/mL, a 100-fold contrast)","5.0 (up to 5.3 y; 4-8 samples per participant, 1998-2004)","first-order log-linear fitted per individual, then averaged",serum decay,none counted (serum decay),no - sum of linear and branched,as above,as above,secondary,ATSDR 2021 Table A-2; Rosato 2024 Table 3; ATSDR Table A-3
Olsen 2007 retired 3M workers (exposure audit),2007,17805419,10.1289/ehp.10009,PFHxS,sum of linear and branched,8.5,6.4,10.6,"arithmetic mean (median 7.1, range 2.2-27.0); GM 7.3 (5.8-9.2)","26 (24 male, 2 female)",both (7.7% female),mean 61 y (range 55-75),"retired fluorochemical production workers, 3M Minnesota",occupational,USA,fluorochemical manufacture; exposure ceased at retirement,,,"290 mean (range 16-1,295)",182 mean (range 10-791),serum,"0.287 male / 0.213 female (Sundstrom 2012, cynomolgus MONKEY)",not used in the half-life (serum decay); ATSDR later paired these half-lives with Vd values taken from MONKEY non-compartmental modelling,yes (retirement),"no - not needed at these concentrations (initial PFOA 408 ng/mL vs a background of ~4 ng/mL, a 100-fold contrast)","5.0 (up to 5.3 y; 4-8 samples per participant, 1998-2004)","first-order log-linear fitted per individual, then averaged",serum decay,none counted (serum decay),no - sum of linear and branched,ATSDR states these Vd values 'are based on non-compartmental modeling of serum concentration kinetics in monkeys and are assumed to be applicable to humans at the above serum concentrations'. ATSDR also states explicitly that the half-life estimates 'are most applicable to serum concentrations within the above ranges and would be less certain if applied to serum concentrations substantially below or above these ranges' - a regulatory acknowledgement that half-life may be concentration-dependent.,"Only 0.6 half-lives observed. ATSDR Appendix A also reports PFOA 1,378 d and PFOS 1,976 d for this cohort.",secondary,"ATSDR 2021 Appendix A, PFHxS narrative and Table A-3"
Costa 2009 Italian fluorochemical workers,2009,19858757,10.1097/JOM.0b013e3181b06b5a,PFOA,total,5.1,2.6,9.7,"arithmetic mean, SD 1.7, range 2.6-9.7 (ci columns hold the range, not a CI); GM 4.8",16,male (0% female),mean 52 y (SD 8.7),formerly exposed fluorochemical workers,occupational,Italy,PFOA production; exposure ceased on transfer out of production work,,,11.92 median; 18.8 mean,,serum,,not used,yes (transferred out of production),no,"7 (2000-2007, 7 samples per participant)",first-order,serum decay,none counted,no,"Initial serum PFOA of only 11.9-18.8 ng/mL is 5-10x above background, so the unsubtracted background inflates this estimate materially - by analogy with Xu 2020 (16% at a 5-fold contrast) and Lyu 2026 (36% at a 3.7-fold contrast), the true value is plausibly 3.5-4.5 y rather than 5.1 y.","Rated 'probably high' or 'definitely high' risk of bias by Rosato 2024 in three OHAT domains (confounding, attrition, statistical methods). n=16, all male. Despite that, 7 years of follow-up with 7 samples each is among the longest in the literature.",secondary,"Rosato 2024 Table 3; ATSDR 2021 Table A-1 (1,862 d)"
Olsen 2009 PFBS workers,2009,,,PFBS,total,0.0707,0.0359,0.125,"geometric mean 25.8 d (range 13.1-45.7 d); converted to years by us, ci columns hold the range","6 to 7 (Rosato gives 6, 16.7% female; Xu 2020 cites 7)",both,not reported,workers exposed to PFBS,occupational,USA,PFBS manufacture; workers removed from exposure,,,397 mean; 363 median,,serum,,not used,yes,no (not needed at 397 ng/mL),"0.49 (180 d, 10 samples per participant)",first-order,serum decay,none counted,n/a,"KEY COMPARISON FOR THE CONCENTRATION QUESTION. Three independent human PFBS half-lives now exist at three very different concentrations: 25.8 d at a mean serum of 397 ng/mL (this study), 43.8 d at a median of 0.33 ng/mL (Xu 2020) and 50.6 d at a plasma C0 of 1.64 ng/mL (Abraham 2024, known dose, labelled-free of background). Higher concentration goes with a SHORTER half-life across a ~1,000-fold range. Fitting ln(1/t1/2) on ln(serum) over these three points gives a slope of about +0.12 - DERIVED BY US.","Rated 'probably high' or 'definitely high' risk of bias by Rosato 2024 in three OHAT domains. n<=7. Follow-up of 180 d is 7 half-lives, so the decay itself is very well observed - the weakness is sample size, not follow-up.",secondary,Initial serum from Rosato 2024 Table 3; half-life from Xu 2020 Discussion citing Olsen et al.
Russell 2013 ski wax technicians,2013,,,PFHxA,total,0.0876,0.0383,0.134,"apparent first-order elimination half-life 32 d (range 14-49 d) in WHOLE BLOOD; converted to years by us, ci columns hold the range",7,male (0% female),not reported,technicians working with fluorinated ski wax,occupational,Sweden,inhalation of fluorinated ski wax fume during the ski season; exposure ceased at the end of the season,,,"1.9 mean, 0.68 median in SERUM (Rosato 2024 Table 3); the half-life was measured in whole blood, not serum",,whole blood for the half-life; serum for the concentrations,,not used,yes (end of ski season),no,5 (samples during and after ski seasons 2007-2011),first-order,serum/whole-blood decay,none counted,n/a,MATRIX ASSUMPTION MATTERS HERE. Xu 2020 could not estimate a PFHxA half-life in serum at all (53% of individuals showed no decline) and explains why: 'PFHxA is more bound to blood cells and whole blood would therefore be a more suitable blood matrix'. So Russell's 32 d whole-blood value is the usable one and Xu's serum-based 1.63 y is explicitly disowned by its own authors. Any PFHxA half-life reported from serum should be discarded.,"Rated 'probably high' or 'definitely high' risk of bias by Rosato 2024 in three OHAT domains. n=7, all male. Compare Abraham 2024's PFHxA 1.45 d from a known dose - a 22-fold disagreement with Russell, unexplained, and in the direction of Abraham's much lower concentration.",secondary,Rosato 2024 Table 3; Xu 2020 Discussion
Russell 2013 ski wax technicians,2013,,,PFHpA,total,0.192,,,geometric mean 70 d in whole blood; converted to years by us,5,male,not reported,technicians working with fluorinated ski wax,occupational,Sweden,fluorinated ski wax fume,,,,,whole blood,,not used,yes,no,5,first-order,serum/whole-blood decay,none counted,n/a,"Three human PFHpA values now exist: 70 d (Russell, whole blood), 62 d (Xu 2020, serum, 0.46 ng/mL) and 152 d (Abraham 2024, known dose, plasma C0 0.36 ng/mL). Zhang 2013 gives 0.82 y (young females) and 1.0 y (males and older females) from renal clearance alone - 4-6x longer than every serum-decay value, which Xu attributes to the urine-only assumption underestimating total clearance.",n=5,secondary,Xu 2020 Discussion citing Russell et al.
Gomis 2016 ski waxers,2016,,,PFOA,total,2.4,2.0,2.8,"mean, range 2.0-2.8 (ci columns hold the range)",4,male (0% female),not reported,professional ski waxers,occupational,Sweden,fluorinated ski wax fume; exposure ceased when they stopped working with wax,,,"CONFLICT: Rosato 2024 Table 3 labels the range 250-1050 ng/mL as PFOS; the project's existing human_initial_vs_halflife.csv records 500 ng/mL (range 250-1050) as PFOA. Given the half-life reported is for PFOA, the existing file's reading is the more likely one, but neither is verified against the primary paper.",,serum,,not used,yes,no,"1 (10 samples per participant, 2007-2008)",first-order,serum decay,none counted,no,n=4. Follow-up of 1 y is 0.4 half-lives.,Rated 'probably high' or 'definitely high' risk of bias by Rosato 2024 in three OHAT domains. The initial-concentration attribution is unresolved between two secondary sources - flagged.,secondary,Rosato 2024 Table 3
Nilsson 2022a Australian firefighters (background audit),2022,36162311,10.1016/j.ijheh.2022.114040,PFOA,linear,5.0,4.7,5.4,"mean, ORIGINAL levels (no background subtraction)",130 with paired samples (of 799 sampled in 2018-19),both (3% female),not reported,current and former employees of an Australian firefighting services corporation,occupational,Australia,"AFFF used from the 1980s until 2010, then replaced with fluorine-free foam; firefighters continued to work at PFAS-contaminated sites",,,"mean linear PFOA 1.7 ng/mL per Rosato 2024 Table 3. CAUTION: the Nilsson abstract reports the same order of values as 2018-19 (final) arithmetic means, so whether Rosato's column is baseline or final is not resolvable from the secondary source - flagged.",,serum,,not used,"PARTIALLY - foam replaced in 2010 but, as Rosato 2024 puts it, 'apparent half-lives were estimated, as firefighters continued to work in PFAS contaminated sites'",no,5 (2 samples: 2013-14 and 2018-19),first-order; individual apparent half-lives then averaged,serum decay,none counted,yes (linear reported separately),"THE LARGEST BACKGROUND CORRECTION IN THE LITERATURE. Subtracting background takes PFOA from 5.0 to 2.0 y, a 60% reduction, because the serum level (1.7 ng/mL) is essentially AT the Australian general-population background. This is the quantitative anchor for the claim that the background-subtraction bias scales with background/serum.","Two samples only; ongoing occupational exposure; PFOA was not the dominant exposure in this cohort (PFOS and PFHxS were), which is exactly the condition Rosato's sensitivity analysis flags.",secondary,Rosato 2024 Table 3
Nilsson 2022a Australian firefighters (background audit),2022,36162311,10.1016/j.ijheh.2022.114040,PFOA,linear,2.0,1.7,2.2,"mean, WITH subtraction of background exposure",130 with paired samples (of 799 sampled in 2018-19),both (3% female),not reported,current and former employees of an Australian firefighting services corporation,occupational,Australia,"AFFF used from the 1980s until 2010, then replaced with fluorine-free foam; firefighters continued to work at PFAS-contaminated sites",,,mean linear PFOA 1.7 ng/mL (see caution above),,serum,,not used,"PARTIALLY - foam replaced in 2010 but, as Rosato 2024 puts it, 'apparent half-lives were estimated, as firefighters continued to work in PFAS contaminated sites'",yes,5 (2 samples: 2013-14 and 2018-19),first-order; individual apparent half-lives then averaged,serum decay,none counted,yes (linear reported separately),see paired row,see paired row,secondary,Rosato 2024 Table 3
Nilsson 2022a Australian firefighters (background audit),2022,36162311,10.1016/j.ijheh.2022.114040,PFHxS,linear,7.8,7.3,8.3,"mean, ORIGINAL levels",130 with paired samples (of 799 sampled in 2018-19),both (3% female),not reported,current and former employees of an Australian firefighting services corporation,occupational,Australia,"AFFF used from the 1980s until 2010, then replaced with fluorine-free foam; firefighters continued to work at PFAS-contaminated sites",,,mean linear PFHxS 14 ng/mL (same caution),,serum,,not used,"PARTIALLY - foam replaced in 2010 but, as Rosato 2024 puts it, 'apparent half-lives were estimated, as firefighters continued to work in PFAS contaminated sites'",no,5 (2 samples: 2013-14 and 2018-19),first-order; individual apparent half-lives then averaged,serum decay,none counted,yes (linear reported separately),"Background subtraction takes PFHxS from 7.8 to 6.0 y, a 23% reduction, at a serum/background contrast of roughly 10-20x - intermediate between the PFOA case (60% at ~1x) and the Ronneby case (1% at 180x).",,secondary,Rosato 2024 Table 3
Nilsson 2022a Australian firefighters (background audit),2022,36162311,10.1016/j.ijheh.2022.114040,PFHxS,linear,6.0,5.5,6.5,"mean, WITH subtraction of background exposure",130 with paired samples (of 799 sampled in 2018-19),both (3% female),not reported,current and former employees of an Australian firefighting services corporation,occupational,Australia,"AFFF used from the 1980s until 2010, then replaced with fluorine-free foam; firefighters continued to work at PFAS-contaminated sites",,,mean linear PFHxS 14 ng/mL,,serum,,not used,"PARTIALLY - foam replaced in 2010 but, as Rosato 2024 puts it, 'apparent half-lives were estimated, as firefighters continued to work in PFAS contaminated sites'",yes,5 (2 samples: 2013-14 and 2018-19),first-order; individual apparent half-lives then averaged,serum decay,none counted,yes (linear reported separately),see paired row,,secondary,Rosato 2024 Table 3
Nilsson 2022a Australian firefighters (background audit),2022,36162311,10.1016/j.ijheh.2022.114040,PFOS,total,6.5,,,arithmetic mean of individual apparent half-lives,130 with paired samples (of 799 sampled in 2018-19),both (3% female),not reported,current and former employees of an Australian firefighting services corporation,occupational,Australia,"AFFF used from the 1980s until 2010, then replaced with fluorine-free foam; firefighters continued to work at PFAS-contaminated sites",,,arithmetic mean PFOS 27 ng/mL in 2018-19 (abstract); Rosato lists sum(L+B) PFOS 27 under 'initial',,serum,,not used,"PARTIALLY - foam replaced in 2010 but, as Rosato 2024 puts it, 'apparent half-lives were estimated, as firefighters continued to work in PFAS contaminated sites'",no,5 (2 samples: 2013-14 and 2018-19),first-order; individual apparent half-lives then averaged,serum decay,none counted,yes (linear reported separately),,,abstract,Nilsson 2022 abstract
Nilsson 2022a Australian firefighters (background audit),2022,36162311,10.1016/j.ijheh.2022.114040,PFHpS,total,7.4,,,arithmetic mean of individual apparent half-lives,130 with paired samples (of 799 sampled in 2018-19),both (3% female),not reported,current and former employees of an Australian firefighting services corporation,occupational,Australia,"AFFF used from the 1980s until 2010, then replaced with fluorine-free foam; firefighters continued to work at PFAS-contaminated sites",,,arithmetic mean PFHpS 1.7 ng/mL in 2018-19 (abstract),,serum,,not used,"PARTIALLY - foam replaced in 2010 but, as Rosato 2024 puts it, 'apparent half-lives were estimated, as firefighters continued to work in PFAS contaminated sites'",no,5 (2 samples: 2013-14 and 2018-19),first-order; individual apparent half-lives then averaged,serum decay,none counted,yes (linear reported separately),"At 1.7 ng/mL this is a near-background concentration, so by analogy with the PFOA row the true PFHpS half-life is probably far shorter than 7.4 y. Compare Xu 2020's PFHpS 1.46 y (1.35 y background-subtracted) at a serum of 1.3 ng/mL, and Abraham 2024's PFHpS - not measured.","A 5-fold disagreement with Xu 2020 for PFHpS at an almost identical serum concentration, which no exposure-level mechanism explains; the difference is design (2 samples with ongoing exposure vs 5 samples after verified cessation).",abstract,Nilsson 2022 abstract
"Nilsson 2022b aviation firefighters, PFOS isomers",2022,36367310,10.1021/acs.est.2c04637,PFOS,linear,4.0,2.5,6.8,mean 4.0 (SD 1.4); median 3.8 with 95% CI 2.5-6.8; range 0.8-10,17 (35% female),both,median 50 y (range 24-62),aviation firefighters previously exposed to 3M AFFF,occupational,Australia,3M AFFF (which contained chlorinated PFOS homologues); foam replaced,,,"mean linear PFOS 26, median 21, mean total PFOS 60 ng/mL (Rosato 2024 Table 3)",,serum,,not used,"yes (3M AFFF replaced), but site exposure continued",no,5 (2 samples: 2013-14 and 2018-19),first-order,serum decay,none counted,yes - this is the point of the paper,,"n=17, two samples",secondary,Rosato 2024 Table 3
"Nilsson 2022b aviation firefighters, PFOS isomers",2022,36367310,10.1021/acs.est.2c04637,PFOS,sum of branched,5.5,2.7,8.8,mean 5.5 (SD 1.9); median 5.4 with 95% CI 2.7-8.8,17 (35% female),both,median 50 y (range 24-62),aviation firefighters previously exposed to 3M AFFF,occupational,Australia,3M AFFF (which contained chlorinated PFOS homologues); foam replaced,,,"mean linear PFOS 26, mean total PFOS 60 ng/mL",,serum,,not used,"yes (3M AFFF replaced), but site exposure continued",no,5 (2 samples: 2013-14 and 2018-19),first-order,serum decay,none counted,yes - this is the point of the paper,"BRANCHED SLOWER THAN LINEAR HERE (5.5 vs 4.0 y) - the opposite of Xu 2020, where every branched isomer cleared faster than linear. Rosato's pooled values also split: 1m-PFOS 5.86 y but 2/6m-PFOS 2.55 y. So 'branched clears faster' is not a general rule and the isomer correction is not one-directional.",,secondary,Rosato 2024 Table 3
"Nilsson 2022b aviation firefighters, PFOS isomers",2022,36367310,10.1021/acs.est.2c04637,PFOS,sum of linear and branched,6.5,6.1,6.9,"mean, ORIGINAL levels",17 (35% female),both,median 50 y (range 24-62),aviation firefighters previously exposed to 3M AFFF,occupational,Australia,3M AFFF (which contained chlorinated PFOS homologues); foam replaced,,,mean total PFOS 60 ng/mL,,serum,,not used,"yes (3M AFFF replaced), but site exposure continued",no,5 (2 samples: 2013-14 and 2018-19),first-order,serum decay,none counted,yes - this is the point of the paper,"Background subtraction takes total PFOS from 6.5 to 5.7 y, a 12% reduction, at a serum/background contrast of roughly 10x",,secondary,Rosato 2024 Table 3
"Nilsson 2022b aviation firefighters, PFOS isomers",2022,36367310,10.1021/acs.est.2c04637,PFOS,sum of linear and branched,5.7,5.2,6.2,"mean, WITH subtraction of background exposure",17 (35% female),both,median 50 y (range 24-62),aviation firefighters previously exposed to 3M AFFF,occupational,Australia,3M AFFF (which contained chlorinated PFOS homologues); foam replaced,,,mean total PFOS 60 ng/mL,,serum,,not used,"yes (3M AFFF replaced), but site exposure continued",yes,5 (2 samples: 2013-14 and 2018-19),first-order,serum decay,none counted,yes - this is the point of the paper,see paired row,,secondary,Rosato 2024 Table 3
Li 2018 Ronneby (exposure audit),2018,29133598,10.1136/oemed-2017-104651,PFOA,total,2.7,2.5,2.9,mean,106,both (53% female),"4-84 y (means given per stratum: 7.9 children, 38.1 women, 55.3 men)",Ronneby residents supplied by the Brantafors waterworks,community water,Sweden,firefighting foam used at the adjacent military airfield F17; clean water supplied from Dec 2013,,,PFOA mean 21.2 ng/mL; PFOS mean 387; PFHxS mean 353 (Rosato 2024 Table 2),,serum,,not used,"yes - clean water from Dec 2013, first biomonitoring 6 months later","no, and the paper justifies it: 'the PFAS levels of the last sample for all the individuals were far above what is expected in the background', with median PFHxS 180x the neighbouring municipality","2 (up to 7 samples per participant, 2014-2016)",linear mixed models with repeated samples,serum decay,none counted,no,"Audit addition: the exposure levels are the justification for the no-background choice. At PFHxS 353 ng/mL the background correction is demonstrably ~1% (Li 2022 measured it), so omitting it is correct here; at PFOA 21 ng/mL it is ~17% (Li 2022 measured that too), so the PFOA value alone is modestly biased long.",Low risk of bias per Rosato 2024. Superseded by Li 2022 on the same cohort with 10 samples over 4.4 y.,secondary,Rosato 2024 Table 2
Li 2022 Ronneby (exposure audit),2022,35447437,10.1016/j.envint.2022.107198,multiple,linear and branched reported separately,,,,"exposure-level audit row, no new half-life",114,both (53% female),"median 42 y, range 4-84",Ronneby Biomarker Cohort,community water,Sweden,AFFF at the F17 military airfield; clean water from Dec 2013,,,"GM PFOS 150, GM PFOA 16, GM PFHxS 260 ng/mL (Rosato 2024 Table 2)",,serum,,not used,yes,reported BOTH ways - this is the study that measured the size of the background bias,"4.4 (up to 10 samples per participant, 2014-2018)",linear mixed models,serum decay,"none counted in the half-life; the paper separately links higher faecal calprotectin to shorter half-lives, implying intestinal reabsorption matters",yes,"BACKGROUND BIAS MEASURED AGAINST CONCENTRATION, within one cohort, one model, one lab: PFOA 2.99 -> 2.47 y (-17%) at a GM of 16 ng/mL; L-PFOS 2.87 -> 2.73 (-5%) at 150 ng/mL; PFHxS 4.55 -> 4.52 (-1%) at 260 ng/mL. The correction shrinks monotonically as serum rises above background.","Low risk of bias per Rosato 2024. Its supplementary Table S4 shows HIGHER initial level going with LONGER half-life (significant for PFHxS and PFHpS, p=0.02), which contradicts the paper's own narrative text and agrees in sign with Batzella 2024's quartile trend.",secondary,Rosato 2024 Table 2 (serum levels); Rosato Table 2 and Li 2022 Table S4 (half-lives)
Andersson 2025 Ronneby (measured Vd),2025,,,PFOA,,,,,"volume of distribution, not a half-life",40 of 44 in the longitudinal panel (4 blood donors excluded),both,adults,"Ronneby Biomarker Cohort follow-up, 3 y after exposure ended",community water,Sweden,,,,Ronneby cohort levels (GM PFOA 16 ng/mL at the start of the half-life panel),,,0.074 (74 mL/kg),"fitted/measured: Vd = change in body burden / serum concentration, using measured urinary and faecal elimination plus the mixed-model elimination rate",yes,yes (k from Li 2018/2022 mixed models with background subtracted),n/a (cross-sectional Vd on a longitudinal k),one-compartment mass balance,n/a - Vd row,urine AND faeces measured in matched spot samples,partly,"Faecal elimination estimated from spot samples and published stool-weight values, and freeze-dried faecal weight converted to wet weight - two chained assumptions. The Vd for PFHxS came out implausible, which the authors attribute to under-estimated faecal concentration, so the method is not uniformly reliable.","This 0.074 L/kg is 5.8x lower than Chiu 2022's fitted 0.43 L/kg for PFOA. Any mass-balance half-life scales linearly with Vd, so this single disagreement is a 5.8x disagreement on every clearance-based half-life.",full text,Abstract and Results
Andersson 2025 Ronneby (measured Vd),2025,,,PFOS,,,,,"volume of distribution, not a half-life",40,both,adults,Ronneby Biomarker Cohort,community water,Sweden,,,,,,,0.093 (93 mL/kg),"fitted/measured, as above",,,,,n/a - Vd row,urine AND faeces,,"Andersson's companion finding is that PFOS elimination is 4:1 FAECAL (364 ng/day faecal vs 91 ng/day urinary), while PFOA is ~1.7:1 urinary (26 vs 15 ng/day). Abraham 2024 DIRECTLY CONTRADICTS the PFOS result: with a known 13C-labelled dose and 450 days of matched urine and faeces, faecal clearance of MPFOS was NOT DETECTED, while faecal clearance accounted for 58-61% of total clearance for PFNA, PFDA, PFUnDA and PFDoDA and 17% for PFOA. The two studies agree that faeces matter for long-chain PFCAs and disagree sharply about PFOS.","CONFLICT FLAGGED. Andersson is cross-sectional spot samples in 147 people at background-plus levels; Abraham is a known dose in 1 person at ~0.3 ng/mL. Possible reconciliations: (i) faecal PFOS in Andersson includes unabsorbed dietary PFOS passing through, which a labelled bolus cannot produce; (ii) concentration dependence of biliary secretion. Not resolvable from either paper.",full text,"Abstract, Results, and Abraham 2024 Table 4"
Chiu 2022 (fitted Vd),2022,,10.1289/EHP10103,PFOA,,,,,"volume of distribution, not a half-life",pooled across many community water sites,both,mixed,US communities with contaminated water,community water,USA,,,,,,,0.43 (430 mL/kg),FITTED - estimated jointly with the half-life in a Bayesian hierarchical one-compartment model from paired drinking-water and serum data,mixed,yes (NHANES-based background with a 20% drinking-water share),,Bayesian hierarchical one-compartment,n/a - Vd row,none counted (serum decay plus intake reconstruction),,"This is the only human Vd that is fitted from population serum/water data rather than assumed or scaled from monkeys, and it is the largest of all the estimates. Because it is fitted jointly with the half-life, it is not independent of the half-life.",0.43 L/kg vs Abraham's directly measured 0.121 L/kg from a known dose is a 3.6x disagreement. Abraham's design is the more direct; Chiu's is the more representative. A plausible reading is that the Bayesian fit absorbed model misspecification (e.g. under-estimated intake) into Vd.,secondary,"Andersson 2025 Introduction, quoting Chiu et al. 2022"
Chiu 2022 (fitted Vd),2022,,10.1289/EHP10103,PFOS,,,,,"volume of distribution, not a half-life",pooled,both,mixed,US communities,community water,USA,,,,,,,0.336 (336 mL/kg),"FITTED, as above",,,,,n/a - Vd row,,,as above,3.6x higher than Andersson's measured 0.093 and 2.2x higher than Abraham's measured 0.152,secondary,Andersson 2025 Introduction
"Abraham 2024 (measured Vd, known dose)",2024,39476597,10.1016/j.envint.2024.109047,PFOA,,,,,"volume of distribution, not a half-life",1,male,"67 y, 82 kg","single volunteer, controlled oral dose",controlled oral administration,Germany,,,,plasma C0 0.529 ug/L (0.399 after subtracting the pre-existing 0.130),,,0.121 (121 mL/kg; absolute 9.9 L),MEASURED - absorbed dose divided by back-extrapolated plasma C0; the only human PFAS Vd derived from a known administered dose,yes by design,yes (13C label),1.23,two-compartment,n/a - Vd row,urine and faeces both measured; filtration clearance computed from fup x creatinine clearance,n/a,"Requires essentially complete absorption (supported by faecal recovery of unabsorbed compound in the first days) and correct back-extrapolation of C0 from a two-compartment fit. The full set of 15 values is 110-177 mL/kg except PFDA 184, PFUnDA 241 and PFDoDA 354 - so Vd is nearly constant across chain lengths up to C9 and then rises.","n=1. But it is a direct measurement rather than an assumption or a monkey extrapolation, and it sits close to the commonly assumed 170-200 mL/kg and far from Chiu's fitted 430 mL/kg.",full text,Table 3
"Abraham 2024 (measured Vd, known dose)",2024,39476597,10.1016/j.envint.2024.109047,PFOS,,,,,"volume of distribution, not a half-life",1,male,"67 y, 82 kg","single volunteer, controlled oral dose",controlled oral administration,Germany,,,,plasma C0 0.303 ug/L,,,0.152 (152 mL/kg),"MEASURED, as above",,,,,n/a - Vd row,urine and faeces measured; faecal clearance NOT DETECTED for PFOS,,as above,see the Andersson conflict row,full text,Table 3
"Thompson 2010 (assumed Vd, as used by Zhang 2013)",2010,,,PFOA,,,,,"volume of distribution, not a half-life",,,,pharmacokinetic modelling with assumed daily intake of contaminated drinking water,Vd audit row,Australia/modelling,,,,,,,0.17 (170 mL/kg) per Zhang 2013 Methods,ASSUMED - derived from PK modelling that itself assumed a daily drinking-water intake,,,,,n/a - Vd row,,,"CITATION CONFLICT FLAGGED. Zhang 2013's Methods state 'Thompson et al. reported that V was 170 and 230 mL/kg for PFOA and PFOS in humans' and then use 170 for all PFCAs and 230 for all PFSAs. Andersson 2025's Introduction states the reverse: 'Thompson et al. used pharmacokinetic modelling ... yielding 230 mL/kg body weight for PFOA and 170 mL/kg for PFOS'. One of the two secondary sources has transposed the values. Since every mass-balance half-life scales linearly with Vd, this unresolved 35% discrepancy propagates directly into Zhang 2013's numbers and into the project's existing rescaling of them.",Must be resolved against Thompson et al. 2010 directly before any further rescaling of Zhang 2013. Zhang 2013 also cites Han et al.: PFOA V across mammals mean 191 +/- 67 mL/kg.,secondary,Zhang 2013 Methods p.10621; Andersson 2025 Introduction
"Thompson 2010 (assumed Vd, as used by Zhang 2013)",2010,,,PFOS,,,,,"volume of distribution, not a half-life",,,,PK modelling,Vd audit row,Australia/modelling,,,,,,,0.23 (230 mL/kg) per Zhang 2013 Methods,ASSUMED,,,,,n/a - Vd row,,,see the PFOA row for the transposition conflict,see the PFOA row,secondary,Zhang 2013 Methods; Andersson 2025 Introduction
"Buser 2021 (assumed Vd, monkey extrapolation)",2021,,,PFOA and PFOS,,,,,"volume of distribution, not a half-life",,,,extrapolated from experimental studies in monkeys,Vd audit row,n/a,,,,,,,0.20 (200 mL/kg) for both PFOA and PFOS,ASSUMED - extrapolated from monkeys,,,,,n/a - Vd row,,,No human measurement involved,,secondary,Andersson 2025 Introduction
ATSDR 2021 (assumed Vd for the MRL derivation),2021,,,"PFOA, PFOS, PFHxS, PFNA",,,,,"volume of distribution, not a half-life",,,,values adopted for the ATSDR minimal risk level calculations,Vd audit row,USA,,,,,,,PFOA 0.18 male / 0.20 female (Butenhoff 2004c); PFOS 0.20 male / 0.27 female (Chang 2012); 0.3 for both (Harada 2005a); PFHxS 0.287 male / 0.213 female (Sundstrom 2012); PFNA assumed EQUAL TO PFOA because no PFNA value exists,ASSUMED - ATSDR states the estimates 'are based on non-compartmental modeling of serum concentration kinetics in monkeys and are assumed to be applicable to humans at the above serum concentrations',,,,,n/a - Vd row,,,"ATSDR's own caveat ties the applicability of both the half-life and the Vd to the serum concentration range of the source cohort, and warns the values 'would be less certain if applied to serum concentrations substantially below or above these ranges'. The regulatory text therefore already concedes possible concentration dependence.",No human Vd measurement is used anywhere in the ATSDR derivation; the PFNA value is a pure assumption of equality with PFOA.,full text,"ATSDR 2021 Appendix A, Table A-3 and surrounding text"
"Fustinoni 2023 (measured Vd, cC6O4)",2023,36977049,10.3390/toxics11030284,cC6O4,,,,,"volume of distribution, not a half-life",18,male,adult workers,fluoropolymer workers,occupational,Italy,,,,2.34 median C0,,,0.084 mean (median 0.081; SD 0.042; range 0.023-0.204),fitted from renal clearance and the fitted elimination constant,,,,,n/a - Vd row,urine only,,"Vd from RENAL clearance alone; if non-renal routes contribute, the true Vd is larger. Note this is the lowest human PFAS Vd on record and the compound is also the fastest-cleared, so Vd and clearance are not independent in this method.",manufacturer-funded,full text,Table 4
Zhang 2013 (primary-source correction),2013,23980546,10.1021/es401905e,PFOA,total,2.1,,,ARITHMETIC MEAN for young females (Table 3),86 blood-urine pairs,"both, analysed as 'young females' vs 'all males and older females'",two strata: menstruating young females; males plus post-menopausal females,"general population, paired serum and urine",general population background exposure,China,background dietary and environmental exposure only - no cessation and no contaminated source,,,,,serum (and whole blood for some analytes),"0.17 assumed for all PFCAs, 0.23 for all PFSAs (Zhang 2013 Methods, citing Thompson et al.)","ASSUMED, and the half-life scales linearly with it",NO - ongoing background exposure throughout; the design does not require cessation because it is a clearance method,n/a - no serum decay is modelled,0 (single paired serum/urine sample),"one-compartment mass balance: t1/2 = 0.693 x V / CLtotal, with CLtotal set equal to CLrenal (plus menstrual clearance for young females)",mass balance / renal clearance,"urine only, plus menstrual blood loss for young females; faecal and biliary routes NOT counted","yes - n-PFOA, iso-PFOA, 4m-PFOA, 5m-PFOA, n-PFOS, 1m-, 4m-, 3+5m-, sum-m2-PFOS all reported separately","CORRECTION TO THE EXISTING EXTRACTION. The project's studies.csv records 'Zhang 2013 PFOA 1.3 y geometric mean', which is the value the ARA/Campbell 2022 expert collaboration quotes. Zhang's own Discussion says something different: 'For PFOA the estimated arithmetic mean half-lives were 2.1 and 2.6 years in the young female, and male and older female groups, respectively (Table 3).' Zhang also writes that this '~2-3 years' value 'is similar to the actual PFOA serum elimination half-lives reported for highly exposed populations (i.e., 2.3 or 2.9 years)'. The 1.3 y figure is therefore NOT the headline PFOA value of the primary paper, and the short-half-life argument built on it should be re-examined.","Excluded from Rosato 2024 both as a renal-clearance-only estimate and because the main exposure was still present. Zhang's own text says the estimates 'can be viewed as upper limits' because non-urinary routes were not accounted for - so the authors offered a bound, not a central tendency.",full text,Discussion (text) and Table 3
Zhang 2013 (primary-source correction),2013,23980546,10.1021/es401905e,PFOA,total,2.6,,,ARITHMETIC MEAN for males and older females (Table 3),86 blood-urine pairs,"both, analysed as 'young females' vs 'all males and older females'",two strata: menstruating young females; males plus post-menopausal females,"general population, paired serum and urine",general population background exposure,China,background dietary and environmental exposure only - no cessation and no contaminated source,,,,,serum (and whole blood for some analytes),"0.17 assumed for all PFCAs, 0.23 for all PFSAs (Zhang 2013 Methods, citing Thompson et al.)","ASSUMED, and the half-life scales linearly with it",NO - ongoing background exposure throughout; the design does not require cessation because it is a clearance method,n/a - no serum decay is modelled,0 (single paired serum/urine sample),"one-compartment mass balance: t1/2 = 0.693 x V / CLtotal, with CLtotal set equal to CLrenal (plus menstrual clearance for young females)",mass balance / renal clearance,"urine only, plus menstrual blood loss for young females; faecal and biliary routes NOT counted","yes - n-PFOA, iso-PFOA, 4m-PFOA, 5m-PFOA, n-PFOS, 1m-, 4m-, 3+5m-, sum-m2-PFOS all reported separately",see the paired row,see the paired row,full text,Discussion and Table 3
Zhang 2013 (primary-source correction),2013,23980546,10.1021/es401905e,PFHxS,total,7.1,,,GEOMETRIC MEAN for young females (Table 3),86 blood-urine pairs,"both, analysed as 'young females' vs 'all males and older females'",two strata: menstruating young females; males plus post-menopausal females,"general population, paired serum and urine",general population background exposure,China,background dietary and environmental exposure only - no cessation and no contaminated source,,,,,serum (and whole blood for some analytes),"0.17 assumed for all PFCAs, 0.23 for all PFSAs (Zhang 2013 Methods, citing Thompson et al.)","ASSUMED, and the half-life scales linearly with it",NO - ongoing background exposure throughout; the design does not require cessation because it is a clearance method,n/a - no serum decay is modelled,0 (single paired serum/urine sample),"one-compartment mass balance: t1/2 = 0.693 x V / CLtotal, with CLtotal set equal to CLrenal (plus menstrual clearance for young females)",mass balance / renal clearance,"urine only, plus menstrual blood loss for young females; faecal and biliary routes NOT counted","yes - n-PFOA, iso-PFOA, 4m-PFOA, 5m-PFOA, n-PFOS, 1m-, 4m-, 3+5m-, sum-m2-PFOS all reported separately",Zhang notes this matches Olsen 2007's GM of 7.3 y in older occupational workers - the renal-clearance method and the serum-decay method agree for PFHxS in young females while disagreeing 3-fold for males,,full text,Discussion and Table 3
Zhang 2013 (primary-source correction),2013,23980546,10.1021/es401905e,PFHxS,total,25,,,GEOMETRIC MEAN for males and older females (Table 3),86 blood-urine pairs,"both, analysed as 'young females' vs 'all males and older females'",two strata: menstruating young females; males plus post-menopausal females,"general population, paired serum and urine",general population background exposure,China,background dietary and environmental exposure only - no cessation and no contaminated source,,,,,serum (and whole blood for some analytes),"0.17 assumed for all PFCAs, 0.23 for all PFSAs (Zhang 2013 Methods, citing Thompson et al.)","ASSUMED, and the half-life scales linearly with it",NO - ongoing background exposure throughout; the design does not require cessation because it is a clearance method,n/a - no serum decay is modelled,0 (single paired serum/urine sample),"one-compartment mass balance: t1/2 = 0.693 x V / CLtotal, with CLtotal set equal to CLrenal (plus menstrual clearance for young females)",mass balance / renal clearance,"urine only, plus menstrual blood loss for young females; faecal and biliary routes NOT counted","yes - n-PFOA, iso-PFOA, 4m-PFOA, 5m-PFOA, n-PFOS, 1m-, 4m-, 3+5m-, sum-m2-PFOS all reported separately","A 3.5-fold male/female split within one study and one method, far larger than the 1.4-fold split Batzella 2024 finds for PFOA by serum decay","25 y is implausibly long and reflects the urine-only assumption: Zhang's own data show PFHxS is harder to excrete in urine than PFOS despite a shorter chain, and Andersson 2025 later found the PFHxS mass balance does not close",full text,Discussion and Table 3
Zhang 2013 (primary-source correction),2013,23980546,10.1021/es401905e,PFOS,total,5.8,,,GEOMETRIC MEAN for young females (Table 3),86 blood-urine pairs,"both, analysed as 'young females' vs 'all males and older females'",two strata: menstruating young females; males plus post-menopausal females,"general population, paired serum and urine",general population background exposure,China,background dietary and environmental exposure only - no cessation and no contaminated source,,,,,serum (and whole blood for some analytes),"0.17 assumed for all PFCAs, 0.23 for all PFSAs (Zhang 2013 Methods, citing Thompson et al.)","ASSUMED, and the half-life scales linearly with it",NO - ongoing background exposure throughout; the design does not require cessation because it is a clearance method,n/a - no serum decay is modelled,0 (single paired serum/urine sample),"one-compartment mass balance: t1/2 = 0.693 x V / CLtotal, with CLtotal set equal to CLrenal (plus menstrual clearance for young females)",mass balance / renal clearance,"urine only, plus menstrual blood loss for young females; faecal and biliary routes NOT counted","yes - n-PFOA, iso-PFOA, 4m-PFOA, 5m-PFOA, n-PFOS, 1m-, 4m-, 3+5m-, sum-m2-PFOS all reported separately",compare Olsen 2007 GM 4.8 y,,full text,Discussion and Table 3
Zhang 2013 (primary-source correction),2013,23980546,10.1021/es401905e,PFOS,total,18,,,GEOMETRIC MEAN for males and older females (Table 3),86 blood-urine pairs,"both, analysed as 'young females' vs 'all males and older females'",two strata: menstruating young females; males plus post-menopausal females,"general population, paired serum and urine",general population background exposure,China,background dietary and environmental exposure only - no cessation and no contaminated source,,,,,serum (and whole blood for some analytes),"0.17 assumed for all PFCAs, 0.23 for all PFSAs (Zhang 2013 Methods, citing Thompson et al.)","ASSUMED, and the half-life scales linearly with it",NO - ongoing background exposure throughout; the design does not require cessation because it is a clearance method,n/a - no serum decay is modelled,0 (single paired serum/urine sample),"one-compartment mass balance: t1/2 = 0.693 x V / CLtotal, with CLtotal set equal to CLrenal (plus menstrual clearance for young females)",mass balance / renal clearance,"urine only, plus menstrual blood loss for young females; faecal and biliary routes NOT counted","yes - n-PFOA, iso-PFOA, 4m-PFOA, 5m-PFOA, n-PFOS, 1m-, 4m-, 3+5m-, sum-m2-PFOS all reported separately","If Andersson 2025 is right that PFOS elimination is 4:1 faecal, this urine-only estimate should be about 5x too long - 18/5 = 3.6 y, close to the serum-decay values. If Abraham 2024 is right that faecal PFOS clearance is undetectable, that reconciliation fails. The two faecal studies therefore make opposite predictions about Zhang's PFOS bias.",,full text,Discussion and Table 3
Zhang 2013 (primary-source correction),2013,23980546,10.1021/es401905e,PFHpA,total,0.82,,,"geometric mean, young females",86 blood-urine pairs,"both, analysed as 'young females' vs 'all males and older females'",two strata: menstruating young females; males plus post-menopausal females,"general population, paired serum and urine",general population background exposure,China,background dietary and environmental exposure only - no cessation and no contaminated source,,,,,serum (and whole blood for some analytes),"0.17 assumed for all PFCAs, 0.23 for all PFSAs (Zhang 2013 Methods, citing Thompson et al.)","ASSUMED, and the half-life scales linearly with it",NO - ongoing background exposure throughout; the design does not require cessation because it is a clearance method,n/a - no serum decay is modelled,0 (single paired serum/urine sample),"one-compartment mass balance: t1/2 = 0.693 x V / CLtotal, with CLtotal set equal to CLrenal (plus menstrual clearance for young females)",mass balance / renal clearance,"urine only, plus menstrual blood loss for young females; faecal and biliary routes NOT counted","yes - n-PFOA, iso-PFOA, 4m-PFOA, 5m-PFOA, n-PFOS, 1m-, 4m-, 3+5m-, sum-m2-PFOS all reported separately","Xu 2020 comments directly on this value: 'it is not strictly comparable. The underestimation of total clearance would lead to an overestimation of half-life.' Xu's serum-decay PFHpA was 0.17 y, 4.8x shorter.",,full text,Xu 2020 Discussion citing Zhang 2013
Zhang 2013 (primary-source correction),2013,23980546,10.1021/es401905e,PFHpA,total,1.0,,,"geometric mean, males and older females",86 blood-urine pairs,"both, analysed as 'young females' vs 'all males and older females'",two strata: menstruating young females; males plus post-menopausal females,"general population, paired serum and urine",general population background exposure,China,background dietary and environmental exposure only - no cessation and no contaminated source,,,,,serum (and whole blood for some analytes),"0.17 assumed for all PFCAs, 0.23 for all PFSAs (Zhang 2013 Methods, citing Thompson et al.)","ASSUMED, and the half-life scales linearly with it",NO - ongoing background exposure throughout; the design does not require cessation because it is a clearance method,n/a - no serum decay is modelled,0 (single paired serum/urine sample),"one-compartment mass balance: t1/2 = 0.693 x V / CLtotal, with CLtotal set equal to CLrenal (plus menstrual clearance for young females)",mass balance / renal clearance,"urine only, plus menstrual blood loss for young females; faecal and biliary routes NOT counted","yes - n-PFOA, iso-PFOA, 4m-PFOA, 5m-PFOA, n-PFOS, 1m-, 4m-, 3+5m-, sum-m2-PFOS all reported separately",see paired row,,full text,Xu 2020 Discussion citing Zhang 2013
Zhang 2013 (primary-source correction),2013,23980546,10.1021/es401905e,menstrual clearance (all PFAA),,,,,"menstrual serum clearance rate 0.029 mL/day/kg, comparable to the RENAL clearance of PFHxS (0.033) and PFOS (0.044) and of PFDA (0.047) and PFUnA (0.045)",86 blood-urine pairs,"both, analysed as 'young females' vs 'all males and older females'",two strata: menstruating young females; males plus post-menopausal females,"general population, paired serum and urine",general population background exposure,China,background dietary and environmental exposure only - no cessation and no contaminated source,,,,,serum (and whole blood for some analytes),"0.17 assumed for all PFCAs, 0.23 for all PFSAs (Zhang 2013 Methods, citing Thompson et al.)","ASSUMED, and the half-life scales linearly with it",NO - ongoing background exposure throughout; the design does not require cessation because it is a clearance method,n/a - no serum decay is modelled,0 (single paired serum/urine sample),"one-compartment mass balance: t1/2 = 0.693 x V / CLtotal, with CLtotal set equal to CLrenal (plus menstrual clearance for young females)",mass balance / renal clearance,"urine only, plus menstrual blood loss for young females; faecal and biliary routes NOT counted","yes - n-PFOA, iso-PFOA, 4m-PFOA, 5m-PFOA, n-PFOS, 1m-, 4m-, 3+5m-, sum-m2-PFOS all reported separately","QUANTITATIVE BASIS FOR THE SEX DIFFERENCE. Menstruation is a meaningful elimination route only for the compounds that are hardest to excrete renally. Genuis 2014 independently notes that the phlebotomy rate achieved in the one low-compliance family member (0.028 mL blood/day/kg) is almost exactly the average menstrual blood loss (0.029), which ties the blood-removal studies and the sex difference to one number.",,full text,Zhang 2013 Discussion
Chemours occupational GenX data (via Fustinoni 2023 Table 5),2021,,,HFPO-DA (GenX),n/a,0.0092,0.0030,0.0155,"mean +/- SD 81 +/- 55 h; converted to years by us, ci columns hold mean -/+ 1 SD",18,not reported,adult workers,"fluorochemical workers, Chemours Dordrecht",occupational,Netherlands,occupational HFPO-DA handling; samples taken before and after an off-work weekend of 3-4 days,,,not reported,,serum/plasma (not specified),,not reported,yes for 3-4 days only,no,0.010 (3-4 days),first-order,serum decay,none counted,n/a,"A 3-4 day observation window on an 81 h half-life is about 1 half-life, which is adequate, but the SD of 55 h on a mean of 81 h means the individual estimates range over roughly 26-136 h. The primary source is a company letter to US EPA, not a peer-reviewed paper.","Grey literature: Clark DS (The Chemours Company), letter to EPA OPPT, 17 March 2021, and EPA document 822R-21-010. Compare Abraham 2024's HFPO-DA half-life of 2.86 d (68.6 h) from a known 19.58 ug oral dose in one volunteer - the two independent human estimates agree to within 18%, which is reassuring for the shortest-lived compounds.",secondary,Fustinoni 2023 Toxics Table 5
Chang 2008 PFBA workers (via Fustinoni 2023 Table 5),2008,18353799,10.1093/toxsci/kfn057,PFBA,n/a,0.0082,0.0049,0.0115,72 h (95% CI 43-101 h); converted to years by us,9 (2 female),both,adult workers,fluorochemical workers removed from the workplace for more than 7 days,occupational,USA,PFBA occupational exposure; workers removed from the workplace for >7 days,,,2-71 ug/L (= ng/mL) range of C0,,serum,,not reported,yes (>7 days out of the workplace),no,0.02 (2 samples per subject),first-order,serum decay,none counted,n/a,"Two samples per subject only. Compare Abraham 2024's PFBA half-life of 4.18 d (100 h) from a known dose at a plasma C0 of 0.371 ng/mL - about 40% longer than Chang's 72 h at a C0 of 2-71 ng/mL, the same direction (lower concentration, longer half-life) as PFBS and PFOA.",n=9,secondary,"Fustinoni 2023 Toxics Table 5, citing Chang et al. 2008 Toxicol Sci"
Rosato 2024 meta-analysis (narrative pooled values),2024,38008199,10.1016/j.envres.2023.117743,PFOA,,2.73,1.99,3.47,overall random-effects pooled mean (all 13 studies; range of study means 1.48-5.1 y),"13 studies: 5 exposed general populations, 8 exposed workers; sample sizes 4-200, average 69",mixed; workers predominantly male,mixed; no study analysed children or adolescents separately,systematic review and random-effects meta-analysis,review,"Europe 53.8%, USA 30.8%, Australia 15.4%",drinking water in all five general-population studies; occupational in all eight worker studies,,,,,serum,,"n/a - all 13 included studies used serum decay, so no Vd was needed anywhere",yes - a defined cessation of the main exposure was an explicit inclusion criterion,varies; the review used the background-subtracted estimate wherever one was available,0.5 to 7 across the included studies,random-effects meta-analysis of study-level means; OHAT risk-of-bias tool,"serum decay only - studies estimating half-life 'based solely on renal clearance' were an explicit EXCLUSION (Zhou 2014, Zhang 2015, Gao 2015, Fujii 2015, Shi 2016), as were temporal-trend studies (10 of them) and studies where the main exposure was still present or cessation was not clearly defined (Ding 2020, Fu 2016, Gribble 2015, Harada 2005 and 2007, Worley 2017, Zhang 2013a/b)",none counted in any included study,varies,"This overall figure is reported in the Discussion and is NOT in the existing extraction, which carries only the stratified 2.35 (general populations) and 2.92 (workers). Rosato's own judgement is that all three overall figures 'demonstrate limited interpretability and should be approached with caution, due to the substantial level of observed variability'.","Four of the eight worker studies (Costa 2009, Olsen 2009, Russell 2013, Gomis 2016) were rated 'probably high' or 'definitely high' risk of bias in three OHAT domains: confounding, attrition and statistical methods. Excluding them did not reduce heterogeneity.",full text,Discussion section 4.1
Rosato 2024 meta-analysis (narrative pooled values),2024,38008199,10.1016/j.envres.2023.117743,PFOS,,4.70,3.27,6.13,overall random-effects pooled mean (range of study means 1.69-5.7 y),"13 studies: 5 exposed general populations, 8 exposed workers; sample sizes 4-200, average 69",mixed; workers predominantly male,mixed; no study analysed children or adolescents separately,systematic review and random-effects meta-analysis,review,"Europe 53.8%, USA 30.8%, Australia 15.4%",drinking water in all five general-population studies; occupational in all eight worker studies,,,,,serum,,"n/a - all 13 included studies used serum decay, so no Vd was needed anywhere",yes - a defined cessation of the main exposure was an explicit inclusion criterion,varies; the review used the background-subtracted estimate wherever one was available,0.5 to 7 across the included studies,random-effects meta-analysis of study-level means; OHAT risk-of-bias tool,"serum decay only - studies estimating half-life 'based solely on renal clearance' were an explicit EXCLUSION (Zhou 2014, Zhang 2015, Gao 2015, Fujii 2015, Shi 2016), as were temporal-trend studies (10 of them) and studies where the main exposure was still present or cessation was not clearly defined (Ding 2020, Fu 2016, Gribble 2015, Harada 2005 and 2007, Worley 2017, Zhang 2013a/b)",none counted in any included study,varies,as above,I2 = 97% for total PFOS,full text,Discussion section 4.1
Rosato 2024 meta-analysis (narrative pooled values),2024,38008199,10.1016/j.envres.2023.117743,PFHxS,,5.31,3.68,6.94,overall random-effects pooled mean (range of study means 2.84-8.5 y),"13 studies: 5 exposed general populations, 8 exposed workers; sample sizes 4-200, average 69",mixed; workers predominantly male,mixed; no study analysed children or adolescents separately,systematic review and random-effects meta-analysis,review,"Europe 53.8%, USA 30.8%, Australia 15.4%",drinking water in all five general-population studies; occupational in all eight worker studies,,,,,serum,,"n/a - all 13 included studies used serum decay, so no Vd was needed anywhere",yes - a defined cessation of the main exposure was an explicit inclusion criterion,varies; the review used the background-subtracted estimate wherever one was available,0.5 to 7 across the included studies,random-effects meta-analysis of study-level means; OHAT risk-of-bias tool,"serum decay only - studies estimating half-life 'based solely on renal clearance' were an explicit EXCLUSION (Zhou 2014, Zhang 2015, Gao 2015, Fujii 2015, Shi 2016), as were temporal-trend studies (10 of them) and studies where the main exposure was still present or cessation was not clearly defined (Ding 2020, Fu 2016, Gribble 2015, Harada 2005 and 2007, Worley 2017, Zhang 2013a/b)",none counted in any included study,varies,as above,I2 = 93%,full text,Discussion section 4.1
Rosato 2024 meta-analysis (narrative pooled values),2024,38008199,10.1016/j.envres.2023.117743,"PFNA, PFBS, PFHxA, short-chain PFAS",,,,,no meta-analysis possible,"13 studies: 5 exposed general populations, 8 exposed workers; sample sizes 4-200, average 69",mixed; workers predominantly male,mixed; no study analysed children or adolescents separately,systematic review and random-effects meta-analysis,review,"Europe 53.8%, USA 30.8%, Australia 15.4%",drinking water in all five general-population studies; occupational in all eight worker studies,,,,,serum,,"n/a - all 13 included studies used serum decay, so no Vd was needed anywhere",yes - a defined cessation of the main exposure was an explicit inclusion criterion,varies; the review used the background-subtracted estimate wherever one was available,0.5 to 7 across the included studies,random-effects meta-analysis of study-level means; OHAT risk-of-bias tool,"serum decay only - studies estimating half-life 'based solely on renal clearance' were an explicit EXCLUSION (Zhou 2014, Zhang 2015, Gao 2015, Fujii 2015, Shi 2016), as were temporal-trend studies (10 of them) and studies where the main exposure was still present or cessation was not clearly defined (Ding 2020, Fu 2016, Gribble 2015, Harada 2005 and 2007, Worley 2017, Zhang 2013a/b)",none counted in any included study,varies,"Rosato set a minimum of three studies per compound for meta-analysis, and only PFOA, PFOS and PFHxS met it. For PFNA, PFBS and PFHxA exactly one study each was available (Yu 2021, Olsen 2009, Russell 2013). The review states: 'The task of estimating half-lives of short-chain PFAS and other less-represented compounds within observational studies poses even greater challenges. Currently, very little information is available for these compounds, and as a result, no meta-analysis could be performed.'","GAP IDENTIFIED BY THE REVIEW ITSELF. As of Oct 2026 this is still true, with two additions since: Xu 2020 (which Rosato did include) covers PFBS, PFPeS, PFHpA, PFHpS and PFHxA, and Abraham 2024 covers 15 compounds including PFPeA, PFDA, PFUnDA, PFDoDA, HFPO-DA, DONA and 6:2 FTS. Together these two studies roughly triple the compound coverage, but each rests on one cohort (n=17) or one person (n=1).",full text,Discussion section 4.2
Rosato 2024 meta-analysis (narrative pooled values),2024,38008199,10.1016/j.envres.2023.117743,all,,,,,paediatric coverage,"13 studies: 5 exposed general populations, 8 exposed workers; sample sizes 4-200, average 69",mixed; workers predominantly male,mixed; no study analysed children or adolescents separately,systematic review and random-effects meta-analysis,review,"Europe 53.8%, USA 30.8%, Australia 15.4%",drinking water in all five general-population studies; occupational in all eight worker studies,,,,,serum,,"n/a - all 13 included studies used serum decay, so no Vd was needed anywhere",yes - a defined cessation of the main exposure was an explicit inclusion criterion,varies; the review used the background-subtracted estimate wherever one was available,0.5 to 7 across the included studies,random-effects meta-analysis of study-level means; OHAT risk-of-bias tool,"serum decay only - studies estimating half-life 'based solely on renal clearance' were an explicit EXCLUSION (Zhou 2014, Zhang 2015, Gao 2015, Fujii 2015, Shi 2016), as were temporal-trend studies (10 of them) and studies where the main exposure was still present or cessation was not clearly defined (Ding 2020, Fu 2016, Gribble 2015, Harada 2005 and 2007, Worley 2017, Zhang 2013a/b)",none counted in any included study,varies,"Rosato 2024 states: 'very limited information is available regarding PFAS half-lives in specific subgroups, such as children and adolescents; subjects under 18 years of age were considered in a limited number of studies, and none of the studies performed a separate analysis on this specific group. Children and adolescents should be considered separately when estimating PFAS half-lives, as they likely have higher PFAS body burdens and it is unknown if their excretion patterns are directly comparable with adults.' Since the review, two studies have filled part of this gap: Batzella 2024 (PFOA 1.64 y, 95% CI 1.58-1.70, in subjects <14 y) and Lewis-Michl 2025 (PFOA GM 1.96 y, 1.69-2.27, in 29 subjects aged 0-17). Both find paediatric half-lives 30-45% shorter than their adult counterparts, and both caution that growth dilution is not separated from intrinsic elimination.","There is still no study designed around a paediatric cohort, and no human half-life estimate for infants or for pregnancy; the only pregnancy evidence is Batzella 2024's childbirth stratification (1.78 vs 2.54 y).",full text,Discussion section 4.2
Rosato 2024 meta-analysis (narrative pooled values),2024,38008199,10.1016/j.envres.2023.117743,all,,,,,model uniformity across the whole evidence base,"13 studies: 5 exposed general populations, 8 exposed workers; sample sizes 4-200, average 69",mixed; workers predominantly male,mixed; no study analysed children or adolescents separately,systematic review and random-effects meta-analysis,review,"Europe 53.8%, USA 30.8%, Australia 15.4%",drinking water in all five general-population studies; occupational in all eight worker studies,,,,,serum,,"n/a - all 13 included studies used serum decay, so no Vd was needed anywhere",yes - a defined cessation of the main exposure was an explicit inclusion criterion,varies; the review used the background-subtracted estimate wherever one was available,0.5 to 7 across the included studies,random-effects meta-analysis of study-level means; OHAT risk-of-bias tool,"serum decay only - studies estimating half-life 'based solely on renal clearance' were an explicit EXCLUSION (Zhou 2014, Zhang 2015, Gao 2015, Fujii 2015, Shi 2016), as were temporal-trend studies (10 of them) and studies where the main exposure was still present or cessation was not clearly defined (Ding 2020, Fu 2016, Gribble 2015, Harada 2005 and 2007, Worley 2017, Zhang 2013a/b)",none counted in any included study,varies,"'In all the included studies, PFAS half-life was estimated using one-compartment models with first-order elimination.' So every study in the systematic review shares the same structural assumption, and the heterogeneity (I2 up to 97%) arises entirely from design and population, not from model choice. As of Oct 2026 the only human PFAS half-life estimates NOT from a one-compartment first-order model are Chiu 2022 (Bayesian hierarchical one-compartment, still first-order) and Abraham 2024 (two-compartment). No human PBPK model has been used to estimate a half-life from primary data; Worley 2017's PBPK analysis was used to reconstruct exposure, and the F-53B PBPK model (Zhang 2024, PMID 39394996) extrapolates from pregnant mice.","A systematic structural assumption shared by 13 of 13 studies cannot be detected by any between-study comparison, including this meta-analysis.",full text,"Results, model paragraph"
Kim 2026 infant PBPK from breast milk,2026,42689832,10.1021/acs.est.6c05230,multiple PFAS,,,,,"modelled, not measured - no primary half-life estimate","Korean mother-infant cohorts, 2018-2023",both,breastfed infants,Korean breastfeeding cohorts,model,South Korea,breast milk,,,,,modelled infant blood,,assumed (PBPK parameters),n/a,n/a,n/a,two-compartment PBPK with postnatal glomerular filtration rate maturation,forward simulation,renal filtration (with GFR maturation),no,"The paper's premise is that infants' 'immature renal clearance substantially prolongs internal PFAS half-lives' - i.e. it predicts the OPPOSITE sign to the measured paediatric data in Batzella 2024 and Lewis-Michl 2025, which find shorter half-lives in children. The two are reconcilable only if growth dilution dominates GFR immaturity after infancy, which neither side has tested.",No measured infant half-life exists to validate against. Abstract only; full text not retrieved.,abstract,Abstract
Jung & Bartell 2026 mother-child dyad TK model,2026,41496242,10.1016/j.envint.2026.110046,multiple PFAS,,,,,"modelled evaluation, not a primary half-life estimate",n/a,both,mothers and children,general population,model,USA,environmental dose estimates,,,,,,,assumed,n/a,n/a,,mother-child dyad toxicokinetic model paired with environmental dose estimates,forward simulation validated against measured serum,not specified in the abstract,no,Relevant because it is a published check on whether the half-life and Vd values in current use reproduce measured early-life serum concentrations - i.e. an external validation route for the parameters in this database rather than a new estimate.,Abstract only; full text not retrieved. Companion to Jung & Bartell 2025 (PMID 39756782) which did the same for pregnant women.,abstract,Abstract
DERIVED: PFBS half-life vs serum concentration across three human studies,2026,,,PFBS,n/a,,,,DERIVED BY US: slope of ln(1/t1/2) on ln(initial serum) = +0.12 across three points,3 study-level points (Olsen 2009 n<=7; Xu 2020 n=17; Abraham 2024 n=1),mixed,adults,three independent human cohorts,derived cross-study comparison,"USA, Sweden, Germany","occupational manufacture (Olsen), contaminated airport drinking water (Xu), single known oral dose (Abraham)",,,"397 (Olsen 2009, mean), 0.33 (Xu 2020, median), 1.64 (Abraham 2024, plasma C0)",,serum / plasma,,not used,yes in all three,not needed - PFBS background is at or below detection in all three,0.49 / 0.42 / 1.23,first-order in all three,serum decay in all three,none / none / urine and faeces,n/a,"Half-lives: 25.8 d at 397 ng/mL, 43.8 d at 0.33 ng/mL, 50.6 d at 1.64 ng/mL. Treating clearance as proportional to 1/t1/2 at constant Vd, the log-log slope over a 1,200-fold concentration range is about +0.12. This is the cleanest cross-study concentration test available for any PFAS, because PFBS has no background to subtract, all three studies had verified cessation, all three used first-order models, and all three observed 1-7 half-lives rather than a fraction of one. Xu 2020's own text raises the same inference: 'Given the large variation in exposure levels between the two studies, a dose-dependency of PFBS serum elimination half-life cannot be ruled out.'","Three points, three different laboratories, n<=17 each, and the 0.33 vs 1.64 ng/mL pair runs the WRONG way (lower concentration, shorter half-life), so the slope is carried entirely by the Olsen point. Not an estimate - a sanity check. It is, however, remarkably close to the +0.11 log-log slope the project measured in male rats for PFOA and to the +0.09 cross-human-cohort slope in literature/human_dose_test.py.",derived,Olsen 2009 via Xu 2020 Discussion; Xu 2020 Table 5; Abraham 2024 Table 3
DERIVED: background-subtraction bias as a function of serum/background ratio,2026,,,"PFOA (and PFOS, PFHxS)",,,,,"DERIVED BY US: the percentage by which an unsubtracted-background half-life exceeds the background-subtracted one, plotted against initial serum / background",7 paired estimates from 5 studies,mixed,mixed,all cohorts that published both a corrected and an uncorrected half-life,derived cross-study comparison,"Australia, Japan, Sweden, Italy",,,,see key_assumptions for each pair,,serum,,not used,yes in all,"both ways, by construction",varies,one-compartment first-order in all,serum decay,none counted,varies,"PFOA, ordered by serum/background ratio: Nilsson 2022a, 1.7 ng/mL (ratio ~1), 5.0 -> 2.0 y, +150% inflation. Lyu 2026, 5.5 ng/mL (ratio 3.7), 8.0 -> 5.1 y, +57%. Xu 2020, 13 ng/mL (ratio ~5), 1.77 -> 1.48 y, +20%. Li 2022, 16 ng/mL (ratio ~9), 2.99 -> 2.47 y, +21%. Batzella 2024, 49 ng/mL (ratio 30), 2.71 -> 2.36 y, +15%. For PFHxS: Nilsson 2022a, 14 ng/mL, 7.8 -> 6.0 y, +30%; Xu 2020, 133 ng/mL, 2.86 -> 2.84 y, +0.7%; Li 2022, 260 ng/mL, 4.55 -> 4.52 y, +0.7%. For L-PFOS: Xu 2020, 11 ng/mL, 2.91 -> 1.69 y, +72%; Li 2022, 150 ng/mL, 2.87 -> 2.73 y, +5%. The inflation falls monotonically with the serum/background ratio in every compound.","CENTRAL METHODOLOGICAL FINDING FOR THE EXPOSURE-LEVEL QUESTION. Because this bias is large at low exposure and negligible at high exposure, any regression of apparent half-life on exposure level that pools background-corrected and uncorrected studies will produce a SPURIOUS NEGATIVE slope - low-exposure cohorts will appear to eliminate more slowly. That is exactly the signature a saturable-reabsorption mechanism would also produce, so the two are confounded in every cross-cohort comparison. They can only be separated within a study that reports both corrections, and in those studies (Li 2022 Table S4, Batzella 2024 quartiles, Lyu 2026 Table 4, Xu 2020 Spearman tests) the residual concentration effect is either absent or runs the opposite way.",derived,Nilsson 2022a and Li 2022 via Rosato 2024 Table 2/3; Lyu 2026 Tables 3 and 5; Xu 2020 Table 5; Batzella 2024 Discussion
