agency,document,year,chemical,species,sex,parameter,value,units,ci_low,ci_high,model,primary_source_cited,assumptions,page_or_table,url,jurisdiction_level,country,standard_type
Minnesota Department of Health (MDH),Toxicological Summary for: Perfluorooctanoate (PFOA) - Health-Based Guidance for Water,2025,PFOA,human,M+F,serum elimination half-life - ADOPTED central tendency (RME scenario),902,days,,,one-compartment TK model with placental + breastmilk transfer (Goeden 2019; Greene 2024),"Li et al. 2022 (Ronneby, Sweden) - overall mean",Overall mean used for Reasonable Maximum Exposure scenario; model runs birth to ~50 y; MDH notes critical lifestage is <4 y of age for which no serum half-life information is available; equivalent 2.47 years,"p. PFOA-3, 'Summary of TK Model Parameter Values' table, row Half-life",https://www.health.state.mn.us/communities/environment/risk/docs/guidance/gw/pfoa.pdf,US state,United States,"Health Risk Limit (HRL, drinking water, promulgated as rule Aug 2025)"
Minnesota Department of Health (MDH),Toxicological Summary for: Perfluorooctanoate (PFOA) - Health-Based Guidance for Water,2025,PFOA,human,M+F,serum elimination half-life - 95th percentile (upper-bounding sensitivity scenario),5.4,years,,,"one-compartment TK model, upper-bounding scenario (all parameters at upper percentile)",Li et al. 2022,"Used only in the upper-bounding TK-variability scenario, which produced maternal/peak-infant/lifetime serum <3-fold above the RME scenario; this was MDH's basis for NOT applying a human-TK uncertainty factor","p. PFOA-3, Half-life row; footnote # on p. PFOA-2",https://www.health.state.mn.us/communities/environment/risk/docs/guidance/gw/pfoa.pdf,US state,United States,"Health Risk Limit (HRL, drinking water)"
Minnesota Department of Health (MDH),Toxicological Summary for: Perfluorooctanoate (PFOA) - Health-Based Guidance for Water,2025,PFOA,human,M+F,clearance rate (CL) - input used to back-calculate Vd,0.28,mL/kg-day,,,steady-state one-compartment; CL taken from CalEPA OEHHA,California EPA OEHHA 2023 (PFOA/PFOS PHG technical support document),"MDH ADOPTED OEHHA's empirically regressed human clearance (0.28 mL/kg-d = 2.8e-4 L/kg-d) rather than deriving CL from Vd x ln2/t-half; it then INVERTED the usual relation to obtain Vd. This is a measured/regressed clearance, not a Vd-derived one.","p. PFOA-5, 'Volume of Distribution' row of TK parameter table",https://www.health.state.mn.us/communities/environment/risk/docs/guidance/gw/pfoa.pdf,US state,United States,"Health Risk Limit (HRL, drinking water)"
Minnesota Department of Health (MDH),Toxicological Summary for: Perfluorooctanoate (PFOA) - Health-Based Guidance for Water,2025,PFOA,human,M+F,volume of distribution (Vd) - ADOPTED central tendency,0.36,L/kg,,,Vd = CL / (ln2 / t-half); REVERSE of the usual EPA direction,CalEPA OEHHA 2023 clearance (0.28 mL/kg-d) combined with Li et al. 2022 half-life (902 d),"Explicit arithmetic given: 0.28 mL/kg-d / (ln2/902 d) = 364 mL/kg, rounded to 0.36 L/kg. MDH therefore does NOT use the Thompson 2010 Vd of 0.17 L/kg that US EPA adopted; its Vd is ~2.1-fold larger because it is derived from OEHHA's clearance and Li 2022's longer half-life.","p. PFOA-5, 'Volume of Distribution (L/kg)' row",https://www.health.state.mn.us/communities/environment/risk/docs/guidance/gw/pfoa.pdf,US state,United States,"Health Risk Limit (HRL, drinking water)"
Minnesota Department of Health (MDH),Toxicological Summary for: Perfluorooctanoate (PFOA) - Health-Based Guidance for Water,2025,PFOA,human,F (maternal-fetal),placental transfer factor (cord serum / maternal serum) - ADOPTED central tendency,0.83,ratio (unitless),,,maternal steady-state serum x placental transfer factor = infant day-0 serum,mean of mean values from 25 studies (MDH compilation; detailed in Greene 2024),Simulated infants begin life with a pre-existing body burden from placental transfer; mother assumed at steady state at delivery using TWA 95th-percentile intake birth-to-30 y; transferred mass is subtracted from maternal concentration on day 0 (a change from Goeden 2019),"p. PFOA-3, 'Placental transfer' row",https://www.health.state.mn.us/communities/environment/risk/docs/guidance/gw/pfoa.pdf,US state,United States,"Health Risk Limit (HRL, drinking water)"
Minnesota Department of Health (MDH),Toxicological Summary for: Perfluorooctanoate (PFOA) - Health-Based Guidance for Water,2025,PFOA,human,F (maternal-fetal),placental transfer factor - upper-end value (upper-bounding scenario),1.39,ratio (unitless),,,"one-compartment TK, upper-bounding scenario",mean upper percentile value across the same 25-study compilation,Cord serum exceeding maternal serum (ratio >1) is treated as plausible at the upper end,"p. PFOA-3, 'Placental transfer' row",https://www.health.state.mn.us/communities/environment/risk/docs/guidance/gw/pfoa.pdf,US state,United States,"Health Risk Limit (HRL, drinking water)"
Minnesota Department of Health (MDH),Toxicological Summary for: Perfluorooctanoate (PFOA) - Health-Based Guidance for Water,2025,PFOA,human,F (lactating),breastmilk transfer factor (milk / maternal serum) - ADOPTED central tendency,0.068,ratio (unitless),,,breastmilk conc = maternal serum conc x breastmilk transfer factor; lactation phased in over first 4 days (Neville 1991),95% upper confidence limit of the mean from 7 studies (MDH compilation; Greene 2024),MDH deliberately chose the 95% UCL rather than the overall mean of the 7 studies (0.046) because validation testing against measured breastfed-infant serum showed the mean UNDERESTIMATED infant serum while the 95% UCL did not. This is the single most consequential parameter: it drives the HRL from 1.0 ng/L (formula-fed) down to 0.24 ng/L (breastfed).,"p. PFOA-3/4, 'Breastmilk transfer' row",https://www.health.state.mn.us/communities/environment/risk/docs/guidance/gw/pfoa.pdf,US state,United States,"Health Risk Limit (HRL, drinking water)"
Minnesota Department of Health (MDH),Toxicological Summary for: Perfluorooctanoate (PFOA) - Health-Based Guidance for Water,2025,PFOA,human,F (lactating),breastmilk transfer factor - overall mean of 7 studies (REJECTED),0.046,ratio (unitless),,,one-compartment TK,overall mean of 7 breastmilk studies,Explicitly rejected: model validation showed it underestimated breastfed infant serum levels,"p. PFOA-4, 'Breastmilk transfer' row",https://www.health.state.mn.us/communities/environment/risk/docs/guidance/gw/pfoa.pdf,US state,United States,"Health Risk Limit (HRL, drinking water)"
Minnesota Department of Health (MDH),Toxicological Summary for: Perfluorooctanoate (PFOA) - Health-Based Guidance for Water,2025,PFOA,human,F (lactating),breastmilk transfer factor - upper-end value (upper-bounding scenario),0.12,ratio (unitless),,,"one-compartment TK, upper-bounding scenario",MDH compilation of 7 breastmilk studies,Used with 5.4-y half-life and 1.39 placental transfer in the combined worst-case scenario,"p. PFOA-4, 'Breastmilk transfer' row",https://www.health.state.mn.us/communities/environment/risk/docs/guidance/gw/pfoa.pdf,US state,United States,"Health Risk Limit (HRL, drinking water)"
Minnesota Department of Health (MDH),Toxicological Summary for: Perfluorooctanoate (PFOA) - Health-Based Guidance for Water,2025,PFOA,human,M+F (infant),"breastmilk intake rate, upper percentile, >birth to <1 month",220,mL/kg-day,,,exposure input to MDH TK model (exclusively breastfed infant scenario),"US EPA 2011 Exposure Factors Handbook, Table 15-1","Body weight 4.3 kg for this age bin; birth body weight set at 3.38 kg (Donahue 2010); 'exclusively breastfed' per EPA 2011 definition (milk only from breastmilk, other foods not excluded after ~6 mo)","p. PFOA-4, 'Breastmilk Intake Rate' table",https://www.health.state.mn.us/communities/environment/risk/docs/guidance/gw/pfoa.pdf,US state,United States,"Health Risk Limit (HRL, drinking water)"
Minnesota Department of Health (MDH),Toxicological Summary for: Perfluorooctanoate (PFOA) - Health-Based Guidance for Water,2025,PFOA,human,M+F (infant),"breastmilk intake rate, upper percentile, 1 to <3 / 3 to <6 / 6 to <12 months",190 / 150 / 130,mL/kg-day,,,exposure input to MDH TK model,"US EPA 2011 Exposure Factors Handbook, Table 15-1",Corresponding body weights 5.2 / 6.7 / 7.7 kg (back-calculated as mL/day divided by mL/kg-day),"p. PFOA-4, 'Breastmilk Intake Rate' table",https://www.health.state.mn.us/communities/environment/risk/docs/guidance/gw/pfoa.pdf,US state,United States,"Health Risk Limit (HRL, drinking water)"
Minnesota Department of Health (MDH),Toxicological Summary for: Perfluorooctanoate (PFOA) - Health-Based Guidance for Water,2025,PFOA,human,M+F (infant),"breastfeeding duration (RME, exclusive)",12,months,,,exposure scenario definition,CDC Breastfeeding Report Card for 2022,"Upper percentile; cited basis is ~70% of Minnesota mothers breastfeeding at 6 months and 36.5% exclusively breastfeeding at 6 months. 12 months is the RME choice, followed by lifetime drinking-water consumption.","p. PFOA-4, 'Duration (months) of Breastfeeding' row",https://www.health.state.mn.us/communities/environment/risk/docs/guidance/gw/pfoa.pdf,US state,United States,"Health Risk Limit (HRL, drinking water)"
Minnesota Department of Health (MDH),Toxicological Summary for: Perfluorooctanoate (PFOA) - Health-Based Guidance for Water,2025,PFOA,human,"M+F (infant, formula-fed)","drinking-water intake rate, 95th percentile, 1 to <3 months (peak)",290,mL/kg-day,,,exposure input to MDH TK model (formula-fed infant scenario),"US EPA 2019 Exposure Factors Handbook update, Table 3-5 (formula-fed infants <2 y), Table 3-1 (>2 y), Table 3-3 (lactating women)",Body weight 3.8 kg; <1 month = 240 mL/kg-d at 3.6 kg; the drop from 290 to 186 mL/kg-d at 3-6 months (BW 3.8 to 7.0 kg) produces the visible dip in predicted infant serum,"p. PFOA-4, 'Water Intake Rate' table",https://www.health.state.mn.us/communities/environment/risk/docs/guidance/gw/pfoa.pdf,US state,United States,"Health Risk Limit (HRL, drinking water)"
Minnesota Department of Health (MDH),Toxicological Summary for: Perfluorooctanoate (PFOA) - Health-Based Guidance for Water,2025,PFOA,human,F (maternal),"time-weighted-average 95th percentile drinking-water intake, birth to 30 years (used for maternal steady state)",48,mL/kg-day,,,steady-state maternal serum = intake / clearance,"US EPA 2019 Exposure Factors Handbook Tables 3-1, 3-3, 3-5",30 years taken as sufficient time to attain steady state for PFOA,"p. PFOA-4, note under 'Water Intake Rate' table",https://www.health.state.mn.us/communities/environment/risk/docs/guidance/gw/pfoa.pdf,US state,United States,"Health Risk Limit (HRL, drinking water)"
Minnesota Department of Health (MDH),Toxicological Summary for: Perfluorooctanoate (PFOA) - Health-Based Guidance for Water,2025,PFOA,human,M+F,reference serum concentration (POD / total UF) - the dose metric replacing an RfD,0.93,ng/mL serum,,,serum-based POD; no animal-to-human DAF or HED applied,"POD 2.8 ng/mL from CalEPA OEHHA 2023, BMDL5 for decreased Haemophilus influenzae type B antibody titre from Abraham et al. 2020",Total UF = 3 (database UF only). No toxicodynamic-variability UF because POD is already in a sensitive lifestage (young infants). No toxicokinetic-variability UF because TK variability was judged covered by the exposure scenario and parameter choices. Serum chosen over administered dose because of bioaccumulation and maternal transfer.,"p. PFOA-2, 'Reference Serum Concentration' block",https://www.health.state.mn.us/communities/environment/risk/docs/guidance/gw/pfoa.pdf,US state,United States,"Health Risk Limit (HRL, drinking water)"
Minnesota Department of Health (MDH),Toxicological Summary for: Perfluorooctanoate (PFOA) - Health-Based Guidance for Water,2025,PFOA,human,M+F,resulting noncancer Health Risk Limit - formula-fed infant scenario,0.0010,ug/L (1.0 ng/L),,,"MDH TK model, formula-fed infant, RSC 20%",Goeden 2019; Greene 2024,Water concentration that keeps the drinking-water-attributable serum fraction below 20% of 0.93 ng/mL for life,"p. PFOA-5, Figure 1",https://www.health.state.mn.us/communities/environment/risk/docs/guidance/gw/pfoa.pdf,US state,United States,"Health Risk Limit (HRL, drinking water)"
Minnesota Department of Health (MDH),Toxicological Summary for: Perfluorooctanoate (PFOA) - Health-Based Guidance for Water,2025,PFOA,human,M+F,"resulting noncancer Health Risk Limit - breastfed infant scenario (ADOPTED, all durations)",0.00024,ug/L (0.24 ng/L),,,"MDH TK model, 12-month exclusively breastfed infant of a chronically exposed mother, RSC 20%",Goeden 2019; Greene 2024,4.2-fold lower than the formula-fed value purely because of breastmilk transfer; RSC fixed at the 20% floor for all life stages because CDC NHANES geometric mean (1.42 ng/mL) and 95th percentile (3.77 ng/mL) general-population serum already exceed the 0.93 ng/mL reference serum concentration,"p. PFOA-1 and PFOA-6, Figure 2",https://www.health.state.mn.us/communities/environment/risk/docs/guidance/gw/pfoa.pdf,US state,United States,"Health Risk Limit (HRL, drinking water)"
Minnesota Department of Health (MDH),Toxicological Summary for: Perfluorooctane sulfonate (PFOS) - Health-Based Guidance for Water,2025,PFOS,human,M+F,serum elimination half-life - ADOPTED central tendency (RME scenario),996,days,,,one-compartment TK model with placental + breastmilk transfer (Goeden 2019; Greene 2024),"Li et al. 2022 (Ronneby, Sweden) - overall mean","2.73 years. Overall mean used for the RME scenario; model runs birth to ~50 y; MDH notes critical lifestage is <4 y for which no serum half-life data exist. Note MDH's PFOS half-life (2.73 y) is far SHORTER than EPA OW 2024's choice and shorter than ATSDR/EFSA-era values, because it comes from the Ronneby high-exposure cohort of Li 2022.","p. PFOS-3, 'Summary of TK Model Parameter Values' table, Half-life row",https://www.health.state.mn.us/communities/environment/risk/docs/guidance/gw/pfos.pdf,US state,United States,"Health Risk Limit (HRL, drinking water, promulgated as rule Aug 2025)"
Minnesota Department of Health (MDH),Toxicological Summary for: Perfluorooctane sulfonate (PFOS) - Health-Based Guidance for Water,2025,PFOS,human,M+F,serum elimination half-life - 95th percentile (upper-bounding sensitivity scenario),4.75,years,,,one-compartment TK model with placental + breastmilk transfer (Goeden 2019; Greene 2024),Li et al. 2022,"Used only in the upper-bounding TK-variability scenario; result was <3x the RME scenario, which MDH cited as justification for omitting a human-TK uncertainty factor","p. PFOS-3, Half-life row",https://www.health.state.mn.us/communities/environment/risk/docs/guidance/gw/pfos.pdf,US state,United States,"Health Risk Limit (HRL, drinking water, promulgated as rule Aug 2025)"
Minnesota Department of Health (MDH),Toxicological Summary for: Perfluorooctane sulfonate (PFOS) - Health-Based Guidance for Water,2025,PFOS,human,M+F,clearance rate (CL) - input used to back-calculate Vd,0.39,mL/kg-day,,,steady-state one-compartment; CL taken from CalEPA OEHHA,California EPA OEHHA 2023 (PFOA/PFOS PHG technical support document); OEHHA in turn derived it from Li et al. 2018 (Ronneby) and Silva et al. 2020,"MDH ADOPTED OEHHA's regressed/steady-state human clearance (0.39 mL/kg-d = 3.9e-4 L/kg-d) and INVERTED the usual relation to obtain Vd. This is a measured/observational clearance, not Vd x ln2/t-half.","p. PFOS-5, 'Volume of Distribution' row",https://www.health.state.mn.us/communities/environment/risk/docs/guidance/gw/pfos.pdf,US state,United States,"Health Risk Limit (HRL, drinking water, promulgated as rule Aug 2025)"
Minnesota Department of Health (MDH),Toxicological Summary for: Perfluorooctane sulfonate (PFOS) - Health-Based Guidance for Water,2025,PFOS,human,M+F,volume of distribution (Vd) - ADOPTED central tendency,0.56,L/kg,,,Vd = CL / (ln2 / t-half); REVERSE of the usual EPA direction,CalEPA OEHHA 2023 clearance (0.39 mL/kg-d) with Li et al. 2022 half-life (996 d),Explicit arithmetic: 0.39 mL/kg-d / (ln2/996 d) = 560 mL/kg = 0.56 L/kg. This is ~3.2x the Thompson 2010 PFOS Vd of 0.23 L/kg that US EPA and several other agencies adopt - the single largest Vd divergence found among the agencies surveyed.,"p. PFOS-5, 'Volume of Distribution (L/kg)' row",https://www.health.state.mn.us/communities/environment/risk/docs/guidance/gw/pfos.pdf,US state,United States,"Health Risk Limit (HRL, drinking water, promulgated as rule Aug 2025)"
Minnesota Department of Health (MDH),Toxicological Summary for: Perfluorooctane sulfonate (PFOS) - Health-Based Guidance for Water,2025,PFOS,human,F (maternal-fetal),placental transfer factor (cord/maternal serum) - ADOPTED central tendency,0.39,ratio (unitless),,,one-compartment TK model with placental + breastmilk transfer (Goeden 2019; Greene 2024),mean of mean values from 27 studies (MDH compilation; Greene 2024),Less than half the PFOA value (0.83): MDH treats PFOS as substantially less placenta-permeable than PFOA. Transferred mass subtracted from maternal day-0 concentration.,"p. PFOS-3, 'Placental transfer' row",https://www.health.state.mn.us/communities/environment/risk/docs/guidance/gw/pfos.pdf,US state,United States,"Health Risk Limit (HRL, drinking water, promulgated as rule Aug 2025)"
Minnesota Department of Health (MDH),Toxicological Summary for: Perfluorooctane sulfonate (PFOS) - Health-Based Guidance for Water,2025,PFOS,human,F (maternal-fetal),placental transfer factor - upper-end value (upper-bounding scenario),0.74,ratio (unitless),,,one-compartment TK model with placental + breastmilk transfer (Goeden 2019; Greene 2024),mean upper percentile across the same 27-study compilation,Upper-bounding scenario only,"p. PFOS-3, 'Placental transfer' row",https://www.health.state.mn.us/communities/environment/risk/docs/guidance/gw/pfos.pdf,US state,United States,"Health Risk Limit (HRL, drinking water, promulgated as rule Aug 2025)"
Minnesota Department of Health (MDH),Toxicological Summary for: Perfluorooctane sulfonate (PFOS) - Health-Based Guidance for Water,2025,PFOS,human,F (lactating),breastmilk transfer factor (milk/maternal serum) - ADOPTED central tendency,0.03,ratio (unitless),,,breastmilk conc = maternal serum x transfer factor; lactation phased in over first 4 days (Neville 1991),95% upper confidence limit of the mean from 8 studies (MDH compilation; Greene 2024),"Chosen over the overall mean of the 8 studies (0.020) because validation against measured breastfed-infant serum showed the mean underestimated infant serum. Roughly 2.3x lower than the PFOA factor (0.068), consistent with lower milk partitioning of the sulfonate.","p. PFOS-4, 'Breastmilk transfer' row",https://www.health.state.mn.us/communities/environment/risk/docs/guidance/gw/pfos.pdf,US state,United States,"Health Risk Limit (HRL, drinking water, promulgated as rule Aug 2025)"
Minnesota Department of Health (MDH),Toxicological Summary for: Perfluorooctane sulfonate (PFOS) - Health-Based Guidance for Water,2025,PFOS,human,F (lactating),breastmilk transfer factor - overall mean of 8 studies (REJECTED),0.020,ratio (unitless),,,one-compartment TK model with placental + breastmilk transfer (Goeden 2019; Greene 2024),overall mean of 8 breastmilk studies,Explicitly rejected after model validation showed it underestimated breastfed infant serum,"p. PFOS-4, 'Breastmilk transfer' row",https://www.health.state.mn.us/communities/environment/risk/docs/guidance/gw/pfos.pdf,US state,United States,"Health Risk Limit (HRL, drinking water, promulgated as rule Aug 2025)"
Minnesota Department of Health (MDH),Toxicological Summary for: Perfluorooctane sulfonate (PFOS) - Health-Based Guidance for Water,2025,PFOS,human,F (lactating),breastmilk transfer factor - upper-end value (upper-bounding scenario),0.065,ratio (unitless),,,one-compartment TK model with placental + breastmilk transfer (Goeden 2019; Greene 2024),MDH compilation of 8 breastmilk studies,Upper-bounding scenario only,"p. PFOS-4, 'Breastmilk transfer' row",https://www.health.state.mn.us/communities/environment/risk/docs/guidance/gw/pfos.pdf,US state,United States,"Health Risk Limit (HRL, drinking water, promulgated as rule Aug 2025)"
Minnesota Department of Health (MDH),Toxicological Summary for: Perfluorooctane sulfonate (PFOS) - Health-Based Guidance for Water,2025,PFOS,human,M+F (infant),"breastmilk intake rate, upper percentile (>birth-<1mo / 1-<3mo / 3-<6mo / 6-<12mo)",220 / 190 / 150 / 130,mL/kg-day,,,exposure input to MDH TK model (exclusively breastfed infant scenario),"US EPA 2019 Exposure Factors Handbook, Table 15-1",Upper percentile = 2 standard deviations above mean. Corresponding body weights 4.3 / 5.2 / 6.7 / 7.7 kg; birth weight 3.38 kg (Donahue 2010). Identical intake schedule used for PFOA.,"p. PFOS-4, 'Breastmilk Intake Rate' table",https://www.health.state.mn.us/communities/environment/risk/docs/guidance/gw/pfos.pdf,US state,United States,"Health Risk Limit (HRL, drinking water, promulgated as rule Aug 2025)"
Minnesota Department of Health (MDH),Toxicological Summary for: Perfluorooctane sulfonate (PFOS) - Health-Based Guidance for Water,2025,PFOS,human,"M+F (infant, formula-fed)","drinking-water intake rate, 95th percentile (<1mo / 1-<3mo / 3-<6mo / 6-<12mo)",240 / 290 / 186 / 151,mL/kg-day,,,exposure input to MDH TK model (formula-fed infant scenario),"US EPA 2019 Exposure Factors Handbook, Table 3-5 (formula-fed <2 y), Table 3-1 (>2 y), Table 3-3 (lactating women)",Body weights 3.6 / 3.8 / 7.0 / 8.9 kg. Adult bins run 31-47 mL/kg-d. Identical schedule used for PFOA.,"p. PFOS-4, 'Water Intake Rate' table",https://www.health.state.mn.us/communities/environment/risk/docs/guidance/gw/pfos.pdf,US state,United States,"Health Risk Limit (HRL, drinking water, promulgated as rule Aug 2025)"
Minnesota Department of Health (MDH),Toxicological Summary for: Perfluorooctane sulfonate (PFOS) - Health-Based Guidance for Water,2025,PFOS,human,F (maternal),"TWA 95th percentile drinking-water intake, birth to 30 years (maternal steady state)",48,mL/kg-day,,,steady-state maternal serum = intake / clearance,"US EPA 2019 Exposure Factors Handbook Tables 3-1, 3-3, 3-5",30 years assumed sufficient to attain PFOS steady state,"p. PFOS-4, note under Water Intake Rate table",https://www.health.state.mn.us/communities/environment/risk/docs/guidance/gw/pfos.pdf,US state,United States,"Health Risk Limit (HRL, drinking water, promulgated as rule Aug 2025)"
Minnesota Department of Health (MDH),Toxicological Summary for: Perfluorooctane sulfonate (PFOS) - Health-Based Guidance for Water,2025,PFOS,human,M+F,reference serum concentration (POD / total UF),2.6,ng/mL serum,,,serum-based POD; no animal-to-human DAF or HED applied,"POD 7.7 ng/mL from US EPA 2023a,b, BMDL5 for decreased birth weight from Wikstrom et al. 2020","Total UF = 3 (database UF only). No toxicodynamic UF because POD is in a sensitive lifestage (neonates). No toxicokinetic UF - TK variability judged covered by exposure scenario and parameter choices. NOTE: for PFOS MDH took EPA's POD but OEHHA's clearance, and for PFOA it took OEHHA's POD and OEHHA's clearance - an explicit mix-and-match across federal/state assessments.","p. PFOS-1/2, 'Reference Serum Concentration' block",https://www.health.state.mn.us/communities/environment/risk/docs/guidance/gw/pfos.pdf,US state,United States,"Health Risk Limit (HRL, drinking water, promulgated as rule Aug 2025)"
Minnesota Department of Health (MDH),Toxicological Summary for: Perfluorooctane sulfonate (PFOS) - Health-Based Guidance for Water,2025,PFOS,human,M+F,resulting noncancer Health Risk Limit - formula-fed infant scenario,0.0043,ug/L (4.3 ng/L),,,"MDH TK model, formula-fed infant, RSC 20%",Goeden 2019; Greene 2024,Water concentration keeping drinking-water-attributable serum below 20% of 2.6 ng/mL for life,p. PFOS-7 text and Figure 1,https://www.health.state.mn.us/communities/environment/risk/docs/guidance/gw/pfos.pdf,US state,United States,"Health Risk Limit (HRL, drinking water, promulgated as rule Aug 2025)"
Minnesota Department of Health (MDH),Toxicological Summary for: Perfluorooctane sulfonate (PFOS) - Health-Based Guidance for Water,2025,PFOS,human,M+F,"resulting noncancer Health Risk Limit - breastfed infant scenario (ADOPTED, all durations)",0.0023,ug/L (2.3 ng/L),,,"MDH TK model, 12-month exclusively breastfed infant of a chronically exposed mother, RSC 20%",Goeden 2019; Greene 2024,"1.9-fold lower than the formula-fed value because of breastmilk transfer (vs 4.2-fold for PFOA, tracking the lower PFOS milk transfer factor). RSC fixed at the 20% floor for all life stages. Historical MDH PFOS series: 1 ug/L (2002) -> 0.3 -> 0.027 -> 0.015 (2018) -> 0.0023 (2024/2025).","p. PFOS-1 and PFOS-8, Figure 2; revision history p. PFOS-11",https://www.health.state.mn.us/communities/environment/risk/docs/guidance/gw/pfos.pdf,US state,United States,"Health Risk Limit (HRL, drinking water, promulgated as rule Aug 2025)"
Minnesota Department of Health (MDH),Toxicological Summary for: Perfluorooctane sulfonate (PFOS) - Health-Based Guidance for Water,2025,PFOS,human,M+F,cancer Health Risk Limit (cHRL),0.0076,ug/L (7.6 ng/L),,,ADAF-weighted lifetime cancer slope-factor calculation at 1e-5 additional lifetime risk,MDH 2008 methodology Section IV.E.2; US EPA 2019 Exposure Factors Handbook Tables 3-1/3-3/3-5,MDH revised its PFOS cancer classification to 'likely to be carcinogenic to humans'; the noncancer HRL (2.3 ng/L) is lower and therefore governs,p. PFOS-8/9,https://www.health.state.mn.us/communities/environment/risk/docs/guidance/gw/pfos.pdf,US state,United States,"Health Risk Limit (HRL, drinking water, promulgated as rule Aug 2025)"
Minnesota Department of Health (MDH),Toxicological Summary for: Perfluorohexane sulfonate (PFHxS) - Health-Based Guidance for Water,2023,PFHxS,non-human primate (cynomolgus monkey) applied to human,M+F (average),volume of distribution (Vd) - ADOPTED for human clearance,0.25,L/kg,0.213,0.287,one-compartment TK model with placental + breastmilk transfer and age-varying Vd (Goeden 2019 framework),Sundstrom et al. 2012 (cynomolgus monkey),Average of male (0.287 L/kg) and female (0.213 L/kg) nonhuman-primate Vd. MDH uses a MONKEY Vd as the human Vd because no human PFHxS Vd exists - a different choice from EPA's PFHxS IRIS review. The 1.35-fold male/female monkey difference is averaged away rather than carried as a sex-specific value.,"p. PFHxS-3, RME Scenario Model Parameters table, 'Volume of distribution' row",https://www.health.state.mn.us/communities/environment/risk/docs/guidance/gw/pfhxs.pdf,US state,United States,"Health Risk Limit (HRL, drinking water, adopted as rule Nov 2023)"
Minnesota Department of Health (MDH),Toxicological Summary for: Perfluorohexane sulfonate (PFHxS) - Health-Based Guidance for Water,2023,PFHxS,human (infant/child),M+F,Vd age adjustment factor (age 1-30 days),2.1,multiplier on adult Vd,,,one-compartment TK model with placental + breastmilk transfer and age-varying Vd (Goeden 2019 framework),Friis-Hansen 1961 (body water compartments by age),UNIQUE AMONG THE AGENCIES SURVEYED: MDH scales Vd upward in neonates because extracellular water fraction is higher. Declines to 1.2 at age 5-10 y and 1.0 after age 10 y. No other state or national agency found in this survey applies an age-dependent Vd.,"p. PFHxS-3, 'Vd Age Adjustment Factor' row",https://www.health.state.mn.us/communities/environment/risk/docs/guidance/gw/pfhxs.pdf,US state,United States,"Health Risk Limit (HRL, drinking water, adopted as rule Nov 2023)"
Minnesota Department of Health (MDH),Toxicological Summary for: Perfluorohexane sulfonate (PFHxS) - Health-Based Guidance for Water,2023,PFHxS,human (child 5-10 y),M+F,Vd age adjustment factor (age 5-10 years),1.2,multiplier on adult Vd,,,one-compartment TK model with placental + breastmilk transfer and age-varying Vd (Goeden 2019 framework),Friis-Hansen 1961,Interpolated between the 2.1 neonatal value and 1.0 after age 10,"p. PFHxS-3, 'Vd Age Adjustment Factor' row",https://www.health.state.mn.us/communities/environment/risk/docs/guidance/gw/pfhxs.pdf,US state,United States,"Health Risk Limit (HRL, drinking water, adopted as rule Nov 2023)"
Minnesota Department of Health (MDH),Toxicological Summary for: Perfluorohexane sulfonate (PFHxS) - Health-Based Guidance for Water,2023,PFHxS,human,M+F (all ages),serum elimination half-life - ADOPTED,1935,days,1095,3358,one-compartment TK model with placental + breastmilk transfer and age-varying Vd (Goeden 2019 framework),"Li et al. 2018 (Ronneby, Sweden)",Mean value for all ages; stated 5th-95th percentile range 1095-3358 days (3.0-9.2 y). 5.3 years central. Converges with US EPA on Li 2018 as the PFHxS half-life source.,"p. PFHxS-3, 'Half-life' row",https://www.health.state.mn.us/communities/environment/risk/docs/guidance/gw/pfhxs.pdf,US state,United States,"Health Risk Limit (HRL, drinking water, adopted as rule Nov 2023)"
Minnesota Department of Health (MDH),Toxicological Summary for: Perfluorohexane sulfonate (PFHxS) - Health-Based Guidance for Water,2023,PFHxS,human,M+F,clearance rate (CL) - ADOPTED as the Dose Adjustment Factor (DAF),0.000090,L/kg-day (0.090 mL/kg-day),,,CL = Vd x (ln2 / t-half); FORWARD direction (opposite of MDH's PFOA/PFOS treatment),Vd from Sundstrom et al. 2012 (monkey); half-life from Li et al. 2018 (human),"Explicit arithmetic: 0.25 L/kg x (0.693/1935 d) = 0.000090 L/kg-d. Used directly as the DAF converting the rat serum POD to a human equivalent dose. Note MDH computes PFHxS clearance FROM Vd and half-life, but for PFOA/PFOS it does the reverse (takes OEHHA clearance and back-calculates Vd) - the method is not internally consistent across chemicals.","p. PFHxS-2, 'Dose Adjustment Factor (DAF)' block",https://www.health.state.mn.us/communities/environment/risk/docs/guidance/gw/pfhxs.pdf,US state,United States,"Health Risk Limit (HRL, drinking water, adopted as rule Nov 2023)"
Minnesota Department of Health (MDH),Toxicological Summary for: Perfluorohexane sulfonate (PFHxS) - Health-Based Guidance for Water,2023,PFHxS,rat (Sprague-Dawley) to human,M (rat),point of departure - internal serum concentration (male rat),32.4,ug/mL (mg/L) serum,,,serum-based POD with clearance-based animal-to-human conversion,NTP 2018 28-day study; BMDL20% modelled by MDH,MALE rats chosen. HED = 32.4 mg/L x 0.000090 L/kg-d = 0.00292 mg/kg-d. RfD = HED/300 = 9.7 ng/kg-d; corresponding human serum 0.108 ug/mL. Critical effect decreased free T4. UF 300 = 3 interspecies TOXICODYNAMIC only (TK handled by the clearance DAF) x 10 intraspecies x 10 database.,"p. PFHxS-1/2, POD and RfD blocks",https://www.health.state.mn.us/communities/environment/risk/docs/guidance/gw/pfhxs.pdf,US state,United States,"Health Risk Limit (HRL, drinking water, adopted as rule Nov 2023)"
Minnesota Department of Health (MDH),Toxicological Summary for: Perfluorohexane sulfonate (PFHxS) - Health-Based Guidance for Water,2023,PFHxS,human,F (maternal-fetal),placental transfer factor (cord/maternal serum) - ADOPTED,70,% of maternal serum,43,95,one-compartment TK model with placental + breastmilk transfer and age-varying Vd (Goeden 2019 framework),"mean of median paired maternal:cord blood ratios reported in the literature (MDH compilation; references include Gutzkow et al. 2012, Yang et al. 2016a)",Range of MEAN values across studies 43-95%; mean 95th-percentile value 110% (range 69-168%). The 95th-percentile value exceeding 100% means cord serum can exceed maternal serum.,"p. PFHxS-3, 'Placental transfer factor' row",https://www.health.state.mn.us/communities/environment/risk/docs/guidance/gw/pfhxs.pdf,US state,United States,"Health Risk Limit (HRL, drinking water, adopted as rule Nov 2023)"
Minnesota Department of Health (MDH),Toxicological Summary for: Perfluorohexane sulfonate (PFHxS) - Health-Based Guidance for Water,2023,PFHxS,human,F (lactating),breastmilk transfer factor (milk/maternal serum) - ADOPTED,1.4,% of maternal serum,0.8,2.0,one-compartment TK model with placental + breastmilk transfer and age-varying Vd (Goeden 2019 framework),mean of mean paired maternal serum:breastmilk ratios reported in the literature (MDH compilation),"Range of mean values 0.8-2%. MDH notes NO 95th percentile values are reported in the literature, so no upper-bound breastmilk scenario could be run for PFHxS.","p. PFHxS-3, 'Breastmilk transfer factor' row",https://www.health.state.mn.us/communities/environment/risk/docs/guidance/gw/pfhxs.pdf,US state,United States,"Health Risk Limit (HRL, drinking water, adopted as rule Nov 2023)"
Minnesota Department of Health (MDH),Toxicological Summary for: Perfluorohexane sulfonate (PFHxS) - Health-Based Guidance for Water,2023,PFHxS,human,M+F,relative source contribution (RSC) applied to peak infant serum,0.5,fraction (50%),,,MDH TK model; RSC applied to the peak infant serum concentration rather than to the adult steady state,US EPA 2000 Exposure Decision Tree; CDC biomonitoring (accessed Feb 2019); MDH 2008 Section IV.E.1,Higher RSC than PFOA/PFOS (which sit at the 20% floor) because PFHxS general-population serum levels do not exceed the reference serum concentration. MDH notes the 50% RSC during infancy results in chronic steady-state serum attributable to water that is a much smaller fraction of the reference value.,p. PFHxS-1 footnote ** and p. PFHxS-4,https://www.health.state.mn.us/communities/environment/risk/docs/guidance/gw/pfhxs.pdf,US state,United States,"Health Risk Limit (HRL, drinking water, adopted as rule Nov 2023)"
Minnesota Department of Health (MDH),Toxicological Summary for: Perfluorohexane sulfonate (PFHxS) - Health-Based Guidance for Water,2023,PFHxS,human,M+F,"resulting noncancer Health Risk Limit (single value, all durations)",0.047,ug/L (47 ng/L),,,"MDH TK model, breastfed-infant limiting scenario",MDH 2019/2023 derivation,"A single HRL covers short-term, subchronic and chronic because of bioaccumulation and maternal transfer. Breastfed-infant scenario is limiting.",p. PFHxS-1,https://www.health.state.mn.us/communities/environment/risk/docs/guidance/gw/pfhxs.pdf,US state,United States,"Health Risk Limit (HRL, drinking water, adopted as rule Nov 2023)"
Minnesota Department of Health (MDH),Toxicological Summary for: Perfluorohexanoate (PFHxA) - Health-Based Guidance for Water,2023,PFHxA,human,M+F,serum elimination half-life - ADOPTED (denominator of DAF),768,hours (32 days),,,standard HRL equation with half-life-ratio DAF; MDH TK model explicitly NOT used,MDH-selected human PFHxA half-life (used in both short-term and subchronic DAFs),"32 days. Unlike PFOA/PFOS/PFHxS, MDH used a half-life RATIO rather than a clearance/Vd calculation for PFHxA, because PFHxA is short-lived enough that the standard HRL equation applies.",p. PFHxA-1 (short-term DAF) and p. PFHxA-2 (subchronic DAF),https://www.health.state.mn.us/communities/environment/risk/docs/guidance/gw/pfhxa.pdf,US state,United States,"Health Risk Limit (HRL, drinking water, adopted as rule Nov 2023)"
Minnesota Department of Health (MDH),Toxicological Summary for: Perfluorohexanoate (PFHxA) - Health-Based Guidance for Water,2023,PFHxA,rat,M,"serum elimination half-life, male rat (numerator of short-term DAF)",2.87,hours,,,standard HRL equation with half-life-ratio DAF; MDH TK model explicitly NOT used,"NTP 2019 (28-day rat study, the short-term critical study)",Study-specific: MDH uses the half-life measured in the same study and sex that gave the POD. Male rat chosen.,"p. PFHxA-1, 'Dose Adjustment Factor' block",https://www.health.state.mn.us/communities/environment/risk/docs/guidance/gw/pfhxa.pdf,US state,United States,"Health Risk Limit (HRL, drinking water, adopted as rule Nov 2023)"
Minnesota Department of Health (MDH),Toxicological Summary for: Perfluorohexanoate (PFHxA) - Health-Based Guidance for Water,2023,PFHxA,rat,M,"serum elimination half-life, male rat (numerator of subchronic DAF)",1.5,hours,,,standard HRL equation with half-life-ratio DAF; MDH TK model explicitly NOT used,"Loveless et al. (subchronic rat study, the subchronic critical study)",A DIFFERENT male-rat half-life from the short-term DAF (1.5 vs 2.87 h) because MDH matches the half-life to the specific critical study - 'Chemical and Study-Specific Toxicokinetic Adjustment'. This is a methodological choice no other agency surveyed makes.,"p. PFHxA-2, subchronic 'Dose Adjustment Factor' block",https://www.health.state.mn.us/communities/environment/risk/docs/guidance/gw/pfhxa.pdf,US state,United States,"Health Risk Limit (HRL, drinking water, adopted as rule Nov 2023)"
Minnesota Department of Health (MDH),Toxicological Summary for: Perfluorohexanoate (PFHxA) - Health-Based Guidance for Water,2023,PFHxA,rat to human,M (rat),"dose adjustment factor (DAF), short-term = t-half(male rat)/t-half(human)",0.0037,unitless ratio,,,standard HRL equation with half-life-ratio DAF; MDH TK model explicitly NOT used,NTP 2019 rat half-life 2.87 h; MDH human half-life 768 h,"POD 25.9 mg/kg-d (administered-dose BMDL1SD, NTP 2019) x 0.0037 = HED 0.0958 mg/kg-d; RfD = HED/300 = 0.00032 mg/kg-d. UF 300.","p. PFHxA-1, DAF/HED/RfD blocks",https://www.health.state.mn.us/communities/environment/risk/docs/guidance/gw/pfhxa.pdf,US state,United States,"Health Risk Limit (HRL, drinking water, adopted as rule Nov 2023)"
Minnesota Department of Health (MDH),Toxicological Summary for: Perfluorohexanoate (PFHxA) - Health-Based Guidance for Water,2023,PFHxA,rat to human,M (rat),"dose adjustment factor (DAF), subchronic = t-half(male rat)/t-half(human)",0.0020,unitless ratio,,,standard HRL equation with half-life-ratio DAF; MDH TK model explicitly NOT used,Loveless et al. rat half-life 1.5 h; MDH human half-life 768 h,"POD 22.5 mg/kg-d (administered-dose BMDL10%, Loveless et al.) x 0.0020 = HED 0.045 mg/kg-d; RfD = 0.00015 mg/kg-d. UF 300.","p. PFHxA-2, subchronic DAF/HED/RfD blocks",https://www.health.state.mn.us/communities/environment/risk/docs/guidance/gw/pfhxa.pdf,US state,United States,"Health Risk Limit (HRL, drinking water, adopted as rule Nov 2023)"
Minnesota Department of Health (MDH),Toxicological Summary for: Perfluorohexanoate (PFHxA) - Health-Based Guidance for Water,2023,PFHxA,human,M+F (infant),MDH TK model applicability - EXPLICITLY NOT USED for PFHxA,not used,n/a,,,standard HRL equation with half-life-ratio DAF; MDH TK model explicitly NOT used,MDH internal judgement,"MDH states the TK model was evaluated because PFHxA crosses the placenta and is found in breastmilk, but was NOT used because of data gaps - specifically a lack of a reliable breastmilk:maternal serum ratio and limited information on half-life. This is a documented refusal to model breast-milk transfer for a short-chain PFAS.","p. PFHxA-3, paragraph following the HRL derivations (approx. line 135-137 of extracted text)",https://www.health.state.mn.us/communities/environment/risk/docs/guidance/gw/pfhxa.pdf,US state,United States,"Health Risk Limit (HRL, drinking water, adopted as rule Nov 2023)"
Minnesota Department of Health (MDH),Toxicological Summary for: Perfluorohexanoate (PFHxA) - Health-Based Guidance for Water,2023,PFHxA,human,M+F,relative source contribution (RSC),0.2,fraction (20%),,,standard HRL equation with half-life-ratio DAF; MDH TK model explicitly NOT used,US EPA 2000 Exposure Decision Tree,20% used for PFHxA,p. PFHxA-1 footnote *,https://www.health.state.mn.us/communities/environment/risk/docs/guidance/gw/pfhxa.pdf,US state,United States,"Health Risk Limit (HRL, drinking water, adopted as rule Nov 2023)"
Minnesota Department of Health (MDH),Toxicological Summary for: Perfluorohexanoate (PFHxA) - Health-Based Guidance for Water,2023,PFHxA,human,M+F,resulting noncancer HRL (short-term = subchronic = chronic),0.2,ug/L (200 ng/L),,,standard HRL equation with half-life-ratio DAF; MDH TK model explicitly NOT used,MDH 2023 derivation,"Chronic calculated RfD was HIGHER than short-term, so the chronic and subchronic HRLs are set equal to the short-term value of 0.2 ug/L for protectiveness","p. PFHxA-1, PFHxA-2, PFHxA-3",https://www.health.state.mn.us/communities/environment/risk/docs/guidance/gw/pfhxa.pdf,US state,United States,"Health Risk Limit (HRL, drinking water, adopted as rule Nov 2023)"
Minnesota Department of Health (MDH),Toxicological Summary for: Perfluorobutane sulfonate (PFBS) - Health-Based Guidance for Water,2023,PFBS,rat (Hsd:Sprague Dawley),F,"serum elimination half-life, FEMALE rat (numerator of DAF)",1.3,hours,,,standard HRL equation with chemical- and study-specific half-life-ratio DAF,"MDH analysis of Huang, Dzierlenga et al. 2019","MDH explicitly uses the FEMALE rat half-life, matching the sex in which the critical thyroid effect was observed. This is one of only two instances found in this survey where a state agency selected a female-rodent half-life rather than defaulting to male - MDH labels the method 'Chemical- and Study-Specific Toxicokinetic Adjustment'. Female rats clear PFBS faster than males, so using the female value yields a SMALLER DAF and hence a LOWER (more protective) HED.","p. PFBS-1, 'Dose Adjustment Factor (DAF)' block",https://www.health.state.mn.us/communities/environment/risk/docs/guidance/gw/pfbssummary.pdf,US state,United States,"Health Risk Limit (HRL, drinking water, adopted as rule Nov 2023)"
Minnesota Department of Health (MDH),Toxicological Summary for: Perfluorobutane sulfonate (PFBS) - Health-Based Guidance for Water,2023,PFBS,human,M+F,"serum elimination half-life, human (denominator of DAF)",1050,hours (43.75 days),,,standard HRL equation with chemical- and study-specific half-life-ratio DAF,"Xu, Fletcher et al. 2020 (Ronneby/Arvidsjaur short-chain PFAS half-lives)",43.75 days. MDH chose a community-exposure human half-life rather than the occupational 3M worker value. Compare EPA 2021 PFBS assessment which used a shorter human half-life.,"p. PFBS-1, 'Dose Adjustment Factor (DAF)' block",https://www.health.state.mn.us/communities/environment/risk/docs/guidance/gw/pfbssummary.pdf,US state,United States,"Health Risk Limit (HRL, drinking water, adopted as rule Nov 2023)"
Minnesota Department of Health (MDH),Toxicological Summary for: Perfluorobutane sulfonate (PFBS) - Health-Based Guidance for Water,2023,PFBS,rat to human,F (rat),dose adjustment factor (DAF) = t-half(female rat)/t-half(human),0.0012,unitless ratio,,,standard HRL equation with chemical- and study-specific half-life-ratio DAF,"Huang, Dzierlenga et al. 2019 (rat); Xu, Fletcher et al. 2020 (human)","1.3 hr / 1050 hr = 0.0012. POD 6.97 mg/kg-d (administered-dose BMDL1SD, NTP 2019) x 0.0012 = HED 0.0084 mg/kg-d; RfD = HED/100 = 0.000084 mg/kg-d. UF 100 = 3 interspecies toxicodynamic x 10 intraspecies x 3 database. Critical effect decreased total T4.","p. PFBS-1, DAF/HED/RfD blocks",https://www.health.state.mn.us/communities/environment/risk/docs/guidance/gw/pfbssummary.pdf,US state,United States,"Health Risk Limit (HRL, drinking water, adopted as rule Nov 2023)"
Minnesota Department of Health (MDH),Toxicological Summary for: Perfluorobutane sulfonate (PFBS) - Health-Based Guidance for Water,2023,PFBS,human,M+F,"resulting noncancer HRL (short-term, adopted for all durations)",0.1,ug/L (100 ng/L),,,standard HRL equation with chemical- and study-specific half-life-ratio DAF,"MDH 2022 derivation, adopted as rule 2023","Calculated subchronic RfD (0.00054 mg/kg-d) and chronic RfD (0.00018 mg/kg-d) were both HIGHER than the short-term RfD (0.000084 mg/kg-d), so the short-term RfD was substituted for all durations; the subchronic and chronic equations yielded 0.2 and 0.4 ug/L respectively but were overridden down to 0.1 ug/L. No TK model (placental/breastmilk) was applied to PFBS.",p. PFBS-1 to PFBS-3,https://www.health.state.mn.us/communities/environment/risk/docs/guidance/gw/pfbssummary.pdf,US state,United States,"Health Risk Limit (HRL, drinking water, adopted as rule Nov 2023)"
Minnesota Department of Health (MDH),Toxicological Summary for: Perfluorobutyrate (PFBA) - Health-Based Guidance for Water,2018,PFBA,human,M,"serum elimination half-life, human (numerator of DAF)",72,hours (3 days),,,"standard HRL equation with chemical-specific half-life-ratio DAF (note: DAF defined as t-half(human)/t-half(rat), a DIVISOR not a multiplier)","Olsen et al. 2007b (four 3M male workers, serum PFBA elimination)","Mean human half-life of 3 days. MDH notes this is short enough that steady state is reached in ~9-15 days, which is why no acute HRL could be derived (the HED method presumes steady state). Occupational male-worker data used for the human value.","p. PFBA-1, 'Dose Adjustment Factor (DAF)' block and footnote * on p. PFBA-1",https://www.health.state.mn.us/communities/environment/risk/docs/guidance/gw/pfba2summ.pdf,US state,United States,"Health Risk Limit (HRL, drinking water, adopted as rule Aug 2018)"
Minnesota Department of Health (MDH),Toxicological Summary for: Perfluorobutyrate (PFBA) - Health-Based Guidance for Water,2018,PFBA,rat,M,"serum elimination half-life, MALE rat (denominator of DAF)",9.22,hours,,,"standard HRL equation with chemical-specific half-life-ratio DAF (note: DAF defined as t-half(human)/t-half(rat), a DIVISOR not a multiplier)",Chang et al. 2008,MALE rat chosen for PFBA (contrast with MDH's female-rat choice for PFBS). Note PFBA is one of the PFAS with a large male/female rat difference.,"p. PFBA-1, 'Dose Adjustment Factor (DAF)' block",https://www.health.state.mn.us/communities/environment/risk/docs/guidance/gw/pfba2summ.pdf,US state,United States,"Health Risk Limit (HRL, drinking water, adopted as rule Aug 2018)"
Minnesota Department of Health (MDH),Toxicological Summary for: Perfluorobutyrate (PFBA) - Health-Based Guidance for Water,2018,PFBA,rat to human,M,dose adjustment factor (DAF) = t-half(human)/t-half(male rat),8,unitless ratio (used as a DIVISOR),,,"standard HRL equation with chemical-specific half-life-ratio DAF (note: DAF defined as t-half(human)/t-half(rat), a DIVISOR not a multiplier)",Olsen et al. 2007b (human 72 h); Chang et al. 2008 (male rat 9.22 h),"72/9.22 = 7.8, rounded to 8. HED = POD/DAF. Short-term: POD 3.01 mg/kg-d (BMDL1SD calculated by Butenhoff 2007 from NOTOX 2007a) / 8 = HED 0.38 mg/kg-d; RfD = 0.38/100 = 0.0038 mg/kg-d (UF 100 = 3 interspecies TD x 10 intraspecies x 3 database). Subchronic and chronic: POD 6.9 mg/kg-d (NOAEL, NOTOX 2007b) / 8 = HED 0.86 mg/kg-d; RfD = 0.86/300 = 0.0029 mg/kg-d (UF 300). Critical effect decreased cholesterol.","p. PFBA-1 (short-term), PFBA-2 (subchronic), PFBA-3 (chronic)",https://www.health.state.mn.us/communities/environment/risk/docs/guidance/gw/pfba2summ.pdf,US state,United States,"Health Risk Limit (HRL, drinking water, adopted as rule Aug 2018)"
Minnesota Department of Health (MDH),Toxicological Summary for: Perfluorobutyrate (PFBA) - Health-Based Guidance for Water,2018,PFBA,human,M+F,resulting noncancer HRL (short-term = subchronic = chronic),7,ug/L (7000 ng/L),,,"standard HRL equation with chemical-specific half-life-ratio DAF (note: DAF defined as t-half(human)/t-half(rat), a DIVISOR not a multiplier)","MDH 2008 derivation; HRL promulgated 2011, re-adopted 2018","Same value 7 ug/L first promulgated 2011. Subchronic and chronic HRLs set equal to the short-term value. No TK (placental/breastmilk) model applied. PFBA is MDH's highest PFAS HRL by ~29,000-fold relative to PFOA (0.00024 ug/L).","p. PFBA-1, PFBA-2, PFBA-3; revision history p. PFBA-4",https://www.health.state.mn.us/communities/environment/risk/docs/guidance/gw/pfba2summ.pdf,US state,United States,"Health Risk Limit (HRL, drinking water, adopted as rule Aug 2018)"
"New Jersey Drinking Water Quality Institute (DWQI), Health Effects Subcommittee",Health-based Maximum Contaminant Level Support Document: Perfluorooctanoic Acid (PFOA) - Appendix A,2017,PFOA,human,M+F,clearance factor (CL) - ADOPTED for serum-to-dose conversion,1.4e-4,L/kg-day (0.14 mL/kg-day),,,one-compartment steady state: CL = Vd x (ln2 / t-half); Dose(ng/kg/d) = Serum(ng/mL) x CL(mL/kg/d),Lorber & Egeghy 2011 (model); Vd from Thompson et al. 2010; half-life from Bartell et al. 2010a (C8 Health Study),NJ DWQI adopted exactly the same CL as US EPA Office of Water 2016 (1.4e-4 L/kg-d). NJ explicitly notes 2.3 y is the SHORTEST human half-life in the literature and that any other literature value would give a LOWER CL and so a higher predicted serum level from a given dose - i.e. NJ knowingly used the least-protective half-life and compensated with uncertainty factors.,p. 57-58 (Pharmacokinetic modeling section); Abstract p. 1; extracted lines 2558-2612,https://www.nj.gov/dep/watersupply/pdf/pfoa-appendixa.pdf,US state,United States,Health-based MCL (14 ng/L; promulgated as NJ MCL)
"New Jersey Drinking Water Quality Institute (DWQI), Health Effects Subcommittee",Health-based Maximum Contaminant Level Support Document: Perfluorooctanoic Acid (PFOA) - Appendix A,2017,PFOA,human,M+F,volume of distribution (Vd) - ADOPTED,0.17,L/kg (170 mL/kg),,,one-compartment steady state,Thompson et al. 2010 (Australian population exposed via drinking water),Same Vd as US EPA OW 2016 and 2024. NJ emphasises the Thompson model was 'calibrated with human data'.,"p. 57, extracted line 2563",https://www.nj.gov/dep/watersupply/pdf/pfoa-appendixa.pdf,US state,United States,Health-based MCL (14 ng/L; promulgated as NJ MCL)
"New Jersey Drinking Water Quality Institute (DWQI), Health Effects Subcommittee",Health-based Maximum Contaminant Level Support Document: Perfluorooctanoic Acid (PFOA) - Appendix A,2017,PFOA,human,M+F,serum elimination half-life - ADOPTED (basis of elimination rate),2.3,years,,,first-order elimination; rate constant 0.0008 /day,"Bartell et al. 2010a (C8 Health Study, 200 adults after drinking-water treatment began in two WV water districts)","Elimination rate 0.0008 day-1. NJ notes Bartell's second-year follow-up showed slower decline (9% and 15%), suggesting continued non-water exposure or non-first-order kinetics (Bartell et al. 2010b). NJ chose 2.3 y over Olsen 2007's 3.8 y (retired workers), Brede 2010's 3.3 y and Seals 2011's 2.9-10.1 y.",p. 57; half-life compilation Table 4 p. 45-46,https://www.nj.gov/dep/watersupply/pdf/pfoa-appendixa.pdf,US state,United States,Health-based MCL (14 ng/L; promulgated as NJ MCL)
"New Jersey Drinking Water Quality Institute (DWQI), Health Effects Subcommittee",Health-based Maximum Contaminant Level Support Document: Perfluorooctanoic Acid (PFOA) - Appendix A,2017,PFOA,human,M+F,"predicted serum:drinking-water ratio, mean water ingestion (0.016 L/kg-d)",114,"ratio (ng/mL serum per ug/L water), i.e. 114:1",,,ratio = water ingestion rate / clearance factor = 0.016 / 1.4e-4,"derived; cross-checked against Emmett et al. 2006a (Little Hocking, median 105:1, IQR 62:1-162:1), Post et al. 2009a, Hoffman et al. 2011 (robust regression 141:1, 95% CI 135-148:1)","NJ uses the empirical community ratios as an INDEPENDENT VALIDATION of the clearance factor - a validation step no other agency surveyed performs this explicitly. NJ flags Holzer et al. 2008 (Germany) at ~50:1 as an outlier and offers three explanations (bottled-water substitution, uncertain exposure duration, different consumption patterns).","p. 56-58, extracted lines 2505-2612",https://www.nj.gov/dep/watersupply/pdf/pfoa-appendixa.pdf,US state,United States,Health-based MCL (14 ng/L; promulgated as NJ MCL)
"New Jersey Drinking Water Quality Institute (DWQI), Health Effects Subcommittee",Health-based Maximum Contaminant Level Support Document: Perfluorooctanoic Acid (PFOA) - Appendix A,2017,PFOA,human,M+F,"predicted serum:drinking-water ratio, upper-percentile ingestion (0.029 L/kg-d)",207,ratio (207:1),,,ratio = 0.029 / 1.4e-4,derived,"Upper-percentile exposure factors (2 L/day water, 70 kg BW) used to set the Health-based MCL. Each 10 ng/L in water predicted to raise serum by 1.2 ng/mL (mean ingestion) or 2.0 ng/mL (upper percentile).","p. 58-59, Table 5",https://www.nj.gov/dep/watersupply/pdf/pfoa-appendixa.pdf,US state,United States,Health-based MCL (14 ng/L; promulgated as NJ MCL)
"New Jersey Drinking Water Quality Institute (DWQI), Health Effects Subcommittee",Health-based Maximum Contaminant Level Support Document: Perfluorooctanoic Acid (PFOA) - Appendix A,2017,PFOA,rat,F,"serum half-life, female rat",2-4,hours,2,4,species-selection rationale,Johnson et al. 1979; Kemper & Jepson 2003,"NJ uses this to DISQUALIFY the rat as a developmental model: 'Because of its rapid excretion, PFOA is not continuously present in female rats dosed once daily, and the fetuses are thus not exposed continuously... the rat is not an ideal model for evaluation of developmental effects of PFOA.' ~98.7% of an oral dose to pregnant rats excreted in urine within 24 h (Gibson & Johnson 1983).","Table 4 p. 45; rat-vs-mouse discussion p. 49, extracted lines 2239-2260",https://www.nj.gov/dep/watersupply/pdf/pfoa-appendixa.pdf,US state,United States,Health-based MCL (14 ng/L; promulgated as NJ MCL)
"New Jersey Drinking Water Quality Institute (DWQI), Health Effects Subcommittee",Health-based Maximum Contaminant Level Support Document: Perfluorooctanoic Acid (PFOA) - Appendix A,2017,PFOA,rat,M,"serum half-life, male rat",4-6,days,4,6,species-selection rationale,Johnson et al. 1979; Kemper & Jepson 2003,"Male/female rat ratio ~30-70x. NJ attributes it to testosterone-controlled renal OAT expression (Oatp1a1 reabsorption in male rats; OAT4 and URAT1 in humans, per Han et al. 2012). Kudo et al. 2002: female-rat PFOA clearance 15 mL/min/kg EXCEEDS GFR (10 mL/min/kg), implying active tubular secretion; male-rat renal clearance only 0.6 mL/min/kg. Castration raises male clearance to female levels; testosterone reverses it. The sex difference develops between 3 and 5 weeks of age (Hinderliter et al. 2006).","Table 4 p. 45; p. 46 hormonal-control discussion, extracted lines 2239-2275",https://www.nj.gov/dep/watersupply/pdf/pfoa-appendixa.pdf,US state,United States,Health-based MCL (14 ng/L; promulgated as NJ MCL)
"New Jersey Drinking Water Quality Institute (DWQI), Health Effects Subcommittee",Health-based Maximum Contaminant Level Support Document: Perfluorooctanoic Acid (PFOA) - Appendix A,2017,PFOA,mouse,F / M,"serum half-life, mouse (both sexes similar)",17 (F) / 19 (M),days,,,species-selection rationale,Lau et al. 2005,"NJ's decisive argument for the MOUSE over the rat: 'In contrast to female rats, PFOA is slowly excreted in female mice... Therefore, the fetus is continuously exposed when pregnant mice are dosed once daily. Because PFOA is persistent in humans, the mouse is a preferable model for evaluation of PFOA's developmental effects than the rat.' All NJ PODs for PFOA come from mouse studies.","Table 4 p. 45; p. 49-50, extracted lines 2271-2290",https://www.nj.gov/dep/watersupply/pdf/pfoa-appendixa.pdf,US state,United States,Health-based MCL (14 ng/L; promulgated as NJ MCL)
"New Jersey Drinking Water Quality Institute (DWQI), Health Effects Subcommittee",Health-based Maximum Contaminant Level Support Document: Perfluorooctanoic Acid (PFOA) - Appendix A,2017,PFOA,rat (pregnant) / mouse (pregnant),F,milk:maternal-serum and fetal:maternal-serum ratios in rodents,rat milk ~0.1 of maternal serum; rat fetal plasma ~0.5; mouse pup serum ~1.5x maternal on PND1,ratio,,,rodent lactational/placental transfer,Hinderliter et al. 2005 (rat); Fenton et al. 2009 (CD-1 mouse),Rat: GD21 fetal plasma ~half of dam; milk ~10-fold lower than maternal serum; pup plasma ~4-fold lower on PND3 and ~10-fold lower later. Mouse: amniotic fluid ~half of maternal serum on GD18; whole-pup GD18 similar to maternal serum; PND1 pup serum ~1.5x maternal. NJ cautions rat comparisons are confounded because maternal plasma was sampled near its daily peak (2 h post-dose).,"p. 49-50, extracted lines 2252-2290",https://www.nj.gov/dep/watersupply/pdf/pfoa-appendixa.pdf,US state,United States,Health-based MCL (14 ng/L; promulgated as NJ MCL)
"New Jersey Drinking Water Quality Institute (DWQI), Health Effects Subcommittee",Health-based Maximum Contaminant Level Support Document: Perfluorooctanoic Acid (PFOA) - Appendix A,2017,PFOA,human,F (lactating),breast-milk:maternal-serum ratio assumed for PFOA,<=0.01,ratio (<=1:100),,,"static ratio argument, not a dynamic model",Tao et al. 2008a; Kim et al. 2011; Liu et al. 2011,NJ pairs the <=1:100 milk:serum ratio with the >=100:1 serum:water ratio to conclude the initial PFOA concentration in breast milk is of the same order as the drinking-water concentration. NJ does NOT build a dynamic infant TK model (contrast MDH).,"p. 52, extracted lines 2377-2378",https://www.nj.gov/dep/watersupply/pdf/pfoa-appendixa.pdf,US state,United States,Health-based MCL (14 ng/L; promulgated as NJ MCL)
"New Jersey Drinking Water Quality Institute (DWQI), Health Effects Subcommittee",Health-based Maximum Contaminant Level Support Document: Perfluorooctanoic Acid (PFOA) - Appendix A,2017,PFOA,human,M+F,Target Human Serum Level (serum-basis RfD) - increased relative liver weight (ADOPTED basis),14.5,ng/mL serum,,,serum-level BMD modelling; UF applied to internal dose,"Loveless et al. 2006, male mice, 14-day branched/linear PFOA; serum BMDL10 for relative liver weight 4350 ng/mL",Total UF 300 = 10 intra-human x 3 animal-to-human TOXICODYNAMIC x 10 to protect more sensitive effects. NJ explicitly states 'The typical UF of 3 for toxicokinetic variability between species is not included because the risk assessment is based on comparison of internal dose (serum levels) rather than administered dose.' No duration UF because liver-weight effect does not grow past 14 days.,"p. 15-16, extracted lines 875-905",https://www.nj.gov/dep/watersupply/pdf/pfoa-appendixa.pdf,US state,United States,Health-based MCL (14 ng/L; promulgated as NJ MCL)
"New Jersey Drinking Water Quality Institute (DWQI), Health Effects Subcommittee",Health-based Maximum Contaminant Level Support Document: Perfluorooctanoic Acid (PFOA) - Appendix A,2017,PFOA,human,M+F,Reference Dose derived from Target Human Serum Level via clearance factor (ADOPTED),2,ng/kg-day,,,RfD = Target Human Serum Level x CL = 14.5 ng/mL x 1.4e-4 L/kg-d,Loveless et al. 2006 POD; Lorber & Egeghy 2011 / US EPA 2016 CL,"Health-based MCL 14 ng/L from RfD 2 ng/kg-d with 2 L/day, 70 kg, RSC 20%. Cancer slope factor 0.021 (mg/kg/d)-1 from rat testicular tumours gave an identical 14 ng/L at 1e-6 risk.",p. 16; Abstract p. 1,https://www.nj.gov/dep/watersupply/pdf/pfoa-appendixa.pdf,US state,United States,Health-based MCL (14 ng/L; promulgated as NJ MCL)
"New Jersey Drinking Water Quality Institute (DWQI), Health Effects Subcommittee",Health-based Maximum Contaminant Level Support Document: Perfluorooctanoic Acid (PFOA) - Appendix A,2017,PFOA,human,M+F,"Target Human Serum Level and RfD - delayed mammary gland development (calculated, NOT adopted)",0.8 ng/mL serum; RfD 0.11 ng/kg-day,ng/mL serum / ng/kg-day,,,serum-level BMDL with UF 30,mouse mammary-gland studies; serum BMDL for decreased terminal end buds 22.9 ng/mL (developmental score BMDL 24.9 ng/mL),"UF 30 = 10 intra-human x 3 animal-to-human toxicodynamic (again no interspecies TK UF, internal-dose basis). NJ declined to base the MCL on this endpoint because the science was 'currently developing', but used it to justify the extra 10x 'sensitive endpoint' UF in the liver-weight derivation. Note the resulting 0.8 ng/mL target serum is BELOW the US general-population median of 2.1 ng/mL.","p. 15, extracted lines 860-873; Abstract p. 1",https://www.nj.gov/dep/watersupply/pdf/pfoa-appendixa.pdf,US state,United States,Health-based MCL (14 ng/L; promulgated as NJ MCL)
"New Jersey Drinking Water Quality Institute (DWQI), Health Effects Subcommittee",Appendix A: Health-based Maximum Contaminant Level Support Document: Perfluorooctane Sulfonate (PFOS),2018,PFOS,human,M+F,clearance factor (CL) - ADOPTED for serum-to-dose conversion,8.1e-5,L/kg-day (0.081 mL/kg-day),,,CL = Vd x (ln2 / t-half),"US EPA 2016b derivation; Vd from Thompson et al. 2010a,b; half-life from Olsen et al. 2007 (retired 3M workers)",Explicit arithmetic: Vd 0.23 L/kg x (0.693 / 1971 d) where 1971 d = 5.4 y. NJ adopted EPA OW 2016's value unchanged. This is 4.8x LOWER than OEHHA's/MDH's adopted PFOS clearance of 3.9e-4 L/kg-d - the single biggest PFOS clearance divergence among US agencies.,"p. 24, extracted lines 1973-1990; Appendix 3 p. 316",https://www.nj.gov/dep/watersupply/pdf/pfos-recommendation-appendix-a.pdf,US state,United States,Health-based MCL (13 ng/L; promulgated as NJ MCL)
"New Jersey Drinking Water Quality Institute (DWQI), Health Effects Subcommittee",Appendix A: Health-based Maximum Contaminant Level Support Document: Perfluorooctane Sulfonate (PFOS),2018,PFOS,human,M+F,volume of distribution (Vd) - ADOPTED,0.23,L/kg,,,one-compartment steady state,"Thompson et al. 2010a,b, who took the human-calibrated PFOA Vd of 0.17 L/kg and scaled it up by 35% on the basis of Andersen et al. 2006 (monkey PFOS Vd 20-50% greater than PFOA)","NJ explicitly flags the chain of inference as a weakness: 'the use of the PFOA Vd as a surrogate measure of Vd for PFOS and the adjustment of the PFOA Vd on the basis of a cross-species analogy are sources of uncertainty in its derivation.' Supported by Egeghy & Lorber 2011, whose low bounding Vd of 0.2 L/kg (vs high 3 L/kg) best reproduced exposure-pathway intake estimates.","p. 24-25, extracted lines 1993-2008; Appendix 3 p. 316, extracted lines 15364-15371",https://www.nj.gov/dep/watersupply/pdf/pfos-recommendation-appendix-a.pdf,US state,United States,Health-based MCL (13 ng/L; promulgated as NJ MCL)
"New Jersey Drinking Water Quality Institute (DWQI), Health Effects Subcommittee",Appendix A: Health-based Maximum Contaminant Level Support Document: Perfluorooctane Sulfonate (PFOS),2018,PFOS,human,M+F,serum elimination half-life - ADOPTED,5.4,years (1971 days),,,,Olsen et al. 2007 (retired 3M workers),"NJ notes this is 'in reasonable agreement' with Li et al. 2018 (Ronneby), which was published while the document was in preparation but was not substituted. Occupational-cohort value retained.",p. 24; cross-reference at extracted line 1798,https://www.nj.gov/dep/watersupply/pdf/pfos-recommendation-appendix-a.pdf,US state,United States,Health-based MCL (13 ng/L; promulgated as NJ MCL)
"New Jersey Drinking Water Quality Institute (DWQI), Health Effects Subcommittee",Appendix A: Health-based Maximum Contaminant Level Support Document: Perfluorooctane Sulfonate (PFOS),2018,PFOS,human,M+F,ALTERNATIVE measured clearance factor (Vd-free derivation; cross-check only),0.11,mL/kg-day (1.1e-4 L/kg-day),,,"CL = total daily intake / geometric-mean serum concentration (no Vd, no half-life required)",Egeghy & Lorber 2011 total intake 160 ng/day; NHANES 2000-2008 average geometric-mean adult serum PFOS 20.6 ng/mL,"Explicit arithmetic: (160 ng/d / 70 kg = 2.3 ng/kg-d) / 20.6 ng/mL = 0.11 mL/kg-d, 36% higher than the adopted 0.081. NJ DWQI is one of the few agencies to present a MEASURED/OBSERVATIONAL clearance alongside the Vd x ln2/t-half value and to state the two agree. NJ lists its own uncertainties: media-based intake estimates, and declining NHANES serum trends since 1999.","Appendix 3, 'Clearance factor developed with alternative approach', p. 316-317, extracted lines 15380-15425",https://www.nj.gov/dep/watersupply/pdf/pfos-recommendation-appendix-a.pdf,US state,United States,Health-based MCL (13 ng/L; promulgated as NJ MCL)
"New Jersey Drinking Water Quality Institute (DWQI), Health Effects Subcommittee",Appendix A: Health-based Maximum Contaminant Level Support Document: Perfluorooctane Sulfonate (PFOS),2018,PFOS,human,M+F,"predicted serum:drinking-water ratio, mean ingestion (0.016 L/kg-d)",197,ratio (197:1),,,ratio = 0.016 / 8.1e-5,derived,Each 10 ng/L water predicted to raise serum PFOS by 2.0 ng/mL at mean ingestion. Compared against the NHANES 2013-14 median of 5.2 ng/mL.,"p. 25, extracted lines 2013-2035; Table 5 p. 25-26",https://www.nj.gov/dep/watersupply/pdf/pfos-recommendation-appendix-a.pdf,US state,United States,Health-based MCL (13 ng/L; promulgated as NJ MCL)
"New Jersey Drinking Water Quality Institute (DWQI), Health Effects Subcommittee",Appendix A: Health-based Maximum Contaminant Level Support Document: Perfluorooctane Sulfonate (PFOS),2018,PFOS,human,M+F,"predicted serum:drinking-water ratio, upper-percentile ingestion (0.029 L/kg-d)",358,ratio (358:1),,,ratio = 0.029 / 8.1e-5,derived,"Upper-percentile ingestion (2 L/day, 70 kg) used for the MCL; each 10 ng/L raises serum by 3.6 ng/mL","p. 25, extracted line 2030",https://www.nj.gov/dep/watersupply/pdf/pfos-recommendation-appendix-a.pdf,US state,United States,Health-based MCL (13 ng/L; promulgated as NJ MCL)
"New Jersey Drinking Water Quality Institute (DWQI), Health Effects Subcommittee",Appendix A: Health-based Maximum Contaminant Level Support Document: Perfluorooctane Sulfonate (PFOS),2018,PFOS,human,F (lactating),breast-milk:maternal-serum ratio assumed for PFOS,>=200:1 serum:water paired with low milk:serum ratio,ratio,,,static ratio argument,"NJ DWQI compilation (see p. 48, extracted line 1885)","As for PFOA, a static ratio argument rather than a dynamic infant TK model",extracted line 1885 (p. ~48),https://www.nj.gov/dep/watersupply/pdf/pfos-recommendation-appendix-a.pdf,US state,United States,Health-based MCL (13 ng/L; promulgated as NJ MCL)
"New Jersey Drinking Water Quality Institute (DWQI), Health Effects Subcommittee",Appendix A: Health-based Maximum Contaminant Level Support Document: Perfluorooctane Sulfonate (PFOS),2018,PFOS,mouse,M,Target Human Serum Level (serum-basis RfD) - ADOPTED,23,ng/mL serum,,,serum NOAEL with total UF 30,"Dong et al. 2009, adult MALE mice, 60-day PFOS exposure, decreased plaque-forming-cell (antibody) response; serum NOAEL 674 ng/mL","Total UF 30 (10 intra-human x 3 animal-to-human toxicodynamic). NJ again omits the interspecies TK UF because the comparison is internal-dose. Mouse used, consistent with its PFOA reasoning. RfD = 23 ng/mL x 8.1e-5 L/kg-d = 1.8 ng/kg-d; Health-based MCL 13 ng/L with 2 L/d, 70 kg, RSC 20%.","Abstract p. 1-2, extracted lines 277-291",https://www.nj.gov/dep/watersupply/pdf/pfos-recommendation-appendix-a.pdf,US state,United States,Health-based MCL (13 ng/L; promulgated as NJ MCL)
"New Jersey Drinking Water Quality Institute (DWQI), Health Effects Subcommittee",Appendix A: Health-based Maximum Contaminant Level Support Document: Perfluorooctane Sulfonate (PFOS),2018,PFOS,human,M+F,Reference Dose derived from Target Human Serum Level,1.8,ng/kg-day,,,RfD = 23 ng/mL x 8.1e-5 L/kg-day,Dong et al. 2009 POD; US EPA 2016b CL,"Health-based MCL 13 ng/L. Cancer risk (liver tumours in FEMALE rats) judged too uncertain to drive the MCL, but the estimated lifetime risk at 13 ng/L is close to NJ's 1e-6 goal.",Abstract p. 1-2,https://www.nj.gov/dep/watersupply/pdf/pfos-recommendation-appendix-a.pdf,US state,United States,Health-based MCL (13 ng/L; promulgated as NJ MCL)
"New Jersey Drinking Water Quality Institute (DWQI), Health Effects Subcommittee",Health-based Maximum Contaminant Level Support Document: Perfluorononanoic Acid (PFNA),2015,PFNA,human,M+F,serum:drinking-water ratio - ADOPTED IN PLACE OF A CLEARANCE FACTOR,200,ratio (200:1),,,"empirical ratio approach; NO Vd, NO clearance factor, NO half-life estimate used in the quantitative step","extrapolated from the PFOA ratio (>=100:1, Emmett et al. 2006a; Post et al. 2009a) by doubling, justified by the PFNA:PFOA half-life ratio","UNIQUE METHOD among documents reviewed: because no human PFNA half-life from serum decline exists, NJ doubled the PFOA serum:water ratio. Justification: rodent PFNA half-lives are 2-30x longer than PFOA, and Zhang et al. 2013a renal-clearance-derived human half-lives give PFNA:PFOA median and geometric-mean ratios of 2.06 and 2.67 in men and older women. NJ states '200:1 for PFNA is not overly stringent'. NJ lists this as an explicit uncertainty: 'There is uncertainty about the serum:drinking water ratio of 200:1 for PFNA.'","p. 15-16, extracted lines 898-940; uncertainty statement extracted line 3772",https://www.nj.gov/dep/watersupply/pdf/pfna-health-effects.pdf,US state,United States,"Health-based MCL (13 ng/L; promulgated as NJ MCL, the first PFNA MCL in the US)"
"New Jersey Drinking Water Quality Institute (DWQI), Health Effects Subcommittee",Health-based Maximum Contaminant Level Support Document: Perfluorononanoic Acid (PFNA),2015,PFNA,human,M+F,dose per unit serum increase (reciprocal of the adopted ratio),0.08,(ng/kg-day)/(ng/mL),,,"derived: 200 ng/mL serum per (1 ng/mL water x 16 mL/kg-day) = 12.5 ng/mL serum per ng/kg-day, i.e. 0.08 (ng/kg-d)/(ng/mL)",US EPA 2011 Exposure Factors Handbook water intake 16 mL/kg-day,This 0.08 (ng/kg-d)/(ng/mL) plays the role a clearance factor plays in NJ's PFOA/PFOS documents. It is numerically equivalent to a clearance of 8.0e-5 L/kg-day - essentially identical to the PFOS CL of 8.1e-5 by coincidence of construction.,"p. 16, extracted lines 936-945",https://www.nj.gov/dep/watersupply/pdf/pfna-health-effects.pdf,US state,United States,"Health-based MCL (13 ng/L; promulgated as NJ MCL, the first PFNA MCL in the US)"
"New Jersey Drinking Water Quality Institute (DWQI), Health Effects Subcommittee",Health-based Maximum Contaminant Level Support Document: Perfluorononanoic Acid (PFNA),2015,PFNA,human,M (and women >=50),human half-life from renal clearance (the only human PFNA data available),0.34-20,"years (range of individual estimates, n=50)",0.34,20,renal clearance from paired urine and serum,"Zhang et al. 2013a (86 Chinese general-population adults, median serum PFNA 0.37 ng/mL)","PFNA:PFOA half-life ratio 2.06 (medians) and 2.67 (geometric means). NJ states 'no such data are available' for PFNA from serum-decline studies - the renal-clearance route is the only human basis. In women <50 the PFNA range was 0.38-7.7 y and the PFNA:PFOA ratio approached 1, which NJ considers more uncertain because menstrual blood loss was modelled rather than measured.","p. 12-13, Table 4; extracted lines 726-775",https://www.nj.gov/dep/watersupply/pdf/pfna-health-effects.pdf,US state,United States,"Health-based MCL (13 ng/L; promulgated as NJ MCL, the first PFNA MCL in the US)"
"New Jersey Drinking Water Quality Institute (DWQI), Health Effects Subcommittee",Health-based Maximum Contaminant Level Support Document: Perfluorononanoic Acid (PFNA),2015,PFNA,rat,F vs M,qualitative sex difference in rat PFNA elimination,much shorter in female than male rats,qualitative,,,species- and sex-selection rationale,"NJ DWQI compilation, Table 3","NJ reasoning: 'As expected from the rapid excretion of PFNA in female rats, higher administered doses were required to cause toxicity in female rats than in male rats. Similarly, reproductive and developmental effects occurred at higher administered doses in rats than in mice, a species in which females excrete PFNA slowly. Because of the large differences in excretion rates in species and genders, quantitative risk assessment and extrapolation to human exposure levels are most appropriately based on internal dose (serum level) rather than administered dose.' This is the clearest statement of the rat-vs-mouse / female-rat problem found in any state document.","p. 63, extracted lines 3011-3022",https://www.nj.gov/dep/watersupply/pdf/pfna-health-effects.pdf,US state,United States,"Health-based MCL (13 ng/L; promulgated as NJ MCL, the first PFNA MCL in the US)"
"New Jersey Drinking Water Quality Institute (DWQI), Health Effects Subcommittee",Health-based Maximum Contaminant Level Support Document: Perfluorononanoic Acid (PFNA),2015,PFNA,mouse,F,"serum half-life, female mouse",34-69,days,34,69,,NJ DWQI compilation (used to interpret Das et al. 2015),"Used to argue the day-17 serum concentration in Das et al. 2015 is the MAXIMUM during dosing, so attributing the liver-weight effect to that peak is NON-CONSERVATIVE (the effect may have arisen at lower time-averaged exposure). An unusual explicit acknowledgement that the POD metric choice biases the result upward.","p. 73, extracted lines 3506-3511",https://www.nj.gov/dep/watersupply/pdf/pfna-health-effects.pdf,US state,United States,"Health-based MCL (13 ng/L; promulgated as NJ MCL, the first PFNA MCL in the US)"
"New Jersey Drinking Water Quality Institute (DWQI), Health Effects Subcommittee",Health-based Maximum Contaminant Level Support Document: Perfluorononanoic Acid (PFNA),2015,PFNA,mouse,F (pregnant),point of departure - internal serum concentration,4.9,ug/mL (4900 ng/mL) serum,,,average of BMDL values from Exponential model 5 (4.43 ug/mL) and Hill model (5.43 ug/mL) for 10% increased liver weight,"Das et al. 2015, pregnant mice dosed 17 days",Total UF 1000 = 10 human variation x 3 animal-to-human TOXICODYNAMIC x 10 duration (17 d used to protect chronic). NJ again states 'The typical uncertainty factor of 3 for toxicokinetic variability between species is not included because the risk assessment is based on comparison of internal dose (serum levels) rather than administered dose.' Target human serum level = 4900/1000 = 4.9 ng/mL.,"Table 10 p. 73-74; UF discussion p. 74-75, extracted lines 3500-3570",https://www.nj.gov/dep/watersupply/pdf/pfna-health-effects.pdf,US state,United States,"Health-based MCL (13 ng/L; promulgated as NJ MCL, the first PFNA MCL in the US)"
Michigan PFAS Action Response Team (MPART) Science Advisory Workgroup,Health-Based Drinking Water Value Recommendations for PFAS in Michigan,2019,PFNA,human,M+F (population average),serum elimination half-life - ADOPTED,1417,days (3.9 years),,,"HED = TWA serum x Ke x Vd, with Ke = ln2/t-half",Zhang et al. 2013 (renal-clearance-based human half-lives),"MPART AVERAGED Zhang's two subgroup means: 913 d (2.5 y) for females <=50 y and 1570 d (4.3 y) for females >50 y and all males, giving 1417 d, 'as it would better represent the entire population'. Michigan is the only agency surveyed to explicitly average a menstruating-female half-life with a non-menstruating one to make a single population value. Contrast NJ DWQI, which used the SAME Zhang 2013 data but converted it to a doubled serum:water ratio instead.","p. 10, Chemical Summary for PFNA, HED row",https://www.michigan.gov/-/media/Project/Websites/PFAS-Response/Reports/2019-Health-Based-Drinking-Water-Value-Recommendations-PFAS-MI.pdf,US state,United States,"Health-Based Value (HBV) recommendation, basis for Michigan MCLs promulgated 2020"
Michigan PFAS Action Response Team (MPART) Science Advisory Workgroup,Health-Based Drinking Water Value Recommendations for PFAS in Michigan,2019,PFNA,human,M+F,elimination rate constant (Ke) - ADOPTED,4.89e-4,per day,,,Ke = ln2 / 1417 d,Zhang et al. 2013,Reported as 0.000489165,"p. 10, HED row",https://www.michigan.gov/-/media/Project/Websites/PFAS-Response/Reports/2019-Health-Based-Drinking-Water-Value-Recommendations-PFAS-MI.pdf,US state,United States,"Health-Based Value (HBV) recommendation, basis for Michigan MCLs promulgated 2020"
Michigan PFAS Action Response Team (MPART) Science Advisory Workgroup,Health-Based Drinking Water Value Recommendations for PFAS in Michigan,2019,PFNA,human,M+F,volume of distribution (Vd) - ADOPTED,0.2,L/kg,,,HED = TWA serum x Ke x Vd,ATSDR 2018; Ohmori et al. 2003,"Michigan took the ATSDR default PFNA Vd, which traces to a RAT study (Ohmori et al. 2003). PFNA is the one chemical where Michigan could not use a human-derived Vd.","p. 10, HED row",https://www.michigan.gov/-/media/Project/Websites/PFAS-Response/Reports/2019-Health-Based-Drinking-Water-Value-Recommendations-PFAS-MI.pdf,US state,United States,"Health-Based Value (HBV) recommendation, basis for Michigan MCLs promulgated 2020"
Michigan PFAS Action Response Team (MPART) Science Advisory Workgroup,Health-Based Drinking Water Value Recommendations for PFAS in Michigan,2019,PFNA,human,M+F,implied clearance (Vd x ln2/t-half),9.78e-5,L/kg-day,,,derived from the reported Vd and Ke: 0.2 L/kg x 4.89e-4 /d,Zhang et al. 2013 (t-half); Ohmori et al. 2003 via ATSDR 2018 (Vd),"Not stated as a clearance in the document; computed here from the two inputs Michigan reports, for comparability with agencies that report CL directly.","p. 10, HED row (derived)",https://www.michigan.gov/-/media/Project/Websites/PFAS-Response/Reports/2019-Health-Based-Drinking-Water-Value-Recommendations-PFAS-MI.pdf,US state,United States,"Health-Based Value (HBV) recommendation, basis for Michigan MCLs promulgated 2020"
Michigan PFAS Action Response Team (MPART) Science Advisory Workgroup,Health-Based Drinking Water Value Recommendations for PFAS in Michigan,2019,PFNA,mouse,F (dam),point of departure - internal TWA serum at NOAEL,6.8,mg/L serum,,,empirical clearance model of Wambaugh et al. 2013 used to convert the 1 mg/kg-day mouse NOAEL to a time-weighted-average serum concentration,"Das et al. 2015 (mouse, GD1-17 gavage); Wambaugh et al. 2013 (PK model)","HED = 6.8 mg/L x 4.89e-4 /d x 0.2 L/kg = 0.000665 mg/kg-day. Total UF 300 (1 LOAEL-to-NOAEL, 10 human variability, 3 animal-to-human, 1 subchronic-to-chronic, 10 database). Toxicity value 2.2 ng/kg-day, corresponding to a target serum of 0.023 mg/L. Developmental endpoints (delayed eye opening, preputial separation, vaginal opening) preferred over liver endpoints.","p. 10, POD/HED/UF/Toxicity value rows",https://www.michigan.gov/-/media/Project/Websites/PFAS-Response/Reports/2019-Health-Based-Drinking-Water-Value-Recommendations-PFAS-MI.pdf,US state,United States,"Health-Based Value (HBV) recommendation, basis for Michigan MCLs promulgated 2020"
Michigan PFAS Action Response Team (MPART) Science Advisory Workgroup,Health-Based Drinking Water Value Recommendations for PFAS in Michigan,2019,PFNA,human,F (maternal-fetal),placental transfer factor - ADOPTED in the Goeden infant model,69,% of maternal serum,,,"Goeden et al. 2019 (MDH) breastfed-infant TK model, adopted wholesale by Michigan",MDHHS 2019,Michigan ADOPTED the Minnesota (Goeden 2019) model structure and exposure factors but substituted Michigan-specific chemical parameters supplied by MDHHS.,"p. 11, Exposure parameters row",https://www.michigan.gov/-/media/Project/Websites/PFAS-Response/Reports/2019-Health-Based-Drinking-Water-Value-Recommendations-PFAS-MI.pdf,US state,United States,"Health-Based Value (HBV) recommendation, basis for Michigan MCLs promulgated 2020"
Michigan PFAS Action Response Team (MPART) Science Advisory Workgroup,Health-Based Drinking Water Value Recommendations for PFAS in Michigan,2019,PFNA,human,F (lactating),breastmilk transfer factor - ADOPTED,3.2,% of maternal serum,,,Goeden et al. 2019 breastfed-infant TK model,MDHHS 2019,Breastfed-infant scenario taken as protective of the formula-fed infant. Resulting HBV 6 ng/L with RSC 50%.,"p. 11, Exposure parameters row",https://www.michigan.gov/-/media/Project/Websites/PFAS-Response/Reports/2019-Health-Based-Drinking-Water-Value-Recommendations-PFAS-MI.pdf,US state,United States,"Health-Based Value (HBV) recommendation, basis for Michigan MCLs promulgated 2020"
Michigan PFAS Action Response Team (MPART) Science Advisory Workgroup,Health-Based Drinking Water Value Recommendations for PFAS in Michigan,2019,PFNA,human,M+F,resulting drinking-water Health-Based Value,6,ng/L,,,Goeden et al. 2019 breastfed-infant TK model with RSC 50%,Goeden et al. 2019; CDC NHANES 2019 95th percentiles,RSC 50% based on NHANES 95th percentiles for ages 3-11 (2013-14) and >12 y (2015-16). Michigan is the ONLY state besides Minnesota to run a breastfed-infant TK model for all four long-chain PFAS it regulated.,"p. 11, Drinking water HBV row",https://www.michigan.gov/-/media/Project/Websites/PFAS-Response/Reports/2019-Health-Based-Drinking-Water-Value-Recommendations-PFAS-MI.pdf,US state,United States,"Health-Based Value (HBV) recommendation, basis for Michigan MCLs promulgated 2020"
Michigan PFAS Action Response Team (MPART) Science Advisory Workgroup,Health-Based Drinking Water Value Recommendations for PFAS in Michigan,2019,PFOA,human,M+F,serum elimination half-life - ADOPTED,840,days (2.3 years),,,HED = TWA serum x Ke x Vd,"Bartell et al. 2010 (C8 Health Study, 200 individuals: 100 men, 100 women, drinking-water exposure)",Michigan chose 840 d over occupational values because it is 'more relevant for exposure to the general population'. Same primary study as NJ DWQI and US EPA OW 2016. Ke = 8.25e-4 /day.,"p. 12, HED row",https://www.michigan.gov/-/media/Project/Websites/PFAS-Response/Reports/2019-Health-Based-Drinking-Water-Value-Recommendations-PFAS-MI.pdf,US state,United States,"Health-Based Value (HBV) recommendation, basis for Michigan MCLs promulgated 2020"
Michigan PFAS Action Response Team (MPART) Science Advisory Workgroup,Health-Based Drinking Water Value Recommendations for PFAS in Michigan,2019,PFOA,human,M+F,volume of distribution (Vd) - ADOPTED,0.17,L/kg,,,HED = TWA serum x Ke x Vd,Thompson et al. 2010,"Michigan states a general principle: 'The Workgroup selected the volume of distribution based on human data, when available.' Converges with US EPA, NJ DWQI, ATSDR.","p. 12, HED row",https://www.michigan.gov/-/media/Project/Websites/PFAS-Response/Reports/2019-Health-Based-Drinking-Water-Value-Recommendations-PFAS-MI.pdf,US state,United States,"Health-Based Value (HBV) recommendation, basis for Michigan MCLs promulgated 2020"
Michigan PFAS Action Response Team (MPART) Science Advisory Workgroup,Health-Based Drinking Water Value Recommendations for PFAS in Michigan,2019,PFOA,human,M+F,implied clearance (Vd x ln2/t-half),1.40e-4,L/kg-day,,,derived: 0.17 L/kg x 8.25e-4 /d,Thompson et al. 2010 (Vd); Bartell et al. 2010 (t-half),"Identical to the US EPA OW and NJ DWQI clearance factor of 1.4e-4 L/kg-day, reached by the same two inputs. Michigan, NJ and EPA therefore form one convergent cluster, while OEHHA/MDH form a second (2.8e-4 L/kg-day), a 2.0-fold split for PFOA.","p. 12, HED row (derived)",https://www.michigan.gov/-/media/Project/Websites/PFAS-Response/Reports/2019-Health-Based-Drinking-Water-Value-Recommendations-PFAS-MI.pdf,US state,United States,"Health-Based Value (HBV) recommendation, basis for Michigan MCLs promulgated 2020"
Michigan PFAS Action Response Team (MPART) Science Advisory Workgroup,Health-Based Drinking Water Value Recommendations for PFAS in Michigan,2019,PFOA,mouse,M+F,point of departure - internal TWA serum at LOAEL,8.29,mg/L serum,,,"three-compartment PK model of Wambaugh et al. 2013 with animal species-, strain- and sex-specific parameters",Onishchenko et al. 2011 and Koskela et al. 2016 (mouse); ATSDR 2018 critical-study selection; Wambaugh et al. 2013 (PK model),"HED = 8.29 mg/L x 8.25e-4 /d x 0.17 L/kg = 0.001163 mg/kg-day. Total UF 300 (3 LOAEL-to-NOAEL, 10 human variability, 3 animal-to-human, 1 subchronic-to-chronic, 3 database for endocrine deficiencies). Toxicity value 3.9 ng/kg-day = target serum 0.028 mg/L. Note Michigan adopted the ATSDR critical studies rather than EPA's. Michigan explicitly notes mammary-gland effects 'may signal a concern for other low dose endocrine effects', justifying its 3x database UF.","p. 12-13, POD/HED/UF/Toxicity value rows",https://www.michigan.gov/-/media/Project/Websites/PFAS-Response/Reports/2019-Health-Based-Drinking-Water-Value-Recommendations-PFAS-MI.pdf,US state,United States,"Health-Based Value (HBV) recommendation, basis for Michigan MCLs promulgated 2020"
Michigan PFAS Action Response Team (MPART) Science Advisory Workgroup,Health-Based Drinking Water Value Recommendations for PFAS in Michigan,2019,PFOA,human,F (maternal-fetal),placental transfer factor - ADOPTED,87,% of maternal serum,,,Goeden et al. 2019 breastfed-infant TK model,MDH 2017,Michigan used MDH's 2017-vintage parameter (87%). MDH's own 2025 value is 83% (mean of 25 studies) - the state-to-state difference is purely a matter of vintage.,"p. 13, Exposure parameters row",https://www.michigan.gov/-/media/Project/Websites/PFAS-Response/Reports/2019-Health-Based-Drinking-Water-Value-Recommendations-PFAS-MI.pdf,US state,United States,"Health-Based Value (HBV) recommendation, basis for Michigan MCLs promulgated 2020"
Michigan PFAS Action Response Team (MPART) Science Advisory Workgroup,Health-Based Drinking Water Value Recommendations for PFAS in Michigan,2019,PFOA,human,F (lactating),breastmilk transfer factor - ADOPTED,5.2,% of maternal serum,,,Goeden et al. 2019 breastfed-infant TK model,MDH 2017,"Michigan's 5.2% vs MDH's own 2025 value of 6.8% (95% UCL of 7 studies). Again a vintage difference, and it makes Michigan slightly less protective of the breastfed infant than current MDH.","p. 13, Exposure parameters row",https://www.michigan.gov/-/media/Project/Websites/PFAS-Response/Reports/2019-Health-Based-Drinking-Water-Value-Recommendations-PFAS-MI.pdf,US state,United States,"Health-Based Value (HBV) recommendation, basis for Michigan MCLs promulgated 2020"
Michigan PFAS Action Response Team (MPART) Science Advisory Workgroup,Health-Based Drinking Water Value Recommendations for PFAS in Michigan,2019,PFOA,human,M+F,resulting drinking-water Health-Based Value,8,ng/L,,,"Goeden et al. 2019 breastfed-infant TK model, RSC 50%",Goeden et al. 2019,"33x higher than MDH's current PFOA HRL of 0.24 ng/L. The gap is driven by (a) a serum-based animal POD rather than an epidemiological POD, (b) RSC 50% vs 20%, and (c) the 2.0-fold clearance difference.","p. 13, Drinking water HBV row",https://www.michigan.gov/-/media/Project/Websites/PFAS-Response/Reports/2019-Health-Based-Drinking-Water-Value-Recommendations-PFAS-MI.pdf,US state,United States,"Health-Based Value (HBV) recommendation, basis for Michigan MCLs promulgated 2020"
Michigan PFAS Action Response Team (MPART) Science Advisory Workgroup,Health-Based Drinking Water Value Recommendations for PFAS in Michigan,2019,PFHxA,rat to human,F (rat),dosimetric adjustment factor - BW^(3/4) ALLOMETRIC SCALING (no half-life used),3.65,unitless divisor,,,DAF = (80 kg / 0.45 kg)^(1/4) = 3.65; POD_HED = BMDL10 / 3.65,Luz et al. 2019 BMDL10 of 90.4 mg/kg-day for renal tubular degeneration and renal papillary necrosis in FEMALE rats (Klaunig et al. 2015 chronic study),"UNIQUE: for PFHxA Michigan used BW^(3/4) allometric scaling rather than a half-life ratio, stating 'The Workgroup took into consideration the available serum half-life data presented in Russell et al. (2013) and concluded that, unlike most PFAS, allometric scaling could be supported.' Contrast MDH, which used a male-rat/human half-life ratio for the same chemical. POD_HED 24.8 mg/kg-day; total UF 300; toxicity value 83,000 ng/kg-day; HBV 400,000 ng/L (400 ug/L). FEMALE rat POD.","p. 14, HED row and Exposure parameters row",https://www.michigan.gov/-/media/Project/Websites/PFAS-Response/Reports/2019-Health-Based-Drinking-Water-Value-Recommendations-PFAS-MI.pdf,US state,United States,"Health-Based Value (HBV) recommendation, basis for Michigan MCLs promulgated 2020"
Michigan PFAS Action Response Team (MPART) Science Advisory Workgroup,Health-Based Drinking Water Value Recommendations for PFAS in Michigan,2019,PFHxA,human,M+F (adult),exposure factors used for the HBV (no TK model),"3.353 L/day water, 80 kg BW, RSC 20%",mixed,,,standard HBV equation (no placental/breastmilk model),US EPA 2019 Exposure Factors Handbook Table 3-1; US EPA 2011b Table 8-1; US EPA 2000 RSC guidance,"95th percentile consumers-only adult intake. Michigan did NOT apply the Goeden infant model to PFHxA because no human serum data were available to characterise non-water exposure, so a default 20% RSC was used instead of 50%.","p. 14, Exposure parameters row",https://www.michigan.gov/-/media/Project/Websites/PFAS-Response/Reports/2019-Health-Based-Drinking-Water-Value-Recommendations-PFAS-MI.pdf,US state,United States,"Health-Based Value (HBV) recommendation, basis for Michigan MCLs promulgated 2020"
Michigan PFAS Action Response Team (MPART) Science Advisory Workgroup,Health-Based Drinking Water Value Recommendations for PFAS in Michigan,2019,PFOS,human,M+F,serum elimination half-life - ADOPTED,1241,days (3.4 years),,,HED = TWA serum x Ke x Vd; Ke = 5.59e-4 /day,"Li et al. 2018 (Ronneby, Sweden - non-occupationally exposed drinking-water community)","Michigan's stated rationale: 'The Workgroup selected the serum half-life from a non-occupationally exposed population as it is closer to the general population's exposure.' This is an EARLY state adoption of Li 2018 over Olsen 2007's 5.4 y - NJ DWQI, published the same year, kept Olsen. Document text reports 1241 days as '3.2 years' (1241/365 = 3.40 y).","p. 16, HED row",https://www.michigan.gov/-/media/Project/Websites/PFAS-Response/Reports/2019-Health-Based-Drinking-Water-Value-Recommendations-PFAS-MI.pdf,US state,United States,"Health-Based Value (HBV) recommendation, basis for Michigan MCLs promulgated 2020"
Michigan PFAS Action Response Team (MPART) Science Advisory Workgroup,Health-Based Drinking Water Value Recommendations for PFAS in Michigan,2019,PFOS,human,M+F,elimination rate constant (Ke) - ADOPTED,5.59e-4,per day,,,Ke = ln2/1241 d,Li et al. 2018,Reported as 0.000558539,"p. 16, HED row",https://www.michigan.gov/-/media/Project/Websites/PFAS-Response/Reports/2019-Health-Based-Drinking-Water-Value-Recommendations-PFAS-MI.pdf,US state,United States,"Health-Based Value (HBV) recommendation, basis for Michigan MCLs promulgated 2020"
Michigan PFAS Action Response Team (MPART) Science Advisory Workgroup,Health-Based Drinking Water Value Recommendations for PFAS in Michigan,2019,PFOS,human,M+F,volume of distribution (Vd) - ADOPTED,0.23,L/kg,,,HED = TWA serum x Ke x Vd,Thompson et al. 2010,Same Thompson Vd as US EPA and NJ DWQI (itself the PFOA Vd scaled up 35% from monkey data),"p. 16, HED row",https://www.michigan.gov/-/media/Project/Websites/PFAS-Response/Reports/2019-Health-Based-Drinking-Water-Value-Recommendations-PFAS-MI.pdf,US state,United States,"Health-Based Value (HBV) recommendation, basis for Michigan MCLs promulgated 2020"
Michigan PFAS Action Response Team (MPART) Science Advisory Workgroup,Health-Based Drinking Water Value Recommendations for PFAS in Michigan,2019,PFOS,human,M+F,implied clearance (Vd x ln2/t-half),1.29e-4,L/kg-day,,,derived: 0.23 L/kg x 5.59e-4 /d,Thompson et al. 2010 (Vd); Li et al. 2018 (t-half),Michigan's implied PFOS clearance sits BETWEEN the EPA/NJ value (8.1e-5) and the OEHHA/MDH value (3.9e-4): 1.6x above EPA/NJ and 3.0x below OEHHA/MDH. The whole spread traces to the half-life (5.4 y vs 3.4 y vs 2.73 y) and to whether CL is derived from Vd or measured.,"p. 16, HED row (derived)",https://www.michigan.gov/-/media/Project/Websites/PFAS-Response/Reports/2019-Health-Based-Drinking-Water-Value-Recommendations-PFAS-MI.pdf,US state,United States,"Health-Based Value (HBV) recommendation, basis for Michigan MCLs promulgated 2020"
Michigan PFAS Action Response Team (MPART) Science Advisory Workgroup,Health-Based Drinking Water Value Recommendations for PFAS in Michigan,2019,PFOS,mouse,M,point of departure - internal serum at NOAEL,0.674,mg/L serum,,,serum-based POD; conversion per ATSDR 2018 method,"Dong et al. 2009 (male mice, suppression of plaque-forming-cell response and increased liver mass; 0.5 mg/kg total administered dose)","HED = 0.674 mg/L x 5.59e-4 /d x 0.23 L/kg = 0.0000866 mg/kg-day. Total UF only 30 (1, 10 human variability, 3 animal-to-human toxicodynamic, 1, 1 database). Michigan cut MDH's database UF to 1, citing agreement among EPA 2016, NJDEP 2018, ATSDR 2018 and New Hampshire 2019 on the immunotoxicity endpoint. Toxicity value 2.89 ng/kg-day = target serum 0.022 ug/mL. Same POD as NJ DWQI (Dong 2009, serum 674 ng/mL) but a 1.6x different clearance, giving RfD 2.89 vs 1.8 ng/kg-day. Michigan notes the Dong 2009 serum levels 'were well below both the NOAEL and LOAEL serum concentrations measured from several other studies as described by Pachkowski et al. (2019) and may be an outlier in the database.'","p. 16, POD/HED/UF/Toxicity value rows",https://www.michigan.gov/-/media/Project/Websites/PFAS-Response/Reports/2019-Health-Based-Drinking-Water-Value-Recommendations-PFAS-MI.pdf,US state,United States,"Health-Based Value (HBV) recommendation, basis for Michigan MCLs promulgated 2020"
Michigan PFAS Action Response Team (MPART) Science Advisory Workgroup,Health-Based Drinking Water Value Recommendations for PFAS in Michigan,2019,PFOS,human,F (maternal-fetal),placental transfer factor - ADOPTED,43,% of maternal serum,,,Goeden et al. 2019 breastfed-infant TK model,MDHHS 2019,Close to MDH's own current 39%. Both agencies treat PFOS placental transfer as roughly half of PFOA's.,"p. 17, Exposure parameters row",https://www.michigan.gov/-/media/Project/Websites/PFAS-Response/Reports/2019-Health-Based-Drinking-Water-Value-Recommendations-PFAS-MI.pdf,US state,United States,"Health-Based Value (HBV) recommendation, basis for Michigan MCLs promulgated 2020"
Michigan PFAS Action Response Team (MPART) Science Advisory Workgroup,Health-Based Drinking Water Value Recommendations for PFAS in Michigan,2019,PFOS,human,F (lactating),breastmilk transfer factor - ADOPTED,1.3,% of maternal serum,,,Goeden et al. 2019 breastfed-infant TK model,MDHHS 2019,Lower than MDH's current 3.0% (95% UCL of 8 studies) and close to MDH's rejected overall mean of 2.0%. Michigan therefore models LESS breastmilk transfer than current MDH.,"p. 17, Exposure parameters row",https://www.michigan.gov/-/media/Project/Websites/PFAS-Response/Reports/2019-Health-Based-Drinking-Water-Value-Recommendations-PFAS-MI.pdf,US state,United States,"Health-Based Value (HBV) recommendation, basis for Michigan MCLs promulgated 2020"
Michigan PFAS Action Response Team (MPART) Science Advisory Workgroup,Health-Based Drinking Water Value Recommendations for PFAS in Michigan,2019,PFOS,human,M+F,resulting drinking-water Health-Based Value,16,ng/L,,,"Goeden et al. 2019 breastfed-infant TK model, RSC 50%",Goeden et al. 2019,7x higher than MDH's current 2.3 ng/L. Promulgated as Michigan's PFOS MCL in 2020.,"p. 17, Drinking water HBV row",https://www.michigan.gov/-/media/Project/Websites/PFAS-Response/Reports/2019-Health-Based-Drinking-Water-Value-Recommendations-PFAS-MI.pdf,US state,United States,"Health-Based Value (HBV) recommendation, basis for Michigan MCLs promulgated 2020"
Michigan PFAS Action Response Team (MPART) Science Advisory Workgroup,Health-Based Drinking Water Value Recommendations for PFAS in Michigan,2019,PFHxS,human,M+F,clearance rate (CL) - ADOPTED as toxicokinetic adjustment,0.000090,L/kg-day,,,CL = Vd x ln2/t-half; POD x CL = HED,Sundstrom et al. 2012 (monkey Vd 0.25 L/kg); Li et al. 2018 (human half-life 1935 days),"Michigan adopted MDH's PFHxS clearance unchanged, including the MONKEY-derived Vd. Rationale given: 'The Workgroup selected the human serum half-life from Li et al. (2018) as it was a non-occupational population drinking water with elevated PFAS.' HED 0.00292 mg/kg-day. This is the single clearest instance of two states converging on an identical TK value because one copied the other.","p. 18, HED row",https://www.michigan.gov/-/media/Project/Websites/PFAS-Response/Reports/2019-Health-Based-Drinking-Water-Value-Recommendations-PFAS-MI.pdf,US state,United States,"Health-Based Value (HBV) recommendation, basis for Michigan MCLs promulgated 2020"
Michigan PFAS Action Response Team (MPART) Science Advisory Workgroup,Health-Based Drinking Water Value Recommendations for PFAS in Michigan,2019,PFHxS,human,M+F,serum elimination half-life - ADOPTED,1935,days (5.3 years),,,CL = Vd x ln2/t-half,Li et al. 2018 (Ronneby),Identical to MDH's choice,"p. 18-19, HED row and Exposure parameters row",https://www.michigan.gov/-/media/Project/Websites/PFAS-Response/Reports/2019-Health-Based-Drinking-Water-Value-Recommendations-PFAS-MI.pdf,US state,United States,"Health-Based Value (HBV) recommendation, basis for Michigan MCLs promulgated 2020"
Michigan PFAS Action Response Team (MPART) Science Advisory Workgroup,Health-Based Drinking Water Value Recommendations for PFAS in Michigan,2019,PFHxS,non-human primate applied to human,M+F (average),volume of distribution (Vd) - ADOPTED,0.25,L/kg,,,CL = Vd x ln2/t-half,"Sundstrom et al. 2012 (cynomolgus monkey), via MDH 2019",Michigan notes the source as 'MDH [2019] based on Sundstrom et al. [2012]' - i.e. it adopted Minnesota's derivation rather than making its own. Michigan did NOT adopt MDH's age-dependent Vd adjustment factor (2.1 in neonates).,"p. 19, Exposure parameters row",https://www.michigan.gov/-/media/Project/Websites/PFAS-Response/Reports/2019-Health-Based-Drinking-Water-Value-Recommendations-PFAS-MI.pdf,US state,United States,"Health-Based Value (HBV) recommendation, basis for Michigan MCLs promulgated 2020"
Michigan PFAS Action Response Team (MPART) Science Advisory Workgroup,Health-Based Drinking Water Value Recommendations for PFAS in Michigan,2019,PFHxS,rat (Sprague-Dawley),M,point of departure - internal serum concentration,32.4,mg/L serum,,,BMDL20 modelled by MDH (BMR 20% chosen for thyroid-hormone decrements),"NTP 2018 TOX-96 short-term rat study; BMD modelling by MDH (HRA Toxicology Review Worksheet for PFHxS, rev. 3/8/2019)","Identical POD to MDH. MALE rats. Total UF 300 (1, 10, 3 animal-to-human toxicodynamic, 1, 10 database for early-life sensitivity and lack of 2-generation/immunotoxicity studies). Toxicity value 9.7 ng/kg-day = target serum 0.11 ug/mL - identical to MDH's RfD. Michigan notes the serum concentration at the Chang et al. 2018 NOAEL was equivalent to the selected POD.","p. 18, POD/HED/UF/Toxicity value rows",https://www.michigan.gov/-/media/Project/Websites/PFAS-Response/Reports/2019-Health-Based-Drinking-Water-Value-Recommendations-PFAS-MI.pdf,US state,United States,"Health-Based Value (HBV) recommendation, basis for Michigan MCLs promulgated 2020"
Michigan PFAS Action Response Team (MPART) Science Advisory Workgroup,Health-Based Drinking Water Value Recommendations for PFAS in Michigan,2019,PFHxS,human,F (maternal-fetal),placental transfer factor - ADOPTED,80,% of maternal serum,,,Goeden et al. 2019 breastfed-infant TK model,MDHHS 2019,Higher than MDH's own 70% (mean of medians across the literature). MDH's mean 95th-percentile value is 110%.,"p. 19, Exposure parameters row",https://www.michigan.gov/-/media/Project/Websites/PFAS-Response/Reports/2019-Health-Based-Drinking-Water-Value-Recommendations-PFAS-MI.pdf,US state,United States,"Health-Based Value (HBV) recommendation, basis for Michigan MCLs promulgated 2020"
Michigan PFAS Action Response Team (MPART) Science Advisory Workgroup,Health-Based Drinking Water Value Recommendations for PFAS in Michigan,2019,PFHxS,human,F (lactating),breastmilk transfer factor - ADOPTED,1.2,% of maternal serum,,,Goeden et al. 2019 breastfed-infant TK model,MDHHS 2019,Close to MDH's 1.4% (range of study means 0.8-2%),"p. 19, Exposure parameters row",https://www.michigan.gov/-/media/Project/Websites/PFAS-Response/Reports/2019-Health-Based-Drinking-Water-Value-Recommendations-PFAS-MI.pdf,US state,United States,"Health-Based Value (HBV) recommendation, basis for Michigan MCLs promulgated 2020"
Michigan PFAS Action Response Team (MPART) Science Advisory Workgroup,Health-Based Drinking Water Value Recommendations for PFAS in Michigan,2019,PFHxS,human,M+F,resulting drinking-water Health-Based Value,51,ng/L,,,"Goeden et al. 2019 breastfed-infant TK model, RSC 50%",Goeden et al. 2019,"Nearly identical to MDH's 47 ng/L despite the different RSC, because the TK parameters and POD are the same. Michigan and Minnesota are in closest agreement for PFHxS of any chemical.","p. 19, Drinking water HBV row",https://www.michigan.gov/-/media/Project/Websites/PFAS-Response/Reports/2019-Health-Based-Drinking-Water-Value-Recommendations-PFAS-MI.pdf,US state,United States,"Health-Based Value (HBV) recommendation, basis for Michigan MCLs promulgated 2020"
Michigan PFAS Action Response Team (MPART) Science Advisory Workgroup,Health-Based Drinking Water Value Recommendations for PFAS in Michigan,2019,PFBS,mouse,F,"serum elimination half-life, FEMALE mouse (numerator of DAF)",2.1,hours,,,half-life-ratio DAF,MDH 2017 compilation,"Michigan uses a FEMALE MOUSE half-life for PFBS - the only agency in this survey to use mouse rather than rat for a PFBS TK adjustment. Critical effect was decreased serum total T4 in newborn (PND 1) mice (Feng et al. 2017), so the sex and species match the critical study.","p. 20-21, HED row",https://www.michigan.gov/-/media/Project/Websites/PFAS-Response/Reports/2019-Health-Based-Drinking-Water-Value-Recommendations-PFAS-MI.pdf,US state,United States,"Health-Based Value (HBV) recommendation, basis for Michigan MCLs promulgated 2020"
Michigan PFAS Action Response Team (MPART) Science Advisory Workgroup,Health-Based Drinking Water Value Recommendations for PFAS in Michigan,2019,PFBS,human,M+F,"serum elimination half-life, human (denominator of DAF)",665,hours (27.7 days),,,half-life-ratio DAF,MDH 2017,"Michigan used MDH's 2017-vintage human PFBS half-life of 665 h. MDH itself later (2022/2023) revised this to 1050 h on the basis of Xu, Fletcher et al. 2020 - a 1.58-fold upward revision that would lower Michigan's HBV if applied.","p. 21, HED row",https://www.michigan.gov/-/media/Project/Websites/PFAS-Response/Reports/2019-Health-Based-Drinking-Water-Value-Recommendations-PFAS-MI.pdf,US state,United States,"Health-Based Value (HBV) recommendation, basis for Michigan MCLs promulgated 2020"
Michigan PFAS Action Response Team (MPART) Science Advisory Workgroup,Health-Based Drinking Water Value Recommendations for PFAS in Michigan,2019,PFBS,mouse to human,F (mouse),dose adjustment factor (DAF) = t-half(human)/t-half(female mouse),316,unitless divisor,,,POD_HED = BMDL20 / DAF,MDH 2017 (665 h / 2.1 h = 316),"BMDL20 28.19 mg/kg-day (back-calculated by Michigan from the draft US EPA 2018 PFBS POD_HED of 4.2 mg/kg-day divided by EPA's example allometric DAF of 0.149). BMDL20-HED = 0.0892 mg/kg-day. Michigan EXPLICITLY PREFERRED the half-life-ratio DAF over EPA's allometric scaling: 'As that allowed conversion of the point of departure to a human equivalent dose using chemical-specific information, the Workgroup selected this approach over the allometric scaling used in the draft USEPA (2018) PFBS toxicity assessment.' Total UF 300; toxicity value 300 ng/kg-day; HBV 420 ng/L using INFANT exposure factors (1.106 L/day, 7.8 kg) and RSC 20%.","p. 20-21, HED/UF/Toxicity value/Exposure parameters rows",https://www.michigan.gov/-/media/Project/Websites/PFAS-Response/Reports/2019-Health-Based-Drinking-Water-Value-Recommendations-PFAS-MI.pdf,US state,United States,"Health-Based Value (HBV) recommendation, basis for Michigan MCLs promulgated 2020"
Michigan PFAS Action Response Team (MPART) Science Advisory Workgroup,Health-Based Drinking Water Value Recommendations for PFAS in Michigan,2019,GenX (HFPO dimer acid ammonium salt),mouse to human,M (mouse),dosimetric adjustment factor - BW^(3/4) ALLOMETRIC SCALING (no TK data available),0.15,unitless multiplier,,,DAF = (BW_animal / BW_human)^(1/4) with BW_a 0.0372 kg (mean F0 male mouse control) and BW_h 80 kg; POD_HED = BMDL10 x DAF,"US EPA 2018 draft GenX assessment; DuPont-18405-1037 (2010) OECD TG 421 mouse study, BMDL10 0.15 mg/kg-day for liver single-cell necrosis in parental males","EXPLICIT GAP STATEMENT - the most valuable GenX TK finding here: 'The Workgroup noted that a toxicokinetic adjustment from the point of departure to human equivalent dose would provide a chemical-specific conversion. However, no chemical-specific data on human serum half-life was available that would allow this conversion. Allometric scaling, per USEPA (2011a) guidance, was used.' POD_HED 0.023 mg/kg-day. Total UF 300 (1, 10, 3 animal-to-human, 3 subchronic-to-chronic, 3 database). Toxicity value 77 ng/kg-day; HBV 370 ng/L with adult factors (3.353 L/day, 80 kg) and RSC 20%. No infant TK model because no human half-life exists.","p. 22-23, POD/HED/UF/Toxicity value/Exposure parameters rows",https://www.michigan.gov/-/media/Project/Websites/PFAS-Response/Reports/2019-Health-Based-Drinking-Water-Value-Recommendations-PFAS-MI.pdf,US state,United States,"Health-Based Value (HBV) recommendation, basis for Michigan MCLs promulgated 2020"
Michigan PFAS Action Response Team (MPART) Science Advisory Workgroup,Health-Based Drinking Water Value Recommendations for PFAS in Michigan,2019,GenX (HFPO dimer acid ammonium salt),mouse,M+F,PPAR-alpha relevance judgement affecting the animal-to-human step,liver single-cell necrosis treated as human-relevant,qualitative,,,mode-of-action argument,Hall et al. 2012 (Hall criteria); DeWitt & Belcher 2018; US EPA 2018,"Michigan reasoning: 'While some liver effects in rodents are mediated through PPARalpha and may be less relevant to humans, available information indicates that liver single cell necrosis may be mediated by a number of processes and pathways. In PPARalpha-mediated rodent hepatocarcinogenesis, liver necrosis is not a key event.' This is the only explicit rodent-to-human mode-of-action discrimination found in the state documents surveyed.","p. 22, POD row rationale column",https://www.michigan.gov/-/media/Project/Websites/PFAS-Response/Reports/2019-Health-Based-Drinking-Water-Value-Recommendations-PFAS-MI.pdf,US state,United States,"Health-Based Value (HBV) recommendation, basis for Michigan MCLs promulgated 2020"
