primary_study,primary_year,agency,source_document,source_table_or_section,chemical,species,sex,parameter,value,units,ci_low,ci_high,model_or_method,derived_computed_or_adopted,agency_rationale,rejected_value_and_reason,notes
Xu et al.; Li et al.,2020; 2019,NY DOH,NY DOH 2022 emerging contaminant notification levels PFAS.txt,"Table 2. Toxicity, Human Half-life, and Reference Dose Information for Six Emerging PFAS Prioritized for the Lower Notification Level Category",PFHpS,human,not specified,serum elimination half-life,1.46-4.7,years,1.46,4.7,tabulated range from two published human studies (Ronneby/occupational cohorts),ADOPTED,Long human half-life (multiple years) plus structural similarity to PFHxS/PFOS (differs by one perfluorinated carbon) used to place PFHpS in the prioritized 30 ppt notification-level category despite absence of a liver toxicity effect level,,"Half-life used only as a hazard-prioritization criterion, not in any dose-response calculation. No liver effect level available for PFHpS."
Zhang et al. (as cited in ATSDR 2021),2013,NY DOH,NY DOH 2022 emerging contaminant notification levels PFAS.txt,Table 2 (prioritized lower notification level category),PFUnA,human,not specified,serum elimination half-life,4.5-12,years,4.5,12,tabulated; cited second-hand through ATSDR 2021 Toxicological Profile,ADOPTED,"Long human half-life combined with low liver toxicity effect level (0.3 mg/kg/day, Takahashi 2014) supports prioritization for the lower (30 ppt) notification level",,"NY cites Zhang 2013 only via ATSDR 2021, i.e. second-hand provenance"
not available,,NY DOH,NY DOH 2022 emerging contaminant notification levels PFAS.txt,"Table 2, footnote b",PFDoA,human,not specified,serum elimination half-life,not available,,,,structural read-across from PFUnA,ADOPTED (read-across),"Human half-life estimates for PFDoA are not available; liver toxicity effect level (0.5 mg/kg/day, Kato 2015) is similar to PFUnA, a structurally similar long-chain PFAS with a long estimated human half-life, so PFDoA was placed in the prioritized category",,Explicit example of NY substituting structural similarity for missing toxicokinetic data
Clark (data used by US EPA 2021a),2021,NY DOH,NY DOH 2022 emerging contaminant notification levels PFAS.txt,Table 2 (prioritized lower notification level category),GenX (HFPO-DA),human,not specified,serum elimination half-life,81,hours,,,"tabulated from US EPA 2021a GenX assessment, which used Clark 2021 data",ADOPTED,"GenX has a SHORT estimated human half-life but a low liver toxicity effect level (0.5 mg/kg/day) and a low RfD (3 ng/kg/day, US EPA 2021a); the toxicity criteria overrode the short half-life, so GenX was prioritized and given its own 10 ppt notification level",Short half-life (81 h) explicitly NOT treated as grounds for de-prioritization,Key case where NY's four prioritization criteria conflict: short half-life vs low effect level. Toxicity won. GenX got a separate 10 ppt level rather than inclusion in the 30 ppt sum.
Shi et al.,2016,NY DOH,NY DOH 2022 emerging contaminant notification levels PFAS.txt,Table 2 (prioritized lower notification level category),9Cl-PF3ONS (F-53B major),human,not specified,serum elimination half-life,15.3,years,,,tabulated from occupational cohort (Chinese electroplating workers),ADOPTED,"Very long human half-life (15.3 y) with a very low liver effect level (0.04 mg/kg/day, Zhang 2018) supports prioritization",,Longest human half-life tabulated by NY for any of the 19 emerging PFAS
Shi et al.,2016,NY DOH,NY DOH 2022 emerging contaminant notification levels PFAS.txt,"Table 2, footnote d",11Cl-PF3OUdS (F-53B minor),human,not specified,serum elimination half-life,>15.3,years,15.3,,inference from the same study; chain-length read-across from 9Cl-PF3ONS (two additional perfluorinated carbons),ADOPTED (read-across),One study suggests the 11Cl-PF3OUdS human half-life is expected to be longer than that of structurally similar 9Cl-PF3ONS; no liver toxicity effect level available,,"Chain-length-extrapolated half-life, a qualitative TK inference used as a regulatory criterion"
Chang et al. (as cited in ATSDR 2021),2008,NY DOH,NY DOH 2022 emerging contaminant notification levels PFAS.txt,"Table 3. Toxicity, Human Half-life, and Reference Dose Information for the Remaining 13 Emerging PFAS (second/higher notification level category)",PFBA,human,not specified,serum elimination half-life,3,days,,,tabulated; cited second-hand through ATSDR 2021,ADOPTED,"Short human half-life plus high liver effect level (30 mg/kg/day, Butenhoff 2012) and a high RfD (1000 ng/kg/day, US EPA 2021b) place PFBA in the second (higher concentration) notification level category",,Document spells the citation 'Change et al. 2008'; this is Chang et al. 2008. Second-hand via ATSDR.
Xu et al. (as cited in US EPA 2021c),2020,NY DOH,NY DOH 2022 emerging contaminant notification levels PFAS.txt,Table 3 (second notification level category),PFBS,human,not specified,serum elimination half-life,44,days,,,tabulated; cited second-hand through US EPA 2021c PFBS assessment,ADOPTED,"Short half-life, high liver effect level (62.6 mg/kg/day, NTP 2019a) and high RfD (300 ng/kg/day) support the higher notification level",,Xu et al. 2020 is the Ronneby Sweden ceased-exposure cohort; NY read it via EPA
Xu et al.,2020,NY DOH,NY DOH 2022 emerging contaminant notification levels PFAS.txt,Table 3 (second notification level category),PFPeA,human,not specified,serum elimination half-life,<14,days,,14,tabulated upper bound from human ceased-exposure cohort,ADOPTED,"Short human half-life; no liver effect level or RfD available, so half-life alone drove assignment to the higher notification level category",,Half-life is the sole quantitative basis for PFPeA categorization
Xu et al.; Li et al.,2020; 2019,NY DOH,NY DOH 2022 emerging contaminant notification levels PFAS.txt,"Table 3, footnote a",PFPeS,human,not specified,serum elimination half-life,223-365,days,223,365,tabulated range from two human studies,ADOPTED,"Half-life approaching one year rather than multiple years as for the prioritized PFAS; therefore PFPeS was assigned to the second, higher notification level category",Not placed in prioritized category: 'approaching one year' judged insufficiently long relative to multi-year half-lives,"Explicit half-life cut point in NY's reasoning: multi-year = prioritized, about one year = not"
Nilsson et al. (as cited in US EPA 2022),2013,NY DOH,NY DOH 2022 emerging contaminant notification levels PFAS.txt,Table 3 (second notification level category),PFHxA,human,not specified,serum elimination half-life,11.5,days,,,tabulated; cited second-hand through US EPA 2022 PFHxA assessment,ADOPTED,"Short half-life, high liver effect level (125 mg/kg/day, NTP 2019b) and high RfD (500 ng/kg/day) support the higher notification level",,Nilsson 2013 is the ski-wax technician study
EFSA,2011,NY DOH,NY DOH 2022 emerging contaminant notification levels PFAS.txt,Table 3 (second notification level category),ADONA,human,not specified,serum elimination half-life,16-31,days,16,31,tabulated from EFSA 2011 opinion,ADOPTED,"Short half-life and high liver effect level (30 mg/kg/day, Gordon 2011) support the higher notification level",,Only ADONA human half-life NY identified; sourced from an EFSA opinion rather than a primary paper
ECHA,2020,NY DOH,NY DOH 2022 emerging contaminant notification levels PFAS.txt,"Table 3, footnote b",6:2 FTS,rat,not specified,elimination half-life (inferred from urinary excretion times),20-24,hours,20,24,inference from rat urinary excretion times reported by ECHA 2020,ADOPTED,"Human half-life data were not available for 6:2 FTS, so NY used the rat half-life and compared it with rat half-lives of other short-chain PFAS to assign the higher notification level category",,Only place in the NY document where a RAT half-life substitutes for a missing human half-life. 4:2 and 8:2 FTS were assigned by structural similarity to 6:2 FTS with no TK data at all.
ATSDR Toxicological Profile for Perfluoroalkyls,2021,NY DOH,NY DOH 2022 emerging contaminant notification levels PFAS.txt,"Table 3, footnote b",short-chain PFAS (class),rat,not specified,elimination half-life range,2-13,hours,2,13,class-level range compiled by ATSDR 2021,ADOPTED,Used as the rat-half-life benchmark against which the 6:2 FTS rat half-life (20-24 h) was judged 'comparable with other short-chain PFAS',,Companion statement: long-chain PFAS have rat half-lives 'on the order of weeks to months' (ATSDR 2021). NY therefore has an explicit rat short-vs-long-chain TK contrast but does not address rat-vs-mouse or sex differences anywhere in the document.
ATSDR Toxicological Profile for Perfluoroalkyls,2021,NY DOH,NY DOH 2022 emerging contaminant notification levels PFAS.txt,"Table 3, footnote b",long-chain PFAS (class),rat,not specified,elimination half-life range,weeks to months,qualitative,,,class-level qualitative range compiled by ATSDR 2021,ADOPTED,Contrast with short-chain rat half-lives used to justify the two-tier notification level structure,,Qualitative; no numeric bound given in the NY document
Chang et al. (mouse study); clearance derived by NH DES,2018,NY DOH (adopting NH DES 2019),NY DOH 2022 emerging contaminant notification levels PFAS.txt,Narrative derivation of PFHxS reference dose presented to DWQC 10 March 2022,PFHxS,human,not specified,chemical-specific clearance factor,0.086,mL/kg/day,,,"serum-to-dose conversion: HED = benchmark serum concentration x clearance. 13,900 ng/mL x 0.086 mL/kg/day = 1,200 ng/kg/day","ADOPTED (from NH DES 2019, which derived it)","NY presented the New Hampshire DES (2019) PFHxS RfD because it was based on the effect occurring at the lowest dose in a high-quality animal study (decreased litter size in mice exposed before mating and throughout gestation, Chang et al. 2018). NY did not re-derive the clearance.",,Critical-study species is MOUSE but the clearance applied is a HUMAN clearance; animal serum level is matched to the human serum level and converted with human clearance (serum-concentration-equivalence approach). Total UF 300 = 10 human variability x 3 interspecies x 3 duration x 3 database. Final RfD 4.0 ng/kg/day.
Das et al. (mouse study); clearance derived by MI SAW,2015,NY DOH (adopting Michigan SAW 2019),NY DOH 2022 emerging contaminant notification levels PFAS.txt,Narrative derivation of PFNA reference dose presented to DWQC 10 March 2022,PFNA,human,not specified,chemical-specific clearance factor,0.098,mL/kg/day,,,"serum-to-dose conversion: 6,800 ng/mL (NOAEL serum) x 0.098 mL/kg/day = 665 ng/kg/day HED","ADOPTED (from Michigan SAW 2019, which derived it)","NY presented the Michigan Science Advisory Workgroup (2019) PFNA RfD because it is based on a sensitive effect during a vulnerable life stage in a high-quality animal study (decreased offspring body weight gain and delayed eye opening, preputial separation and vaginal opening in mice exposed GD 1-17)",,"Mouse critical study, human clearance. Total UF 300 = 10 human variability x 3 interspecies x 10 database. Final RfD 2.2 ng/kg/day."
Macon et al.,2011,"NY DOH (NYS DOH 2018 derivation, re-presented 2022)",NY DOH 2022 emerging contaminant notification levels PFAS.txt,Narrative derivation of the PFHpA reference dose by read-across from the NY PFOA RfD,PFOA (RfD then applied to PFHpA),human,not specified,chemical-specific clearance factor,0.092,mL/kg/day,,,"serum-to-dose conversion: measured LOEL serum 4,980 ng/mL x 0.092 mL/kg/day = 460 ng/kg/day HED",DERIVED by NY DOH (NYS DOH 2018),"The NY PFOA RfD of 1.5 ng/kg/day is based on increased relative liver weight in the OFFSPRING OF MICE exposed to PFOA during pregnancy (Macon et al. 2011, gestational days 1-17). The measured serum level corresponding to a LOEL was converted with a chemical-specific human clearance value. UF 300 = 10 sensitive humans x 3 interspecies x 3 LOEL-to-NOEL x 3 database deficiencies.",,"THE unusual case flagged for this project: NY's PFOA point of departure comes from a MOUSE developmental study (Macon et al. 2011), not from a human or rat study, and its dosimetric bridge is a single human clearance constant of 0.092 mL/kg/day. The three NY clearance values (0.086 PFHxS, 0.092 PFOA, 0.098 PFNA) are nearly identical, consistent with each being computed as a human clearance (ln2 x Vd / t-half) with a common assumed Vd near 0.2 L/kg and chemical-specific human half-lives, but the NY document itself does NOT state a Vd, does NOT state the human half-life used, and does NOT cite the clearance's primary source. The Vd/half-life inputs are therefore unverifiable from this document alone."
Macon et al.,2011,NY DOH,NY DOH 2022 emerging contaminant notification levels PFAS.txt,Narrative PFOA/PFHpA derivation; Table 7 Margins of Protection,PFOA (applied to PFHpA),mouse,female (dams dosed GD 1-17; offspring liver weight),point-of-departure serum concentration (LOEL),4980,ng/mL,,,measured maternal/offspring serum level at the lowest observed effect level,DERIVED by NY DOH,Serum rather than administered dose used as the point of departure so that interspecies dosimetry could be handled by a human clearance factor,,Corresponding HED 460 ng/kg/day; margin of protection at 10 ppt for infants (1.4 ng/kg/day) = 329
Chang et al.,2018,NY DOH (via NH DES 2019),NY DOH 2022 emerging contaminant notification levels PFAS.txt,Narrative PFHxS derivation; Table 7,PFHxS,mouse,female (dosed before mating and through gestation),point-of-departure benchmark serum concentration,13900,ng/mL,,,"benchmark dose modelling of decreased litter size, expressed as serum concentration",ADOPTED (from NH DES 2019),Lowest-dose effect in a high-quality animal study,,"HED 1,200 ng/kg/day; margin of protection at 10 ppt for infants = 857"
Das et al.,2015,NY DOH (via Michigan SAW 2019),NY DOH 2022 emerging contaminant notification levels PFAS.txt,Narrative PFNA derivation,PFNA,mouse,female (dams dosed GD 1-17),point-of-departure serum concentration (NOAEL),6800,ng/mL,,,"serum concentration corresponding to the NOAEL for decreased offspring body weight gain and delayed eye opening, preputial separation and vaginal opening",ADOPTED (from Michigan SAW 2019),Sensitive effect during a vulnerable life stage,,HED 665 ng/kg/day
Das et al. (as used by NJ DEP 2015),2015,NY DOH,NY DOH 2022 emerging contaminant notification levels PFAS.txt,Table 7 Margins of Protection at 10 ppt,PFNA (and PFDA by read-across),mouse,female (pregnant mice),effect level expressed as human equivalent dose,431,ng/kg/day,,,"HED for increased relative liver weight in pregnant mice, as derived by NJ DEP 2015",ADOPTED (from NJ DEP 2015),Used in the margin-of-protection calculation (431 / 1.4 = 308 for infants),,"INTERNAL INCONSISTENCY worth flagging: the PFNA RfD narrative uses the Michigan SAW HED of 665 ng/kg/day from a 6,800 ng/mL NOAEL for developmental delays, while Table 7 uses an NJ DEP HED of 431 ng/kg/day for maternal relative liver weight. Two different agencies' dosimetric conversions of the same Das et al. 2015 study appear in the same NY document."
Zhang et al.,2013,NY DOH,NY DOH 2022 emerging contaminant notification levels PFAS.txt,Narrative justification for using the PFOA RfD for PFHpA,PFHpA,human,not specified,serum elimination half-life,1.1-1.5,years,1.1,1.5,tabulated from Zhang et al. 2013 human population study,ADOPTED,"PFHpA half-life (1.1-1.5 y) judged 'similar to' PFOA (2-3.5 y), supporting use of the PFOA RfD for PFHpA in the absence of PFHpA-specific toxicity data",,"Half-life similarity is used here as a potency-equivalence argument, i.e. TK data substituting for toxicity data. Note the half-lives differ by roughly 2-3 fold yet were called similar."
Bartell et al.; Olsen et al.,2010; 2007,NY DOH,NY DOH 2022 emerging contaminant notification levels PFAS.txt,Narrative justification for using the PFOA RfD for PFHpA,PFOA,human,not specified,serum elimination half-life,2-3.5,years,2,3.5,"tabulated range: Bartell 2010 (rate of decline in serum PFOA after water filtration, Little Hocking) and Olsen 2007 (retired fluorochemical workers)",ADOPTED,Comparator for PFHpA half-life in the read-across argument,,The only human PFOA half-life range NY cites; not used to compute the 0.092 mL/kg/day clearance anywhere in the document
Zhang et al.,2013,NY DOH,NY DOH 2022 emerging contaminant notification levels PFAS.txt,Narrative justification for using the PFNA RfD for PFDA,PFDA,human,not specified,serum elimination half-life,4-12,years,4,12,tabulated from Zhang et al. 2013,ADOPTED,"PFDA's relatively long half-life, plus NTP 2018b comparative toxicity showing PFDA induced liver and thyroid toxicity at exposure levels comparable to PFNA, supports using the PFNA RfD for PFDA",,PFDA half-life (4-12 y) is substantially longer than PFNA (2.5-4.4 y) yet the same RfD was adopted; NY relied on the NTP potency comparison rather than TK equivalence
Zhang et al.,2013,NY DOH,NY DOH 2022 emerging contaminant notification levels PFAS.txt,Narrative justification for using the PFNA RfD for PFDA,PFNA,human,not specified,serum elimination half-life,2.5-4.4,years,2.5,4.4,tabulated from Zhang et al. 2013,ADOPTED,Comparator for PFDA in the read-across argument,,"Zhang et al. 2013 is NY's single source for PFHpA, PFNA, PFDA and PFUnA human half-lives"
"MDH 2019 review of empirical epidemiological studies (same value EPA 2016 used, from Bartell et al. 2010)",,WA DOH,WA DOH 2021 PFAS state action levels approach methods.txt,Table 3. Washington Department of Health model parameters for the MDH transgenerational exposure model of PFAS in infancy and childhood,PFOA,human,not specified,"serum elimination half-life (central tendency, model input)",2.3,years,,,"input to the Minnesota Dept of Health (MDH) transgenerational toxicokinetic model; serum concentration = dose / clearance rate, clearance rate = Vd x ln2/t-half",ADOPTED (from MDH 2019),"WA retained MDH's assumptions on half-life, volume of distribution and lactational transfer ratios; for PFNA WA used Michigan DHHS model inputs except for a more recent half-life estimate",,"Primary-study attribution: MDH 2019 review of empirical epidemiological studies (same value EPA 2016 used, from Bartell et al. 2010)"
"Li et al. 2018 (Ronneby, Sweden)",,WA DOH,WA DOH 2021 PFAS state action levels approach methods.txt,Table 3. Washington Department of Health model parameters for the MDH transgenerational exposure model of PFAS in infancy and childhood,PFOS,human,both (male and female),"serum elimination half-life (central tendency, model input)",3.4,years,,,"input to the Minnesota Dept of Health (MDH) transgenerational toxicokinetic model; serum concentration = dose / clearance rate, clearance rate = Vd x ln2/t-half",ADOPTED (from MDH 2019),"WA retained MDH's assumptions on half-life, volume of distribution and lactational transfer ratios; for PFNA WA used Michigan DHHS model inputs except for a more recent half-life estimate",,"Primary-study attribution: Li et al. 2018 (Ronneby, Sweden) via MDH 2019"
"Li et al. 2018 (Ronneby, Sweden)",,WA DOH,WA DOH 2021 PFAS state action levels approach methods.txt,Table 3. Washington Department of Health model parameters for the MDH transgenerational exposure model of PFAS in infancy and childhood,PFHxS,human,both (male and female),"serum elimination half-life (central tendency, model input)",5.3,years,,,"input to the Minnesota Dept of Health (MDH) transgenerational toxicokinetic model; serum concentration = dose / clearance rate, clearance rate = Vd x ln2/t-half",ADOPTED (from MDH 2019),"WA retained MDH's assumptions on half-life, volume of distribution and lactational transfer ratios; for PFNA WA used Michigan DHHS model inputs except for a more recent half-life estimate",,"Primary-study attribution: Li et al. 2018 (Ronneby, Sweden) via MDH 2019"
"Yu et al. 2021 (New Jersey community, 68 most highly exposed participants)",,WA DOH,WA DOH 2021 PFAS state action levels approach methods.txt,Table 3. Washington Department of Health model parameters for the MDH transgenerational exposure model of PFAS in infancy and childhood,PFNA,human,both (male and female),"serum elimination half-life (central tendency, model input)",3.5,years,,,"input to the Minnesota Dept of Health (MDH) transgenerational toxicokinetic model; serum concentration = dose / clearance rate, clearance rate = Vd x ln2/t-half",ADOPTED from Michigan DHHS inputs but half-life SUBSTITUTED by WA with Yu et al. 2021,"WA retained MDH's assumptions on half-life, volume of distribution and lactational transfer ratios; for PFNA WA used Michigan DHHS model inputs except for a more recent half-life estimate",,"Primary-study attribution: Yu et al. 2021 (New Jersey community, 68 most highly exposed participants)"
MDH 2019 compilation of paired maternal and cord serum studies (PFNA: Michigan DHHS compilation),2019,WA DOH,WA DOH 2021 PFAS state action levels approach methods.txt,Table 3. Washington Department of Health model parameters for the MDH transgenerational exposure model of PFAS in infancy and childhood,PFOA,human,female (maternal-fetal pair),placental transfer ratio (cord serum / maternal serum),0.87,unitless ratio,,,mean or median placental transfer ratio from empirical studies of PFAS in paired maternal and cord serum; used to predict infant serum at birth as a proportion of maternal serum,ADOPTED (from MDH 2019; PFNA from Michigan DHHS),WA retained MDH's lactational and placental transfer ratios unchanged,,PFOA has the highest placental transfer of the four (0.87); PFOS the lowest (0.40). No primary citations given in the WA table - traceability stops at MDH 2019.
MDH 2019 compilation of paired maternal and cord serum studies (PFNA: Michigan DHHS compilation),2019,WA DOH,WA DOH 2021 PFAS state action levels approach methods.txt,Table 3. Washington Department of Health model parameters for the MDH transgenerational exposure model of PFAS in infancy and childhood,PFOS,human,female (maternal-fetal pair),placental transfer ratio (cord serum / maternal serum),0.40,unitless ratio,,,mean or median placental transfer ratio from empirical studies of PFAS in paired maternal and cord serum; used to predict infant serum at birth as a proportion of maternal serum,ADOPTED (from MDH 2019; PFNA from Michigan DHHS),WA retained MDH's lactational and placental transfer ratios unchanged,,PFOA has the highest placental transfer of the four (0.87); PFOS the lowest (0.40). No primary citations given in the WA table - traceability stops at MDH 2019.
MDH 2019 compilation of paired maternal and cord serum studies (PFNA: Michigan DHHS compilation),2019,WA DOH,WA DOH 2021 PFAS state action levels approach methods.txt,Table 3. Washington Department of Health model parameters for the MDH transgenerational exposure model of PFAS in infancy and childhood,PFHxS,human,female (maternal-fetal pair),placental transfer ratio (cord serum / maternal serum),0.70,unitless ratio,,,mean or median placental transfer ratio from empirical studies of PFAS in paired maternal and cord serum; used to predict infant serum at birth as a proportion of maternal serum,ADOPTED (from MDH 2019; PFNA from Michigan DHHS),WA retained MDH's lactational and placental transfer ratios unchanged,,PFOA has the highest placental transfer of the four (0.87); PFOS the lowest (0.40). No primary citations given in the WA table - traceability stops at MDH 2019.
MDH 2019 compilation of paired maternal and cord serum studies (PFNA: Michigan DHHS compilation),2019,WA DOH,WA DOH 2021 PFAS state action levels approach methods.txt,Table 3. Washington Department of Health model parameters for the MDH transgenerational exposure model of PFAS in infancy and childhood,PFNA,human,female (maternal-fetal pair),placental transfer ratio (cord serum / maternal serum),0.69,unitless ratio,,,mean or median placental transfer ratio from empirical studies of PFAS in paired maternal and cord serum; used to predict infant serum at birth as a proportion of maternal serum,ADOPTED (from MDH 2019; PFNA from Michigan DHHS),WA retained MDH's lactational and placental transfer ratios unchanged,,PFOA has the highest placental transfer of the four (0.87); PFOS the lowest (0.40). No primary citations given in the WA table - traceability stops at MDH 2019.
MDH 2019 compilation of paired breast milk and maternal serum studies (PFNA: Michigan DHHS compilation),2019,WA DOH,WA DOH 2021 PFAS state action levels approach methods.txt,Table 3. Washington Department of Health model parameters for the MDH transgenerational exposure model of PFAS in infancy and childhood,PFOA,human,female (lactating),breast milk transfer ratio (milk / maternal serum),0.052,unitless ratio,,,mean or median breastmilk transfer ratio from empirical observations of PFAS in paired breast milk and maternal serum; model also imposes a gradual decline in breast milk concentration over lactation,ADOPTED (from MDH 2019; PFNA from Michigan DHHS),WA retained MDH's lactational transfer ratios unchanged,,Rank order of milk transfer (PFOA 0.052 > PFNA 0.032 > PFOS 0.017 > PFHxS 0.014) is NOT the same as placental transfer rank order; carboxylates transfer to milk better than sulfonates
MDH 2019 compilation of paired breast milk and maternal serum studies (PFNA: Michigan DHHS compilation),2019,WA DOH,WA DOH 2021 PFAS state action levels approach methods.txt,Table 3. Washington Department of Health model parameters for the MDH transgenerational exposure model of PFAS in infancy and childhood,PFOS,human,female (lactating),breast milk transfer ratio (milk / maternal serum),0.017,unitless ratio,,,mean or median breastmilk transfer ratio from empirical observations of PFAS in paired breast milk and maternal serum; model also imposes a gradual decline in breast milk concentration over lactation,ADOPTED (from MDH 2019; PFNA from Michigan DHHS),WA retained MDH's lactational transfer ratios unchanged,,Rank order of milk transfer (PFOA 0.052 > PFNA 0.032 > PFOS 0.017 > PFHxS 0.014) is NOT the same as placental transfer rank order; carboxylates transfer to milk better than sulfonates
MDH 2019 compilation of paired breast milk and maternal serum studies (PFNA: Michigan DHHS compilation),2019,WA DOH,WA DOH 2021 PFAS state action levels approach methods.txt,Table 3. Washington Department of Health model parameters for the MDH transgenerational exposure model of PFAS in infancy and childhood,PFHxS,human,female (lactating),breast milk transfer ratio (milk / maternal serum),0.014,unitless ratio,,,mean or median breastmilk transfer ratio from empirical observations of PFAS in paired breast milk and maternal serum; model also imposes a gradual decline in breast milk concentration over lactation,ADOPTED (from MDH 2019; PFNA from Michigan DHHS),WA retained MDH's lactational transfer ratios unchanged,,Rank order of milk transfer (PFOA 0.052 > PFNA 0.032 > PFOS 0.017 > PFHxS 0.014) is NOT the same as placental transfer rank order; carboxylates transfer to milk better than sulfonates
MDH 2019 compilation of paired breast milk and maternal serum studies (PFNA: Michigan DHHS compilation),2019,WA DOH,WA DOH 2021 PFAS state action levels approach methods.txt,Table 3. Washington Department of Health model parameters for the MDH transgenerational exposure model of PFAS in infancy and childhood,PFNA,human,female (lactating),breast milk transfer ratio (milk / maternal serum),0.032,unitless ratio,,,mean or median breastmilk transfer ratio from empirical observations of PFAS in paired breast milk and maternal serum; model also imposes a gradual decline in breast milk concentration over lactation,ADOPTED (from MDH 2019; PFNA from Michigan DHHS),WA retained MDH's lactational transfer ratios unchanged,,Rank order of milk transfer (PFOA 0.052 > PFNA 0.032 > PFOS 0.017 > PFHxS 0.014) is NOT the same as placental transfer rank order; carboxylates transfer to milk better than sulfonates
MDH 2019 (PFNA: Michigan DHHS 2019); values traceable to US EPA 2016 health effects support documents,2019,WA DOH,WA DOH 2021 PFAS state action levels approach methods.txt,Table 3. Washington Department of Health model parameters for the MDH transgenerational exposure model of PFAS in infancy and childhood,PFOA,human,not specified,volume of distribution (Vd),0.17,L/kg,,,chemical-specific Vd used in clearance rate = Vd x ln2/t-half,ADOPTED (from MDH 2019 / Michigan DHHS),Retained from MDH model without re-derivation,,These four Vd values (0.17-0.25 L/kg) are the ones that propagate through nearly every US state PFAS derivation; WA does not question them
MDH 2019 (PFNA: Michigan DHHS 2019); values traceable to US EPA 2016 health effects support documents,2019,WA DOH,WA DOH 2021 PFAS state action levels approach methods.txt,Table 3. Washington Department of Health model parameters for the MDH transgenerational exposure model of PFAS in infancy and childhood,PFOS,human,not specified,volume of distribution (Vd),0.230,L/kg,,,chemical-specific Vd used in clearance rate = Vd x ln2/t-half,ADOPTED (from MDH 2019 / Michigan DHHS),Retained from MDH model without re-derivation,,These four Vd values (0.17-0.25 L/kg) are the ones that propagate through nearly every US state PFAS derivation; WA does not question them
MDH 2019 (PFNA: Michigan DHHS 2019); values traceable to US EPA 2016 health effects support documents,2019,WA DOH,WA DOH 2021 PFAS state action levels approach methods.txt,Table 3. Washington Department of Health model parameters for the MDH transgenerational exposure model of PFAS in infancy and childhood,PFHxS,human,not specified,volume of distribution (Vd),0.25,L/kg,,,chemical-specific Vd used in clearance rate = Vd x ln2/t-half,ADOPTED (from MDH 2019 / Michigan DHHS),Retained from MDH model without re-derivation,,These four Vd values (0.17-0.25 L/kg) are the ones that propagate through nearly every US state PFAS derivation; WA does not question them
MDH 2019 (PFNA: Michigan DHHS 2019); values traceable to US EPA 2016 health effects support documents,2019,WA DOH,WA DOH 2021 PFAS state action levels approach methods.txt,Table 3. Washington Department of Health model parameters for the MDH transgenerational exposure model of PFAS in infancy and childhood,PFNA,human,not specified,volume of distribution (Vd),0.20,L/kg,,,chemical-specific Vd used in clearance rate = Vd x ln2/t-half,ADOPTED (from MDH 2019 / Michigan DHHS),Retained from MDH model without re-derivation,,These four Vd values (0.17-0.25 L/kg) are the ones that propagate through nearly every US state PFAS derivation; WA does not question them
MDH 2019 (based on extracellular water content in children as a percentage of body weight),2019,WA DOH,WA DOH 2021 PFAS state action levels approach methods.txt,Brief summary of the MDH transgenerational toxicokinetic model,"PFOA, PFOS, PFHxS, PFNA",human,not specified,age adjustment factor applied to volume of distribution,2.4 (newborns) to 1.0 (children over one year),multiplicative factor on Vd,,,age-adjusted factors applied to the chemical-specific Vd to account for differences in extracellular water content in children as a percentage of body weight,ADOPTED (from MDH 2019),Needed because the model tracks serum concentrations from birth; newborns have proportionally more extracellular water,,Rarely-captured parameter: an age-dependent Vd scalar. A 2.4-fold larger Vd in newborns proportionally raises their clearance and lowers their predicted serum level for a given intake.
Li et al. 2018,2018,WA DOH,WA DOH 2021 PFAS state action levels approach methods.txt,Section: 'PFAS can stay in the body long after exposure stops' (narrative summary list of human serum half-lives),PFOA,human,not specified,serum elimination half-life (range across study populations),2.3-3.9,years,2.3,3.9,compiled range of average/median half-lives from ceased-exposure cohorts (occupational cessation or drinking water mitigation),ADOPTED (literature compilation),Presented as background to justify the use of a steady-state accumulation model rather than a simple intake calculation,,"Internal inconsistency: this list gives PFHxS 5.3-7.1 years, but the PFHxS chapter narrative gives 7.3 years for the retired fluorochemical workers (Olsen) and 5.3 years for Li et al. 2018"
Li et al. 2018; Olsen et al. 2007,2018; 2007,WA DOH,WA DOH 2021 PFAS state action levels approach methods.txt,Section: 'PFAS can stay in the body long after exposure stops' (narrative summary list of human serum half-lives),PFOS,human,not specified,serum elimination half-life (range across study populations),3.3-4.6,years,3.3,4.6,compiled range of average/median half-lives from ceased-exposure cohorts (occupational cessation or drinking water mitigation),ADOPTED (literature compilation),Presented as background to justify the use of a steady-state accumulation model rather than a simple intake calculation,,"Internal inconsistency: this list gives PFHxS 5.3-7.1 years, but the PFHxS chapter narrative gives 7.3 years for the retired fluorochemical workers (Olsen) and 5.3 years for Li et al. 2018"
Zhang et al. 2013; Yu et al. 2021,2013; 2021,WA DOH,WA DOH 2021 PFAS state action levels approach methods.txt,Section: 'PFAS can stay in the body long after exposure stops' (narrative summary list of human serum half-lives),PFNA,human,not specified,serum elimination half-life (range across study populations),2.5-4.3,years,2.5,4.3,compiled range of average/median half-lives from ceased-exposure cohorts (occupational cessation or drinking water mitigation),ADOPTED (literature compilation),Presented as background to justify the use of a steady-state accumulation model rather than a simple intake calculation,,"Internal inconsistency: this list gives PFHxS 5.3-7.1 years, but the PFHxS chapter narrative gives 7.3 years for the retired fluorochemical workers (Olsen) and 5.3 years for Li et al. 2018"
Li et al. 2018,2018,WA DOH,WA DOH 2021 PFAS state action levels approach methods.txt,Section: 'PFAS can stay in the body long after exposure stops' (narrative summary list of human serum half-lives),PFHxS,human,not specified,serum elimination half-life (range across study populations),5.3-7.1,years,5.3,7.1,compiled range of average/median half-lives from ceased-exposure cohorts (occupational cessation or drinking water mitigation),ADOPTED (literature compilation),Presented as background to justify the use of a steady-state accumulation model rather than a simple intake calculation,,"Internal inconsistency: this list gives PFHxS 5.3-7.1 years, but the PFHxS chapter narrative gives 7.3 years for the retired fluorochemical workers (Olsen) and 5.3 years for Li et al. 2018"
Olsen et al. 2009; Xu et al. 2020,2009; 2020,WA DOH,WA DOH 2021 PFAS state action levels approach methods.txt,Section: 'PFAS can stay in the body long after exposure stops' (narrative summary list of human serum half-lives),PFBS,human,not specified,serum elimination half-life (range across study populations),27-44,days,27,44,compiled range of average/median half-lives from ceased-exposure cohorts (occupational cessation or drinking water mitigation),ADOPTED (literature compilation),Presented as background to justify the use of a steady-state accumulation model rather than a simple intake calculation,,"Internal inconsistency: this list gives PFHxS 5.3-7.1 years, but the PFHxS chapter narrative gives 7.3 years for the retired fluorochemical workers (Olsen) and 5.3 years for Li et al. 2018"
Wambaugh et al. 2013 (rodent TK model); human inputs from Bartell et al. 2010,2013; 2010,WA DOH (reporting US EPA 2016),WA DOH 2021 PFAS state action levels approach methods.txt,Table 5 Health Protective Values for PFOA Reviewed by Washington; EPA RfD narrative,PFOA,human,not specified,clearance factor,0.000139,L/kg-day,,,"human clearance = Vd x ln2/t-half with Vd 0.17 L/kg and human serum half-life 2.3 years; applied to a maternal mouse serum level of 38 mg/L predicted by the Wambaugh et al. 2013 TK model for the Lau et al. 2006 LOAEL of 1.0 mg/kg-day, giving HED 0.0053 mg/kg-day",ADOPTED by WA; COMPUTED by US EPA 2016 from an assumed Vd and a human half-life,Reported by WA as one of six agency derivations compared for PFOA; WA ultimately selected the ATSDR MRL instead,,"EPA's human half-life input (2.3 y) came from Bartell et al. 2010, a larger (n=200) mixed-sex drinking-water-exposed population"
Olsen et al. 2007 (human half-life); Koskela et al. 2016 (mouse POD),2007; 2016,WA DOH (reporting ATSDR 2021),WA DOH 2021 PFAS state action levels approach methods.txt,Table 5; ATSDR MRL narrative,PFOA,human,"predominantly male (retired fluorochemical workers, n=24)",clearance factor,0.000099,L/kg-day,,,Vd 0.2 L/kg x ln2/half-life 3.8 years; applied to a time-weighted-average maternal mouse serum level of 8.29 mg/L to give HED 0.00082 mg/kg-day; MRL 3 ng/kg-day after UF 300,ADOPTED by WA (this is the value underlying WA's selected PFOA value); COMPUTED by ATSDR from an assumed Vd (0.2 L/kg) and the Olsen 2007 half-life,ATSDR reasoned that a study with longer follow-up (Olsen 2007) is more likely to represent the initial and terminal rates of serum elimination of PFOA in humans than the Bartell et al. 2010 study used by EPA,"ATSDR rejected EPA's inputs (Vd 0.17 L/kg, half-life 2.3 years from Bartell et al. 2010) in favour of Vd 0.2 and 3.8 years from Olsen et al. 2007","WA records the counter-argument explicitly: Olsen et al. was small (n=24) and mostly male retired fluorochemical workers, whereas Bartell et al. studied 200 men and women exposed via drinking water. WA adopted the ATSDR MRL anyway (3 ng/kg-day) because of the endpoint, not the TK."
Loveless et al. 2006 (mouse POD); clearance factor from US EPA 2016,2006; 2016,WA DOH (reporting NJ DWQI 2017),WA DOH 2021 PFAS state action levels approach methods.txt,"Table 5, footnote d",PFOA,human,not specified,clearance factor (borrowed for comparison),0.000139,L/kg-day,,,"NJ expressed its health-based value as a target serum level (14.5 ug/L) rather than a dose; for comparison only, NJ multiplied the target serum by the EPA-derived clearance factor: 0.0145 mg/L x 0.000139 L/kg-day = 0.000002 mg/kg-day (2 ng/kg-day)",ADOPTED (NJ DWQI took EPA's clearance factor unchanged),"NJ DWQI and NHDES expressed their health-based values as target serum levels rather than daily doses, so a clearance factor was needed only to put the value on a dose basis for comparison",,"Illustrates the serum-basis vs dose-basis split among US agencies: NJ and NH work in serum units and only convert for comparison, which means their primary standard is independent of any Vd assumption"
Loveless et al. 2006 (mouse POD),2006,WA DOH (reporting NHDES 2019),WA DOH 2021 PFAS state action levels approach methods.txt,"Table 5, footnote e",PFOA,human,not specified,dosimetric adjustment factor (DAF),0.000149,L/kg-day,,,target serum 0.0435 mg/L x DAF 0.000149 L/kg-day = 0.000006 mg/kg-day (6.1 ng/kg-day),DERIVED by NHDES (reported by WA),NHDES used the same critical study and BMDL analysis as NJ DWQI but a smaller total uncertainty factor (100 vs 300),,NHDES's PFOA DAF (0.000149) is about 7 percent higher than EPA's clearance factor (0.000139) and 50 percent higher than ATSDR's (0.000099). The WA document does not state the Vd/half-life inputs behind the NHDES PFOA DAF.
Li et al. 2017 (mouse POD); clearance from US EPA 2016,2017; 2016,WA DOH (reporting CA OEHHA 2019),WA DOH 2021 PFAS state action levels approach methods.txt,"Table 5, footnote g",PFOA,human,not specified,daily clearance factor (borrowed),0.00014,L/kg-day,,,target human serum 3.2 ug/L (= 0.97 mg/L LOAEL serum in low-dose female mice divided by UF 300) x EPA's daily clearance factor 0.00014 L/kg-day = 0.45 ng/kg-day acceptable daily dose,"ADOPTED (OEHHA took EPA's clearance factor, rounded to two significant figures)","OEHHA's POD was a measured serum level in low-dose FEMALE mice (0.97 mg/L at 0.05 mg/kg-day) for loss of mitochondrial membrane potential, apoptosis biomarkers and oxidative DNA damage in hepatocytes","OEHHA applied UFL of 3 rather than 10 for use of a LOAEL because the critical effects are upstream physiological changes; added UFD of 3 because van Esterik et al. 2016 reported reduced female pup weights at 0.01 mg/kg-day but did NOT measure serum, so internal dose could not be confirmed and the study could not be used quantitatively",van Esterik et al. 2016 is a documented case of a study REJECTED for quantitative use purely because serum (internal dose) was not measured - a toxicokinetic reason for rejecting a toxicology study. OEHHA's PFOA mechanism note: PPAR-alpha activation was not evident in the low-dose females; the mechanism there appeared to be reactive oxygen species leakage from Complex I.
Loveless et al. 2006,2006,WA DOH,WA DOH 2021 PFAS state action levels approach methods.txt,NJ DWQI and NHDES Target Serums narrative (PFOA),PFOA,mouse vs rat,male,interspecies sensitivity comparison at matched internal dose,mouse LOEL 0.3 mg/kg-day with serum 10-14 mg/L; rat LOEL 1 mg/kg-day with serum 48-65 mg/L,mg/kg-day and mg/L,,,14-day oral dosing study in adult male mice and rats with mixtures of linear and branched APFO isomers; serum PFOA measured,ADOPTED (reported as evidence),Cited to support mouse as the sensitive species for PFOA liver effects and to justify the choice of the mouse critical study,,"RAT-VERSUS-MOUSE: male rats were not as sensitive as mice for increased relative liver weight, and this was NOT a dosimetry artefact - rat serum levels at the rat LOEL (48-65 mg/L) were 4-5 fold HIGHER than mouse serum at the mouse LOEL (10-14 mg/L), so the rat is genuinely less responsive at equal internal dose. Declines in serum lipids were a more sensitive outcome than liver weight in the rat. The rat was also not sensitive to PFOA immunotoxicity (mouse immunotoxicity LOAEL 10 mg/kg-day), consistent with several longer-duration rat studies."
not individually cited (ATSDR 2021 and EPA 2016 syntheses),2021,WA DOH,WA DOH 2021 PFAS state action levels approach methods.txt,PFOA Discussion of uncertainties,PFOA,human vs mouse,not specified,qualitative toxicodynamic/species-extrapolation limitation (PPAR-alpha responsiveness),human liver less responsive to PPAR-alpha agonists than mouse liver,qualitative,,,weight of evidence; Hall et al. 2012 criteria for adversity of liver effects,ADOPTED,"Introduces uncertainty in extrapolating to humans from dose-response relationships in mice; both EPA and ATSDR concluded that low-dose mouse liver weight changes did not meet the Hall criteria for adversity (adverse only when accompanied by necrosis, inflammation, fibrosis or steatosis)","Mouse liver weight increase at low doses rejected as a point of departure by EPA, ATSDR and (for PFNA) ATSDR, on grounds of both adversity criteria and human relevance of the PPAR-alpha mechanism","This is a toxicodynamic rather than toxicokinetic species difference, but it is the stated reason several agencies moved from liver to developmental endpoints, which in turn determines which serum POD the TK conversion is applied to"
Luebker et al. 2005a (rat POD); human TK inputs not individually cited,2005,WA DOH (reporting US EPA 2016),WA DOH 2021 PFAS state action levels approach methods.txt,Table 6 Health Protective Values for PFOS Reviewed by Washington; EPA RfD and ATSDR MRL narrative,PFOS,human,not specified,clearance factor,0.000081,L/kg-day,,,assumed Vd 0.23 L/kg and human serum half-life 5.4 years; average maternal rat serum at the NOAEL 6.26 mg/L gives HED 0.00051 mg/kg-day,COMPUTED by US EPA 2016 from an assumed Vd and half-life; REPORTED (not adopted) by WA,EPA applied a total UF of only 30 (10 human variability x 3 interspecies) because the interspecies dosimetry had already been handled toxicokinetically,"WA did not adopt EPA's PFOS value, preferring the MDH/NHDES immune-based RfD",Stated as 8.1 x 10-5 L/kg-day. WA explicitly notes the HED is much lower than the rat daily dose needed to reach the same serum level 'because PFOS is much more bioaccumulative in humans than in rats' - a clear statement that the entire interspecies adjustment for PFOS is toxicokinetic. EPA's 5.4-year half-life is longer than any value in WA's own summary range (3.3-4.6 y).
Li et al. 2018 (human half-life); Dong et al. 2011 (mouse POD); Vd from US EPA 2016,2018; 2011; 2016,WA DOH (adopting MDH 2019 / NHDES 2019),WA DOH 2021 PFAS state action levels approach methods.txt,"Table 6, footnote e; MDH derivation narrative",PFOS,human,"mixed (106 Ronneby residents, age 4-84, 53 percent female)",clearance factor / dosimetric adjustment factor,0.000128,L/kg-day,,,"Vd x ln2/t-half with a serum half-life of 1241 days (3.4 years) from Li et al. 2018; mouse serum at the Dong et al. 2011 NOAEL 2.36 mg/L x DAF = HED 0.000307 mg/kg-day; UF 100 gives RfD 3.1 ng/kg-day (MDH, rounded DAF) or 3.0 ng/kg-day (NHDES, unrounded)","DERIVED by MDH, concurred by NHDES, and ADOPTED by WA as its own PFOS value (3.0 ng/kg-day)","WA preferred the Li et al. 2018 Ronneby half-life over the Olsen et al. 2007 occupational half-life because the drinking water exposure scenario and the wider representation of all ages and women in the Ronneby cohort make it better suited to WA's transgenerational model, which includes maternal placental transfer and breastfeeding exposures from drinking water","REJECTED the Olsen et al. 2007 half-life used by EPA and ATSDR: that study followed only 24 male and 2 female retired fluorochemical workers with an initial mean serum PFOS of 799 ug/L, whereas Li et al. 2018 followed 106 Ronneby residents (median initial 345 ug/L, range 24-1500)","IMPORTANT TRANSCRIPTION ISSUE: footnote e of Table 6 states the volume of distribution as '0.023 L/kg (EPA, 2016)'. That is internally inconsistent - 0.023 L/kg x ln2/1241 d = 1.28 x 10-5, not 1.28 x 10-4. The narrative text for the same derivation gives Vd = 0.23 L/kg, which reproduces the stated DAF exactly (0.23 x ln2/1241 = 1.284 x 10-4 L/kg-day). The footnote's 0.023 is a typographic error for 0.23 L/kg."
Dong et al. 2009 (mouse POD); clearance factor from US EPA 2016,2009; 2016,WA DOH (reporting NJ DWQI 2018 and CA OEHHA 2019),WA DOH 2021 PFAS state action levels approach methods.txt,"Table 6, footnote d",PFOS,human,not specified,clearance factor (borrowed),0.000081,L/kg-day,,,target serum 22.5 ug/L x 8.1 x 10-5 L/kg-day = 1.8 ng/kg-day,ADOPTED (NJ DWQI used EPA's 2016 clearance factor; CA OEHHA concurred with this approach),NJ expressed the health-based value as a target serum level (22.5 ug/L) from the Dong et al. 2009 mouse NOAEL serum of 0.675 mg/L divided by UF 30,,"Two states (NJ, CA) and two federal bodies therefore all run on EPA's single 2016 PFOS clearance factor of 8.1e-5 L/kg-day, while MDH/NHDES/WA run on 1.28e-4 - a 1.6-fold divergence in the PFOS dosimetric constant alone"
Li et al. 2018; Olsen et al. 2007,2018; 2007,WA DOH,WA DOH 2021 PFAS state action levels approach methods.txt,PFOS background narrative,PFOS,human,male vs female,sex difference in elimination rate,men appear to have slower elimination rates than women,qualitative,,,observation from ceased-exposure cohorts,ADOPTED (reported as evidence),Used as background; WA also used higher background serum PFOS in men as the reason for a 20 percent relative source contribution for all adults rather than 35 percent for women of childbearing age,,"SEX DIFFERENCE: one of the few places WA quantifies a sex effect at all. It feeds the RSC rather than the dosimetry. WA also notes immune effects in rodents were observed in adult MALE rodents, so adults of both sexes were protected at the male-derived RSC."
"Zhang et al. 2013 (human half-life, women of reproductive age); Das et al. 2015 (mouse POD)",2013; 2015,WA DOH (reporting ATSDR 2021),WA DOH 2021 PFAS state action levels approach methods.txt,"Table 8, footnote c (PFNA)",PFNA,human,female of reproductive age (<=50 years),dosimetric adjustment factor (DAF),0.000154,L/kg-day,,,"DAF = Vd x ln2/t-half = 0.2 L/kg x ln2/900 days = 1.54 x 10-4 L/kg-day; applied to TWA maternal mouse serum of 6.8 mg/L at the NOAEL to give HED 0.001 mg/kg-day; UF 300 (10 human variability, 3 interspecies, 10 modifying factor for database) gives MRL 3 ng/kg-day",COMPUTED by ATSDR from an assumed Vd of 0.2 L/kg and a sex/age-specific human half-life,"ATSDR acknowledged the MRL is not specific to this subpopulation but deemed it appropriate to use a half-life associated with women of childbearing age when calculating the human equivalent dose expected to produce the same PFNA concentration in women's serum at the time of pregnancy, because the critical effect is developmental","ATSDR rejected increased liver weight at the lowest dose in Das et al. 2015 as adverse, applying the Hall et al. 2012 criteria","SEX/AGE-SPECIFIC DOSIMETRY, deliberate: ATSDR matched a developmental POD to the SHORTER half-life of women of reproductive age, which makes the DAF larger and the resulting HED and MRL LESS protective than if the population-average half-life had been used. Minor inconsistency: the footnote uses 900 days while the narrative and the Zhang et al. 2013 description give 2.5 years = 913 days."
"Zhang et al. 2013 (human half-life, men and women over 50); Das et al. 2015 (mouse POD)",2013; 2015,WA DOH (reporting NHDES 2019),WA DOH 2021 PFAS state action levels approach methods.txt,"Table 8, footnote d (PFNA)",PFNA,human,men and women over 50 years,dosimetric adjustment factor (DAF),0.0000883,L/kg-day,,,DAF = 0.2 L/kg x ln2/1570 days = 0.883 x 10-4 L/kg-day; applied to a target serum of 49 ug/L to give RfD 4.3 ng/kg-day,COMPUTED by NHDES from an assumed Vd of 0.2 L/kg and the longer (older adult) human half-life,NHDES considered the 4.3-year estimate for men and women over 50 better suited to a LIVER endpoint assumed to apply to the entire population,NHDES implicitly rejected the women-of-reproductive-age half-life (2.5 y) used by ATSDR as inappropriate for a whole-population liver endpoint,"DIRECT CONTRAST WITH ATSDR: same study (Das et al. 2015), same Vd (0.2 L/kg), same source paper for the half-life (Zhang et al. 2013) - but a 1.74-fold difference in the DAF purely from which SEX/AGE STRATUM's half-life was selected, justified by which endpoint the POD represents. This is the cleanest example in the whole state-document set of an endpoint-matched, sex-specific dosimetric choice."
Zhang et al. 2013 (arithmetic mean of two strata); Das et al. 2015 (mouse POD),2013; 2015,WA DOH (reporting Michigan Science Advisory Workgroup 2019),WA DOH 2021 PFAS state action levels approach methods.txt,"Table 8, footnote e (PFNA)",PFNA,human,both sexes pooled (mean of women of reproductive years and of men plus older women),dosimetric adjustment factor (DAF),0.0000978,L/kg-day,,,"DAF = 0.2 L/kg x ln2/1417 days = 0.978 x 10-4 L/kg-day, where 1417 days is described as the arithmetic mean of the Zhang et al. 2013 half-life in women of reproductive years and in older women and men; HED 0.000665 mg/kg-day; UF 300 gives RfD 2.2 ng/kg-day",COMPUTED by Michigan SAW from an assumed Vd of 0.2 L/kg and a pooled half-life,"Michigan concurred with ATSDR's POD and approach but reasoned that a half-life averaged across strata would better represent the entire population, even though the selected endpoint is developmental and tied to maternal serum during pregnancy",Michigan rejected ATSDR's use of the women-of-reproductive-age-only half-life,"ARITHMETIC DISCREPANCY to flag: the narrative says Michigan used 3.9 years, and the footnote says 1417 days (3.88 y); but the arithmetic mean of the two Zhang et al. 2013 strata as the same document reports them (913 and 1570 days, i.e. 2.5 and 4.3 years) is 1241.5 days = 3.4 years, not 1417 days. The stated mean cannot be reproduced from the stated inputs. NOTE ALSO: this 0.978 x 10-4 L/kg-day = 0.098 mL/kg/day is exactly the 'chemical specific clearance value of 0.098 mL/kg/day' that NY DOH 2022 adopted from MI SAW for PFNA - so the Vd (0.2 L/kg) and half-life (1417 d) behind NY's number are recoverable only from this WA document."
Zhang et al.,2013,WA DOH,WA DOH 2021 PFAS state action levels approach methods.txt,PFNA Discussion of uncertainties,PFNA,human,"female, age 50 or under",serum elimination half-life,2.5,years (913 days),,,novel method: estimated daily clearance of PFAS from paired blood and urine samples in a general population of Chinese adults with low serum PFNA (median 0.37 ug/L),ADOPTED (reported as evidence),Underlies ATSDR's PFNA DAF,"WA ultimately rejected all Zhang et al. 2013 PFNA half-lives in favour of Yu et al. 2021, because Zhang used a novel urinary-clearance method in a population with low background serum levels","SEX/AGE DIFFERENCE: in the Zhang et al. study population, younger females (<=50 y) had significantly LOWER serum PFNA than women over 50 or men, which is the observation that produced the two-stratum half-life split"
Zhang et al.,2013,WA DOH,WA DOH 2021 PFAS state action levels approach methods.txt,PFNA Discussion of uncertainties,PFNA,human,men and women over 50 years combined,serum elimination half-life,4.3,years (1570 days),,,paired blood and urine clearance method,ADOPTED (reported as evidence),Underlies NHDES's PFNA DAF,Superseded in WA's own derivation by Yu et al. 2021,1.7-fold longer than the young-female estimate from the same study
Yu et al.,2021,WA DOH,WA DOH 2021 PFAS state action levels approach methods.txt,PFNA Discussion of uncertainties; Washington State Recommendation 2.5 ng/kg-day,PFNA,human,both (68 percent female overall; 42 percent of the highly exposed subset were women aged 20-55),serum elimination half-life,3.52,years (1285 days),,,three annual serum measurements over 2017-2020 in 99 New Jersey residents exposed via drinking water; estimate taken from the 68 most highly exposed participants to minimise bias from ongoing background exposure,ADOPTED by WA as the basis for its own re-derivation,WA had higher confidence in Yu et al. 2021 than Zhang et al. 2013 because it directly measured declining PFNA in serum over three years in a drinking-water-exposed community whose serum levels were high enough to minimise bias from low background exposures,"REJECTED Zhang et al. 2013 (novel paired blood-urine clearance method, low-background general population) as the half-life source",SEX DIFFERENCE RESOLVED: WA states that in Yu et al. 2021 the half-life estimate for younger women was NOT statistically different from that for older women and men - directly undercutting the ATSDR-vs-NHDES stratum dispute built on Zhang et al. 2013. This change alone moved the WA PFNA state action level from 14 to 9 ng/L.
Yu et al. 2021 (half-life); Das et al. 2015 (mouse POD); Vd from ATSDR,2021; 2015,WA DOH,WA DOH 2021 PFAS state action levels approach methods.txt,Washington State Recommendation: 2.5 ng/kg-day (PFNA),PFNA,human,both sexes,dosimetric adjustment factor (DAF),0.000108,L/kg-day,,,DAF = Vd x ln2/t-half = 0.2 L/kg x ln2/1285 days = 1.08 x 10-4 L/kg-day. WA health protective value = 6.8 mg/L x 1.08 x 10-4 L/kg-day / 300 = 2.45 x 10-6 mg/kg-day (2.5 ng/kg-day),DERIVED/COMPUTED by WA DOH itself (the one place in this document where WA does its own dosimetric arithmetic),"WA selected the ATSDR MRL as the basis for its PFNA advice but modified it with the newer Yu et al. 2021 half-life, keeping ATSDR's POD (6.8 mg/L TWA maternal mouse serum), ATSDR's Vd (0.2 L/kg) and ATSDR's UF of 300",Rejected ATSDR's own DAF of 1.54 x 10-4 L/kg-day because of its reliance on the Zhang et al. 2013 young-female half-life,WA adopted the Vd of 0.2 L/kg without comment or independent justification - the Vd is the unexamined input in every one of these derivations. WA also notes that ATSDR did not consider PFNA liver weight suitable for mouse-to-human dose-response extrapolation because human liver has lower PPAR-alpha expression than mouse liver.
Butenhoff et al. 2009 (rat POD); human TK inputs not individually cited,2009,WA DOH (reporting ATSDR 2021),WA DOH 2021 PFAS state action levels approach methods.txt,"Table 9, footnote c (PFHxS)",PFHxS,human,not specified,human serum half-life and volume of distribution used for the HED,half-life 3102 days (8.5 years); Vd 0.287 L/kg,days; L/kg,,,derivation of the human equivalent dose from the rat serum level at the NOAEL (73.22 mg/L) assumed these two inputs,COMPUTED by ATSDR from an assumed Vd and half-life,Not stated in the WA document,,"ATSDR's PFHxS inputs are the extreme of the range: half-life 8.5 years (vs 5.3 y used by MDH and 4.7 y / 1716 d used by NHDES) and Vd 0.287 L/kg (vs 0.25 and 0.213). Implied DAF = 0.287 x ln2/3102 = 6.41 x 10-5 L/kg-day, the smallest of the three PFHxS DAFs, i.e. the most protective."
"Li et al. 2018 (human half-life, women); Chang et al. 2018 (mouse POD)",2018,WA DOH (reporting NHDES 2019),WA DOH 2021 PFAS state action levels approach methods.txt,"Table 9, footnote d (PFHxS)",PFHxS,human,female,dosimetric adjustment factor (DAF),0.0861,mL/kg-day (= 8.61 x 10-5 L/kg-day),,,DAF assumed a human serum half-life of 1716 days for WOMEN from Li et al. 2018 and a volume of distribution of 0.213 L/kg; RfD = target serum 46.3 ng/mL x 8.61 x 10-2 mL/kg-day = 4.0 ng/kg-day,COMPUTED by NHDES from an assumed Vd and a female-specific human half-life,"NHDES's POD was a BMDL for decreased litter size in mice exposed from preconception through gestation (Chang et al. 2018), a female reproductive endpoint, so a female half-life was used",,"THIS RESOLVES THE NY DOH NUMBER: 8.61 x 10-2 mL/kg-day is the 'chemical specific clearance value of 0.086 mL/kg/day' that NY DOH 2022 adopted from NH DES 2019 for PFHxS. Its hidden inputs are Vd = 0.213 L/kg and a female human half-life of 1716 days (4.7 y) from Li et al. 2018. Check: 0.213 x ln2/1716 = 8.60 x 10-5 L/kg-day. Another endpoint-matched, SEX-SPECIFIC dosimetric choice."
Li et al. 2018 (human half-life); NTP 2019 (rat POD),2018; 2019,WA DOH (adopting MDH 2019; also used by Michigan SAW 2019),WA DOH 2021 PFAS state action levels approach methods.txt,"Table 9, footnote e (PFHxS)",PFHxS,human,not specified,dosimetric adjustment factor (DAF),0.000090,L/kg-day,,,DAF assumed a human serum half-life of 1935 days (5.3 years) from Li et al. 2018 and a volume of distribution of 0.25 L/kg; HED = 32.4 mg/L x 0.000090 L/kg-day = 0.00292 mg/kg-day; UF 300 gives RfD 9.7 ng/kg-day,COMPUTED by MDH from an assumed Vd and half-life; ADOPTED unchanged by Michigan SAW and by WA DOH as its own PFHxS value,"WA concurred with the MDH RfD of 9.7 ng/kg-day based on reduced free thyroxine (BMDL20) in adult MALE rats in the NTP 2019 28-day study, supported by thyroid follicular hypertrophy in Butenhoff et al. 2009 and reduced T4 in pregnant rats and offspring in Ramhoj et al. 2018","WA (with MDH) effectively rejected the mouse litter-size endpoint used by NHDES, noting that the slight reduction in litter size observed in mice by Chang et al. 2018 was not observed in two rat studies and has not been replicated in mice","Check: 0.25 x ln2/1935 = 8.96 x 10-5, consistent with the stated 0.000090 L/kg-day. The male-rat thyroid POD is paired with a sex-unspecified human half-life, in contrast to NHDES's female endpoint / female half-life pairing."
Sundstrom et al. (comparative pharmacokinetics of PFHxS),2012,WA DOH,WA DOH 2021 PFAS state action levels approach methods.txt,PFHxS Discussion of Uncertainties,PFHxS,rat (female) vs rat (male) vs mouse (both sexes),female vs male,serum elimination half-life,female rat approximately 2 hours; male rat approximately 1 month; male and female mouse approximately 1 month,hours / months,,,comparative pharmacokinetic study across species and sexes,ADOPTED (used as a toxicokinetic explanation for a toxicological discrepancy),WA used this to explain why the reduction in litter size seen in mice by Chang et al. 2018 was NOT observed in the rat studies of Butenhoff et al. 2009 and Ramhoj et al. 2018: 'The absence of reproductive toxicity in Butenhoff et al. 2009 and Ramhoj et al. 2018 could possibly be explained by lower serum levels in the rat studies.',,"THE FEMALE-RAT PHENOMENON, in its starkest documented form: a roughly 350-FOLD sex difference in PFHxS half-life WITHIN the rat (female approximately 2 hours vs male approximately 1 month), with NO corresponding sex difference in the mouse. WA uses it as a toxicokinetic defence of the mouse finding against negative rat studies, while simultaneously declining to use the mouse endpoint (asking for replication). This is the single most important rat-versus-mouse / sex-difference passage in the state-document set."
NTP,2019,WA DOH,WA DOH 2021 PFAS state action levels approach methods.txt,PFHxS critical study narrative,PFHxS,rat,male vs female,serum concentration at equal administered dose (sex difference),male serum much higher than female,qualitative,,,28-day oral toxicity study with serum measurement,ADOPTED (reported as evidence),Explicitly attributed to 'the faster excretion of PFHxS by female rats',,"Independent confirmation of the female-rat phenomenon in the very study (NTP 2019) that provides the POD for the MDH/WA PFHxS RfD. The POD was taken from MALE rats (BMDL20 for free T4, serum 32.4 mg/L), i.e. from the sex that accumulates PFHxS."
Papadopoulou et al.,2016,WA DOH,WA DOH 2021 PFAS state action levels approach methods.txt,PFHxS Sensitive populations,PFHxS,human,infants,rate of serum increase in breastfeeding infants,3-5,percent per month,3,5,observational cohort of breastfeeding infants,ADOPTED (reported as evidence),Cited to support including the infant as a sensitive subgroup and to justify modelling the lactational pathway,,Empirical counterpart to the modelled breast milk transfer ratio of 0.014 for PFHxS
Lau et al. 2020 (mouse half-life); Xu et al. 2020 (human half-life); Feng et al. 2017 (mouse POD),2020; 2017,WA DOH (adopting US EPA 2021),WA DOH 2021 PFAS state action levels approach methods.txt,"Table 7, footnote c; EPA PFBS RfD narrative",PFBS,female mouse to human,female (mouse),"dosimetric adjustment factor (DAF), half-life ratio",0.0043,unitless ratio (1/DAF = 233),,,"DAF = average serum half-life in female mice / average serum half-life in humans = 4.5 hours (Lau et al. 2020) / 1050 hours (Xu et al. 2020). HED = administered dose x DAF, applied BEFORE benchmark dose modelling; POD was BMDL for a 0.5-SD reduction in T4 in newborn pups",COMPUTED by US EPA 2021 as a HALF-LIFE RATIO (not from a Vd); ADOPTED unchanged by WA DOH as its PFBS value (300 ng/kg-day chronic RfD),"WA recommended the April 2021 EPA assessment as comprehensive, high quality and incorporating the most recent data; concurred on thyroid hormone reduction as the critical effect and Feng et al. 2017 as the critical study","WA did NOT use the MDH transgenerational model for PFBS: 'we had insufficient information to model infant lactational exposures'. PFBS was detected in fewer than half the breast milk studies MDH identified, and cord blood PFBS did not correlate well with paired maternal serum (Wang et al. 2019), so no placental or breast milk transfer factor could be assigned. WA fell back on a 95th-percentile infant drinking water intake rate of 0.174 L/kg-day and a default RSC of 0.2.","METHODOLOGICAL CONTRAST: for PFBS every agency uses a HALF-LIFE RATIO or CLEARANCE RATIO as the DAF (a dimensionless animal-to-human scaling), whereas for PFOA/PFOS/PFHxS/PFNA they all use Vd x ln2/t-half (a dimensioned serum-to-dose conversion). The reason is that the PFBS PODs are expressed as administered doses, not serum levels. This is an under-appreciated structural difference in the dosimetry."
Lau et al. 2020 (mouse clearance); Olsen et al. 2009 (human clearance); Feng et al. 2017 (mouse POD),2020; 2009,WA DOH (reporting CA OEHHA),WA DOH 2021 PFAS state action levels approach methods.txt,"Table 7, footnote f (PFBS)",PFBS,mouse to human,not specified (mouse average),"dosimetric adjustment factor (DAF), clearance ratio",345,unitless (mouse:human clearance ratio),,,DAF = average serum clearance in mouse / mean human clearance = 1344 mL/kg-day (Lau et al. 2020) / 3.90 mL/kg-day (Olsen et al. 2009) = 345,COMPUTED by CA OEHHA as a CLEARANCE RATIO,OEHHA modelled a BMDL at 1.0 SD for T4 reduction in PREGNANT female mice rather than in their day-old pups,"OEHHA cited database deficiencies (no developmental neurotoxicity, immunotoxicity or carcinogenicity studies; uncertainty whether longer exposure would exacerbate the thyroid effect)",Only place in the state-document set where an explicit mouse serum clearance (1344 mL/kg-day) and human serum clearance (3.90 mL/kg-day) for PFBS are both tabulated. The 345-fold mouse:human clearance ratio is the direct analogue of EPA's 233-fold half-life ratio - a 1.5-fold disagreement between two ways of computing the same animal-to-human adjustment from overlapping data.
Rumpler et al. 2016 plus personal communication with C. Lau 2017 (mouse half-life); Olsen et al. 2009 (human half-life); Feng et al. 2017 (mouse POD),2016; 2009,WA DOH (reporting MDH 2017 and Michigan SAW),WA DOH 2021 PFAS state action levels approach methods.txt,"Table 7, footnote h (PFBS)",PFBS,female mouse to human,female (mouse),"dosimetric adjustment factor (DAF), half-life ratio",316.6,unitless (human:mouse half-life ratio),,,DAF = human serum half-life / female mouse serum half-life = 665 hours / 2.1 hours = 316.6; HED = 50 mg/kg-day NOAEL / 317 = 0.158 mg/kg-day,COMPUTED by MDH as a HALF-LIFE RATIO; ADOPTED by Michigan SAW (rounded down to 316),"MDH and Michigan relied on Rumpler et al. 2016, which reported a SHORTER mouse serum half-life (2.1 hours) than Lau et al. 2020 (4.5 hours), and on the earlier Olsen et al. 2009 human half-life (27.7 days = 665 hours) rather than Xu et al. 2020 (44 days = 1050 hours)",Implicitly rejected Lau et al. 2020 mouse half-life and Xu et al. 2020 human half-life,"CONFLICTING MOUSE HALF-LIVES for PFBS: 4.5 hours (Lau et al. 2020) vs 2.1 hours (Rumpler et al. 2016). Note one of the inputs rests partly on PERSONAL COMMUNICATION with C. Lau (2017), an unusually weak provenance for a value that propagates into two states' drinking water standards. The two errors partly cancel: MDH used both a shorter mouse half-life (which lowers the DAF) and a shorter human half-life (which raises it), landing at 316.6 vs EPA's 233."
MDH (rat half-life source not named); Olsen et al. 2009 (human half-life); Leider et al. 2009a and York et al. 2003 (rat POD),2009; 2003,WA DOH (reporting MDH 2017),WA DOH 2021 PFAS state action levels approach methods.txt,"Table 7, footnote j (PFBS)",PFBS,female Sprague-Dawley rat to human,female (rat),"dosimetric adjustment factor (DAF), half-life ratio",350,unitless (human:rat half-life ratio),,,DAF = human serum half-life 665 hours / female Sprague-Dawley rat serum half-life 1.9 hours = 350; applied to a BMDL10 of 45 mg/kg-day for mild kidney hyperplasia in female rats to give HED 0.129 mg/kg-day,COMPUTED by MDH as a HALF-LIFE RATIO,MDH selected a different critical effect (kidney hyperplasia) from a longer-duration 2-generation rat study for its chronic RfD,"WA notes this kidney endpoint appears LESS sensitive than the BMDLs for altered thyroid hormone, which is why WA did not adopt it","Gives the female-rat PFBS half-life (1.9 hours), essentially identical to the female-mouse value (2.1 hours) used by the same agency - so for PFBS, unlike PFHxS, the rat and mouse do NOT differ. Useful counterexample when characterising the female-rat phenomenon as chemical-specific rather than universal."
Xu et al.,2020,WA DOH,WA DOH 2021 PFAS state action levels approach methods.txt,PFBS EPA RfD narrative,PFBS,human,not specified (airport workers),serum elimination half-life,44,days (mean); 1050 hours,21,87,five-month monitoring of airport workers beginning two weeks after PFAS contamination was removed from their workplace drinking water supply; range is across individual participants,ADOPTED (used by US EPA 2021 and therefore by WA),WA noted both studies supporting EPA's DAF are recently published,,4-fold inter-individual range (21-87 days) within one small cohort - the only PFBS inter-individual variability figure in the document
Olsen et al.,2009,WA DOH,WA DOH 2021 PFAS state action levels approach methods.txt,"PFBS CA OEHHA, MSWG and MDH narrative",PFBS,human,5 men and 1 woman,serum elimination half-life,27.7,days (mean); 665 hours,13,46,monitoring of a small group of fluoropolymer manufacturing workers during a six-month break in PFBS production,"ADOPTED (used by CA OEHHA, MDH and Michigan SAW)",Preferred by California and Michigan over the newer Xu et al. 2020 estimate,Superseded in EPA's and WA's own derivation by Xu et al. 2020 (44 days),"n = 6 (five men, one woman). The entire PFBS human dosimetry of California and Michigan rests on six people. Range 13-46 days across those six individuals."
Olsen et al.,2007,Health Canada,Health Canada 2016 PFOS drinking water consultation document.txt,Section 8.4 Excretion; Table 1 Serum half-life estimates,PFOS,human,"predominantly male (26 former workers, average 31 years of work and 2.6 years retired)",serum elimination half-life (arithmetic mean),1971 (5.4 years),days,1424,2517,decline in serum concentrations in retired fluorochemical production workers; arithmetic mean. Narrative gives 5.4 years with 95% CI 3.9-6.9 years and an individual RANGE of 2.4-21.7 years,ADOPTED (sole human half-life available),'No half-life values could be found for the exposure of the general population exposed environmentally to PFOS.' The value is used as the only possible input to the human clearance calculation.,,"PRIMARY SOURCE for the Health Canada PFOS clearance. Health Canada also uses the 10-fold spread within this one study (2.4-21.7 y) as an argument about the intraspecies UF: 'If further studies of PFOS consistently indicate a 10-fold difference in pharmacokinetics within the population, a higher intraspecies uncertainty might be warranted.'"
Thompson et al. (Vd); Olsen et al. 2007 (half-life),2010; 2007,Health Canada,Health Canada 2016 PFOS drinking water consultation document.txt,Section 8.6.1 Chemical-specific adjustment factors (CSAF),PFOS,human,not specified,volume of distribution (Vd),200,mL/kg bw (0.2 L/kg),,,"ASSUMED value, selected 'to represent a chemical that is mostly distributed extracellularly'; supported by the observation (Thompson et al. 2010) that Vd values for PFOS are typically relatively consistent among species",ASSUMED/ADOPTED (not measured; chosen on physiological reasoning about extracellular distribution),"Clearance was not measured directly in humans and had to be calculated from a half-life estimate, which requires a Vd. Health Canada states the Vd explicitly rather than hiding it inside a clearance constant.",,"THIS IS THE PRIMARY. Health Canada 2016 is the document that states outright that the human PFOS Vd of 0.2 L/kg is an ASSUMPTION representing extracellular distribution, not a measurement. Every US state value of 0.2 L/kg traces to the same assumption. Note the PFOS PBPK literature originally had a TIME-DEPENDENT Vd (Tan et al. 2008) which Loccisano et al. subsequently REMOVED."
Olsen et al. 2007 (half-life); Thompson et al. 2010 (Vd),2007; 2010,Health Canada,Health Canada 2016 PFOS drinking water consultation document.txt,Section 8.6.1 Chemical-specific adjustment factors (CSAF),PFOS,human,not specified,serum clearance (CL),0.07,mL/day-kg,,,CL = ln2 x Vd / t-half = ln2 x 200 mL/kg / 1971 days,COMPUTED by Health Canada from an assumed Vd (200 mL/kg) and the Olsen et al. 2007 half-life,"'Clearance was not measured directly in humans, and must be calculated based on half-life estimates.' Clearance was chosen as the dose metric for the interspecies factor because data were available in most species and because clearance is a reasonable metric for chemicals with long half-lives.","Health Canada notes that peak concentrations might be more predictive of toxicity for certain endpoints (Haber et al. 2013) but did not explore this; it judged clearance 'a more conservative alternative to using peak concentrations'. It also warns that clearance ratios are appropriate only under first-order kinetics, 'however, as urinary clearance of PFOS is complex, this assumption might not be appropriate.'","THE PRIMARY VALUE this project had only second-hand via OEHHA: Health Canada's human PFOS clearance is 0.07 mL/day-kg, i.e. 7 x 10-5 L/kg-day. It is almost identical to US EPA 2016's PFOS clearance factor of 8.1 x 10-5 L/kg-day, but was reached from a LONGER half-life (1971 d vs EPA's 5.4 years = 1972 d, effectively the same) and a SMALLER Vd (0.2 vs 0.23 L/kg). The two agencies therefore agree closely by using the same Olsen 2007 half-life; the whole difference is the Vd assumption."
Chang et al.,2012,Health Canada,Health Canada 2016 PFOS drinking water consultation document.txt,Section 8.6.1 CSAF derivation,PFOS,cynomolgus monkey,both sexes pooled (3-5 per sex),serum clearance,1.38,mL/day-kg,,,"single IV dose of 1-2 mg/kg bw, followed for at least 70 days",ADOPTED (measured value from a single primary study),All animal clearance values were taken from one study (Chang et al. 2012) so that species comparisons used a consistent protocol,,"Monkey clearance is only about 20-fold higher than the calculated human value, the closest of any species"
Chang et al.,2012,Health Canada,Health Canada 2016 PFOS drinking water consultation document.txt,Section 8.6.1 CSAF derivation,PFOS,CD-1 mouse,both sexes pooled,serum clearance,4.72,mL/day-kg,,,"single oral dose of 1-2 mg/kg bw, followed for at least 70 days",ADOPTED (measured),Same single-study basis as the other species,,Mouse PFOS clearance is only about 1.1-fold higher than the FEMALE rat (5.39) but 4.7-fold LOWER than the male rat (22.24)
Chang et al.,2012,Health Canada,Health Canada 2016 PFOS drinking water consultation document.txt,Section 8.6.1 CSAF derivation,PFOS,Sprague-Dawley rat,male,serum clearance,22.24,mL/day-kg,,,"single oral dose of 1-2 mg/kg bw, followed for at least 70 days",ADOPTED (measured),Clearance presented separately by sex because 'clearance was much higher in male than female rats',,"SEX DIFFERENCE REVERSED RELATIVE TO PFOA. Health Canada states it explicitly: clearance was much higher in male than female rats 'and differs from sex-related variability for PFOA, where females consistently have increased clearance and lower half-life than males'. This is the single most important sentence in the state/national document set for the female-rat phenomenon: the phenomenon is ANION- AND CHEMICAL-SPECIFIC, and for PFOS the direction is inverted - MALE rats clear faster. 4.1-fold male:female ratio."
Chang et al.,2012,Health Canada,Health Canada 2016 PFOS drinking water consultation document.txt,Section 8.6.1 CSAF derivation,PFOS,Sprague-Dawley rat,female,serum clearance,5.39,mL/day-kg,,,"single oral dose of 1-2 mg/kg bw, followed for at least 70 days",ADOPTED (measured),Reported separately because of the large sex difference,,"Female rat PFOS clearance is 4.1-fold LOWER than male - the opposite direction to PFOA and PFHxS, where the female rat is the fast eliminator"
Chang et al. 2012 (animal clearance); Olsen et al. 2007 + assumed Vd (human clearance),2012; 2007,Health Canada,Health Canada 2016 PFOS drinking water consultation document.txt,Section 8.6.1 CSAF derivation (clearance-based AKUF values),PFOS,"monkey, mouse, male rat, female rat (to human)",both; rats by sex,"AKUF (toxicokinetic component of the chemical-specific interspecies adjustment factor), clearance ratio",monkey 19; mouse 67; male rat 318; female rat 77,unitless (CL animal / CL human),,,"AKUF = CL_animal / CL_human, following IPCS 2005 guidance in which the default interspecies UF of 10 is split into 4.0 (100.6) toxicokinetic and 2.5 (100.4) toxicodynamic, with the default AKUF of 4.0 replaced by the chemical-specific value",DERIVED by Health Canada (via a report prepared by Summit Toxicology 2015),"'The application of default approaches for animal-to-human extrapolation - such as the use of an interspecies uncertainty factor of 10 or allometric scaling - might not be sufficiently protective of humans, who receive longer internal exposures to target tissues.' No ADUF was calculated because data were not available to evaluate toxicodynamic differences quantitatively.","REJECTED as the final approach in favour of PBPK-derived AKUFs, because clearance-based AKUFs 'rely on single values representative of pharmacokinetics in species, and do not necessarily account for non-linear pharmacokinetics'; they are dose- and regime-dependent (animals got single doses, humans were not dosed at all); and they are 'ratios of low doses in humans to high doses in animals, and therefore exposures between the species are not of the same magnitude'",These clearance-based AKUFs are 4.8 to 80 times LARGER than the IPCS default AKUF of 4.0. The male-rat AKUF of 318 is the most extreme interspecies toxicokinetic adjustment factor in the entire state/national document set. Note it is 4.1x the female-rat value (77) purely from the rat sex difference.
"Loccisano et al. 2011, 2012a, 2013 (PBPK models); Summit Toxicology 2015 (application)",2011-2015,Health Canada,Health Canada 2016 PFOS drinking water consultation document.txt,Table 2: PBPK dose metrics and PBPK-derived AKUF values at relevant doses (steady-state plasma),PFOS,"monkey, mouse, rat (to human)",male rats only (see notes),"AKUF (PBPK-derived, steady-state plasma concentration ratio)","rat 16 / 14 / 10 / 1 and monkey 2 / 2 / 3 / 2 and mouse NC / NC / 21 / 3, at oral doses of 0.001 / 0.01 / 0.1 / 1 mg/kg bw per day respectively",unitless (human steady-state plasma / animal steady-state plasma),,,Loccisano PBPK models run to steady state at matched oral doses in each species; AKUF = ratio of steady-state plasma PFOS. Underlying steady-state plasma predictions (ug/mL) at those four doses: human 5.40 / 53.0 / 360 / 530; monkey 2.85 / 26.6 / 140 / 239; mouse NC / NC / 17.1 / 170; rat 0.349 / 3.69 / 36.9 / 368,DERIVED by Health Canada (RECOMMENDED APPROACH),"Chosen over clearance-based AKUFs because it 'can address the non-linear kinetics of PFOS, identifying different values at steady state for different oral dose levels', and because it compares doses of the same magnitude. Plasma was chosen over liver as the dose metric so one AKUF could serve endpoints in many organs; liver-based AKUFs (rat 5 / 10 / 7 / 1) were computed for comparison and were of the same order.","Health Canada REJECTED using the PBPK model to compute PODs directly - normally the most robust approach - because 'the human PBPK models that would be used to extrapolate from this serum concentration cannot be fully verified based on existing human pharmacokinetic data'. Confidence is only MEDIUM in the human, monkey and rat models (different model codes per species, imperfect fits, no controlled human dosing data), and LOW in the mouse.","DOSE-DEPENDENT AKUF is the distinctive feature of this assessment: the rat AKUF falls from 16 at 0.001 mg/kg-day to 1 at 1 mg/kg-day, i.e. at high doses the rat and human reach the SAME steady-state plasma level. The dose dependence is itself the evidence of saturable renal resorption. OVERRIDES APPLIED: (a) the monkey PBPK AKUF of 2-3 was NOT used - 'Default AKUF values of 4 will be applied for monkeys due to insufficient confidence in the models to apply value lower than default'; (b) the mouse PBPK AKUF was NOT used - 'AKUF values for rats will be applied due to low confidence in the PBPK model', because no PBPK model exists for the mouse and the rat model was merely scaled with mouse data; (c) 'AKUF values for rats are also derived based on male rats only, despite sex differences in the species' - so the applied rat AKUF is a MALE-rat value."
Butenhoff et al. 2012b (rat chronic study); Loccisano PBPK models,2012,Health Canada,Health Canada 2016 PFOS drinking water consultation document.txt,Table 4: Calculation of non-cancer PODHEQ and TDI for each critical health effect,PFOS,rat to human,male rat,applied AKUF and resulting human-equivalent POD,AKUF 14; PODHEQ 0.0015 mg/kg bw per day from a NOAEL of 0.021 mg/kg bw per day,unitless; mg/kg bw per day,,,PODHEQ = NOAEL / AKUF. NOAEL for hepatocellular hypertrophy 0.024 mg/kg bw per day adjusted to 0.021 for 86.9 percent test material purity; AKUF selected by rounding the POD down to the nearest dose in the PBPK table (so the <0.1 mg/kg-day AKUF of 14 applies). TDI = PODHEQ / composite UF 25 = 0.00006 mg/kg bw per day. HBV = 0.0006 mg/L.,DERIVED by Health Canada,"Composite UF of 25 = 2.5 (interspecies TOXICODYNAMIC component only) x 10 (intraspecies), 'because the toxicokinetic differences between rats and humans were already incorporated when calculating the PODHEQ'",,This is the TK-adjusted basis of the Canadian PFOS drinking water value. The whole interspecies toxicokinetic adjustment is a single factor of 14 applied to a male-rat NOAEL.
"Seacat et al. 2002 (monkey, with Health Canada 2013c reanalysis)",2002,Health Canada,Health Canada 2016 PFOS drinking water consultation document.txt,Table 4; Section 10.2,PFOS,cynomolgus monkey to human,both,applied AKUF and resulting human-equivalent POD,AKUF 4 (default); PODHEQ 0.0075 mg/kg bw per day from a NOAEL of 0.03 mg/kg bw per day,unitless; mg/kg bw per day,,,PODHEQ = 0.03 / 4; composite UF 75 (2.5 interspecies TD x 10 intraspecies x 3 subchronic-to-chronic) gives TDI 0.0001 mg/kg bw per day,ADOPTED default (the IPCS default AKUF of 4.0 was retained for monkeys despite PBPK values of 2-3 being available),"Insufficient confidence in the monkey PBPK model to apply a value lower than the default. NOAEL comes from Health Canada's own 2013c statistical reanalysis of Seacat et al. 2002, which lowered the LOAEL from 0.75 to 0.15 mg/kg bw per day for thyroid hormone changes.",The PBPK-derived monkey AKUF (2-3) was rejected as below-default,"Deliberately conservative: using the default AKUF of 4 rather than the model's 2-3 makes the monkey PODHEQ lower (more protective). The monkey thyroid TDI (0.0001) was close to but slightly above the rat liver TDI (0.00006), so the rat value was used and the monkey value cited as quantitative support."
Butenhoff et al. 2012b,2012,Health Canada,Health Canada 2016 PFOS drinking water consultation document.txt,Section 10.1 cancer assessment,PFOS,rat to human,male rat,applied AKUF and human-equivalent POD for cancer,AKUF 10; PODHEQ 0.028 mg/kg bw per day from a purity-adjusted BMDL10 of 0.276 mg/kg bw per day,unitless; mg/kg bw per day,,,"Log-logistic BMD modelling of hepatocellular adenoma incidence, performed separately by sex: males BMD10 2.25 and BMDL10 0.318 mg/kg bw per day; females BMD10 1.81 and BMDL10 0.732. The MALE BMDL10 was selected as the more conservative. Adjusted to 0.276 for 86.9 percent purity. AKUF 10 is the rat value for the 0.1 mg/kg bw per day dose band. TDI = 0.028 / 25 = 0.0011 mg/kg bw per day; HBV 0.010 mg/L.",DERIVED by Health Canada,Threshold (TDI) approach used for a cancer endpoint; male rats more conservative than female rats,"Health Canada DISCOUNTED liver cystic degeneration in male rats (a lower-dose effect) because it is a common benign spontaneous lesion of aging male rats (incidence 27-38 percent with no dose relationship, within the spontaneous range of up to 34 percent) that 'only rarely occurs in other mammals, including humans'. It also EXCLUDED immunotoxicity from the quantitative assessment despite the lowest LOAEL of all (0.00166 mg/kg bw per day, SRBC-specific IgM suppression in B6C3F1 mice, Peden-Adams et al. 2008) because of a nearly two-orders-of-magnitude inconsistency in LOAELs between mouse strains (B6C3F1 0.00166 vs C57Bl/6 0.0833 mg/kg bw per day, Dong et al. 2009/2011), non-monotonic NK-cell responses, and because 'mice appear to be more sensitive than other species, as the LOAEL for immunosuppression was several orders of magnitude higher in the lone rat study, at 3.21 mg/kg bw per day (Lefebvre et al. 2008)'.","SPECIES AND STRAIN SENSITIVITY: the rejection of the immune endpoint is explicitly a mouse-versus-rat and mouse-strain-versus-mouse-strain argument, approximately 2000-fold between B6C3F1 mouse and rat LOAELs. The male-vs-female BMDL difference for liver tumours (0.318 vs 0.732 mg/kg bw per day) is a 2.3-fold sex difference in the same study."
Chang et al.,2012,Health Canada,Health Canada 2016 PFOS drinking water consultation document.txt,Table 1: Serum half-life estimates in experimental animals,PFOS,Sprague-Dawley rat,male and female,serum elimination half-life (dose- and follow-up-dependent),"single oral 2 mg/kg followed 24 h: 3.10 (M, n=1) and 1.94 +/- 0.13 (F); single oral 4.2 mg/kg followed 144 h: 8.23 (M); single IV 2 mg/kg followed 24 h: 7.99 +/- 4.94 (M) and 5.62 (F); single oral 2 mg/kg followed >=10 weeks: 38.31 +/- 2.32 (M) and 62.30 +/- 2.09 (F)",days,,,single-dose kinetics with varying follow-up durations,ADOPTED (tabulated),"Tabulated to demonstrate that 'the half-life of PFOS in animals varies depending on experimental protocols, including the duration animals are followed'",,"IMPORTANT INTERNAL TENSION: with the LONG (>=10 week) follow-up the FEMALE rat half-life (62.3 d) is 1.6-fold LONGER than the male (38.3 d) - the opposite ranking to the clearance values from the same study (male 22.24, female 5.39 mL/day-kg, i.e. male clears 4x faster). Health Canada reports both without reconciling them; the narrative says only 'Chang et al. (2012) also reported slightly slower elimination for PFOS in female rats'. Half-life estimates from the same animals span 1.94 to 62.3 days depending on follow-up duration, a 32-fold range - the clearest demonstration in the set that rodent PFAS half-lives are protocol artefacts as much as biology."
Chang et al.,2012,Health Canada,Health Canada 2016 PFOS drinking water consultation document.txt,Table 1,PFOS,mouse,male and female,serum elimination half-life,"single oral 1 mg/kg followed 20 weeks: 42.81 (M), 37.80 (F); single oral 20 mg/kg followed 20 weeks: 36.42 (M), 30.45 (F)",days,,,"single oral dose, 20-week follow-up",ADOPTED (tabulated),,,"NO MEANINGFUL SEX DIFFERENCE in the mouse (M/F ratio 1.13 and 1.20), in sharp contrast to the rat. Mild dose dependence (half-life shorter at 20 mg/kg than 1 mg/kg), consistent with saturable resorption."
Chang et al. 2012; Seacat et al. 2002,2012; 2002,Health Canada,Health Canada 2016 PFOS drinking water consultation document.txt,Table 1,PFOS,cynomolgus monkey,male and female,serum elimination half-life,"single IV 2 mg/kg followed up to 161 days: 132 +/- 7 (M), 110 +/- 15 (F); oral 0.15 or 0.75 mg/kg bw per day for 182 days: approximately 200 (M and F)",days,,,single IV dose with 161-day follow-up; and repeated oral dosing for 182 days,ADOPTED (tabulated),,,"Monkey half-life rises from approximately 130 days (single IV, 161-day follow-up) to approximately 200 days (repeated oral, 182 days) - again showing protocol dependence. Small sex difference (M 1.2x F). Still 10-fold shorter than the human 1971 days."
"Johnson and Ober 1979, 1999; Cui et al. 2010; Kemper 2003; Hundley et al. 2006; Lau et al. 2007",1979-2010,Health Canada,Health Canada 2016 PFOS drinking water consultation document.txt,Section 8.1 Absorption,PFOS,rat,not specified,oral bioavailability / absorption fraction,>95,percent,,,single gavage doses of 4.2 to 20 mg/kg; consistent across studies,ADOPTED,'The oral absorption of PFOS is rapid and complete.' Supports using administered oral dose directly without an absorption adjustment.,,"No controlled oral bioavailability studies exist in HUMANS for PFOS; Health Canada relies on PFOA drinking-water correlation studies (Emmett et al. 2006, Holzer et al. 2008) as indirect evidence, and notes that neither of those found a drinking-water relationship for PFOS because the communities were PFOA-exposed. Inhalation and dermal kinetics: no studies; judged unimportant for drinking water."
ATSDR 2009; Butenhoff et al. 2012a; Weiss et al. 2009,2009-2012,Health Canada,Health Canada 2016 PFOS drinking water consultation document.txt,Section 8.2 Distribution,PFOS,human (in vitro plasma),not specified,plasma protein binding partners and extent,"binds serum albumin primarily; lesser binding to gamma-globulin, alpha-globulin, alpha-2-macroglobulin, transferrin and beta-lipoproteins; lipoprotein-containing fractions <=9 percent; competitive binding to transthyretin with less than one-tenth the affinity of T4",qualitative plus percent,,,in vitro with plasma from a human donor (Butenhoff et al. 2012a); TTR competitive binding assay (Weiss et al. 2009),ADOPTED,"Relevant because the PBPK model 'assumes only the plasma free fraction of PFOS is available for uptake into tissue, excretion or resorption'",,"PROTEIN BINDING: the <=9 percent lipoprotein figure and the TTR affinity (<1/10 of T4) are the two quantitative protein-binding values in this document. The TTR result is mechanistically relevant to the thyroid endpoint Health Canada used for its monkey-based TDI. Note the PBPK models' free-fraction assumption, and that Tan et al. 2008 originally included TIME-DEPENDENT protein binding and Vd functions which the Loccisano models retained for binding but dropped for Vd."
Olsen et al. 2003a (human); Luebeker et al. 2002 and Benskin et al. 2009 and De Silva et al. 2009 (rat); Bogdanska et al. 2011 and Chang et al. 2012 (mouse); Seacat et al. 2002 (monkey); Maestri et al. 2006 (human lung),2002-2012,Health Canada,Health Canada 2016 PFOS drinking water consultation document.txt,Section 8.2 Distribution,PFOS,"human, rat, mouse, monkey",not specified,liver-to-serum (and lung-to-blood) concentration ratio,human liver:serum 1.3 (cadaver); human lung:blood 1.5; mouse liver:blood 2-6; mouse lung:blood 1.5-2; monkey liver:serum 0.9-2.7; rat highest concentrations in liver (ratio not given),unitless ratio,,,tissue measurements; human values from US cadavers and pooled samples,ADOPTED,The human liver:serum ratio of 1.3 'suggest[s] there is no extensive binding to liver protein in humans as measured in the rat',,"SPECIES DIFFERENCE IN TISSUE PARTITIONING: the rat sequesters PFOS in liver via liver fatty acid binding protein (L-FABP), the human apparently does not (liver:serum only 1.3). The rat PFOS PBPK model accordingly includes SATURABLE liver protein binding, which the human model does not need. Neither cerebrospinal fluid (Harada et al. 2007) nor thyroid (Pirali et al. 2009) is a relevant partitioning site. Monkey liver holds only 4.4-8.7 percent of the administered dose."
"Chang et al. 2009; Lau et al. 2003; Thibodeaux et al. 2003 (animals); Inoue et al. 2004, Midasch et al. 2007, Needham et al. 2011, Gutzkow et al. 2012a, Fei et al. 2007 (human cord blood)",2003-2012,Health Canada,Health Canada 2016 PFOS drinking water consultation document.txt,Section 8.2 Distribution (transplacental and lactational),PFOS,"rat, mouse, human",maternal-fetal,placental transfer (fetal:maternal relationship),rat: fetal and pup serum and brain concentrations HIGHER than corresponding maternal concentrations (0.1-1.0 mg/kg bw per day GD20-PND21); newborn rat serum similar to maternal circulation at GD21; human: cord blood correlates with maternal serum; maternal serum decreases through pregnancy,qualitative/ratio,,,gestational dosing studies in rats and mice; human paired cord-maternal serum studies,ADOPTED,Establishes transplacental exposure as a real pathway,,"Health Canada does NOT adopt a numerical placental transfer factor for PFOS (contrast WA DOH, which uses 0.40 from MDH). The Canadian value is a straight adult TDI with a 0.2 allocation factor and 1.5 L/day for a 70 kg adult - no infant or transgenerational model at all. Notable: in rats, fetal/pup serum and BRAIN exceed maternal levels."
Liu et al. 2011 (milk:serum ratio); Tao et al. 2008; Kadar et al. 2011; Thomsen et al. 2010,2008-2011,Health Canada,Health Canada 2016 PFOS drinking water consultation document.txt,Section 8.2 Distribution (lactational),PFOS,human,female (lactating),breast milk to maternal serum concentration ratio,0.01-0.03,unitless ratio,0.01,0.03,correlation of PFOS in human milk and paired maternal serum,"ADOPTED (reported, not used quantitatively)",Reported as evidence of a lactational pathway,,"Brackets the 0.017 breast-milk transfer ratio that MDH/WA DOH adopted for PFOS. Also reported: milk PFOS falls as the number of infants a mother has breastfed increases (Tao et al. 2008, Kadar et al. 2011), and most studies show milk or maternal serum declining over the lactation period, though Tao et al. 2008 found an UPWARD trend through 6 months."
Chang et al. 2012; Seacat et al. 2003; Kato et al. 2011; Harada et al. 2004; Ingelido et al. 2010; Mondal et al. 2012; Liu et al. 2011,2003-2012,Health Canada,Health Canada 2016 PFOS drinking water consultation document.txt,Section 8.2 Distribution (sex and age effects),PFOS,"rat, mouse, human",male vs female; by age,sex and age differences in distribution and body burden,"rat single oral 2 mg/kg: female Cmax 2.5x male (difference absent at 15 mg/kg); rat 4-14 week dietary: female serum 31-42 percent higher than male with EQUAL liver concentrations; human NHANES 1999-2008: serum PFOS significantly higher in males than females at all ages; human children 42 percent higher than their mothers, persisting to at least age 19",fold / percent,,,controlled rodent dosing; NHANES and mother-child cohort analyses,ADOPTED,Documents that 'Sex and age have been demonstrated to influence PFOS distribution in rodents and humans',,"SEX DIFFERENCE, BOTH SPECIES, SAME DIRECTION: female RATS carry higher PFOS serum at equal dose (consistent with their lower clearance, 5.39 vs 22.24 mL/day-kg); but human FEMALES carry LOWER serum PFOS than males, attributed to menstrual bleeding plus gestational and lactational transfer (Harada et al. 2004, Ingelido et al. 2010) - an elimination route that has no rodent analogue. The dose-dependence of the rat sex difference (present at 2 mg/kg, absent at 15 mg/kg) is itself evidence of a saturable sex-dependent transport step. In mice, PFOS liver levels rise and brain levels FALL with age at exposure (PND 7 brain 2x PND 35), while blood is age-invariant (Liu et al. 2011)."
Cui et al. 2010; Chang et al. 2012; Harada et al. 2005; Harada et al. 2007,2005-2012,Health Canada,Health Canada 2016 PFOS drinking water consultation document.txt,Section 8.4 Excretion,PFOS,"rat, mouse, human",not specified,route of elimination and renal clearance,urine more important than feces in rats and mice; renal clearance of PFOS in humans substantially LOWER than in animals,qualitative,,,mass-balance excretion studies in rodents; Harada et al. 2005 human renal clearance measurement,ADOPTED,"'The relevance of urinary clearance in humans has been questioned, as renal clearance of PFOS was substantially lower than in animals (Harada et al. 2005).' PFOS may undergo extensive enterohepatic recirculation before biliary and fecal excretion.",,"MECHANISTIC BASIS of the species difference: saturable renal RESORPTION of filtered PFOS is the feature every PFOS PBPK model since Andersen et al. 2006 has been built around. Health Canada notes PFOS is NOT metabolized, so clearance is entirely renal/biliary. It also flags that 'the limited understanding of reasons for the observed sex differences in clearance in rats means there are weaknesses in how this could be addressed in the model.'"
Wambaugh et al.,2013,Health Canada,Health Canada 2016 PFOS drinking water consultation document.txt,Section 8.5 Physiologically-based pharmacokinetic (PBPK) models,PFOS,"cynomolgus monkey, Sprague-Dawley rat, CD-1 mouse",not specified,"internal dose metric reconstruction (AUC, average and maximum serum concentration) for 13 in vivo studies","good concordance between predicted and measured serum concentrations; PODs similar across species and endpoints EXCEPT immune studies, which had lower PODs",qualitative,,,Andersen et al. 2006 compartmental model modified with a gut compartment for oral absorption and an upper limit on tissue distribution; Bayesian treatment of physiological parameter ranges,ADOPTED (cited as supporting evidence; not used to derive the Canadian value),"'no single dose metric appeared to be best for all adverse endpoints'; dose metrics for PODs tended to be similar, 'indicating consistency between species and most adverse outcomes'","Health Canada considered using serum concentrations as PODs via Wambaugh's approach 'an ideal approach' but did not, because the human PBPK models cannot be verified",The immune endpoints being the outlier in Wambaugh's internal-dose analysis is independent support for Health Canada's separate decision to exclude immunotoxicity from the quantitative assessment
Seacat et al. 2002 and Thomford 2002 (monkey); human half-life source not named,2002,Health Canada (reporting Minnesota DOH 2008),Health Canada 2016 PFOS drinking water consultation document.txt,Section 11 International considerations,PFOS,monkey to human,both,human equivalent dose derived from a monkey serum POD,"HED 2500 ng/kg bw per day from a monkey serum BMDL of 35,000 ng/mL",ng/kg bw per day; ng/mL,,,"'A human equivalent dose of 2,500 ng/kg bw per day was calculated based on the elimination of PFOS in humans (using human half-life data to estimate clearance)'; UF 30 (10 human variability x 3 interspecies toxicodynamic) gives an RfD of 80 ng/kg bw per day",ADOPTED by Health Canada as a reported international value; DERIVED by Minnesota DOH,Reported for comparison,,"Implied clearance: 2500 ng/kg-day / 35,000 ng/mL = 0.0714 mL/kg-day - essentially identical to Health Canada's own 0.07 mL/day-kg. MDH also estimated that STEADY STATE uptake/elimination takes 27 YEARS of exposure, and therefore used a time-weighted 95th-percentile intake for the first 27 years of life (0.049 L/kg bw per day) as the drinking water rate. That time-to-steady-state figure is a directly toxicokinetic exposure-assessment parameter."
Seacat et al. 2002 (monkey),2002,Health Canada (reporting US EPA 2009),Health Canada 2016 PFOS drinking water consultation document.txt,Section 11 International considerations,PFOS,monkey to human,both,interspecies toxicokinetic uncertainty factor,13,unitless,,,"total UF of 390 = 10 intraspecies x 3 interspecies toxicodynamic x 13 interspecies TOXICOKINETIC, applied to a monkey NOAEL of 0.03 mg/kg bw per day to give an RfD of 80 ng/kg bw per day and a Provisional Health Advisory of 0.2 ug/L",ADOPTED as a reported value; DERIVED by US EPA Office of Water 2009,Reported for comparison with Health Canada's own AKUF approach,,"Direct comparator: EPA 2009 used a monkey-to-human TOXICOKINETIC factor of 13, where Health Canada 2016 used 4 (the IPCS default, retained because of low monkey PBPK confidence) and its own clearance-ratio calculation gave 19. Three agencies, three monkey-to-human TK factors (4, 13, 19) for the same compound."
Bartell et al.,2010,PA DPAG,PA DPAG 2021 PFAS MCLG recommendations.txt,Table 2: Exposure Model Parameters used in transgenerational model (Goeden 2019); Section 4.b Development of MCLG,PFOA,human,"both (100 men, 100 women)",serum elimination half-life,840 (2.3 years),days,,,rate of decline in serum PFOA in 200 individuals exposed by drinking PFOA-contaminated water,ADOPTED (following MDHHS and MDH),"'This was considered more relevant for exposure to the general population than occupational exposure studies used by ATSDR.' PA explicitly notes Bartell studied 200 individuals (100 men, 100 women) exposed via drinking water.","REJECTED the ATSDR 2018 occupational half-life (Olsen et al. 2007, 3.8 y) as less relevant to general-population drinking water exposure",DIRECTLY OPPOSITE adjudication to Health Canada/ATSDR on the same choice. PA (like EPA 2016 and MDH) prefers the drinking-water cohort; ATSDR prefers the longer follow-up. WA DOH recorded both arguments and went with ATSDR. Note PA accepted ATSDR's UFs (total 300) while rejecting ATSDR's half-life - mixing and matching between agencies.
Thompson et al.,2010,PA DPAG,PA DPAG 2021 PFAS MCLG recommendations.txt,Table 2; PFOA derivation table,PFOA,human,not specified,volume of distribution (Vd),0.170,L/kg,,,"DAF = ke x Vd, with ke = ln2/840 days = 8.25 x 10-4 per day, giving a clearance of 1.4 x 10-4 L/kg/day","ADOPTED (from MDHHS/MDH, who took it from Thompson et al. 2010)",'DPAG used the volume of distribution (Vd = 0.17 L/kg) selected by MDHHS and MDH that was based on human data (Thompson 2010). These were the references used by EPA in 2016 when they derived a PFOA clearance of 1.4 x 10-4 L/kg/d.',,"PA is the clearest document on where the 0.17 L/kg PFOA Vd comes from: Thompson et al. 2010, a simple pharmacokinetic modelling study of Australian exposure. PA characterises it as 'based on human data', in contrast to Health Canada which cites the same Thompson paper merely for the claim that Vd is consistent ACROSS SPECIES and then ASSUMES 0.2 L/kg."
Li et al. 2018 (half-life); US EPA 2016 (Vd),2018; 2016,PA DPAG,PA DPAG 2021 PFAS MCLG recommendations.txt,Table 2; PFOS derivation table,PFOS,human,mixed (Ronneby cohort),dosimetric adjustment factor (DAF),0.00013,L/kg/day,,,DAF = Vd x (ln2/half-life) = 0.23 L/kg x (0.693/1241 days) = 0.00013 L/kg/day; HED = 2.36 mg/L x 0.00013 = 0.000307 mg/kg/day,ADOPTED (following MDH and MDHHS),'DPAG followed the approach adopted by MDH and MDHHS and applied the PFOS specific clearance rate of 1241 days (Li 2018) and the EPA reported Vd of 0.23 L/kg to develop the DAF.' Agreed with MDHHS total UF of 100.,"Implicitly rejected the US EPA 2016 clearance factor of 8.1 x 10-5 L/kg/day by substituting the Li et al. 2018 half-life for EPA's 5.4-year value, while KEEPING EPA's Vd",PA attributes the 0.23 L/kg PFOS Vd to 'the EPA reported Vd' while Table 2 attributes it to Thompson et al. 2010. This is the same hybrid as MDH/NHDES/WA: Li 2018 half-life x EPA Vd. PA's document also contains the correct 0.23 L/kg where WA DOH's footnote has the typo 0.023 L/kg.
Zhang et al. (as recalculated),2013,PA DPAG,PA DPAG 2021 PFAS MCLG recommendations.txt,PFNA derivation table,PFNA,human,pooled across strata (females <=50 y; females >50 y plus all males),serum elimination half-life and elimination rate constant,1417 days (3.9 years); ke = 4.89 x 10-4 per day,days; per day,,,'The human serum half-lives were an arithmetic mean of 2.5 years (913 days) for 50 year old or younger females and 4.3 years (1570 days) for females older than 50 years old and all males. An average of 3.9 years (1417 days) was calculated based on those averages.',ADOPTED (from Michigan SAW / MDHHS),Pooled half-life reasoned to better represent the entire population,,"PROPAGATED ARITHMETIC ERROR, now confirmed in two independent documents: both PA DPAG 2021 and WA DOH 2021 state that 1417 days is the arithmetic mean of 913 and 1570 days. It is not - that mean is 1241.5 days (3.4 years). Neither the mean of the half-lives, nor of the rate constants (which would give 1155 days), reproduces 1417. The error originates upstream in MDHHS/Michigan SAW 2019 and has been copied forward unchecked by at least two states. The PFNA RfDs of PA, Michigan and (via Michigan) New York all rest on it."
ATSDR 2018; Ohmori et al. 2003,2018; 2003,PA DPAG,PA DPAG 2021 PFAS MCLG recommendations.txt,PFNA derivation table; Table 2,PFNA,human (value sourced partly from rat data),not specified,volume of distribution (Vd),0.2,L/kg,,,HED = POD x ke x Vd = 6.8 mg/L x 4.89 x 10-4 x 0.2 L/kg = 0.000665 mg/kg/day,"ADOPTED (from ATSDR 2018, which PA attributes jointly to Ohmori et al. 2003)",Not argued; taken as given,,"PROVENANCE PROBLEM WORTH FLAGGING: Ohmori et al. 2003 is a RAT study of perfluorocarboxylate pharmacokinetics (chain-length comparison in rats). PA cites it, alongside ATSDR 2018, as the source of the HUMAN PFNA volume of distribution of 0.2 L/kg. Table 2 of the same document instead attributes the PFNA Vd to MDH and ATSDR 2018. So the human PFNA Vd underpinning PA's, Michigan's and New York's PFNA standards may trace to rat data, or to an assumption, depending on which line of PA's own document you read."
"Chang et al. 2018 (mouse POD, via Ali et al. 2019 BMD modelling); Li et al. 2018 or US EPA 2016 (half-life); Sundstrom et al. 2012 / Han et al. 2012 / US EPA 2016 (Vd)",2018; 2012,PA DPAG,PA DPAG 2021 PFAS MCLG recommendations.txt,PFHxS derivation table; Table 2,PFHxS,human,not specified,dosimetric adjustment factor (DAF),stated formula gives 9.0 x 10-2 mL/kg/day; value actually applied is 8.61 x 10-2 mL/kg/day,mL/kg/day,,,"'DAF = Vd (L/kg) x (Ln2/Half-life, days) = 0.25 L/kg x (Ln2/1935 days) = 9.0 x 10-2 mL/kg/d'; then 'HED = 13.9 mg/mL x 8.61 x 10-2 mL/kg/d = 1.196 x 10-3 mg/kg/d'; RfD = HED/300 = 4.0 ng/kg/day","ADOPTED (PA agreed with 'the DAF, UFTs, and application of the Goeden Model by MDH and MDHHS')",POD was the BMDL0.5SD of 13.9 mg/mL derived by Ali et al. 2019 from the Chang et al. 2018 mouse litter-size data,,"INTERNAL INCONSISTENCY: PA writes the MDH formula (Vd 0.25, half-life 1935 d, DAF 9.0e-2 mL/kg/day) but substitutes the NHDES value (8.61e-2 mL/kg/day, which corresponds to Vd 0.213 and half-life 1716 d) in the arithmetic. It lands on NH's RfD of 4.0 ng/kg/day. Also note THREE DIFFERENT ATTRIBUTIONS for the same 0.25 L/kg PFHxS Vd within one document: Table 2 says Sundstrom 2012 and Ali 2019; the PFHxS table says USEPA 2016 and Han 2012. Sundstrom et al. 2012 is the comparative-pharmacokinetics study that is the source of the female-rat 2-hour PFHxS half-life, so a rodent PK paper is again being cited for a human Vd."
"MDH 2019, 2020 compilations (PFHxS breast milk also attributed to Li 2019)",2019; 2020,PA DPAG,PA DPAG 2021 PFAS MCLG recommendations.txt,Table 2: Exposure Model Parameters used in transgenerational model (Goeden 2019),"PFOA, PFOS, PFHxS, PFNA",human,maternal-fetal and lactating,placental and breast milk transfer ratios,"placental: PFOA 0.87, PFOS 0.40, PFHxS 0.70, PFNA 0.69; breast milk: PFOA 0.052, PFOS 0.017, PFHxS 0.014, PFNA 0.032",unitless ratios,,,inputs to the Goeden et al. 2019 transgenerational toxicokinetic model (the same model WA DOH calls the MDH model),ADOPTED (from MDH 2019/2020),Accepted wholesale along with the Goeden model structure,,"IDENTICAL to the values WA DOH adopted, confirming MDH 2019/2020 as the single origin of these ratios for every state that uses the Goeden model (MN, MI, NH, WA, PA). PA's Table 2 prints the PFOS placental ratio as '40' rather than 0.40 - a units slip. KEY DIFFERENCE FROM WA: PA assumes 12 MONTHS of exclusive breastfeeding where WA assumes 6 months followed by a 6-month phase-out, so PA's model delivers roughly twice WA's lactational dose for the same water concentration. PA also uses 95th-percentile water intake throughout (WA switched to 90th percentile after one year of age) and a time-weighted average water ingestion rate from birth to 30-35 years of age to set maternal serum at delivery."
"Loccisano et al. 2011, 2012a,b, 2013 (PBPK models); Perkins et al. 2004 (rat POD)",2011-2013; 2004,PA DPAG (reporting Health Canada),PA DPAG 2021 PFAS MCLG workbook.txt,Health Canada PFOA entry in the agency comparison workbook,PFOA,rat to human,male rat,AKUF (toxicokinetic component of the chemical-specific interspecies adjustment factor),96,unitless,,,"'Adjustment of UFA (termed AKUF) using ratios of PBPK model-predicted dose metrics, using steady-state plasma concentrations... AKUF = CL_animal / CL_human'. HED = 0.05 mg/kg/day BMDL10 for hepatocellular hypertrophy divided by 96; '96 is the dose-specific AKUF for rats in the 0.01 mg/kg bw per day range'. Residual UFA 2.5, UFH 10.",ADOPTED by PA as a reported comparator; DERIVED by Health Canada,Reported in PA's comparison workbook alongside all other agencies' approaches,,"THE HEALTH CANADA PFOA AKUF, the counterpart of the PFOS AKUFs in the 2016 PFOS consultation document. Rat-to-human PFOA AKUF of 96 at the 0.01 mg/kg-day dose band, versus 14 for PFOS at the equivalent band - i.e. Health Canada's PBPK models imply the rat-human toxicokinetic disparity is nearly 7-fold GREATER for PFOA than for PFOS. Like the PFOS values it is dose-specific and, as the PFOS document states, derived from male rats only. Residual interspecies UF of 2.5 = toxicodynamic component only, same architecture as the PFOS assessment."
CA OEHHA cancer approach (rat tumour data),,PA DPAG (reporting CA OEHHA),PA DPAG 2021 PFAS MCLG workbook.txt,Cancer entries in the agency comparison workbook (PFOA and PFOS),PFOA; PFOS,rat to human,male rat,interspecies dose scaling exponent for cancer potency,BMDL05(human) = BMDL05(animal) x (BW_animal/BW_human)^(1/8),allometric exponent 1/8,,,"PFOA: animal BMDL05 0.000648 mg/kg-day gives human 3.5 x 10-4 mg/kg-day, CSF 143 per mg/kg-day. PFOS: male rat BMDL05 0.0020 mg/kg-day gives human 0.0011 mg/kg-day, CSF 45.5 per mg/kg-day for males.",ADOPTED as a reported comparator approach,Reported in the comparison workbook,PA did not adopt this approach; MCLGs for cancer endpoints are historically set at zero,"A THIRD KIND of interspecies adjustment appearing in the state set, distinct from both Vd-based clearance conversion and half-life ratios: pure allometric BODY-WEIGHT scaling with an exponent of 1/8 (equivalent to BW^3/4 scaling of dose per unit body weight expressed per unit surface area, OEHHA's cancer convention). It contains NO toxicokinetic information about PFAS at all - the human/animal factor is roughly 1.9 for the rat, versus 96 from Health Canada's PBPK AKUF for the same species and chemical. The two approaches differ by a factor of about 50."
Lieder et al. 2009a / Feng et al. 2017 (PODs); Rumpler et al. 2016 and personal communication Lau 2017 (mouse half-life); Olsen et al. 2009 (human half-life),2009-2017,PA DPAG,PA DPAG 2021 PFAS MCLG recommendations.txt,Section 9 PFBS derivation,PFBS,female mouse to human,female (mouse),"dosimetric adjustment factor (DAF), half-life ratio, replacing an allometric DAF",316,unitless (human serum half-life / female mouse serum half-life = 665 hours / 2.1 hours),,,"PA took US EPA's BMDL10 of 1.84 mg/kg/day, DIVIDED IT BY 0.149 to REMOVE the allometric (BW^3/4) DAF that EPA had applied before BMD modelling, recovering an administered-dose POD of 12.35 mg/kg/day, then divided by the chemical-specific half-life-ratio DAF of 316 to obtain an HED of 0.039 mg/kg/day",ADOPTED from MDH 2020 (the DAF); the de-allometrisation arithmetic was PERFORMED BY PA,"'MDHHS... removed the allometric scaling used in the draft USEPA (2018 PFBS) and applied the PFBS specific DAF developed by MDH. Thus, MDHHS was able to develop a chemical specific HED.' PA went further and used the BMDL10 rather than the BMDL20 'as the standard approach where the model fit was valid'.","EXPLICITLY REJECTED US EPA's allometric DAF of 0.149 for PFBS, backing it out of EPA's own published POD in order to substitute a toxicokinetic DAF","THE CLEANEST DOCUMENTED EXAMPLE of a state agency stripping out a default allometric dose adjustment and replacing it with a chemical-specific toxicokinetic one. The two adjustments differ enormously: EPA's allometric factor of 0.149 is equivalent to a ratio of about 6.7, where the half-life ratio is 316 - a 47-fold difference in the mouse-to-human adjustment, all of it from choosing TK data over body-weight scaling. Note the DAF of 316 rests on a 2.1-hour female mouse half-life that comes partly from a PERSONAL COMMUNICATION (Lau 2017)."
DuPont-18405-1037 (2010) mouse reproduction/development study,2010,PA DPAG (reporting US EPA 2018 draft),PA DPAG 2021 PFAS MCLG workbook.txt,GenX / HFPO-DA entry in the agency comparison workbook,GenX (HFPO-DA),mouse to human,not specified,"dosimetric adjustment factor (DAF), allometric",0.15,"unitless (BW^3/4 scaling factor, mouse to human)",,,'A candidate POD HED was derived from the BMDL10 for liver effects using a BW3/4 allometric scaling approach. DAF for the allometric scaling of doses from mice to humans is 0.15.' BMDL10 of 0.15 mg/kg/day gives a PODHED of 0.023 mg/kg/day for single-cell necrosis of the liver.,ADOPTED as a reported comparator; DERIVED by US EPA 2018 (draft) using the default allometric procedure,Used in the absence of chemical-specific toxicokinetic data for GenX,,"GENX TK IS SO THIN THAT THE DOSIMETRY FALLS BACK ENTIRELY ON BODY-WEIGHT SCALING. Contrast with PFBS, where EPA's allometric DAF of 0.149 (essentially the same number, since it is pure allometry and carries no chemical information) was stripped out and replaced with a 316-fold TK ratio. For GenX no such replacement was possible. This is the central reason GenX standards are not comparable with long-chain PFAS standards."
