chemical,species,strain,sex,parameter,value,value_low,value_high,units,dose,dose_units,route,method,n_animals,study,year,pmid_or_doi,source_table,provenance,notes
PFOA,rat,Sprague-Dawley,M,halflife,202.0,,,h,0.1,mg/kg,oral gavage,compartmental (terminal elimination),,Kemper 2003 (DuPont Haskell unpublished report),2003,,"ATSDR 2021 Toxicological Profile for Perfluoroalkyls, Table 3-5 (compilation)",animal_halflife_measured.csv,
PFOA,rat,Sprague-Dawley,M,halflife,138.0,,,h,1,mg/kg,oral gavage,compartmental (terminal elimination),,Kemper 2003 (DuPont Haskell unpublished report),2003,,"ATSDR 2021 Toxicological Profile for Perfluoroalkyls, Table 3-5 (compilation)",animal_halflife_measured.csv,
PFOA,rat,Sprague-Dawley,M,halflife,174.0,,,h,5,mg/kg,oral gavage,compartmental (terminal elimination),,Kemper 2003 (DuPont Haskell unpublished report),2003,,"ATSDR 2021 Toxicological Profile for Perfluoroalkyls, Table 3-5 (compilation)",animal_halflife_measured.csv,
PFOA,rat,Sprague-Dawley,M,halflife,157.0,,,h,25,mg/kg,oral gavage,compartmental (terminal elimination),,Kemper 2003 (DuPont Haskell unpublished report),2003,,"ATSDR 2021 Toxicological Profile for Perfluoroalkyls, Table 3-5 (compilation)",animal_halflife_measured.csv,
PFOA,rat,Sprague-Dawley,F,halflife,3.2,,,h,0.1,mg/kg,oral gavage,compartmental (terminal elimination),,Kemper 2003 (DuPont Haskell unpublished report),2003,,"ATSDR 2021 Toxicological Profile for Perfluoroalkyls, Table 3-5 (compilation)",animal_halflife_measured.csv,
PFOA,rat,Sprague-Dawley,F,halflife,3.5,,,h,1,mg/kg,oral gavage,compartmental (terminal elimination),,Kemper 2003 (DuPont Haskell unpublished report),2003,,"ATSDR 2021 Toxicological Profile for Perfluoroalkyls, Table 3-5 (compilation)",animal_halflife_measured.csv,
PFOA,rat,Sprague-Dawley,F,halflife,4.6,,,h,5,mg/kg,oral gavage,compartmental (terminal elimination),,Kemper 2003 (DuPont Haskell unpublished report),2003,,"ATSDR 2021 Toxicological Profile for Perfluoroalkyls, Table 3-5 (compilation)",animal_halflife_measured.csv,
PFOA,rat,Sprague-Dawley,F,halflife,16.2,,,h,25,mg/kg,oral gavage,compartmental (terminal elimination),,Kemper 2003 (DuPont Haskell unpublished report),2003,,"ATSDR 2021 Toxicological Profile for Perfluoroalkyls, Table 3-5 (compilation)",animal_halflife_measured.csv,
PFOA,rat,Sprague-Dawley,M,halflife,185.0,,,h,1,mg/kg,IV,compartmental (terminal elimination),,Kemper 2003 (DuPont Haskell unpublished report),2003,,"ATSDR 2021 Toxicological Profile for Perfluoroalkyls, Table 3-5 (compilation)",animal_halflife_measured.csv,
PFOA,rat,Sprague-Dawley,F,halflife,2.8,,,h,1,mg/kg,IV,compartmental (terminal elimination),,Kemper 2003 (DuPont Haskell unpublished report),2003,,"ATSDR 2021 Toxicological Profile for Perfluoroalkyls, Table 3-5 (compilation)",animal_halflife_measured.csv,
PFOA,rat,Sprague-Dawley,M,halflife,44.0,,,h,1,mg/kg,oral gavage,WinNonlin compartmental,,Kim et al. 2016,2016,27637925,"ATSDR 2021 Toxicological Profile for Perfluoroalkyls, Table 3-5 (compilation); ATSDR 2021 Toxicological Profile for Perfluoroalkyls, Table 3-6 (compilation)",animal_halflife_measured.csv,
PFOA,rat,Sprague-Dawley,F,halflife,3.6,,,h,1,mg/kg,oral gavage,WinNonlin compartmental,,Kim et al. 2016,2016,27637925,"ATSDR 2021 Toxicological Profile for Perfluoroalkyls, Table 3-5 (compilation); ATSDR 2021 Toxicological Profile for Perfluoroalkyls, Table 3-6 (compilation)",animal_halflife_measured.csv,
PFOA,rat,Sprague-Dawley,M,halflife,39.0,,,h,1,mg/kg,IV,WinNonlin compartmental,,Kim et al. 2016,2016,27637925,"ATSDR 2021 Toxicological Profile for Perfluoroalkyls, Table 3-5 (compilation); ATSDR 2021 Toxicological Profile for Perfluoroalkyls, Table 3-6 (compilation)",animal_halflife_measured.csv,
PFOA,rat,Sprague-Dawley,F,halflife,4.6,,,h,1,mg/kg,IV,WinNonlin compartmental,,Kim et al. 2016,2016,27637925,"ATSDR 2021 Toxicological Profile for Perfluoroalkyls, Table 3-5 (compilation); ATSDR 2021 Toxicological Profile for Perfluoroalkyls, Table 3-6 (compilation)",animal_halflife_measured.csv,
PFOA,rat,Sprague-Dawley,M,halflife,322.0,,,h,0.4,mg/kg,oral gavage,terminal elimination,,Benskin et al. 2009,2009,10.1897/08-252.1,"ATSDR 2021 Toxicological Profile for Perfluoroalkyls, Table 3-5 (compilation)",animal_halflife_measured.csv,
PFOA,rat,Sprague-Dawley,M,halflife,218.0,,,h,0.022,mg/kg/day,oral (diet),"terminal elimination, 95% CL",,De Silva et al. 2009,2009,18939893,"ATSDR 2021 Toxicological Profile for Perfluoroalkyls, Table 3-5 (compilation)",animal_halflife_measured.csv,
PFOA,rat,Wistar,M,halflife,136.0,,,h,21.5,mg/kg,IV,terminal elimination,,Kudo et al. 2002,2002,11879818,"ATSDR 2021 Toxicological Profile for Perfluoroalkyls, Table 3-5 (compilation); ATSDR 2021 Toxicological Profile for Perfluoroalkyls, Table 3-6 (compilation)",animal_halflife_measured.csv,
PFOA,rat,Wistar,F,halflife,1.9,,,h,21.5,mg/kg,IV,terminal elimination,,Kudo et al. 2002,2002,11879818,"ATSDR 2021 Toxicological Profile for Perfluoroalkyls, Table 3-5 (compilation); ATSDR 2021 Toxicological Profile for Perfluoroalkyls, Table 3-6 (compilation)",animal_halflife_measured.csv,
PFOA,rat,Wistar,M,halflife,5.63,,,d,20.1,mg/kg,IV,2-compartment,,Ohmori et al. 2003,2003,12499116,"Ohmori 2003 abstract; ATSDR 2021 Toxicological Profile for Perfluoroalkyls, Table 3-5 (compilation); ATSDR 2021 Toxicological Profile for Perfluoroalkyls, Table 3-6 (compilation)",animal_halflife_measured.csv,
PFOA,rat,Wistar,F,halflife,0.08,,,d,20.1,mg/kg,IV,2-compartment,,Ohmori et al. 2003,2003,12499116,"Ohmori 2003 abstract; ATSDR 2021 Toxicological Profile for Perfluoroalkyls, Table 3-5 (compilation); ATSDR 2021 Toxicological Profile for Perfluoroalkyls, Table 3-6 (compilation)",animal_halflife_measured.csv,
PFOA,rat,Sprague-Dawley,M,halflife,216.0,,,h,3.9,mg/kg,IP,terminal elimination,,Vanden Heuvel et al. 1991,1991,1941903,"ATSDR 2021 Toxicological Profile for Perfluoroalkyls, Table 3-5 (compilation); Vanden Heuvel 1991 abstract",animal_halflife_measured.csv,
PFOA,rat,Sprague-Dawley,F,halflife,2.9,,,h,3.9,mg/kg,IP,terminal elimination,,Vanden Heuvel et al. 1991,1991,1941903,"ATSDR 2021 Toxicological Profile for Perfluoroalkyls, Table 3-5 (compilation); Vanden Heuvel 1991 abstract",animal_halflife_measured.csv,
PFOA,rat,Wistar,M,halflife,105.0,,,h,50,mg/kg,IP,terminal elimination,,Ylinen et al. 1990,1990,2306537,"ATSDR 2021 Toxicological Profile for Perfluoroalkyls, Table 3-5 (compilation)",animal_halflife_measured.csv,
PFOA,rat,Wistar,F,halflife,24.0,,,h,50,mg/kg,IP,terminal elimination,,Ylinen et al. 1990,1990,2306537,"ATSDR 2021 Toxicological Profile for Perfluoroalkyls, Table 3-5 (compilation)",animal_halflife_measured.csv,
PFOA,rat,CR (Charles River),M,halflife,115.0,,,h,11.4,mg/kg,oral,,,Johnson & Ober 1980 (3M unpublished),1980,,"ATSDR 2021 Toxicological Profile for Perfluoroalkyls, Table 3-5 (compilation)",animal_halflife_measured.csv,
PFOA,rat,Hsd:Sprague-Dawley SD,M,halflife,215.0,,,h,"6, 12, 48",mg/kg,oral gavage,"2-compartment, beta-phase",,Dzierlenga et al. 2020 (NTP),2020,31680603,Dzierlenga 2020 abstract; EPA 2024 PFOA assessment Section 3.3.2.1,animal_halflife_measured.csv,
PFOA,rat,Hsd:Sprague-Dawley SD,F,halflife,2.75,,,h,"40, 80, 320",mg/kg,oral gavage,"2-compartment, beta-phase",,Dzierlenga et al. 2020 (NTP),2020,31680603,Dzierlenga 2020 abstract; EPA 2024 PFOA assessment Section 3.3.1/3.3.2.1,animal_halflife_measured.csv,
PFOS,rat,Sprague-Dawley (Charles River),M,halflife,1495.0,,,h,2,mg/kg,oral,WinNonlin terminal elimination,,Chang et al. 2012,2012,21889587,"ATSDR 2021 Toxicological Profile for Perfluoroalkyls, Table 3-5 (compilation)",animal_halflife_measured.csv,
PFOS,rat,Sprague-Dawley (Charles River),M,halflife,1707.0,,,h,15,mg/kg,oral,WinNonlin terminal elimination,,Chang et al. 2012,2012,21889587,"ATSDR 2021 Toxicological Profile for Perfluoroalkyls, Table 3-5 (compilation)",animal_halflife_measured.csv,
PFOS,rat,Sprague-Dawley (Charles River),F,halflife,919.0,,,h,2,mg/kg,oral,WinNonlin terminal elimination,,Chang et al. 2012,2012,21889587,"ATSDR 2021 Toxicological Profile for Perfluoroalkyls, Table 3-5 (compilation)",animal_halflife_measured.csv,
PFOS,rat,Sprague-Dawley (Charles River),F,halflife,989.0,,,h,15,mg/kg,oral,WinNonlin terminal elimination,,Chang et al. 2012,2012,21889587,"ATSDR 2021 Toxicological Profile for Perfluoroalkyls, Table 3-5 (compilation)",animal_halflife_measured.csv,
PFOS,mouse,CD-1,M,halflife,1027.0,,,h,1,mg/kg,oral,WinNonlin terminal elimination,,Chang et al. 2012,2012,21889587,"ATSDR 2021 Toxicological Profile for Perfluoroalkyls, Table 3-5 (compilation)",animal_halflife_measured.csv,
PFOS,mouse,CD-1,M,halflife,874.0,,,h,20,mg/kg,oral,WinNonlin terminal elimination,,Chang et al. 2012,2012,21889587,"ATSDR 2021 Toxicological Profile for Perfluoroalkyls, Table 3-5 (compilation)",animal_halflife_measured.csv,
PFOS,mouse,CD-1,F,halflife,907.0,,,h,1,mg/kg,oral,WinNonlin terminal elimination,,Chang et al. 2012,2012,21889587,"ATSDR 2021 Toxicological Profile for Perfluoroalkyls, Table 3-5 (compilation)",animal_halflife_measured.csv,
PFOS,mouse,CD-1,F,halflife,731.0,,,h,20,mg/kg,oral,WinNonlin terminal elimination,,Chang et al. 2012,2012,21889587,"ATSDR 2021 Toxicological Profile for Perfluoroalkyls, Table 3-5 (compilation)",animal_halflife_measured.csv,
PFOS,rat,Sprague-Dawley,M,halflife,179.0,,,h,4.2,mg/kg,oral,,,Johnson & Ober 1979 (3M unpublished),1979,,"ATSDR 2021 Toxicological Profile for Perfluoroalkyls, Table 3-5 (compilation)",animal_halflife_measured.csv,
PFOS,rat,Sprague-Dawley,M,halflife,809.0,,,h,0.27,mg/kg,oral,,,Benskin et al. 2009,2009,10.1897/08-252.1,"ATSDR 2021 Toxicological Profile for Perfluoroalkyls, Table 3-5 (compilation)",animal_halflife_measured.csv,
PFOS,rat,Sprague-Dawley,M,halflife,1968.0,,,h,0.023,mg/kg/day,oral (diet),,,De Silva et al. 2009,2009,18939893,"ATSDR 2021 Toxicological Profile for Perfluoroalkyls, Table 3-5 (compilation)",animal_halflife_measured.csv,
PFOS,rat,Sprague-Dawley,F,halflife,1992.0,,,h,0.023,mg/kg/day,oral (diet),,,De Silva et al. 2009,2009,18939893,"ATSDR 2021 Toxicological Profile for Perfluoroalkyls, Table 3-5 (compilation)",animal_halflife_measured.csv,
PFOS,rat,Sprague-Dawley,M,halflife,635.0,,,h,2,mg/kg,oral,WinNonlin,,Kim et al. 2016,2016,27637925,"ATSDR 2021 Toxicological Profile for Perfluoroalkyls, Table 3-5 (compilation); ATSDR 2021 Toxicological Profile for Perfluoroalkyls, Table 3-6 (compilation)",animal_halflife_measured.csv,
PFOS,rat,Sprague-Dawley,F,halflife,564.0,,,h,2,mg/kg,oral,WinNonlin,,Kim et al. 2016,2016,27637925,"ATSDR 2021 Toxicological Profile for Perfluoroalkyls, Table 3-5 (compilation); ATSDR 2021 Toxicological Profile for Perfluoroalkyls, Table 3-6 (compilation)",animal_halflife_measured.csv,
PFOS,rat,Sprague-Dawley,M,halflife,689.0,,,h,2,mg/kg,IV,WinNonlin,,Kim et al. 2016,2016,27637925,"ATSDR 2021 Toxicological Profile for Perfluoroalkyls, Table 3-5 (compilation); ATSDR 2021 Toxicological Profile for Perfluoroalkyls, Table 3-6 (compilation)",animal_halflife_measured.csv,
PFOS,rat,Sprague-Dawley,F,halflife,595.0,,,h,2,mg/kg,IV,WinNonlin,,Kim et al. 2016,2016,27637925,"ATSDR 2021 Toxicological Profile for Perfluoroalkyls, Table 3-5 (compilation); ATSDR 2021 Toxicological Profile for Perfluoroalkyls, Table 3-6 (compilation)",animal_halflife_measured.csv,
PFOS,rat,Hsd:Sprague-Dawley SD,M,halflife,22.0,,,d,2,mg/kg,IV,2-compartment; k10 T1/2,3 per timepoint,Huang et al. 2019 (NTP),2019,31334035,Huang 2019 Table 4,animal_halflife_measured.csv,
PFOS,rat,Hsd:Sprague-Dawley SD,M,halflife,19.9,,,d,2,mg/kg,oral gavage,2-compartment; k10 T1/2,3 per timepoint,Huang et al. 2019 (NTP),2019,31334035,Huang 2019 Table 4,animal_halflife_measured.csv,
PFOS,rat,Hsd:Sprague-Dawley SD,M,halflife,19.0,,,d,2x5,mg/kg,oral gavage,2-compartment; k10 T1/2,3 per timepoint,Huang et al. 2019 (NTP),2019,31334035,Huang 2019 Table 4,animal_halflife_measured.csv,
PFOS,rat,Hsd:Sprague-Dawley SD,M,halflife,14.5,,,d,20,mg/kg,oral gavage,2-compartment; k10 T1/2,3 per timepoint,Huang et al. 2019 (NTP),2019,31334035,Huang 2019 Table 4,animal_halflife_measured.csv,
PFOS,rat,Hsd:Sprague-Dawley SD,F,halflife,23.0,,,d,2,mg/kg,IV,2-compartment; k10 T1/2,3 per timepoint,Huang et al. 2019 (NTP),2019,31334035,Huang 2019 Table 4,animal_halflife_measured.csv,
PFOS,rat,Hsd:Sprague-Dawley SD,F,halflife,28.4,,,d,2,mg/kg,oral gavage,2-compartment; k10 T1/2,3 per timepoint,Huang et al. 2019 (NTP),2019,31334035,Huang 2019 Table 4,animal_halflife_measured.csv,
PFOS,rat,Hsd:Sprague-Dawley SD,F,halflife,21.1,,,d,2x5,mg/kg,oral gavage,2-compartment; k10 T1/2,3 per timepoint,Huang et al. 2019 (NTP),2019,31334035,Huang 2019 Table 4,animal_halflife_measured.csv,
PFOS,rat,Hsd:Sprague-Dawley SD,F,halflife,18.0,,,d,20,mg/kg,oral gavage,2-compartment; k10 T1/2,3 per timepoint,Huang et al. 2019 (NTP),2019,31334035,Huang 2019 Table 4,animal_halflife_measured.csv,
PFHxS,rat,Sprague-Dawley,M,halflife,382.0,,,h,0.030,mg/kg,oral,WinNonlin terminal elimination,,Benskin 2009,2009,10.1897/08-252.1,"ATSDR 2021 Toxicological Profile for Perfluoroalkyls, Table 3-5 (compilation)",animal_halflife_measured.csv,
PFHxS,rat,Sprague-Dawley,M,halflife,645.6,,,h,4,mg/kg,oral,WinNonlin terminal elimination,,Kim 2016,2016,27637925,"ATSDR 2021 Toxicological Profile for Perfluoroalkyls, Table 3-5 (compilation)",animal_halflife_measured.csv,
PFHxS,rat,Sprague-Dawley,F,halflife,41.28,,,h,4,mg/kg,oral,WinNonlin terminal elimination,,Kim 2016,2016,27637925,"ATSDR 2021 Toxicological Profile for Perfluoroalkyls, Table 3-5 (compilation)",animal_halflife_measured.csv,
PFHxS,rat,Sprague-Dawley,M,halflife,496.8,,,h,4,mg/kg,IV,WinNonlin terminal elimination,,Kim 2016,2016,27637925,"ATSDR 2021 Toxicological Profile for Perfluoroalkyls, Table 3-5 (compilation)",animal_halflife_measured.csv,
PFHxS,rat,Sprague-Dawley,F,halflife,21.12,,,h,4,mg/kg,IV,WinNonlin terminal elimination,,Kim 2016,2016,27637925,"ATSDR 2021 Toxicological Profile for Perfluoroalkyls, Table 3-5 (compilation)",animal_halflife_measured.csv,
PFHxS,rat,Sprague-Dawley,M,halflife,688.0,,,h,10,mg/kg,IV,WinNonlin terminal elimination,,Sundstrom 2012,2012,21856411,"ATSDR 2021 Toxicological Profile for Perfluoroalkyls, Table 3-5 (compilation)",animal_halflife_measured.csv,
PFHxS,rat,Sprague-Dawley,F,halflife,39.0,,,h,10,mg/kg,IV,WinNonlin terminal elimination,,Sundstrom 2012,2012,21856411,"ATSDR 2021 Toxicological Profile for Perfluoroalkyls, Table 3-5 (compilation)",animal_halflife_measured.csv,
PFHxS,mouse,CD-1,M,halflife,732.0,,,h,1,mg/kg,oral,WinNonlin terminal elimination,4,Sundstrom et al. 2012,2012,21856411,"ATSDR 2021 Toxicological Profile for Perfluoroalkyls, Table 3-5 (compilation)",animal_halflife_measured.csv,
PFHxS,mouse,CD-1,M,halflife,671.0,,,h,20,mg/kg,oral,WinNonlin terminal elimination,4,Sundstrom et al. 2012,2012,21856411,"ATSDR 2021 Toxicological Profile for Perfluoroalkyls, Table 3-5 (compilation)",animal_halflife_measured.csv,
PFHxS,mouse,CD-1,F,halflife,597.0,,,h,1,mg/kg,oral,WinNonlin terminal elimination,4,Sundstrom et al. 2012,2012,21856411,"ATSDR 2021 Toxicological Profile for Perfluoroalkyls, Table 3-5 (compilation)",animal_halflife_measured.csv,
PFHxS,mouse,CD-1,F,halflife,643.0,,,h,20,mg/kg,oral,WinNonlin terminal elimination,4,Sundstrom et al. 2012,2012,21856411,"ATSDR 2021 Toxicological Profile for Perfluoroalkyls, Table 3-5 (compilation)",animal_halflife_measured.csv,
PFHxS,mouse,CD-1,M,halflife,30.5,,,d,1,mg/kg,oral,EPA Bayesian re-analysis of Sundstrom data,4,Sundstrom et al. 2012,2012,21856411,"EPA 2025 IRIS Toxicological Review of PFHxS, Table 3-3",animal_halflife_measured.csv,
PFHxS,mouse,CD-1,M,halflife,28.0,,,d,20,mg/kg,oral,EPA Bayesian re-analysis of Sundstrom data,4,Sundstrom et al. 2012,2012,21856411,"EPA 2025 IRIS Toxicological Review of PFHxS, Table 3-3",animal_halflife_measured.csv,
PFHxS,mouse,CD-1,F,halflife,24.8,,,d,1,mg/kg,oral,EPA Bayesian re-analysis of Sundstrom data,4,Sundstrom et al. 2012,2012,21856411,"EPA 2025 IRIS Toxicological Review of PFHxS, Table 3-3",animal_halflife_measured.csv,
PFHxS,mouse,CD-1,F,halflife,26.8,,,d,20,mg/kg,oral,EPA Bayesian re-analysis of Sundstrom data,4,Sundstrom et al. 2012,2012,21856411,"EPA 2025 IRIS Toxicological Review of PFHxS, Table 3-3",animal_halflife_measured.csv,
PFHxS,rat,Sprague-Dawley (Huang: Hsd:SD),M,halflife,15.9,,,d,0.03,mg/kg,oral gavage,study-reported compartmental,,Benskin et al. 2009,2009,,"EPA 2025 IRIS Toxicological Review of PFHxS, Table 3-3",animal_halflife_measured.csv,
PFHxS,rat,Sprague-Dawley (Huang: Hsd:SD),M,halflife,26.9,,,d,4,mg/kg,oral gavage,study-reported compartmental,,Kim et al. 2016,2016,27637925,"EPA 2025 IRIS Toxicological Review of PFHxS, Table 3-3",animal_halflife_measured.csv,
PFHxS,rat,Sprague-Dawley (Huang: Hsd:SD),M,halflife,34.1,,,d,10,mg/kg,oral gavage,study-reported compartmental,,Kim et al. 2018,2018,29143853,"EPA 2025 IRIS Toxicological Review of PFHxS, Table 3-3",animal_halflife_measured.csv,
PFHxS,rat,Sprague-Dawley (Huang: Hsd:SD),M,halflife,17.6,,,d,4,mg/kg,oral gavage,study-reported compartmental,,Huang et al. 2019,2019,31334035,"EPA 2025 IRIS Toxicological Review of PFHxS, Table 3-3",animal_halflife_measured.csv,
PFHxS,rat,Sprague-Dawley (Huang: Hsd:SD),M,halflife,16.5,,,d,16,mg/kg,oral gavage,study-reported compartmental,,Huang et al. 2019,2019,31334035,"EPA 2025 IRIS Toxicological Review of PFHxS, Table 3-3",animal_halflife_measured.csv,
PFHxS,rat,Sprague-Dawley (Huang: Hsd:SD),M,halflife,14.8,,,d,32,mg/kg,oral gavage,study-reported compartmental,,Huang et al. 2019,2019,31334035,"EPA 2025 IRIS Toxicological Review of PFHxS, Table 3-3",animal_halflife_measured.csv,
PFHxS,rat,Sprague-Dawley (Huang: Hsd:SD),F,halflife,1.72,,,d,4,mg/kg,oral gavage,study-reported compartmental,,Kim et al. 2016,2016,27637925,"EPA 2025 IRIS Toxicological Review of PFHxS, Table 3-3",animal_halflife_measured.csv,
PFHxS,rat,Sprague-Dawley (Huang: Hsd:SD),F,halflife,1.6,,,d,1,mg/kg,oral gavage,study-reported compartmental,,Kim et al. 2018,2018,29143853,"EPA 2025 IRIS Toxicological Review of PFHxS, Table 3-3",animal_halflife_measured.csv,
PFHxS,rat,Sprague-Dawley (Huang: Hsd:SD),F,halflife,1.69,,,d,4,mg/kg,oral gavage,study-reported compartmental,,Kim et al. 2018,2018,29143853,"EPA 2025 IRIS Toxicological Review of PFHxS, Table 3-3",animal_halflife_measured.csv,
PFHxS,rat,Sprague-Dawley (Huang: Hsd:SD),F,halflife,2.33,,,d,4,mg/kg,oral gavage,study-reported compartmental,,Huang et al. 2019,2019,31334035,"EPA 2025 IRIS Toxicological Review of PFHxS, Table 3-3",animal_halflife_measured.csv,
PFHxS,rat,Sprague-Dawley (Huang: Hsd:SD),F,halflife,2.19,,,d,16,mg/kg,oral gavage,study-reported compartmental,,Huang et al. 2019,2019,31334035,"EPA 2025 IRIS Toxicological Review of PFHxS, Table 3-3",animal_halflife_measured.csv,
PFHxS,rat,Sprague-Dawley (Huang: Hsd:SD),F,halflife,1.98,,,d,32,mg/kg,oral gavage,study-reported compartmental,,Huang et al. 2019,2019,31334035,"EPA 2025 IRIS Toxicological Review of PFHxS, Table 3-3",animal_halflife_measured.csv,
PFHxS,rat,Sprague-Dawley,M,halflife,27.3,,,d,0.03-32,mg/kg,oral gavage,"Bayesian hierarchical, 90% credible interval",,"EPA Bayesian population mean (Huang 2019, Kim 2016, Kim 2018, Benskin 2009)",2025,,"EPA 2025 IRIS Toxicological Review of PFHxS, Table 3-3",animal_halflife_measured.csv,
PFHxS,rat,Sprague-Dawley,F,halflife,1.86,,,d,1-32,mg/kg,oral gavage,"Bayesian hierarchical, 90% credible interval",,"EPA Bayesian population mean (Huang 2019, Kim 2016, Kim 2018)",2025,,"EPA 2025 IRIS Toxicological Review of PFHxS, Table 3-3",animal_halflife_measured.csv,
PFHxS,rat,Hsd:Sprague-Dawley SD,M,halflife,13.0,,,d,4,mg/kg,IV,2-compartment (IV) / 1-compartment (gavage); k10 T1/2,3 per timepoint,Huang et al. 2019 (NTP),2019,31334035,Huang 2019 Table 3,animal_halflife_measured.csv,
PFHxS,rat,Hsd:Sprague-Dawley SD,M,halflife,17.6,,,d,4,mg/kg,oral gavage,2-compartment (IV) / 1-compartment (gavage); k10 T1/2,3 per timepoint,Huang et al. 2019 (NTP),2019,31334035,Huang 2019 Table 3,animal_halflife_measured.csv,
PFHxS,rat,Hsd:Sprague-Dawley SD,M,halflife,16.5,,,d,16,mg/kg,oral gavage,2-compartment (IV) / 1-compartment (gavage); k10 T1/2,3 per timepoint,Huang et al. 2019 (NTP),2019,31334035,Huang 2019 Table 3,animal_halflife_measured.csv,
PFHxS,rat,Hsd:Sprague-Dawley SD,M,halflife,14.8,,,d,32,mg/kg,oral gavage,2-compartment (IV) / 1-compartment (gavage); k10 T1/2,3 per timepoint,Huang et al. 2019 (NTP),2019,31334035,Huang 2019 Table 3,animal_halflife_measured.csv,
PFHxS,rat,Hsd:Sprague-Dawley SD,F,halflife,0.7,,,d,4,mg/kg,IV,2-compartment (IV) / 1-compartment (gavage); k10 T1/2,3 per timepoint,Huang et al. 2019 (NTP),2019,31334035,Huang 2019 Table 3,animal_halflife_measured.csv,
PFHxS,rat,Hsd:Sprague-Dawley SD,F,halflife,2.33,,,d,4,mg/kg,oral gavage,2-compartment (IV) / 1-compartment (gavage); k10 T1/2,3 per timepoint,Huang et al. 2019 (NTP),2019,31334035,Huang 2019 Table 3,animal_halflife_measured.csv,
PFHxS,rat,Hsd:Sprague-Dawley SD,F,halflife,2.19,,,d,16,mg/kg,oral gavage,2-compartment (IV) / 1-compartment (gavage); k10 T1/2,3 per timepoint,Huang et al. 2019 (NTP),2019,31334035,Huang 2019 Table 3,animal_halflife_measured.csv,
PFHxS,rat,Hsd:Sprague-Dawley SD,F,halflife,1.98,,,d,32,mg/kg,oral gavage,2-compartment (IV) / 1-compartment (gavage); k10 T1/2,3 per timepoint,Huang et al. 2019 (NTP),2019,31334035,Huang 2019 Table 3,animal_halflife_measured.csv,
PFNA,rat,Sprague-Dawley,M,halflife,30.6,,,d,"1, 3, 10",mg/kg,oral gavage,terminal elimination,not extracted,Tatum-Gibbs et al. 2011,2011,21237237,"Tatum-Gibbs 2011 abstract; ATSDR 2021 Toxicological Profile for Perfluoroalkyls, Table 3-5 (compilation)",animal_halflife_measured.csv,
PFNA,rat,Sprague-Dawley,F,halflife,1.4,,,d,"1, 3, 10",mg/kg,oral gavage,terminal elimination,,Tatum-Gibbs et al. 2011,2011,21237237,"Tatum-Gibbs 2011 abstract; ATSDR 2021 Toxicological Profile for Perfluoroalkyls, Table 3-5 (compilation)",animal_halflife_measured.csv,
PFNA,rat,Wistar,M,halflife,29.5,,,d,22.6,mg/kg,IV,,,Ohmori et al. 2003,2003,12499116,"Ohmori 2003 abstract; ATSDR 2021 Toxicological Profile for Perfluoroalkyls, Table 3-5 (compilation); ATSDR 2021 Toxicological Profile for Perfluoroalkyls, Table 3-6 (compilation)",animal_halflife_measured.csv,
PFNA,rat,Wistar,F,halflife,2.44,,,d,22.6,mg/kg,IV,,,Ohmori et al. 2003,2003,12499116,"Ohmori 2003 abstract; ATSDR 2021 Toxicological Profile for Perfluoroalkyls, Table 3-5 (compilation); ATSDR 2021 Toxicological Profile for Perfluoroalkyls, Table 3-6 (compilation)",animal_halflife_measured.csv,
PFNA,rat,Sprague-Dawley,M,halflife,974.0,,,h,0.2,mg/kg,oral,,,Benskin et al. 2009,2009,10.1897/08-252.1,"ATSDR 2021 Toxicological Profile for Perfluoroalkyls, Table 3-5 (compilation)",animal_halflife_measured.csv,
PFNA,rat,Sprague-Dawley,M,halflife,1128.0,,,h,0.029,mg/kg/day,oral (diet),,,De Silva et al. 2009,2009,18939893,"ATSDR 2021 Toxicological Profile for Perfluoroalkyls, Table 3-5 (compilation)",animal_halflife_measured.csv,
PFDA,rat,Wistar,M,halflife,39.9,,,d,25,mg/kg,IV,,,Ohmori et al. 2003,2003,12499116,"Ohmori 2003 abstract; ATSDR 2021 Toxicological Profile for Perfluoroalkyls, Table 3-5 (compilation)",animal_halflife_measured.csv,
PFDA,rat,Wistar,F,halflife,58.6,,,d,25,mg/kg,IV,,,Ohmori et al. 2003,2003,12499116,"Ohmori 2003 abstract; ATSDR 2021 Toxicological Profile for Perfluoroalkyls, Table 3-5 (compilation)",animal_halflife_measured.csv,
PFDA,rat,Sprague-Dawley,M,halflife,1008.0,,,h,4.8,mg/kg,IP,,,Vanden Heuvel et al. 1991 (PFDA),1991,10.1002/jbt.2570060203,"ATSDR 2021 Toxicological Profile for Perfluoroalkyls, Table 3-5 (compilation)",animal_halflife_measured.csv,
PFDA,rat,Sprague-Dawley,F,halflife,552.0,,,h,4.8,mg/kg,IP,,,Vanden Heuvel et al. 1991 (PFDA),1991,10.1002/jbt.2570060203,"ATSDR 2021 Toxicological Profile for Perfluoroalkyls, Table 3-5 (compilation)",animal_halflife_measured.csv,
PFHpA,rat,Wistar,M,halflife,0.1,,,d,17.7,mg/kg,IV,,,Ohmori et al. 2003,2003,12499116,"Ohmori 2003 abstract; ATSDR 2021 Toxicological Profile for Perfluoroalkyls, Table 3-5 (compilation); ATSDR 2021 Toxicological Profile for Perfluoroalkyls, Table 3-6 (compilation)",animal_halflife_measured.csv,
PFHpA,rat,Wistar,F,halflife,0.05,,,d,17.7,mg/kg,IV,,,Ohmori et al. 2003,2003,12499116,"Ohmori 2003 abstract; ATSDR 2021 Toxicological Profile for Perfluoroalkyls, Table 3-5 (compilation); ATSDR 2021 Toxicological Profile for Perfluoroalkyls, Table 3-6 (compilation)",animal_halflife_measured.csv,
PFHxA,rat,Sprague-Dawley,M,halflife,1.0,,,h,10,mg/kg,IV,terminal elimination,,Chengelis et al. 2009,2009,19429410,"ATSDR 2021 Toxicological Profile for Perfluoroalkyls, Table 3-5 (compilation)",animal_halflife_measured.csv,
PFHxA,rat,Sprague-Dawley,M,halflife,2.2,,,h,50,mg/kg,oral,terminal elimination,,Chengelis et al. 2009,2009,19429410,"ATSDR 2021 Toxicological Profile for Perfluoroalkyls, Table 3-5 (compilation)",animal_halflife_measured.csv,
PFHxA,rat,Sprague-Dawley,M,halflife,2.4,,,h,150,mg/kg,oral,terminal elimination,,Chengelis et al. 2009,2009,19429410,"ATSDR 2021 Toxicological Profile for Perfluoroalkyls, Table 3-5 (compilation)",animal_halflife_measured.csv,
PFHxA,rat,Sprague-Dawley,M,halflife,2.5,,,h,300,mg/kg,oral,terminal elimination,,Chengelis et al. 2009,2009,19429410,"ATSDR 2021 Toxicological Profile for Perfluoroalkyls, Table 3-5 (compilation)",animal_halflife_measured.csv,
PFHxA,rat,Sprague-Dawley,F,halflife,0.42,,,h,10,mg/kg,IV,terminal elimination,,Chengelis et al. 2009,2009,19429410,"ATSDR 2021 Toxicological Profile for Perfluoroalkyls, Table 3-5 (compilation)",animal_halflife_measured.csv,
PFHxA,rat,Sprague-Dawley,F,halflife,2.6,,,h,50,mg/kg,oral,terminal elimination,,Chengelis et al. 2009,2009,19429410,"ATSDR 2021 Toxicological Profile for Perfluoroalkyls, Table 3-5 (compilation)",animal_halflife_measured.csv,
PFHxA,rat,Sprague-Dawley,F,halflife,2.2,,,h,150,mg/kg,oral,terminal elimination,,Chengelis et al. 2009,2009,19429410,"ATSDR 2021 Toxicological Profile for Perfluoroalkyls, Table 3-5 (compilation)",animal_halflife_measured.csv,
PFHxA,rat,Sprague-Dawley,F,halflife,2.1,,,h,300,mg/kg,oral,terminal elimination,,Chengelis et al. 2009,2009,19429410,"ATSDR 2021 Toxicological Profile for Perfluoroalkyls, Table 3-5 (compilation)",animal_halflife_measured.csv,
PFHxA,rat,Sprague-Dawley,M,halflife,1.7,,,h,2,mg/kg,oral gavage,,,Gannon et al. 2011,2011,21349313,"ATSDR 2021 Toxicological Profile for Perfluoroalkyls, Table 3-5 (compilation); Gannon 2011 abstract",animal_halflife_measured.csv,
PFHxA,rat,Sprague-Dawley,M,halflife,0.5,,,h,10,mg/kg,oral gavage,,,Gannon et al. 2011,2011,21349313,"ATSDR 2021 Toxicological Profile for Perfluoroalkyls, Table 3-5 (compilation); Gannon 2011 abstract",animal_halflife_measured.csv,
PFHxA,rat,Sprague-Dawley,F,halflife,1.5,,,h,2,mg/kg,oral gavage,,,Gannon et al. 2011,2011,21349313,"ATSDR 2021 Toxicological Profile for Perfluoroalkyls, Table 3-5 (compilation); Gannon 2011 abstract",animal_halflife_measured.csv,
PFHxA,rat,Sprague-Dawley,F,halflife,0.7,,,h,10,mg/kg,oral gavage,,,Gannon et al. 2011,2011,21349313,"ATSDR 2021 Toxicological Profile for Perfluoroalkyls, Table 3-5 (compilation); Gannon 2011 abstract",animal_halflife_measured.csv,
PFHxA,rat,Sprague-Dawley,M,halflife,2.0,,,h,50,mg/kg/day,oral,,,"Kirkpatrick 2005 (unpublished, cited by ATSDR)",2005,,"ATSDR 2021 Toxicological Profile for Perfluoroalkyls, Table 3-5 (compilation)",animal_halflife_measured.csv,
PFHxA,rat,Sprague-Dawley,M,halflife,2.1,,,h,150,mg/kg/day,oral,,,"Kirkpatrick 2005 (unpublished, cited by ATSDR)",2005,,"ATSDR 2021 Toxicological Profile for Perfluoroalkyls, Table 3-5 (compilation)",animal_halflife_measured.csv,
PFHxA,rat,Sprague-Dawley,M,halflife,2.9,,,h,300,mg/kg/day,oral,,,"Kirkpatrick 2005 (unpublished, cited by ATSDR)",2005,,"ATSDR 2021 Toxicological Profile for Perfluoroalkyls, Table 3-5 (compilation)",animal_halflife_measured.csv,
PFHxA,rat,Sprague-Dawley,F,halflife,1.9,,,h,50,mg/kg/day,oral,,,"Kirkpatrick 2005 (unpublished, cited by ATSDR)",2005,,"ATSDR 2021 Toxicological Profile for Perfluoroalkyls, Table 3-5 (compilation)",animal_halflife_measured.csv,
PFHxA,rat,Sprague-Dawley,F,halflife,2.2,,,h,150,mg/kg/day,oral,,,"Kirkpatrick 2005 (unpublished, cited by ATSDR)",2005,,"ATSDR 2021 Toxicological Profile for Perfluoroalkyls, Table 3-5 (compilation)",animal_halflife_measured.csv,
PFHxA,rat,Sprague-Dawley,F,halflife,3.0,,,h,300,mg/kg/day,oral,,,"Kirkpatrick 2005 (unpublished, cited by ATSDR)",2005,,"ATSDR 2021 Toxicological Profile for Perfluoroalkyls, Table 3-5 (compilation)",animal_halflife_measured.csv,
PFHxA,rat,Hsd:Sprague-Dawley SD,M,halflife,9.0,,,h,not extracted,mg/kg,IV and oral gavage,compartmental,,Dzierlenga et al. 2020 (NTP),2020,31680603,Dzierlenga 2020 abstract,animal_halflife_measured.csv,
PFHxA,rat,Hsd:Sprague-Dawley SD,F,halflife,2.0,,,h,not extracted,mg/kg,IV and oral gavage,compartmental,,Dzierlenga et al. 2020 (NTP),2020,31680603,Dzierlenga 2020 abstract,animal_halflife_measured.csv,
PFBA,rat,Sprague-Dawley,M,halflife,9.22,,,h,30,mg/kg,oral,terminal elimination (WinNonlin),,Chang et al. 2008,2008,18353799,"ATSDR 2021 Toxicological Profile for Perfluoroalkyls, Table 3-5 (compilation); Chang 2008 abstract",animal_halflife_measured.csv,
PFBA,rat,Sprague-Dawley,M,halflife,6.38,,,h,30,mg/kg,IV,terminal elimination (WinNonlin),,Chang et al. 2008,2008,18353799,"ATSDR 2021 Toxicological Profile for Perfluoroalkyls, Table 3-5 (compilation); Chang 2008 abstract",animal_halflife_measured.csv,
PFBA,rat,Sprague-Dawley,F,halflife,1.76,,,h,30,mg/kg,oral,terminal elimination (WinNonlin),,Chang et al. 2008,2008,18353799,"ATSDR 2021 Toxicological Profile for Perfluoroalkyls, Table 3-5 (compilation); Chang 2008 abstract",animal_halflife_measured.csv,
PFBA,rat,Sprague-Dawley,F,halflife,1.03,,,h,30,mg/kg,IV,terminal elimination (WinNonlin),,Chang et al. 2008,2008,18353799,"ATSDR 2021 Toxicological Profile for Perfluoroalkyls, Table 3-5 (compilation); Chang 2008 abstract",animal_halflife_measured.csv,
PFBA,mouse,CD-1,M,halflife,13.34,,,h,10,mg/kg,oral,terminal elimination (WinNonlin),,Chang et al. 2008,2008,18353799,"ATSDR 2021 Toxicological Profile for Perfluoroalkyls, Table 3-5 (compilation); Chang 2008 abstract",animal_halflife_measured.csv,
PFBA,mouse,CD-1,M,halflife,16.25,,,h,30,mg/kg,oral,terminal elimination (WinNonlin),,Chang et al. 2008,2008,18353799,"ATSDR 2021 Toxicological Profile for Perfluoroalkyls, Table 3-5 (compilation); Chang 2008 abstract",animal_halflife_measured.csv,
PFBA,mouse,CD-1,M,halflife,5.22,,,h,100,mg/kg,oral,terminal elimination (WinNonlin),,Chang et al. 2008,2008,18353799,"ATSDR 2021 Toxicological Profile for Perfluoroalkyls, Table 3-5 (compilation); Chang 2008 abstract",animal_halflife_measured.csv,
PFBA,mouse,CD-1,F,halflife,2.87,,,h,10,mg/kg,oral,terminal elimination (WinNonlin),,Chang et al. 2008,2008,18353799,"ATSDR 2021 Toxicological Profile for Perfluoroalkyls, Table 3-5 (compilation); Chang 2008 abstract",animal_halflife_measured.csv,
PFBA,mouse,CD-1,F,halflife,3.08,,,h,30,mg/kg,oral,terminal elimination (WinNonlin),,Chang et al. 2008,2008,18353799,"ATSDR 2021 Toxicological Profile for Perfluoroalkyls, Table 3-5 (compilation); Chang 2008 abstract",animal_halflife_measured.csv,
PFBA,mouse,CD-1,F,halflife,2.79,,,h,100,mg/kg,oral,terminal elimination (WinNonlin),,Chang et al. 2008,2008,18353799,"ATSDR 2021 Toxicological Profile for Perfluoroalkyls, Table 3-5 (compilation); Chang 2008 abstract",animal_halflife_measured.csv,
PFBS,rat,Sprague-Dawley,M,halflife,2.1,,,h,10,mg/kg,IV,terminal elimination,,Chengelis et al. 2009,2009,19429410,"ATSDR 2021 Toxicological Profile for Perfluoroalkyls, Table 3-5 (compilation); Olsen 2009 abstract",animal_halflife_measured.csv,
PFBS,rat,Sprague-Dawley,F,halflife,0.64,,,h,10,mg/kg,IV,terminal elimination,,Chengelis et al. 2009,2009,19429410,"ATSDR 2021 Toxicological Profile for Perfluoroalkyls, Table 3-5 (compilation); Olsen 2009 abstract",animal_halflife_measured.csv,
PFBS,rat,Sprague-Dawley,M,halflife,4.51,,,h,30,mg/kg,IV,terminal elimination,,Olsen et al. 2009,2009,19059455,"ATSDR 2021 Toxicological Profile for Perfluoroalkyls, Table 3-5 (compilation); Olsen 2009 abstract",animal_halflife_measured.csv,
PFBS,rat,Sprague-Dawley,F,halflife,3.96,,,h,30,mg/kg,IV,terminal elimination,,Olsen et al. 2009,2009,19059455,"ATSDR 2021 Toxicological Profile for Perfluoroalkyls, Table 3-5 (compilation); Olsen 2009 abstract",animal_halflife_measured.csv,
PFBS,rat,Sprague-Dawley,M,halflife,4.68,,,h,30,mg/kg,oral,terminal elimination,,Olsen et al. 2009,2009,19059455,"ATSDR 2021 Toxicological Profile for Perfluoroalkyls, Table 3-5 (compilation); Olsen 2009 abstract",animal_halflife_measured.csv,
PFBS,rat,Sprague-Dawley,F,halflife,7.42,,,h,30,mg/kg,oral,terminal elimination,,Olsen et al. 2009,2009,19059455,"ATSDR 2021 Toxicological Profile for Perfluoroalkyls, Table 3-5 (compilation); Olsen 2009 abstract",animal_halflife_measured.csv,
PFBS,rat,Hsd:Sprague-Dawley SD,M,halflife,2.26,,,h,4,mg/kg,IV,2-compartment (M) / 1-compartment (F gavage); k10 T1/2,3 per timepoint,Huang et al. 2019 (NTP),2019,31334035,Huang 2019 Table 2,animal_halflife_measured.csv,
PFBS,rat,Hsd:Sprague-Dawley SD,M,halflife,4.37,,,h,4,mg/kg,oral gavage,2-compartment (M) / 1-compartment (F gavage); k10 T1/2,3 per timepoint,Huang et al. 2019 (NTP),2019,31334035,Huang 2019 Table 2,animal_halflife_measured.csv,
PFBS,rat,Hsd:Sprague-Dawley SD,M,halflife,2.73,,,h,20,mg/kg,oral gavage,2-compartment (M) / 1-compartment (F gavage); k10 T1/2,3 per timepoint,Huang et al. 2019 (NTP),2019,31334035,Huang 2019 Table 2,animal_halflife_measured.csv,
PFBS,rat,Hsd:Sprague-Dawley SD,M,halflife,2.86,,,h,100,mg/kg,oral gavage,2-compartment (M) / 1-compartment (F gavage); k10 T1/2,3 per timepoint,Huang et al. 2019 (NTP),2019,31334035,Huang 2019 Table 2,animal_halflife_measured.csv,
PFBS,rat,Hsd:Sprague-Dawley SD,F,halflife,0.36,,,h,4,mg/kg,IV,2-compartment (M) / 1-compartment (F gavage); k10 T1/2,3 per timepoint,Huang et al. 2019 (NTP),2019,31334035,Huang 2019 Table 2,animal_halflife_measured.csv,
PFBS,rat,Hsd:Sprague-Dawley SD,F,halflife,1.5,,,h,4,mg/kg,oral gavage,2-compartment (M) / 1-compartment (F gavage); k10 T1/2,3 per timepoint,Huang et al. 2019 (NTP),2019,31334035,Huang 2019 Table 2,animal_halflife_measured.csv,
PFBS,rat,Hsd:Sprague-Dawley SD,F,halflife,1.23,,,h,20,mg/kg,oral gavage,2-compartment (M) / 1-compartment (F gavage); k10 T1/2,3 per timepoint,Huang et al. 2019 (NTP),2019,31334035,Huang 2019 Table 2,animal_halflife_measured.csv,
PFBS,rat,Hsd:Sprague-Dawley SD,F,halflife,1.11,,,h,100,mg/kg,oral gavage,2-compartment (M) / 1-compartment (F gavage); k10 T1/2,3 per timepoint,Huang et al. 2019 (NTP),2019,31334035,Huang 2019 Table 2,animal_halflife_measured.csv,
PFBS,mouse,CD-1,M,halflife,4.8,,,h,30,mg/kg,oral gavage,1-compartment,,Lau et al. 2020,2020,32534104,Lau 2020 Results/Table 2,animal_halflife_measured.csv,
PFBS,mouse,CD-1,M,halflife,5.4,,,h,300,mg/kg,oral gavage,1-compartment,,Lau et al. 2020,2020,32534104,Lau 2020 Results/Table 2,animal_halflife_measured.csv,
PFBS,mouse,CD-1,F,halflife,3.0,,,h,30,mg/kg,oral gavage,1-compartment,,Lau et al. 2020,2020,32534104,Lau 2020 Results/Table 2,animal_halflife_measured.csv,
PFBS,mouse,CD-1,F,halflife,3.9,,,h,300,mg/kg,oral gavage,1-compartment,,Lau et al. 2020,2020,32534104,Lau 2020 Results/Table 2,animal_halflife_measured.csv,
PFBS,mouse,CD-1,M,halflife,5.8,,,h,"30, 300 combined",mg/kg,oral gavage,"1-compartment, pooled across doses",,Lau et al. 2020,2020,32534104,Lau 2020 Abstract/Results,animal_halflife_measured.csv,
PFBS,mouse,CD-1,F,halflife,4.5,,,h,"30, 300 combined",mg/kg,oral gavage,"1-compartment, pooled across doses",,Lau et al. 2020,2020,32534104,Lau 2020 Abstract/Results,animal_halflife_measured.csv,
PFBA,mouse,pooled across source studies,Female,halflife,0.186,,,d,pooled across source studies,mg/kg,pooled oral + IV,"2-compartment Bayesian hierarchical; t1/2 = ln2*Vd,ss/CL",,Zurlinden et al. 2025 (EPA Bayesian hierarchical re-analysis),2025,40210099,/home/user/chiu__2022_rerun/species_dose/animal_pk.csv (derived from Zurlinden 2025 Table 2/3),animal_halflife_measured.csv,
PFBA,mouse,pooled across source studies,Male,halflife,0.724,,,d,pooled across source studies,mg/kg,pooled oral + IV,"2-compartment Bayesian hierarchical; t1/2 = ln2*Vd,ss/CL",,Zurlinden et al. 2025 (EPA Bayesian hierarchical re-analysis),2025,40210099,/home/user/chiu__2022_rerun/species_dose/animal_pk.csv (derived from Zurlinden 2025 Table 2/3),animal_halflife_measured.csv,
PFBA,rat,pooled across source studies,Female,halflife,0.098,,,d,pooled across source studies,mg/kg,pooled oral + IV,"2-compartment Bayesian hierarchical; t1/2 = ln2*Vd,ss/CL",,Zurlinden et al. 2025 (EPA Bayesian hierarchical re-analysis),2025,40210099,/home/user/chiu__2022_rerun/species_dose/animal_pk.csv (derived from Zurlinden 2025 Table 2/3),animal_halflife_measured.csv,
PFBA,rat,pooled across source studies,Male,halflife,0.348,,,d,pooled across source studies,mg/kg,pooled oral + IV,"2-compartment Bayesian hierarchical; t1/2 = ln2*Vd,ss/CL",,Zurlinden et al. 2025 (EPA Bayesian hierarchical re-analysis),2025,40210099,/home/user/chiu__2022_rerun/species_dose/animal_pk.csv (derived from Zurlinden 2025 Table 2/3),animal_halflife_measured.csv,
PFBS,mouse,pooled across source studies,Female,halflife,0.125,,,d,pooled across source studies,mg/kg,pooled oral + IV,"2-compartment Bayesian hierarchical; t1/2 = ln2*Vd,ss/CL",,Zurlinden et al. 2025 (EPA Bayesian hierarchical re-analysis),2025,40210099,/home/user/chiu__2022_rerun/species_dose/animal_pk.csv (derived from Zurlinden 2025 Table 2/3),animal_halflife_measured.csv,
PFBS,mouse,pooled across source studies,Male,halflife,0.186,,,d,pooled across source studies,mg/kg,pooled oral + IV,"2-compartment Bayesian hierarchical; t1/2 = ln2*Vd,ss/CL",,Zurlinden et al. 2025 (EPA Bayesian hierarchical re-analysis),2025,40210099,/home/user/chiu__2022_rerun/species_dose/animal_pk.csv (derived from Zurlinden 2025 Table 2/3),animal_halflife_measured.csv,
PFBS,rat,pooled across source studies,Female,halflife,0.041,,,d,pooled across source studies,mg/kg,pooled oral + IV,"2-compartment Bayesian hierarchical; t1/2 = ln2*Vd,ss/CL",,Zurlinden et al. 2025 (EPA Bayesian hierarchical re-analysis),2025,40210099,/home/user/chiu__2022_rerun/species_dose/animal_pk.csv (derived from Zurlinden 2025 Table 2/3),animal_halflife_measured.csv,
PFBS,rat,pooled across source studies,Male,halflife,0.12,,,d,pooled across source studies,mg/kg,pooled oral + IV,"2-compartment Bayesian hierarchical; t1/2 = ln2*Vd,ss/CL",,Zurlinden et al. 2025 (EPA Bayesian hierarchical re-analysis),2025,40210099,/home/user/chiu__2022_rerun/species_dose/animal_pk.csv (derived from Zurlinden 2025 Table 2/3),animal_halflife_measured.csv,
PFDA,rat,pooled across source studies,Female,halflife,68.775,,,d,pooled across source studies,mg/kg,pooled oral + IV,"2-compartment Bayesian hierarchical; t1/2 = ln2*Vd,ss/CL",,Zurlinden et al. 2025 (EPA Bayesian hierarchical re-analysis),2025,40210099,/home/user/chiu__2022_rerun/species_dose/animal_pk.csv (derived from Zurlinden 2025 Table 2/3),animal_halflife_measured.csv,
PFDA,rat,pooled across source studies,Male,halflife,88.405,,,d,pooled across source studies,mg/kg,pooled oral + IV,"2-compartment Bayesian hierarchical; t1/2 = ln2*Vd,ss/CL",,Zurlinden et al. 2025 (EPA Bayesian hierarchical re-analysis),2025,40210099,/home/user/chiu__2022_rerun/species_dose/animal_pk.csv (derived from Zurlinden 2025 Table 2/3),animal_halflife_measured.csv,
PFHxA,mouse,pooled across source studies,Female,halflife,0.251,,,d,pooled across source studies,mg/kg,pooled oral + IV,"2-compartment Bayesian hierarchical; t1/2 = ln2*Vd,ss/CL",,Zurlinden et al. 2025 (EPA Bayesian hierarchical re-analysis),2025,40210099,/home/user/chiu__2022_rerun/species_dose/animal_pk.csv (derived from Zurlinden 2025 Table 2/3),animal_halflife_measured.csv,
PFHxA,mouse,pooled across source studies,Male,halflife,0.215,,,d,pooled across source studies,mg/kg,pooled oral + IV,"2-compartment Bayesian hierarchical; t1/2 = ln2*Vd,ss/CL",,Zurlinden et al. 2025 (EPA Bayesian hierarchical re-analysis),2025,40210099,/home/user/chiu__2022_rerun/species_dose/animal_pk.csv (derived from Zurlinden 2025 Table 2/3),animal_halflife_measured.csv,
PFHxA,rat,pooled across source studies,Female,halflife,0.034,,,d,pooled across source studies,mg/kg,pooled oral + IV,"2-compartment Bayesian hierarchical; t1/2 = ln2*Vd,ss/CL",,Zurlinden et al. 2025 (EPA Bayesian hierarchical re-analysis),2025,40210099,/home/user/chiu__2022_rerun/species_dose/animal_pk.csv (derived from Zurlinden 2025 Table 2/3),animal_halflife_measured.csv,
PFHxA,rat,pooled across source studies,Male,halflife,0.095,,,d,pooled across source studies,mg/kg,pooled oral + IV,"2-compartment Bayesian hierarchical; t1/2 = ln2*Vd,ss/CL",,Zurlinden et al. 2025 (EPA Bayesian hierarchical re-analysis),2025,40210099,/home/user/chiu__2022_rerun/species_dose/animal_pk.csv (derived from Zurlinden 2025 Table 2/3),animal_halflife_measured.csv,
PFHxS,mouse,pooled across source studies,Female,halflife,26.665,,,d,pooled across source studies,mg/kg,pooled oral + IV,"1-compartment Bayesian hierarchical; t1/2 = ln2*Vd,ss/CL",,Zurlinden et al. 2025 (EPA Bayesian hierarchical re-analysis),2025,40210099,/home/user/chiu__2022_rerun/species_dose/animal_pk.csv (derived from Zurlinden 2025 Table 2/3),animal_halflife_measured.csv,
PFHxS,mouse,pooled across source studies,Male,halflife,27.397,,,d,pooled across source studies,mg/kg,pooled oral + IV,"1-compartment Bayesian hierarchical; t1/2 = ln2*Vd,ss/CL",,Zurlinden et al. 2025 (EPA Bayesian hierarchical re-analysis),2025,40210099,/home/user/chiu__2022_rerun/species_dose/animal_pk.csv (derived from Zurlinden 2025 Table 2/3),animal_halflife_measured.csv,
PFHxS,rat,pooled across source studies,Female,halflife,1.744,,,d,pooled across source studies,mg/kg,pooled oral + IV,"2-compartment Bayesian hierarchical; t1/2 = ln2*Vd,ss/CL",,Zurlinden et al. 2025 (EPA Bayesian hierarchical re-analysis),2025,40210099,/home/user/chiu__2022_rerun/species_dose/animal_pk.csv (derived from Zurlinden 2025 Table 2/3),animal_halflife_measured.csv,
PFHxS,rat,pooled across source studies,Male,halflife,29.713,,,d,pooled across source studies,mg/kg,pooled oral + IV,"2-compartment Bayesian hierarchical; t1/2 = ln2*Vd,ss/CL",,Zurlinden et al. 2025 (EPA Bayesian hierarchical re-analysis),2025,40210099,/home/user/chiu__2022_rerun/species_dose/animal_pk.csv (derived from Zurlinden 2025 Table 2/3),animal_halflife_measured.csv,
PFNA,mouse,pooled across source studies,Female,halflife,59.439,,,d,pooled across source studies,mg/kg,pooled oral + IV,"2-compartment Bayesian hierarchical; t1/2 = ln2*Vd,ss/CL",,Zurlinden et al. 2025 (EPA Bayesian hierarchical re-analysis),2025,40210099,/home/user/chiu__2022_rerun/species_dose/animal_pk.csv (derived from Zurlinden 2025 Table 2/3),animal_halflife_measured.csv,
PFNA,mouse,pooled across source studies,Male,halflife,227.46,,,d,pooled across source studies,mg/kg,pooled oral + IV,"2-compartment Bayesian hierarchical; t1/2 = ln2*Vd,ss/CL",,Zurlinden et al. 2025 (EPA Bayesian hierarchical re-analysis),2025,40210099,/home/user/chiu__2022_rerun/species_dose/animal_pk.csv (derived from Zurlinden 2025 Table 2/3),animal_halflife_measured.csv,
PFNA,rat,pooled across source studies,Female,halflife,2.831,,,d,pooled across source studies,mg/kg,pooled oral + IV,"2-compartment Bayesian hierarchical; t1/2 = ln2*Vd,ss/CL",,Zurlinden et al. 2025 (EPA Bayesian hierarchical re-analysis),2025,40210099,/home/user/chiu__2022_rerun/species_dose/animal_pk.csv (derived from Zurlinden 2025 Table 2/3),animal_halflife_measured.csv,
PFNA,rat,pooled across source studies,Male,halflife,53.722,,,d,pooled across source studies,mg/kg,pooled oral + IV,"2-compartment Bayesian hierarchical; t1/2 = ln2*Vd,ss/CL",,Zurlinden et al. 2025 (EPA Bayesian hierarchical re-analysis),2025,40210099,/home/user/chiu__2022_rerun/species_dose/animal_pk.csv (derived from Zurlinden 2025 Table 2/3),animal_halflife_measured.csv,
PFOA,mouse,pooled across source studies,Female,halflife,21.453,,,d,pooled across source studies,mg/kg,pooled oral + IV,"2-compartment Bayesian hierarchical; t1/2 = ln2*Vd,ss/CL",,Zurlinden et al. 2025 (EPA Bayesian hierarchical re-analysis),2025,40210099,/home/user/chiu__2022_rerun/species_dose/animal_pk.csv (derived from Zurlinden 2025 Table 2/3),animal_halflife_measured.csv,
PFOA,mouse,pooled across source studies,Male,halflife,25.63,,,d,pooled across source studies,mg/kg,pooled oral + IV,"2-compartment Bayesian hierarchical; t1/2 = ln2*Vd,ss/CL",,Zurlinden et al. 2025 (EPA Bayesian hierarchical re-analysis),2025,40210099,/home/user/chiu__2022_rerun/species_dose/animal_pk.csv (derived from Zurlinden 2025 Table 2/3),animal_halflife_measured.csv,
PFOA,rat,pooled across source studies,Female,halflife,0.69,,,d,pooled across source studies,mg/kg,pooled oral + IV,"2-compartment Bayesian hierarchical; t1/2 = ln2*Vd,ss/CL",,Zurlinden et al. 2025 (EPA Bayesian hierarchical re-analysis),2025,40210099,/home/user/chiu__2022_rerun/species_dose/animal_pk.csv (derived from Zurlinden 2025 Table 2/3),animal_halflife_measured.csv,
PFOA,rat,pooled across source studies,Male,halflife,14.2,,,d,pooled across source studies,mg/kg,pooled oral + IV,"2-compartment Bayesian hierarchical; t1/2 = ln2*Vd,ss/CL",,Zurlinden et al. 2025 (EPA Bayesian hierarchical re-analysis),2025,40210099,/home/user/chiu__2022_rerun/species_dose/animal_pk.csv (derived from Zurlinden 2025 Table 2/3),animal_halflife_measured.csv,
PFOS,mouse,pooled across source studies,Female,halflife,32.81,,,d,pooled across source studies,mg/kg,pooled oral + IV,"1-compartment Bayesian hierarchical; t1/2 = ln2*Vd,ss/CL",,Zurlinden et al. 2025 (EPA Bayesian hierarchical re-analysis),2025,40210099,/home/user/chiu__2022_rerun/species_dose/animal_pk.csv (derived from Zurlinden 2025 Table 2/3),animal_halflife_measured.csv,
PFOS,mouse,pooled across source studies,Male,halflife,35.491,,,d,pooled across source studies,mg/kg,pooled oral + IV,"1-compartment Bayesian hierarchical; t1/2 = ln2*Vd,ss/CL",,Zurlinden et al. 2025 (EPA Bayesian hierarchical re-analysis),2025,40210099,/home/user/chiu__2022_rerun/species_dose/animal_pk.csv (derived from Zurlinden 2025 Table 2/3),animal_halflife_measured.csv,
PFOS,rat,pooled across source studies,Female,halflife,54.734,,,d,pooled across source studies,mg/kg,pooled oral + IV,"2-compartment Bayesian hierarchical; t1/2 = ln2*Vd,ss/CL",,Zurlinden et al. 2025 (EPA Bayesian hierarchical re-analysis),2025,40210099,/home/user/chiu__2022_rerun/species_dose/animal_pk.csv (derived from Zurlinden 2025 Table 2/3),animal_halflife_measured.csv,
PFOS,rat,pooled across source studies,Male,halflife,57.075,,,d,pooled across source studies,mg/kg,pooled oral + IV,"2-compartment Bayesian hierarchical; t1/2 = ln2*Vd,ss/CL",,Zurlinden et al. 2025 (EPA Bayesian hierarchical re-analysis),2025,40210099,/home/user/chiu__2022_rerun/species_dose/animal_pk.csv (derived from Zurlinden 2025 Table 2/3),animal_halflife_measured.csv,
PFOA,human,,both,vd,170.0,,,mL/kg,,,,CALIBRATED from steady-state mass balance: Vd = Dose*T1/2/(Css*ln2); drinking water 500 ng/L (Lubeck) and 3550 ng/L (Little Hocking); serum from Emmett 2006 (448 ng/mL Little Hocking; 68 ng/mL Lubeck); T1/2 assumed 2.3 y,,Thompson et al.,2010,20236705,Thompson 2010 abstract; method reconstructed in OEHHA 2024 PHG sec 4.8 p.57,vd_clearance.csv,Water conc from C8 region; serum from Emmett et al. 2006; T1/2 assumed 2.3 y. NOT a measured Vd.
PFOA,human,,both,halflife,2.3,,,y,,,,,,Thompson et al.,2010,20236705,Thompson 2010 abstract; method reconstructed in OEHHA 2024 PHG sec 4.8 p.57,vd_clearance.csv,
PFOS,human,,both,vd,230.0,,,mL/kg,,,,"ASSUMED: PFOA value 170 x 1.35, the factor taken from Andersen et al. 2006 observation that optimized PFOS Vdc was 20-50% above PFOA Vdc",,Thompson et al.,2010,20236705,Thompson 2010 abstract; chain documented in OEHHA 2024 PHG sec 4.8 p.56,vd_clearance.csv,Derived from own PFOA 170 value x 1.35 from Andersen et al. 2006 monkey model. No PFOS data used.
PFOS,human,,both,halflife,5.4,,,y,,,,,,Thompson et al.,2010,20236705,Thompson 2010 abstract; chain documented in OEHHA 2024 PHG sec 4.8 p.56,vd_clearance.csv,
PFOA,human,,both,vd,170.0,,,mL/kg,,,,ASSUMED (inherited),,US EPA,2016,,US EPA 2016 PFOA Health Advisory; restated OEHHA 2024 PHG sec 4.8 p.56,vd_clearance.csv,Thompson et al. 2010
PFOA,human,,both,clearance,0.00014,,,L/kg/d,,,,,,US EPA,2016,,US EPA 2016 PFOA Health Advisory; restated OEHHA 2024 PHG sec 4.8 p.56,vd_clearance.csv,
PFOA,human,,both,halflife,2.3,,,y,,,,,,US EPA,2016,,US EPA 2016 PFOA Health Advisory; restated OEHHA 2024 PHG sec 4.8 p.56,vd_clearance.csv,
PFOS,human,,both,vd,230.0,,,mL/kg,,,,ASSUMED (inherited),,US EPA,2016,,US EPA 2016 PFOS Health Advisory; restated OEHHA 2024 PHG sec 4.8 p.56,vd_clearance.csv,Thompson et al. 2010 (= PFOA 170 x 1.35 from Andersen 2006)
PFOS,human,,both,clearance,8.1e-05,,,L/kg/d,,,,,,US EPA,2016,,US EPA 2016 PFOS Health Advisory; restated OEHHA 2024 PHG sec 4.8 p.56,vd_clearance.csv,
PFOS,human,,both,halflife,5.4,,,y,,,,,,US EPA,2016,,US EPA 2016 PFOS Health Advisory; restated OEHHA 2024 PHG sec 4.8 p.56,vd_clearance.csv,
PFOA,human,,both,vd,170.0,,,mL/kg,,,,ASSUMED (inherited unchanged from 2016),,US EPA,2024,,EPA 2024 PFOA assessment Table 4-6,vd_clearance.csv,Thompson et al. 2010a
PFOA,human,,both,clearance,0.12,,,mL/kg/d,,,,,,US EPA,2024,,EPA 2024 PFOA assessment Table 4-6,vd_clearance.csv,
PFOA,human,,both,halflife,2.7,,,y,,,,,,US EPA,2024,,EPA 2024 PFOA assessment Table 4-6,vd_clearance.csv,
PFOA,human,,both,vd,200.0,,,mL/kg,,,,ASSUMED from monkey non-compartmental Vd,,ATSDR,2021,,ATSDR 2021 Table A-4 and Table A-3,vd_clearance.csv,Butenhoff et al. 2004c (monkey); Harada et al. 2005a
PFOA,human,,both,clearance,0.099,,,mL/kg/d (derived ln2*Vd/t1/2),,,,,,ATSDR,2021,,ATSDR 2021 Table A-4 and Table A-3,vd_clearance.csv,
PFOA,human,,both,halflife,1400.0,,,d,,,,,,ATSDR,2021,,ATSDR 2021 Table A-4 and Table A-3,vd_clearance.csv,
PFOS,human,,both,vd,200.0,,,mL/kg,,,,ASSUMED from monkey non-compartmental Vd,,ATSDR,2021,,ATSDR 2021 Table A-4 and Table A-3,vd_clearance.csv,Chang et al. 2012 (monkey 0.20 M / 0.27 F)
PFOS,human,,both,clearance,0.069,,,mL/kg/d (derived),,,,,,ATSDR,2021,,ATSDR 2021 Table A-4 and Table A-3,vd_clearance.csv,
PFOS,human,,both,halflife,2000.0,,,d,,,,,,ATSDR,2021,,ATSDR 2021 Table A-4 and Table A-3,vd_clearance.csv,
PFHxS,human,,male,vd,287.0,,,mL/kg,,,,ASSUMED from male monkey non-compartmental Vd,,ATSDR,2021,,ATSDR 2021 Table A-4,vd_clearance.csv,Sundstrom et al. 2012 male cynomolgus
PFHxS,human,,male,clearance,0.064,,,mL/kg/d (derived),,,,,,ATSDR,2021,,ATSDR 2021 Table A-4,vd_clearance.csv,
PFHxS,human,,male,halflife,3100.0,,,d,,,,,,ATSDR,2021,,ATSDR 2021 Table A-4,vd_clearance.csv,
PFNA,human,,both,vd,200.0,,,mL/kg,,,,"ASSUMED equal to PFOA, justified by Ohmori 2003 finding that rat Vss is similar across PFCAs",,ATSDR,2021,,ATSDR 2021 Table A-4 footnote e and p.A-13,vd_clearance.csv,Ohmori et al. 2003 (rat) via assumption of PFOA equivalence
PFNA,human,,both,clearance,0.154,,,mL/kg/d (derived),,,,,,ATSDR,2021,,ATSDR 2021 Table A-4 footnote e and p.A-13,vd_clearance.csv,
PFNA,human,,both,halflife,900.0,,,d,,,,,,ATSDR,2021,,ATSDR 2021 Table A-4 footnote e and p.A-13,vd_clearance.csv,
PFOA,human,,both,vd,300.0,,,mL/kg,,,,"ASSUMED/derived for a 1-compartment human model; renal clearances measured, Vd not independently measured",20,Harada et al.,2005,16194675,ATSDR 2021 Table A-3 (source Harada 2005a),vd_clearance.csv,"own model, applied to reported human half-lives"
PFOS,human,,both,vd,300.0,,,mL/kg,,,,ASSUMED/derived as above,20,Harada et al.,2005,16194675,ATSDR 2021 Table A-3,vd_clearance.csv,own 1-compartment model
PFOS,monkey (cynomolgus),,both,vd,300.0,,,mL/kg,,,,"FITTED from a subchronic oral study, 1-compartment, steady-state assumption. OEHHA recomputation of the same inputs gives 541 mL/kg, and 1080 mL/kg if non-attainment of steady state is corrected for",,Harada et al.,2003,,OEHHA 2024 PHG Table 4.8.1 row 1 and footnote a,vd_clearance.csv,Data from Seacat et al. 2002 (26-week monkey study)
PFOS,monkey (cynomolgus),,both,halflife,200.0,,,d,,,,,,Harada et al.,2003,,OEHHA 2024 PHG Table 4.8.1 row 1 and footnote a,vd_clearance.csv,
PFOA,human,,both,vd,300.0,,,mL/kg,,,,COMPUTED from biliary mass balance assuming 0.88 biliary reabsorption efficiency and 3.5 y half-life,,Niisoe et al.,2010,,OEHHA 2024 PHG Table 4.8.1,vd_clearance.csv,Harada et al. 2007b
PFOA,human,,both,halflife,3.5,,,y,,,,,,Niisoe et al.,2010,,OEHHA 2024 PHG Table 4.8.1,vd_clearance.csv,
PFOA,human,,both,vd,,464.0,780.0,mL/kg,,,,"COMPUTED from the 95% confidence band of a regression of human intake on serum concentration, steady-state assumption",,Vestergren and Cousins,2009,,OEHHA 2024 PHG Table 4.8.1,vd_clearance.csv,own regression
PFOA,human,,both,vd,225.0,,,mL/kg,,,,"COMPUTED: Thompson 2010 method re-run with C8 Science Panel serum (Frisbee 2009: 227.58 ng/mL Little Hocking, 92.36 ng/mL Lubeck) instead of Emmett 2006; Little Hocking 335 and Lubeck 116 mL/kg, averaged",,OEHHA,2024,,OEHHA 2024 PHG sec 4.8 p.57 (Updated PFOA Vd estimate),vd_clearance.csv,Frisbee et al. 2009 serum; Shin et al. 2011 water; T1/2 2.3 y assumed; fa 0.91; BW 71.8 kg
PFOA,human,,both,clearance,0.000186,,,L/kg/d (derived),,,,,,OEHHA,2024,,OEHHA 2024 PHG sec 4.8 p.57 (Updated PFOA Vd estimate),vd_clearance.csv,
PFOA,human,,both,halflife,2.3,,,y,,,,,,OEHHA,2024,,OEHHA 2024 PHG sec 4.8 p.57 (Updated PFOA Vd estimate),vd_clearance.csv,
PFOS,human,,both,vd,693.0,,,mL/kg,,,,"COMPUTED from the Ronneby Sweden drinking-water cohort: water 8000 ng/L, median serum 372 ng/mL in >=10-y residents, T1/2 3.4 y, fa 0.9, BW 70 kg",,OEHHA,2024,,OEHHA 2024 PHG sec 4.8 p.58 (Updated PFOS Vd and CL),vd_clearance.csv,Li et al. 2018c; Silva et al. 2020
PFOS,human,,both,clearance,0.0006,,,L/kg/d,,,,,,OEHHA,2024,,OEHHA 2024 PHG sec 4.8 p.58 (Updated PFOS Vd and CL),vd_clearance.csv,
PFOS,human,,both,halflife,3.4,,,y,,,,,,OEHHA,2024,,OEHHA 2024 PHG sec 4.8 p.58 (Updated PFOS Vd and CL),vd_clearance.csv,
PFOA,human,,male,vd,430.0,,,mL/kg,,,,"FITTED (Bayesian hierarchical, 13 studies of serum decay)",,Chiu et al.,2022,10.1289/EHP10103,animal_pk.csv in ../species_dose (Chiu 2022 Table 3),vd_clearance.csv,own fit
PFOA,human,,male,clearance,0.095,,,mL/kg/d,,,,,,Chiu et al.,2022,10.1289/EHP10103,animal_pk.csv in ../species_dose (Chiu 2022 Table 3),vd_clearance.csv,
PFOA,human,,male,halflife,3.14,,,y,,,,,,Chiu et al.,2022,10.1289/EHP10103,animal_pk.csv in ../species_dose (Chiu 2022 Table 3),vd_clearance.csv,
PFOS,human,,male,vd,320.0,,,mL/kg,,,,FITTED (Bayesian hierarchical),,Chiu et al.,2022,10.1289/EHP10103,animal_pk.csv in ../species_dose,vd_clearance.csv,own fit
PFOS,human,,male,clearance,0.066,,,mL/kg/d,,,,,,Chiu et al.,2022,10.1289/EHP10103,animal_pk.csv in ../species_dose,vd_clearance.csv,
PFOS,human,,male,halflife,3.36,,,y,,,,,,Chiu et al.,2022,10.1289/EHP10103,animal_pk.csv in ../species_dose,vd_clearance.csv,
PFHxS,human,,male,vd,290.0,,,mL/kg,,,,FITTED (Bayesian hierarchical),,Chiu et al.,2022,10.1289/EHP10103,Chiu 2022 Table 3; note EPA repo auxiliary file miscodes t1/2 as 2.35 y (see ../species_dose/README.md),vd_clearance.csv,own fit
PFHxS,human,,male,clearance,0.025,,,mL/kg/d,,,,,,Chiu et al.,2022,10.1289/EHP10103,Chiu 2022 Table 3; note EPA repo auxiliary file miscodes t1/2 as 2.35 y (see ../species_dose/README.md),vd_clearance.csv,
PFHxS,human,,male,halflife,8.3,,,y,,,,,,Chiu et al.,2022,10.1289/EHP10103,Chiu 2022 Table 3; note EPA repo auxiliary file miscodes t1/2 as 2.35 y (see ../species_dose/README.md),vd_clearance.csv,
PFNA,human,,male,vd,190.0,,,mL/kg,,,,FITTED (Bayesian hierarchical),,Chiu et al.,2022,10.1289/EHP10103,animal_pk.csv in ../species_dose,vd_clearance.csv,own fit
PFNA,human,,male,clearance,0.056,,,mL/kg/d,,,,,,Chiu et al.,2022,10.1289/EHP10103,animal_pk.csv in ../species_dose,vd_clearance.csv,
PFNA,human,,male,halflife,2.35,,,y,,,,,,Chiu et al.,2022,10.1289/EHP10103,animal_pk.csv in ../species_dose,vd_clearance.csv,
PFOA,human,,,vd,74.0,,,mL/kg,,,,MEASURED (per ../literature/APPRAISAL.md sec 8; not re-verified in this pass),,Andersson et al.,2025,,../literature/APPRAISAL.md sec 8,vd_clearance.csv,own measurement
PFOS,human,,,vd,93.0,,,mL/kg,,,,MEASURED (per APPRAISAL sec 8; not re-verified),,Andersson et al.,2025,,../literature/APPRAISAL.md sec 8,vd_clearance.csv,own measurement
PFOS,human,,male (97.9%),vd,288.0,,,mL/kg,,,,"DERIVED BY THIS REVIEW from the plasma-donation arm as an independent mass balance: 9 x 800 mL = 7.2 L plasma removed; mean serum over the year ~10.2 ng/mL => ~73.4 ug removed; observed serum fall 2.9 ng/mL; BW assumed 88 kg (BMI 27.9). INFERENCE, not a published value.",95,Gasiorowski et al. (derived by this review),2022,35394514,Gasiorowski 2022 Table (baseline) and Methods (donation volumes),vd_clearance.csv,Gasiorowski 2022 trial data; BW assumed
PFOS,human,,male (97.9%),vd,126.0,,,mL/kg,,,,DERIVED BY THIS REVIEW from the whole-blood arm: 5 x 470 mL = 2.35 L blood; whole-blood PFOS taken as serum/2 per the authors' statement; ~12.2 ug removed; observed serum fall 1.1 ng/mL; BW assumed 88 kg. INFERENCE.,95,Gasiorowski et al. (derived by this review),2022,35394514,Gasiorowski 2022 Table and Methods,vd_clearance.csv,Gasiorowski 2022 trial data; BW and blood:serum ratio assumed
PFOA,monkey (cynomolgus),,male,vd,181.0,,,mL/kg,,,,"MEASURED/FITTED - single IV dose 10 mg/kg, non-compartmental, Vd = Dose*AUMC/AUC^2",,Butenhoff et al.,2004,,OEHHA 2024 PHG Table 4.8.1; CL from ATSDR 2021 Table 3-6,vd_clearance.csv,own study
PFOA,monkey (cynomolgus),,male,clearance,12.4,,,mL/d/kg (SD 7.4),,,,,,Butenhoff et al.,2004,,OEHHA 2024 PHG Table 4.8.1; CL from ATSDR 2021 Table 3-6,vd_clearance.csv,
PFOA,monkey (cynomolgus),,female,vd,198.0,,,mL/kg,,,,MEASURED/FITTED - single IV 10 mg/kg non-compartmental,,Butenhoff et al.,2004,,OEHHA 2024 PHG Table 4.8.1; ATSDR 2021 Table 3-6,vd_clearance.csv,own study
PFOA,monkey (cynomolgus),,female,clearance,5.3,,,mL/d/kg (SD 3.3),,,,,,Butenhoff et al.,2004,,OEHHA 2024 PHG Table 4.8.1; ATSDR 2021 Table 3-6,vd_clearance.csv,
PFOA,monkey (cynomolgus),,male,vd,,1810.0,5210.0,mL/kg,,,,"COMPUTED from subchronic oral steady-state data, 1-compartment: Vd = Dose/(ke*Css)",,Washburn et al.,2005,,OEHHA 2024 PHG Table 4.8.1,vd_clearance.csv,Noker (unpublished); Butenhoff et al. 2002
PFOA,monkey (cynomolgus),,female,vd,,2460.0,6340.0,mL/kg,,,,COMPUTED from subchronic oral steady state,,Washburn et al.,2005,,OEHHA 2024 PHG Table 4.8.1,vd_clearance.csv,Noker (unpublished); Butenhoff et al. 2002
PFOA,monkey (cynomolgus),,male,vd,,1260.0,3730.0,mL/kg,,,,COMPUTED from subchronic oral steady state,,Washburn et al.,2005,,OEHHA 2024 PHG Table 4.8.1,vd_clearance.csv,Butenhoff et al. 2002
PFOA,rat,,male,vd,270.0,,,mL/kg,,,,COMPUTED steady state,,Washburn et al.,2005,,OEHHA 2024 PHG Table 4.8.1,vd_clearance.csv,Butenhoff et al. 2004b
PFOA,rat,,female,vd,430.0,,,mL/kg,,,,COMPUTED steady state,,Washburn et al.,2005,,OEHHA 2024 PHG Table 4.8.1,vd_clearance.csv,Butenhoff et al. 2004b
PFOA,rat,,male,vd,,100.0,550.0,mL/kg,,,,COMPUTED steady state,,Washburn et al.,2005,,OEHHA 2024 PHG Table 4.8.1,vd_clearance.csv,Palazzolo 1993 (unpublished)
PFOA,monkey (rhesus),,both,vd,,1480.0,4470.0,mL/kg,,,,"COMPUTED from a 90-day subchronic oral study, steady state, T1/2 assumed 25 d",,Vestergren and Cousins,2009,,OEHHA 2024 PHG Table 4.8.1,vd_clearance.csv,Griffith and Long 1980
PFOA,monkey (rhesus),,both,halflife,25.0,,,d,,,,,,Vestergren and Cousins,2009,,OEHHA 2024 PHG Table 4.8.1,vd_clearance.csv,
PFOA,monkey (cynomolgus),,both,vd,,1300.0,4470.0,mL/kg,,,,"COMPUTED from the 6-month subchronic oral arm of Butenhoff 2004a, steady state, T1/2 25 d. The same paper's single-dose Vd was 181-198 mL/kg - a 7-23x discrepancy within one study.",,Vestergren and Cousins,2009,,OEHHA 2024 PHG Table 4.8.1 and p.57,vd_clearance.csv,Butenhoff et al. 2004a
PFOA,monkey (cynomolgus),,both,halflife,25.0,,,d,,,,,,Vestergren and Cousins,2009,,OEHHA 2024 PHG Table 4.8.1 and p.57,vd_clearance.csv,
PFOA,rat,Sprague-Dawley,both,vd,,211.0,264.0,mL/kg,,,,"MEASURED/FITTED - single IV or oral dose, non-compartmental",,Kemper et al.,2003,,OEHHA 2024 PHG Table 4.8.1,vd_clearance.csv,unpublished DuPont study; value as reported in Vestergren and Cousins 2009
PFOA,rat,Wistar,male,vd,196.0,,,mL/kg,,,,"MEASURED/FITTED - single IV dose 20.1 mg/kg, 2-compartment fit (Vss)",,Ohmori et al.,2003,12499116,OEHHA 2024 PHG Table 4.8.1 (Vd); ATSDR 2021 Table 3-6 (CL),vd_clearance.csv,own study
PFOA,rat,Wistar,male,clearance,135.0,,,mL/d/kg (SD 29),,,,,,Ohmori et al.,2003,12499116,OEHHA 2024 PHG Table 4.8.1 (Vd); ATSDR 2021 Table 3-6 (CL),vd_clearance.csv,
PFOA,rat,Wistar,male,halflife,5.63,,,d,,,,,,Ohmori et al.,2003,12499116,OEHHA 2024 PHG Table 4.8.1 (Vd); ATSDR 2021 Table 3-6 (CL),vd_clearance.csv,
PFOA,rat,Wistar,female,vd,201.0,,,mL/kg,,,,MEASURED/FITTED - single IV 20.1 mg/kg 2-compartment (Vss),,Ohmori et al.,2003,12499116,OEHHA 2024 PHG Table 4.8.1; ATSDR 2021 Table 3-6,vd_clearance.csv,own study
PFOA,rat,Wistar,female,clearance,2233.0,,,mL/d/kg (SD 805),,,,,,Ohmori et al.,2003,12499116,OEHHA 2024 PHG Table 4.8.1; ATSDR 2021 Table 3-6,vd_clearance.csv,
PFOA,rat,Wistar,female,halflife,0.08,,,d,,,,,,Ohmori et al.,2003,12499116,OEHHA 2024 PHG Table 4.8.1; ATSDR 2021 Table 3-6,vd_clearance.csv,
PFHpA,rat,Wistar,male,clearance,1604.0,,,mL/d/kg (SD 558),,,,,,Ohmori et al.,2003,12499116,ATSDR 2021 Table 3-6; Ohmori 2003 abstract,vd_clearance.csv,
PFHpA,rat,Wistar,male,halflife,0.1,,,d,,,,,,Ohmori et al.,2003,12499116,ATSDR 2021 Table 3-6; Ohmori 2003 abstract,vd_clearance.csv,
PFHpA,rat,Wistar,female,clearance,3071.0,,,mL/d/kg (SD 781),,,,,,Ohmori et al.,2003,12499116,ATSDR 2021 Table 3-6,vd_clearance.csv,
PFHpA,rat,Wistar,female,halflife,0.05,,,d,,,,,,Ohmori et al.,2003,12499116,ATSDR 2021 Table 3-6,vd_clearance.csv,
PFNA,rat,Wistar,male,clearance,6.9,,,mL/d/kg (SD 0.6),,,,,,Ohmori et al.,2003,12499116,ATSDR 2021 Table 3-6,vd_clearance.csv,
PFNA,rat,Wistar,male,halflife,29.5,,,d,,,,,,Ohmori et al.,2003,12499116,ATSDR 2021 Table 3-6,vd_clearance.csv,
PFNA,rat,Wistar,female,clearance,106.0,,,mL/d/kg (SD 31),,,,,,Ohmori et al.,2003,12499116,ATSDR 2021 Table 3-6,vd_clearance.csv,
PFNA,rat,Wistar,female,halflife,2.44,,,d,,,,,,Ohmori et al.,2003,12499116,ATSDR 2021 Table 3-6,vd_clearance.csv,
PFDA,rat,Wistar,male,clearance,207.0,,,mL/d/kg,,,,,,Ohmori et al.,2003,12499116,"ATSDR 2021 Table 3-6 (note: ATSDR prints 207 with SD 0.054, implausible - likely a unit error in the profile)",vd_clearance.csv,
PFDA,rat,Wistar,male,halflife,39.9,,,d,,,,,,Ohmori et al.,2003,12499116,"ATSDR 2021 Table 3-6 (note: ATSDR prints 207 with SD 0.054, implausible - likely a unit error in the profile)",vd_clearance.csv,
PFDA,rat,Wistar,female,clearance,140.0,,,mL/d/kg,,,,,,Ohmori et al.,2003,12499116,ATSDR 2021 Table 3-6 (same caveat),vd_clearance.csv,
PFDA,rat,Wistar,female,halflife,58.6,,,d,,,,,,Ohmori et al.,2003,12499116,ATSDR 2021 Table 3-6 (same caveat),vd_clearance.csv,
PFOS,rat,Sprague-Dawley (jugular-cannulated),male,vd,,649.0,765.0,mL/kg,,,,"MEASURED/FITTED - single oral or IV dose, non-compartmental Vd = Dose*AUMC/AUC^2",,Chang et al.,2012,21889587,OEHHA 2024 PHG Table 4.8.1 (Vd); ATSDR 2021 Table 3-6 (CL),vd_clearance.csv,own study
PFOS,rat,Sprague-Dawley (jugular-cannulated),female,vd,,521.0,586.0,mL/kg,,,,MEASURED/FITTED non-compartmental,,Chang et al.,2012,21889587,OEHHA 2024 PHG Table 4.8.1; ATSDR 2021 Table 3-6,vd_clearance.csv,own study
PFOS,rat,Sprague-Dawley,male,vd,,666.0,1228.0,mL/kg,,,,"MEASURED/FITTED - single oral dose with long follow-up, non-compartmental",,Chang et al.,2012,21889587,OEHHA 2024 PHG Table 4.8.1,vd_clearance.csv,own study
PFOS,rat,Sprague-Dawley,male,halflife,38.0,,,d,,,,,,Chang et al.,2012,21889587,OEHHA 2024 PHG Table 4.8.1,vd_clearance.csv,
PFOS,rat,Sprague-Dawley,female,vd,,468.0,484.0,mL/kg,,,,MEASURED/FITTED long follow-up non-compartmental,,Chang et al.,2012,21889587,OEHHA 2024 PHG Table 4.8.1,vd_clearance.csv,own study
PFOS,rat,Sprague-Dawley,female,halflife,62.0,,,d,,,,,,Chang et al.,2012,21889587,OEHHA 2024 PHG Table 4.8.1,vd_clearance.csv,
PFOS,mouse,CD-1,male,vd,,263.0,290.0,mL/kg,,,,MEASURED/FITTED non-compartmental,,Chang et al.,2012,21889587,OEHHA 2024 PHG Table 4.8.1; ATSDR 2021 Table 3-6,vd_clearance.csv,own study
PFOS,mouse,CD-1,female,vd,,258.0,261.0,mL/kg,,,,MEASURED/FITTED non-compartmental,,Chang et al.,2012,21889587,OEHHA 2024 PHG Table 4.8.1; ATSDR 2021 Table 3-6,vd_clearance.csv,own study
PFOS,monkey (cynomolgus),,male,vd,202.0,,,mL/kg,,,,MEASURED/FITTED - single IV 2 mg/kg non-compartmental,,Chang et al.,2012,21889587,OEHHA 2024 PHG Table 4.8.1; ATSDR 2021 Table 3-6,vd_clearance.csv,own study
PFOS,monkey (cynomolgus),,male,clearance,1.1,,,mL/d/kg (SE 0.06),,,,,,Chang et al.,2012,21889587,OEHHA 2024 PHG Table 4.8.1; ATSDR 2021 Table 3-6,vd_clearance.csv,
PFOS,monkey (cynomolgus),,female,vd,274.0,,,mL/kg,,,,MEASURED/FITTED single IV 2 mg/kg,,Chang et al.,2012,21889587,OEHHA 2024 PHG Table 4.8.1; ATSDR 2021 Table 3-6,vd_clearance.csv,own study
PFOS,monkey (cynomolgus),,female,clearance,1.65,,,mL/d/kg (SE 0.04),,,,,,Chang et al.,2012,21889587,OEHHA 2024 PHG Table 4.8.1; ATSDR 2021 Table 3-6,vd_clearance.csv,
PFHxS,monkey (cynomolgus),,male,vd,287.0,,,mL/kg,,,,MEASURED/FITTED - single IV 10 mg/kg non-compartmental,,Sundstrom et al.,2012,21856411,ATSDR 2021 p.A-13 and Table 3-6,vd_clearance.csv,own study
PFHxS,monkey (cynomolgus),,male,clearance,1.3,,,mL/d/kg (SE 0.1),,,,,,Sundstrom et al.,2012,21856411,ATSDR 2021 p.A-13 and Table 3-6,vd_clearance.csv,
PFHxS,monkey (cynomolgus),,female,vd,213.0,,,mL/kg,,,,MEASURED/FITTED single IV 10 mg/kg,,Sundstrom et al.,2012,21856411,ATSDR 2021 p.A-13 and Table 3-6,vd_clearance.csv,own study
PFHxS,monkey (cynomolgus),,female,clearance,1.9,,,mL/d/kg (SE 0.4),,,,,,Sundstrom et al.,2012,21856411,ATSDR 2021 p.A-13 and Table 3-6,vd_clearance.csv,
PFHxS,rat,Sprague-Dawley,male,clearance,6.7,,,mL/d/kg (SE 0.06),,,,,,Sundstrom et al.,2012,21856411,ATSDR 2021 Table 3-6,vd_clearance.csv,
PFHxS,rat,Sprague-Dawley,male,halflife,27.0,,,d,,,,,,Sundstrom et al.,2012,21856411,ATSDR 2021 Table 3-6,vd_clearance.csv,
PFHxS,rat,Sprague-Dawley,female,clearance,53.4,,,mL/d/kg (SE 4.38),,,,,,Sundstrom et al.,2012,21856411,ATSDR 2021 Table 3-6,vd_clearance.csv,
PFOA,mouse,FVB/NJcl,male,vd,180.0,,,mL/kg,,,,"MEASURED/FITTED - single IV 0.31 umol/kg, 2-compartment, Vd = Dose/C(0)",,Fujii et al.,2015,,OEHHA 2024 PHG Table 4.8.1; ATSDR 2021 Table 3-6,vd_clearance.csv,own study
PFOA,mouse,FVB/NJcl,male,clearance,14.2,,,mL/d/kg (SD 8.4) IV; 13.1 oral,,,,,,Fujii et al.,2015,,OEHHA 2024 PHG Table 4.8.1; ATSDR 2021 Table 3-6,vd_clearance.csv,
PFOA,mouse,FVB/NJcl,female,vd,150.0,,,mL/kg,,,,MEASURED/FITTED single IV 2-compartment,,Fujii et al.,2015,,OEHHA 2024 PHG Table 4.8.1; ATSDR 2021 Table 3-6,vd_clearance.csv,own study
PFOA,mouse,FVB/NJcl,female,clearance,11.8,,,mL/d/kg (SD 6.1) IV; 9.0 oral,,,,,,Fujii et al.,2015,,OEHHA 2024 PHG Table 4.8.1; ATSDR 2021 Table 3-6,vd_clearance.csv,
PFOA,human,,both,vd,200.0,,,mL/kg,,,,ASSUMED (to back out a biliary reabsorption fraction of 0.98),,Fujii et al.,2015,,EPA 2024 PFOA assessment sec 3.3.1.4.1,vd_clearance.csv,assigned; used with an assumed 3.8 y serum half-life
PFOA,human,,both,clearance,0.096,,,"mL/kg/d (total; urinary 0.044, biliary 2.62, fecal 0.052)",,,,,,Fujii et al.,2015,,EPA 2024 PFOA assessment sec 3.3.1.4.1,vd_clearance.csv,
PFOA,human,,both,halflife,3.8,,,y,,,,,,Fujii et al.,2015,,EPA 2024 PFOA assessment sec 3.3.1.4.1,vd_clearance.csv,
PFOA,rat,Sprague-Dawley,male,vd,112.0,,,mL/kg,,,,"MEASURED/FITTED - single IV, Vd = Dose*AUMC/AUC^2",,Kim et al.,2016,,OEHHA 2024 PHG Table 4.8.1; ATSDR 2021 Table 3-6,vd_clearance.csv,own study
PFOA,rat,Sprague-Dawley,male,clearance,47.39,,,mL/d/kg (SD 3.40) IV; 40.40 oral,,,,,,Kim et al.,2016,,OEHHA 2024 PHG Table 4.8.1; ATSDR 2021 Table 3-6,vd_clearance.csv,
PFOA,rat,Sprague-Dawley,female,vd,171.0,,,mL/kg,,,,MEASURED/FITTED single IV non-compartmental,,Kim et al.,2016,,OEHHA 2024 PHG Table 4.8.1; ATSDR 2021 Table 3-6,vd_clearance.csv,own study
PFOA,rat,Sprague-Dawley,female,clearance,612.84,,,mL/d/kg (SD 32.54) IV; 645.12 oral,,,,,,Kim et al.,2016,,OEHHA 2024 PHG Table 4.8.1; ATSDR 2021 Table 3-6,vd_clearance.csv,
PFOA,rat,Sprague-Dawley,male,vd,106.0,,,mL/kg,,,,MEASURED/FITTED single oral dose non-compartmental,,Kim et al.,2016,,OEHHA 2024 PHG Table 4.8.1,vd_clearance.csv,own study
PFOA,rat,Sprague-Dawley,male,clearance,40.4,,,mL/d/kg (SD 2.29),,,,,,Kim et al.,2016,,OEHHA 2024 PHG Table 4.8.1,vd_clearance.csv,
PFOA,rat,Sprague-Dawley,female,vd,154.0,,,mL/kg,,,,MEASURED/FITTED single oral non-compartmental,,Kim et al.,2016,,OEHHA 2024 PHG Table 4.8.1,vd_clearance.csv,own study
PFOA,rat,Sprague-Dawley,female,clearance,645.12,,,mL/d/kg (SD 43.44),,,,,,Kim et al.,2016,,OEHHA 2024 PHG Table 4.8.1,vd_clearance.csv,
PFOS,rat,Sprague-Dawley,male,vd,383.0,,,mL/kg,,,,MEASURED/FITTED single IV non-compartmental,,Kim et al.,2016,,OEHHA 2024 PHG Table 4.8.1; ATSDR 2021 Table 3-6,vd_clearance.csv,own study
PFOS,rat,Sprague-Dawley,male,clearance,9.24,,,mL/d/kg (SD 0.37),,,,,,Kim et al.,2016,,OEHHA 2024 PHG Table 4.8.1; ATSDR 2021 Table 3-6,vd_clearance.csv,
PFOS,rat,Sprague-Dawley,female,vd,351.0,,,mL/kg,,,,MEASURED/FITTED single IV non-compartmental,,Kim et al.,2016,,OEHHA 2024 PHG Table 4.8.1; ATSDR 2021 Table 3-6,vd_clearance.csv,own study
PFOS,rat,Sprague-Dawley,female,clearance,9.82,,,mL/d/kg (SD 0.21),,,,,,Kim et al.,2016,,OEHHA 2024 PHG Table 4.8.1; ATSDR 2021 Table 3-6,vd_clearance.csv,
PFOS,rat,Sprague-Dawley,male,vd,280.0,,,mL/kg,,,,MEASURED/FITTED single oral non-compartmental,,Kim et al.,2016,,OEHHA 2024 PHG Table 4.8.1; ATSDR 2021 Table 3-6,vd_clearance.csv,own study
PFOS,rat,Sprague-Dawley,male,clearance,7.33,,,mL/d/kg (SD 0.55),,,,,,Kim et al.,2016,,OEHHA 2024 PHG Table 4.8.1; ATSDR 2021 Table 3-6,vd_clearance.csv,
PFOS,rat,Sprague-Dawley,female,vd,289.0,,,mL/kg,,,,MEASURED/FITTED single oral non-compartmental,,Kim et al.,2016,,OEHHA 2024 PHG Table 4.8.1; ATSDR 2021 Table 3-6,vd_clearance.csv,own study
PFOS,rat,Sprague-Dawley,female,clearance,8.52,,,mL/d/kg (SD 0.37),,,,,,Kim et al.,2016,,OEHHA 2024 PHG Table 4.8.1; ATSDR 2021 Table 3-6,vd_clearance.csv,
PFHxS,rat,Sprague-Dawley,male,clearance,9.01,,,mL/d/kg (SD 0.05) IV; 7.15 oral; renal CL 0.76,,,,,,Kim et al.,2016,,ATSDR 2021 Table 3-6; EPA 2023 PFHxA IRIS sec 5.2.1,vd_clearance.csv,
PFHxS,rat,Sprague-Dawley,female,clearance,227.93,,,mL/d/kg (SD 6.73) IV; 124.83 oral,,,,,,Kim et al.,2016,,ATSDR 2021 Table 3-6,vd_clearance.csv,
PFOA,rat,,male,vd,150.0,,,mL/kg,,,,"MEASURED/FITTED - single oral dose, Vd = Dose/(AUC*ke), ke from first-order fit",,Iwabuchi et al.,2017,,OEHHA 2024 PHG Table 4.8.1,vd_clearance.csv,own study
PFOS,rat,,male,vd,960.0,,,mL/kg,,,,MEASURED/FITTED single oral dose as above,,Iwabuchi et al.,2017,,OEHHA 2024 PHG Table 4.8.1,vd_clearance.csv,own study
PFOS,rat,Hsd:Sprague Dawley,male,vd,681.0,,,mL/kg (V1 417 + V2 264),,,,MEASURED/FITTED - single IV 2 mg/kg 2-compartment WinNonlin,3/timepoint,Huang et al. (NTP),2019,31334035,Huang 2019 Table 4 (IV column),vd_clearance.csv,own study
PFOS,rat,Hsd:Sprague Dawley,male,clearance,13.1,,,mL/d/kg (0.546 mL/h/kg),,,,,3/timepoint,Huang et al. (NTP),2019,31334035,Huang 2019 Table 4 (IV column),vd_clearance.csv,
PFOS,rat,Hsd:Sprague Dawley,female,vd,421.0,,,mL/kg (V1 297 + V2 124),,,,MEASURED/FITTED single IV 2 mg/kg 2-compartment,3/timepoint,Huang et al. (NTP),2019,31334035,Huang 2019 Table 4,vd_clearance.csv,own study
PFOS,rat,Hsd:Sprague Dawley,female,clearance,8.95,,,mL/d/kg (0.373 mL/h/kg),,,,,3/timepoint,Huang et al. (NTP),2019,31334035,Huang 2019 Table 4,vd_clearance.csv,
PFHxS,rat,Hsd:Sprague Dawley,male,vd,224.0,,,mL/kg (V1 88.4 + V2 136),,,,MEASURED/FITTED single IV 4 mg/kg 2-compartment,3/timepoint,Huang et al. (NTP),2019,31334035,Huang 2019 Table 3 (IV column),vd_clearance.csv,own study
PFHxS,rat,Hsd:Sprague Dawley,male,clearance,4.73,,,mL/d/kg (0.197 mL/h/kg),,,,,3/timepoint,Huang et al. (NTP),2019,31334035,Huang 2019 Table 3 (IV column),vd_clearance.csv,
PFHxS,rat,Hsd:Sprague Dawley,female,vd,144.0,,,mL/kg (V1 66.3 + V2 77.6),,,,MEASURED/FITTED single IV 4 mg/kg 2-compartment,3/timepoint,Huang et al. (NTP),2019,31334035,Huang 2019 Table 3,vd_clearance.csv,own study
PFHxS,rat,Hsd:Sprague Dawley,female,clearance,65.5,,,mL/d/kg (2.73 mL/h/kg),,,,,3/timepoint,Huang et al. (NTP),2019,31334035,Huang 2019 Table 3,vd_clearance.csv,
PFBS,rat,Hsd:Sprague Dawley,male,vd,188.0,,,mL/kg (V1 113 + V2 74.8),,,,MEASURED/FITTED single IV 4 mg/kg 2-compartment,3/timepoint,Huang et al. (NTP),2019,31334035,Huang 2019 Table 2 (IV column),vd_clearance.csv,own study
PFBS,rat,Hsd:Sprague Dawley,male,clearance,828.0,,,mL/d/kg (34.5 mL/h/kg),,,,,3/timepoint,Huang et al. (NTP),2019,31334035,Huang 2019 Table 2 (IV column),vd_clearance.csv,
PFBS,rat,Hsd:Sprague Dawley,female,vd,165.0,,,mL/kg (V1 123 + V2 42),,,,MEASURED/FITTED single IV 4 mg/kg 2-compartment,3/timepoint,Huang et al. (NTP),2019,31334035,Huang 2019 Table 2,vd_clearance.csv,own study
PFBS,rat,Hsd:Sprague Dawley,female,clearance,6048.0,,,mL/d/kg (252 mL/h/kg),,,,,3/timepoint,Huang et al. (NTP),2019,31334035,Huang 2019 Table 2,vd_clearance.csv,
PFOA,rat,Hsd:Sprague Dawley,male,vd,153.0,,,mL/kg,,,,MEASURED/FITTED single IV 2-compartment (sum of central and peripheral),,Dzierlenga et al. (NTP),2020,31680603,OEHHA 2024 PHG Table 4.8.1 and footnote c; CL from EPA 2023 PFHxA IRIS sec 5.2.1,vd_clearance.csv,own study
PFOA,rat,Hsd:Sprague Dawley,male,clearance,,9.0,16.0,mL/kg/d (depending on dose and route),,,,,,Dzierlenga et al. (NTP),2020,31680603,OEHHA 2024 PHG Table 4.8.1 and footnote c; CL from EPA 2023 PFHxA IRIS sec 5.2.1,vd_clearance.csv,
PFOA,rat,Hsd:Sprague Dawley,male,halflife,215.0,,,h,,,,,,Dzierlenga et al. (NTP),2020,31680603,OEHHA 2024 PHG Table 4.8.1 and footnote c; CL from EPA 2023 PFHxA IRIS sec 5.2.1,vd_clearance.csv,
PFOA,rat,Hsd:Sprague Dawley,female,vd,207.0,,,mL/kg,,,,MEASURED/FITTED single IV 2-compartment (central + peripheral),,Dzierlenga et al. (NTP),2020,31680603,OEHHA 2024 PHG Table 4.8.1,vd_clearance.csv,own study
PFOA,rat,Hsd:Sprague Dawley,female,halflife,2.75,,,h,,,,,,Dzierlenga et al. (NTP),2020,31680603,OEHHA 2024 PHG Table 4.8.1,vd_clearance.csv,
PFOA,rat,Hsd:Sprague Dawley,male,vd,,154.0,202.0,mL/kg,,,,MEASURED/FITTED single oral dose 1-compartment,,Dzierlenga et al. (NTP),2020,31680603,OEHHA 2024 PHG Table 4.8.1,vd_clearance.csv,own study
PFOA,rat,Hsd:Sprague Dawley,female,vd,,79.2,342.0,mL/kg,,,,MEASURED/FITTED single oral dose 2-compartment (central + peripheral),,Dzierlenga et al. (NTP),2020,31680603,OEHHA 2024 PHG Table 4.8.1,vd_clearance.csv,own study
PFHxA,rat,Hsd:Sprague Dawley,male,vd,5200.0,,,"mL/kg (Vd,beta = CL/beta)",,,,COMPUTED by EPA from the published IV data; EPA notes this IV-derived value is an outlier against 900-1700 mL/kg from every other PFHxA experiment,,Dzierlenga et al. (NTP),2020,31680603,EPA 2023 PFHxA IRIS sec 5.2.1 p.5-12,vd_clearance.csv,EPA recalculation of Dzierlenga 2019 IV data
PFHxA,rat,Hsd:Sprague Dawley,male,halflife,9.0,,,h,,,,,,Dzierlenga et al. (NTP),2020,31680603,EPA 2023 PFHxA IRIS sec 5.2.1 p.5-12,vd_clearance.csv,
PFHxA,rat,Hsd:Sprague Dawley,female,vd,18700.0,,,"mL/kg (Vd,beta)",,,,COMPUTED by EPA from the published IV data; flagged by EPA as an outlier,,Dzierlenga et al. (NTP),2020,31680603,EPA 2023 PFHxA IRIS sec 5.2.1 p.5-12,vd_clearance.csv,EPA recalculation
PFHxA,rat,Hsd:Sprague Dawley,female,halflife,2.0,,,h,,,,,,Dzierlenga et al. (NTP),2020,31680603,EPA 2023 PFHxA IRIS sec 5.2.1 p.5-12,vd_clearance.csv,
PFOA (as 8:2-FTOH metabolite),rat,Hsd:Sprague Dawley,male,halflife,,198.0,353.0,h,,,,,,Huang et al. (NTP),2019,31516843,Huang 2019 Toxicol Rep 6:924 abstract,vd_clearance.csv,
PFOA (as 8:2-FTOH metabolite),rat,Hsd:Sprague Dawley,female,halflife,,4.47,6.9,h,,,,,,Huang et al. (NTP),2019,31516843,Huang 2019 Toxicol Rep 6:924 abstract,vd_clearance.csv,
PFHxA,rat,,both,vd,1360.0,,,mL/kg,,,,"COMPUTED (Vd,beta = CL/beta) by EPA, averaged over all non-IV experiments; male 1370 and female 1350, indistinguishable",,US EPA (PFHxA IRIS),2023,,EPA 2023 PFHxA IRIS sec 5.2.1 p.5-12 and Table 5-3,vd_clearance.csv,"EPA recalculation of Gannon 2011, Chengelis 2009a, Iwabuchi 2017, Dzierlenga 2019"
PFHxA,mouse,,male,vd,750.0,,,mL/kg,,,,"COMPUTED (Vd,beta) by EPA",,US EPA (PFHxA IRIS),2023,,EPA 2023 PFHxA IRIS sec 5.2.1 p.5-13,vd_clearance.csv,Gannon et al. 2011
PFHxA,mouse,,female,vd,780.0,,,mL/kg,,,,"COMPUTED (Vd,beta) by EPA",,US EPA (PFHxA IRIS),2023,,EPA 2023 PFHxA IRIS sec 5.2.1 p.5-13,vd_clearance.csv,Gannon et al. 2011
PFHxA,monkey (cynomolgus),,male,vd,990.0,,,mL/kg (SD 580; range 390-1500),,,,MEASURED/FITTED,3,Chengelis et al.,2009,,EPA 2023 PFHxA IRIS sec 5.2.1 p.5-13; ATSDR 2021 Table 3-6,vd_clearance.csv,own study
PFHxA,monkey (cynomolgus),,male,clearance,569.0,,,mL/d/kg,,,,,3,Chengelis et al.,2009,,EPA 2023 PFHxA IRIS sec 5.2.1 p.5-13; ATSDR 2021 Table 3-6,vd_clearance.csv,
PFHxA,monkey (cynomolgus),,female,vd,470.0,,,mL/kg (SD 350; range 230-870),,,,MEASURED/FITTED,3,Chengelis et al.,2009,,EPA 2023 PFHxA IRIS sec 5.2.1 p.5-13; ATSDR 2021 Table 3-6,vd_clearance.csv,own study
PFHxA,monkey (cynomolgus),,female,clearance,535.0,,,mL/d/kg,,,,,3,Chengelis et al.,2009,,EPA 2023 PFHxA IRIS sec 5.2.1 p.5-13; ATSDR 2021 Table 3-6,vd_clearance.csv,
PFHxA,rat,Sprague-Dawley,male,vd,930.0,,,"mL/kg (Vd beta, IV)",,,,MEASURED/FITTED IV,,Chengelis et al.,2009,,EPA 2023 PFHxA IRIS sec 5.2.1; ATSDR 2021 Table 3-6,vd_clearance.csv,own study
PFHxA,rat,Sprague-Dawley,male,clearance,2784.0,,,mL/d/kg,,,,,,Chengelis et al.,2009,,EPA 2023 PFHxA IRIS sec 5.2.1; ATSDR 2021 Table 3-6,vd_clearance.csv,
PFHxA,rat,Sprague-Dawley,female,vd,930.0,,,"mL/kg (Vd beta, IV)",,,,MEASURED/FITTED IV,,Chengelis et al.,2009,,EPA 2023 PFHxA IRIS sec 5.2.1; ATSDR 2021 Table 3-6,vd_clearance.csv,own study
PFHxA,rat,Sprague-Dawley,female,clearance,18600.0,,,mL/d/kg,,,,,,Chengelis et al.,2009,,EPA 2023 PFHxA IRIS sec 5.2.1; ATSDR 2021 Table 3-6,vd_clearance.csv,
PFBS,rat,Sprague-Dawley,male,clearance,946.0,,,mL/d/kg,,,,,,Chengelis et al.,2009,,ATSDR 2021 Table 3-6,vd_clearance.csv,
PFBS,rat,Sprague-Dawley,female,clearance,7464.0,,,mL/d/kg,,,,,,Chengelis et al.,2009,,ATSDR 2021 Table 3-6,vd_clearance.csv,
PFBS,monkey (cynomolgus),,male,clearance,159.0,,,mL/d/kg,,,,,,Chengelis et al.,2009,,ATSDR 2021 Table 3-6,vd_clearance.csv,
PFBS,monkey (cynomolgus),,female,clearance,238.0,,,mL/d/kg,,,,,,Chengelis et al.,2009,,ATSDR 2021 Table 3-6,vd_clearance.csv,
PFBS,monkey (cynomolgus),,male,clearance,12264.0,,,mL/d/kg (SE 3384),,,,,,Olsen et al.,2009,,ATSDR 2021 Table 3-6; note 77x discrepancy with Chengelis 2009a at the same 10 mg/kg IV dose,vd_clearance.csv,
PFBS,monkey (cynomolgus),,female,clearance,8832.0,,,mL/d/kg (SE 2880),,,,,,Olsen et al.,2009,,ATSDR 2021 Table 3-6,vd_clearance.csv,
PFBS,rat,Sprague-Dawley,male,clearance,2856.0,,,mL/d/kg (SE 816),,,,,,Olsen et al.,2009,,ATSDR 2021 Table 3-6,vd_clearance.csv,
PFBS,rat,Sprague-Dawley,female,clearance,11265.0,,,mL/d/kg (SE 960),,,,,,Olsen et al.,2009,,ATSDR 2021 Table 3-6,vd_clearance.csv,
PFBA,rat,Sprague-Dawley,male,clearance,851.0,,,mL/d/kg (SE 61) IV; 494 oral,,,,,,Chang et al.,2008,,ATSDR 2021 Table 3-6,vd_clearance.csv,
PFBA,rat,Sprague-Dawley,female,clearance,2949.0,,,mL/d/kg (SE 59) IV; 1527 oral,,,,,,Chang et al.,2008,,ATSDR 2021 Table 3-6,vd_clearance.csv,
PFBA,monkey (cynomolgus),,male,clearance,2371.0,,,mL/d/kg (SE 293),,,,,,Chang et al.,2008,,ATSDR 2021 Table 3-6,vd_clearance.csv,
PFBA,monkey (cynomolgus),,female,clearance,1075.0,,,mL/d/kg (SE 91),,,,,,Chang et al.,2008,,ATSDR 2021 Table 3-6,vd_clearance.csv,
PFOA,rat,Wistar,male,clearance,50.4,,,mL/d/kg (SD 14.4),,,,,,Kudo et al.,2002,,ATSDR 2021 Table 3-6,vd_clearance.csv,
PFOA,rat,Wistar,female,clearance,2233.0,,,mL/d/kg (SD 805),,,,,,Kudo et al.,2002,,ATSDR 2021 Table 3-6,vd_clearance.csv,
PFOS,rat,Hsd:Sprague Dawley,male,vd,299.0,,,mL/kg (V1 176 + V2 123),,,,MEASURED/FITTED - repeat gavage 2 mg/kg/d x 5 d 2-compartment,,Huang et al.,2019,31334035,Huang 2019 Table 4 (2 x5 column),vd_clearance.csv,own study
PFOS,rat,Hsd:Sprague Dawley,male,clearance,1.63,,,mL/d/kg (0.068 mL/h/kg),,,,,,Huang et al.,2019,31334035,Huang 2019 Table 4 (2 x5 column),vd_clearance.csv,
PFOS,rat,Hsd:Sprague Dawley,female,vd,222.0,,,mL/kg (V1 136 + V2 86.3),,,,MEASURED/FITTED repeat gavage 2 mg/kg/d x 5 d,,Huang et al.,2019,31334035,Huang 2019 Table 4,vd_clearance.csv,own study
PFOS,rat,Hsd:Sprague Dawley,female,clearance,1.08,,,mL/d/kg (0.045 mL/h/kg),,,,,,Huang et al.,2019,31334035,Huang 2019 Table 4,vd_clearance.csv,
PFOA,human,,male (1 volunteer age 67),vd,121.0,,,mL/kg (95% CI 118-124),,,,"MEASURED - controlled single oral dose of 13C4-PFOA (3.96 ug absorbed, ~0.048 ug/kg), plasma followed 450 d; Vd = Dabs/C0 with C0 from a 2-compartment fit. Identity ln2*Vd/CL closes at an implied BW of 82.9 kg across all 15 compounds, confirming internal consistency.",1,Abraham et al.,2024,39476597,Abraham 2024 Tables 2-4,vd_clearance.csv,"own measurement - no assumed half-life, no assumed absorption fraction (fecal recovery measured: 0.04% unabsorbed)"
PFOA,human,,male (1 volunteer age 67),clearance,0.0417,,,mL/kg/d (= CLtot 0.0024 mL/min),,,,,1,Abraham et al.,2024,39476597,Abraham 2024 Tables 2-4,vd_clearance.csv,
PFOS,human,,male (1 volunteer),vd,152.0,,,mL/kg (95% CI 148-NA),,,,MEASURED - single oral dose 13C4-PFOS 3.78 ug; Vd = Dabs/C0,1,Abraham et al.,2024,39476597,Abraham 2024 Tables 2-4,vd_clearance.csv,own measurement
PFOS,human,,male (1 volunteer),clearance,0.087,,,mL/kg/d (CLtot 0.0050 mL/min),,,,,1,Abraham et al.,2024,39476597,Abraham 2024 Tables 2-4,vd_clearance.csv,
PFHxS,human,,male (1 volunteer),vd,125.0,,,mL/kg (95% CI 122-128),,,,MEASURED - single oral dose 18O2-PFHxS 3.76 ug,1,Abraham et al.,2024,39476597,Abraham 2024 Tables 2-4,vd_clearance.csv,own measurement
PFHxS,human,,male (1 volunteer),clearance,0.053,,,mL/kg/d (CLtot 0.0030 mL/min),,,,,1,Abraham et al.,2024,39476597,Abraham 2024 Tables 2-4,vd_clearance.csv,
PFNA,human,,male (1 volunteer),vd,124.0,,,mL/kg (95% CI 122-127),,,,MEASURED - single oral dose 13C5-PFNA 4.02 ug,1,Abraham et al.,2024,39476597,Abraham 2024 Tables 2-4,vd_clearance.csv,own measurement
PFNA,human,,male (1 volunteer),clearance,0.0659,,,mL/kg/d (CLtot 0.0038 mL/min),,,,,1,Abraham et al.,2024,39476597,Abraham 2024 Tables 2-4,vd_clearance.csv,
PFBA,human,,male (1 volunteer),vd,132.0,,,mL/kg (95% CI 128-136),,,,MEASURED - single oral dose 13C3-PFBA 4.01 ug,1,Abraham et al.,2024,39476597,Abraham 2024 Tables 2-4,vd_clearance.csv,own measurement
PFBA,human,,male (1 volunteer),clearance,21.89,,,mL/kg/d (CLtot 1.24 mL/min),,,,,1,Abraham et al.,2024,39476597,Abraham 2024 Tables 2-4,vd_clearance.csv,
PFPeA,human,,male (1 volunteer),vd,110.0,,,mL/kg (95% CI 107-115),,,,MEASURED - single oral dose 13C3-PFPeA 3.95 ug,1,Abraham et al.,2024,39476597,Abraham 2024 Tables 2-4,vd_clearance.csv,own measurement
PFPeA,human,,male (1 volunteer),clearance,146.6,,,mL/kg/d (CLtot 8.45 mL/min),,,,,1,Abraham et al.,2024,39476597,Abraham 2024 Tables 2-4,vd_clearance.csv,
PFHxA,human,,male (1 volunteer),vd,119.0,,,mL/kg (95% CI 113-126),,,,MEASURED - single oral dose 13C2-PFHxA 3.99 ug,1,Abraham et al.,2024,39476597,"Abraham 2024 Tables 2-4. Compare EPA 2023 PFHxA IRIS, which assumed human Vd = monkey Vd = 730 mL/kg: the measured value is 6.1x lower.",vd_clearance.csv,own measurement
PFHxA,human,,male (1 volunteer),clearance,56.89,,,mL/kg/d (CLtot 3.24 mL/min),,,,,1,Abraham et al.,2024,39476597,"Abraham 2024 Tables 2-4. Compare EPA 2023 PFHxA IRIS, which assumed human Vd = monkey Vd = 730 mL/kg: the measured value is 6.1x lower.",vd_clearance.csv,
PFHpA,human,,male (1 volunteer),vd,128.0,,,mL/kg (95% CI 125-131),,,,MEASURED - single oral dose 13C7-PFHpA 3.80 ug,1,Abraham et al.,2024,39476597,Abraham 2024 Tables 2-4,vd_clearance.csv,own measurement
PFHpA,human,,male (1 volunteer),clearance,0.584,,,mL/kg/d (CLtot 0.033 mL/min),,,,,1,Abraham et al.,2024,39476597,Abraham 2024 Tables 2-4,vd_clearance.csv,
PFDA,human,,male (1 volunteer),vd,184.0,,,mL/kg (95% CI 180-188),,,,MEASURED - single oral dose 13C9-PFDA 4.01 ug,1,Abraham et al.,2024,39476597,Abraham 2024 Tables 2-4,vd_clearance.csv,own measurement
PFDA,human,,male (1 volunteer),clearance,0.148,,,mL/kg/d (CLtot 0.0084 mL/min),,,,,1,Abraham et al.,2024,39476597,Abraham 2024 Tables 2-4,vd_clearance.csv,
PFUdA,human,,male (1 volunteer),vd,241.0,,,mL/kg (95% CI 232-252),,,,MEASURED - single oral dose 13C2-PFUdA 3.99 ug,1,Abraham et al.,2024,39476597,Abraham 2024 Tables 2-4,vd_clearance.csv,own measurement
PFUdA,human,,male (1 volunteer),clearance,0.286,,,mL/kg/d (CLtot 0.0163 mL/min),,,,,1,Abraham et al.,2024,39476597,Abraham 2024 Tables 2-4,vd_clearance.csv,
PFDoA,human,,male (1 volunteer),vd,354.0,,,mL/kg (95% CI 342-368),,,,MEASURED - single oral dose 13C12-PFDoA 3.75 ug absorbed (1.09% unabsorbed),1,Abraham et al.,2024,39476597,"Abraham 2024 Tables 2-4. Highest human Vd of the 15, and the SHORTEST half-life of the long-chain PFCAs - Vd and half-life move in opposite directions across the homologue series.",vd_clearance.csv,own measurement
PFDoA,human,,male (1 volunteer),clearance,0.832,,,mL/kg/d (CLtot 0.0474 mL/min),,,,,1,Abraham et al.,2024,39476597,"Abraham 2024 Tables 2-4. Highest human Vd of the 15, and the SHORTEST half-life of the long-chain PFCAs - Vd and half-life move in opposite directions across the homologue series.",vd_clearance.csv,
PFBS,human,,male (1 volunteer),vd,137.0,,,mL/kg (95% CI 134-140),,,,MEASURED - single oral dose PFBS 18.42 ug (unlabelled; 4.7x the dose of the labelled compounds),1,Abraham et al.,2024,39476597,Abraham 2024 Tables 2-4. Note: 50.6 d is far longer than the ~26 d often quoted from Olsen 2009.,vd_clearance.csv,own measurement
PFBS,human,,male (1 volunteer),clearance,1.877,,,mL/kg/d (CLtot 0.107 mL/min),,,,,1,Abraham et al.,2024,39476597,Abraham 2024 Tables 2-4. Note: 50.6 d is far longer than the ~26 d often quoted from Olsen 2009.,vd_clearance.csv,
HFPO-DA (GenX),human,,male (1 volunteer),vd,177.0,,,mL/kg (95% CI 172-183),,,,MEASURED - single oral dose 19.51 ug absorbed,1,Abraham et al.,2024,39476597,Abraham 2024 Tables 2-4,vd_clearance.csv,own measurement
HFPO-DA (GenX),human,,male (1 volunteer),clearance,42.9,,,mL/kg/d (CLtot 2.45 mL/min),,,,,1,Abraham et al.,2024,39476597,Abraham 2024 Tables 2-4,vd_clearance.csv,
DONA,human,,male (1 volunteer),vd,168.0,,,mL/kg (95% CI 140-212),,,,MEASURED - single oral dose 3.71 ug absorbed,1,Abraham et al.,2024,39476597,Abraham 2024 Tables 2-4,vd_clearance.csv,own measurement
DONA,human,,male (1 volunteer),clearance,3.356,,,mL/kg/d (CLtot 0.191 mL/min),,,,,1,Abraham et al.,2024,39476597,Abraham 2024 Tables 2-4,vd_clearance.csv,
6:2 FTS,human,,male (1 volunteer),vd,119.0,,,mL/kg (95% CI 115-122),,,,MEASURED - single oral dose 3.87 ug absorbed (1.40% unabsorbed),1,Abraham et al.,2024,39476597,Abraham 2024 Tables 2-4,vd_clearance.csv,own measurement
6:2 FTS,human,,male (1 volunteer),clearance,19.92,,,mL/kg/d (CLtot 1.13 mL/min),,,,,1,Abraham et al.,2024,39476597,Abraham 2024 Tables 2-4,vd_clearance.csv,
PFBS,mouse,CD-1,male,vd,,320.0,400.0,mL/kg (0.32-0.40 L/kg; similar in both sexes),,,,MEASURED/FITTED - single oral gavage 30 or 300 mg/kg; serum followed 24 h,,Lau et al.,2020,,Lau 2020 abstract; liver:serum ~0.2-0.3 and kidney:serum 0.1-0.2 at 24 h,vd_clearance.csv,own study
PFBS,mouse,CD-1,male,halflife,5.8,,,h,,,,,,Lau et al.,2020,,Lau 2020 abstract; liver:serum ~0.2-0.3 and kidney:serum 0.1-0.2 at 24 h,vd_clearance.csv,
PFBS,mouse,CD-1,female,vd,,320.0,400.0,mL/kg,,,,MEASURED/FITTED single oral gavage 30 or 300 mg/kg,,Lau et al.,2020,,Lau 2020 abstract,vd_clearance.csv,own study
PFBS,mouse,CD-1,female,halflife,4.5,,,h,,,,,,Lau et al.,2020,,Lau 2020 abstract,vd_clearance.csv,
DTXSID1037303,rat,wistar,Female,halflife,0.05138,,,d,48.64,umol/kg,iv,terminal log-linear fit computed in this review,,EPA CPHEA Ohmori_3858670,,,,cphea_fitted_halflives.csv,see REPORT.md section 8 item 9 before using
DTXSID1037303,rat,wistar,Male,halflife,0.0877,,,d,48.64,umol/kg,iv,terminal log-linear fit computed in this review,,EPA CPHEA Ohmori_3858670,,,,cphea_fitted_halflives.csv,see REPORT.md section 8 item 9 before using
PFBA,mouse,CD-1,Female,halflife,0.15995,,,d,10,mg/kg,gavage,terminal log-linear fit computed in this review,,EPA CPHEA Chang_2325359,,,,cphea_fitted_halflives.csv,see REPORT.md section 8 item 9 before using
PFBA,mouse,CD-1,Female,halflife,0.17081,,,d,30,mg/kg,gavage,terminal log-linear fit computed in this review,,EPA CPHEA Chang_2325359,,,,cphea_fitted_halflives.csv,see REPORT.md section 8 item 9 before using
PFBA,mouse,CD-1,Female,halflife,0.17014,,,d,100,mg/kg,gavage,terminal log-linear fit computed in this review,,EPA CPHEA Chang_2325359,,,,cphea_fitted_halflives.csv,see REPORT.md section 8 item 9 before using
PFBA,mouse,CD-1,Male,halflife,0.57048,,,d,10,mg/kg,gavage,terminal log-linear fit computed in this review,,EPA CPHEA Chang_2325359,,,,cphea_fitted_halflives.csv,see REPORT.md section 8 item 9 before using
PFBA,mouse,CD-1,Male,halflife,0.52665,,,d,30,mg/kg,gavage,terminal log-linear fit computed in this review,,EPA CPHEA Chang_2325359,,,,cphea_fitted_halflives.csv,see REPORT.md section 8 item 9 before using
PFBA,mouse,CD-1,Male,halflife,0.82818,,,d,100,mg/kg,gavage,terminal log-linear fit computed in this review,,EPA CPHEA Chang_2325359,,,,cphea_fitted_halflives.csv,see REPORT.md section 8 item 9 before using
PFBA,primate,cynomolgus,Female,halflife,1.98999,,,d,10,mg/kg,iv,terminal log-linear fit computed in this review,,EPA CPHEA Chang_2325359,,,,cphea_fitted_halflives.csv,see REPORT.md section 8 item 9 before using
PFBA,primate,cynomolgus,Male,halflife,2.00611,,,d,10,mg/kg,iv,terminal log-linear fit computed in this review,,EPA CPHEA Chang_2325359,,,,cphea_fitted_halflives.csv,see REPORT.md section 8 item 9 before using
PFBA,rat,sprague-dawley,Female,halflife,0.13773,,,d,30,mg/kg,gavage,terminal log-linear fit computed in this review,,EPA CPHEA Chang_2325359,,,,cphea_fitted_halflives.csv,see REPORT.md section 8 item 9 before using
PFBA,rat,sprague-dawley,Female,halflife,0.17266,,,d,30,mg/kg,iv,terminal log-linear fit computed in this review,,EPA CPHEA Chang_2325359,,,,cphea_fitted_halflives.csv,see REPORT.md section 8 item 9 before using
PFBA,rat,sprague-dawley,Male,halflife,0.42513,,,d,30,mg/kg,gavage,terminal log-linear fit computed in this review,,EPA CPHEA Chang_2325359,,,,cphea_fitted_halflives.csv,see REPORT.md section 8 item 9 before using
PFBA,rat,sprague-dawley,Male,halflife,0.18924,,,d,30,mg/kg,iv,terminal log-linear fit computed in this review,,EPA CPHEA Chang_2325359,,,,cphea_fitted_halflives.csv,see REPORT.md section 8 item 9 before using
PFBS,mouse,CD1,Female,halflife,0.10162,,,d,30,mg/kg,gavage,terminal log-linear fit computed in this review,,EPA CPHEA Lau_6579272,,,,cphea_fitted_halflives.csv,see REPORT.md section 8 item 9 before using
PFBS,mouse,CD1,Female,halflife,0.19283,,,d,300,mg/kg,gavage,terminal log-linear fit computed in this review,,EPA CPHEA Lau_6579272,,,,cphea_fitted_halflives.csv,see REPORT.md section 8 item 9 before using
PFBS,mouse,CD1,Male,halflife,0.15078,,,d,30,mg/kg,gavage,terminal log-linear fit computed in this review,,EPA CPHEA Lau_6579272,,,,cphea_fitted_halflives.csv,see REPORT.md section 8 item 9 before using
PFBS,mouse,CD1,Male,halflife,0.36835,,,d,300,mg/kg,gavage,terminal log-linear fit computed in this review,,EPA CPHEA Lau_6579272,,,,cphea_fitted_halflives.csv,see REPORT.md section 8 item 9 before using
PFBS,primate,cynomolgus,Female,halflife,0.36075,,,d,10,mg/kg,iv,terminal log-linear fit computed in this review,,EPA CPHEA Chengelis_2850396,,,,cphea_fitted_halflives.csv,see REPORT.md section 8 item 9 before using
PFBS,primate,cynomolgus,Female,halflife,1.07126,,,d,10,mg/kg,iv,terminal log-linear fit computed in this review,,EPA CPHEA Olsen_1326734,,,,cphea_fitted_halflives.csv,see REPORT.md section 8 item 9 before using
PFBS,primate,cynomolgus,Male,halflife,0.72028,,,d,10,mg/kg,iv,terminal log-linear fit computed in this review,,EPA CPHEA Chengelis_2850396,,,,cphea_fitted_halflives.csv,see REPORT.md section 8 item 9 before using
PFBS,primate,cynomolgus,Male,halflife,1.08085,,,d,10,mg/kg,iv,terminal log-linear fit computed in this review,,EPA CPHEA Olsen_1326734,,,,cphea_fitted_halflives.csv,see REPORT.md section 8 item 9 before using
PFBS,rat,sprague-dawley,Female,halflife,0.03587,,,d,4,mg/kg,iv,terminal log-linear fit computed in this review,,EPA CPHEA Huang_5387170,,,,cphea_fitted_halflives.csv,see REPORT.md section 8 item 9 before using
PFBS,rat,sprague-dawley,Female,halflife,0.63315,,,d,4,mg/kg,gavage,terminal log-linear fit computed in this review,,EPA CPHEA Huang_5387170,,,,cphea_fitted_halflives.csv,see REPORT.md section 8 item 9 before using
PFBS,rat,sprague-dawley,Female,halflife,0.02944,,,d,10,mg/kg,iv,terminal log-linear fit computed in this review,,EPA CPHEA Chengelis_2850396,,,,cphea_fitted_halflives.csv,see REPORT.md section 8 item 9 before using
PFBS,rat,sprague-dawley,Female,halflife,0.10463,,,d,20,mg/kg,gavage,terminal log-linear fit computed in this review,,EPA CPHEA Huang_5387170,,,,cphea_fitted_halflives.csv,see REPORT.md section 8 item 9 before using
PFBS,rat,sprague-dawley,Female,halflife,0.19519,,,d,30,mg/kg,iv,terminal log-linear fit computed in this review,,EPA CPHEA Olsen_1326734,,,,cphea_fitted_halflives.csv,see REPORT.md section 8 item 9 before using
PFBS,rat,sprague-dawley,Female,halflife,0.29883,,,d,30,mg/kg,gavage,terminal log-linear fit computed in this review,,EPA CPHEA Olsen_1326734,,,,cphea_fitted_halflives.csv,see REPORT.md section 8 item 9 before using
PFBS,rat,sprague-dawley,Female,halflife,0.03531,,,d,100,mg/kg,gavage,terminal log-linear fit computed in this review,,EPA CPHEA Huang_5387170,,,,cphea_fitted_halflives.csv,see REPORT.md section 8 item 9 before using
PFBS,rat,sprague-dawley,Male,halflife,0.15546,,,d,4,mg/kg,iv,terminal log-linear fit computed in this review,,EPA CPHEA Huang_5387170,,,,cphea_fitted_halflives.csv,see REPORT.md section 8 item 9 before using
PFBS,rat,sprague-dawley,Male,halflife,0.14157,,,d,4,mg/kg,gavage,terminal log-linear fit computed in this review,,EPA CPHEA Huang_5387170,,,,cphea_fitted_halflives.csv,see REPORT.md section 8 item 9 before using
PFBS,rat,sprague-dawley,Male,halflife,0.0863,,,d,10,mg/kg,iv,terminal log-linear fit computed in this review,,EPA CPHEA Chengelis_2850396,,,,cphea_fitted_halflives.csv,see REPORT.md section 8 item 9 before using
PFBS,rat,sprague-dawley,Male,halflife,0.17646,,,d,20,mg/kg,gavage,terminal log-linear fit computed in this review,,EPA CPHEA Huang_5387170,,,,cphea_fitted_halflives.csv,see REPORT.md section 8 item 9 before using
PFBS,rat,sprague-dawley,Male,halflife,0.14822,,,d,30,mg/kg,iv,terminal log-linear fit computed in this review,,EPA CPHEA Olsen_1326734,,,,cphea_fitted_halflives.csv,see REPORT.md section 8 item 9 before using
PFBS,rat,sprague-dawley,Male,halflife,0.18069,,,d,30,mg/kg,gavage,terminal log-linear fit computed in this review,,EPA CPHEA Olsen_1326734,,,,cphea_fitted_halflives.csv,see REPORT.md section 8 item 9 before using
PFBS,rat,sprague-dawley,Male,halflife,0.2346,,,d,50,mg/kg,gavage,terminal log-linear fit computed in this review,,EPA CPHEA Chengelis_2850396,,,,cphea_fitted_halflives.csv,see REPORT.md section 8 item 9 before using
PFBS,rat,sprague-dawley,Male,halflife,0.16259,,,d,100,mg/kg,gavage,terminal log-linear fit computed in this review,,EPA CPHEA Huang_5387170,,,,cphea_fitted_halflives.csv,see REPORT.md section 8 item 9 before using
PFBS,rat,sprague-dawley,Male,halflife,0.12591,,,d,150,mg/kg,gavage,terminal log-linear fit computed in this review,,EPA CPHEA Chengelis_2850396,,,,cphea_fitted_halflives.csv,see REPORT.md section 8 item 9 before using
PFBS,rat,sprague-dawley,Male,halflife,0.08854,,,d,300,mg/kg,gavage,terminal log-linear fit computed in this review,,EPA CPHEA Chengelis_2850396,,,,cphea_fitted_halflives.csv,see REPORT.md section 8 item 9 before using
PFDA,rat,sprague-dawley,Female,halflife,20.22013,,,d,1,mg/kg,iv,terminal log-linear fit computed in this review,,EPA CPHEA Kim_5063958,,,,cphea_fitted_halflives.csv,see REPORT.md section 8 item 9 before using
PFDA,rat,sprague-dawley,Female,halflife,22.56081,,,d,1,mg/kg,gavage,terminal log-linear fit computed in this review,,EPA CPHEA Kim_5063958,,,,cphea_fitted_halflives.csv,see REPORT.md section 8 item 9 before using
PFDA,rat,sprague-dawley,Female,halflife,27.8966,,,d,2,mg/kg,iv,terminal log-linear fit computed in this review,,EPA CPHEA Dzierlenga_5916078,,,,cphea_fitted_halflives.csv,see REPORT.md section 8 item 9 before using
PFDA,rat,sprague-dawley,Female,halflife,43.85071,,,d,2,mg/kg,gavage,terminal log-linear fit computed in this review,,EPA CPHEA Dzierlenga_5916078,,,,cphea_fitted_halflives.csv,see REPORT.md section 8 item 9 before using
PFDA,rat,sprague-dawley,Female,halflife,45.72837,,,d,10,mg/kg,gavage,terminal log-linear fit computed in this review,,EPA CPHEA Dzierlenga_5916078,,,,cphea_fitted_halflives.csv,see REPORT.md section 8 item 9 before using
PFDA,rat,sprague-dawley,Female,halflife,47.5791,,,d,20,mg/kg,gavage,terminal log-linear fit computed in this review,,EPA CPHEA Dzierlenga_5916078,,,,cphea_fitted_halflives.csv,see REPORT.md section 8 item 9 before using
PFDA,rat,wistar,Female,halflife,193.74533,,,d,48.64,umol/kg,iv,terminal log-linear fit computed in this review,,EPA CPHEA Ohmori_3858670,,,,cphea_fitted_halflives.csv,see REPORT.md section 8 item 9 before using
PFDA,rat,sprague-dawley,Male,halflife,43.7415,,,d,1,mg/kg,iv,terminal log-linear fit computed in this review,,EPA CPHEA Kim_5063958,,,,cphea_fitted_halflives.csv,see REPORT.md section 8 item 9 before using
PFDA,rat,sprague-dawley,Male,halflife,29.56497,,,d,1,mg/kg,gavage,terminal log-linear fit computed in this review,,EPA CPHEA Kim_5063958,,,,cphea_fitted_halflives.csv,see REPORT.md section 8 item 9 before using
PFDA,rat,sprague-dawley,Male,halflife,26.34283,,,d,2,mg/kg,iv,terminal log-linear fit computed in this review,,EPA CPHEA Dzierlenga_5916078,,,,cphea_fitted_halflives.csv,see REPORT.md section 8 item 9 before using
PFDA,rat,sprague-dawley,Male,halflife,66.05596,,,d,2,mg/kg,gavage,terminal log-linear fit computed in this review,,EPA CPHEA Dzierlenga_5916078,,,,cphea_fitted_halflives.csv,see REPORT.md section 8 item 9 before using
PFDA,rat,sprague-dawley,Male,halflife,40.29406,,,d,10,mg/kg,gavage,terminal log-linear fit computed in this review,,EPA CPHEA Dzierlenga_5916078,,,,cphea_fitted_halflives.csv,see REPORT.md section 8 item 9 before using
PFDA,rat,sprague-dawley,Male,halflife,45.17544,,,d,20,mg/kg,gavage,terminal log-linear fit computed in this review,,EPA CPHEA Dzierlenga_5916078,,,,cphea_fitted_halflives.csv,see REPORT.md section 8 item 9 before using
PFDA,rat,wistar,Male,halflife,35.82244,,,d,48.64,umol/kg,iv,terminal log-linear fit computed in this review,,EPA CPHEA Ohmori_3858670,,,,cphea_fitted_halflives.csv,see REPORT.md section 8 item 9 before using
PFHxA,mouse,CD-1,Female,halflife,0.48567,,,d,2,mg/kg,gavage,terminal log-linear fit computed in this review,,EPA CPHEA Gannon_2850314,,,,cphea_fitted_halflives.csv,see REPORT.md section 8 item 9 before using
PFHxA,mouse,CD-1,Female,halflife,0.04222,,,d,35,mg/kg,gavage,terminal log-linear fit computed in this review,,EPA CPHEA Daikin_6822782,,,,cphea_fitted_halflives.csv,see REPORT.md section 8 item 9 before using
PFHxA,mouse,CD-1,Female,halflife,15.09159,,,d,100,mg/kg,gavage,terminal log-linear fit computed in this review,,EPA CPHEA Gannon_2850314,,,,cphea_fitted_halflives.csv,see REPORT.md section 8 item 9 before using
PFHxA,mouse,CD-1,Female,halflife,0.1341,,,d,175,mg/kg,gavage,terminal log-linear fit computed in this review,,EPA CPHEA Daikin_6822782,,,,cphea_fitted_halflives.csv,see REPORT.md section 8 item 9 before using
PFHxA,mouse,CD-1,Female,halflife,0.12953,,,d,350,mg/kg,gavage,terminal log-linear fit computed in this review,,EPA CPHEA Daikin_6822782,,,,cphea_fitted_halflives.csv,see REPORT.md section 8 item 9 before using
PFHxA,mouse,CD-1,Male,halflife,1.78443,,,d,2,mg/kg,gavage,terminal log-linear fit computed in this review,,EPA CPHEA Gannon_2850314,,,,cphea_fitted_halflives.csv,see REPORT.md section 8 item 9 before using
PFHxA,mouse,CD-1,Male,halflife,12.005,,,d,100,mg/kg,gavage,terminal log-linear fit computed in this review,,EPA CPHEA Gannon_2850314,,,,cphea_fitted_halflives.csv,see REPORT.md section 8 item 9 before using
PFHxA,primate,cynomolgus,Female,halflife,0.16094,,,d,10,mg/kg,iv,terminal log-linear fit computed in this review,,EPA CPHEA Chengelis_2850396,,,,cphea_fitted_halflives.csv,see REPORT.md section 8 item 9 before using
PFHxA,primate,cynomolgus,Male,halflife,0.25448,,,d,10,mg/kg,iv,terminal log-linear fit computed in this review,,EPA CPHEA Chengelis_2850396,,,,cphea_fitted_halflives.csv,see REPORT.md section 8 item 9 before using
PFHxA,rat,sprague-dawley,Female,halflife,0.02344,,,d,2,mg/kg,gavage,terminal log-linear fit computed in this review,,EPA CPHEA Gannon_2850314,,,,cphea_fitted_halflives.csv,see REPORT.md section 8 item 9 before using
PFHxA,rat,sprague-dawley,Female,halflife,0.0195,,,d,10,mg/kg,iv,terminal log-linear fit computed in this review,,EPA CPHEA Chengelis_2850396,,,,cphea_fitted_halflives.csv,see REPORT.md section 8 item 9 before using
PFHxA,rat,sprague-dawley,Female,halflife,0.08517,,,d,40,mg/kg,iv,terminal log-linear fit computed in this review,,EPA CPHEA Dzierlenga_5916078,,,,cphea_fitted_halflives.csv,see REPORT.md section 8 item 9 before using
PFHxA,rat,sprague-dawley,Female,halflife,0.05115,,,d,40,mg/kg,gavage,terminal log-linear fit computed in this review,,EPA CPHEA Dzierlenga_5916078,,,,cphea_fitted_halflives.csv,see REPORT.md section 8 item 9 before using
PFHxA,rat,sprague-dawley,Female,halflife,0.18277,,,d,80,mg/kg,gavage,terminal log-linear fit computed in this review,,EPA CPHEA Dzierlenga_5916078,,,,cphea_fitted_halflives.csv,see REPORT.md section 8 item 9 before using
PFHxA,rat,sprague-dawley,Female,halflife,0.02408,,,d,100,mg/kg,gavage,terminal log-linear fit computed in this review,,EPA CPHEA Gannon_2850314,,,,cphea_fitted_halflives.csv,see REPORT.md section 8 item 9 before using
PFHxA,rat,sprague-dawley,Female,halflife,0.07804,,,d,160,mg/kg,gavage,terminal log-linear fit computed in this review,,EPA CPHEA Dzierlenga_5916078,,,,cphea_fitted_halflives.csv,see REPORT.md section 8 item 9 before using
PFHxA,rat,wistar,Male,halflife,0.10958,,,d,0.1,mg/kg,gavage,terminal log-linear fit computed in this review,,EPA CPHEA Iwabuchi_3859701,,,,cphea_fitted_halflives.csv,see REPORT.md section 8 item 9 before using
PFHxA,rat,sprague-dawley,Male,halflife,0.09832,,,d,2,mg/kg,gavage,terminal log-linear fit computed in this review,,EPA CPHEA Gannon_2850314,,,,cphea_fitted_halflives.csv,see REPORT.md section 8 item 9 before using
PFHxA,rat,sprague-dawley,Male,halflife,0.04367,,,d,10,mg/kg,iv,terminal log-linear fit computed in this review,,EPA CPHEA Chengelis_2850396,,,,cphea_fitted_halflives.csv,see REPORT.md section 8 item 9 before using
PFHxA,rat,sprague-dawley,Male,halflife,0.1122,,,d,40,mg/kg,iv,terminal log-linear fit computed in this review,,EPA CPHEA Dzierlenga_5916078,,,,cphea_fitted_halflives.csv,see REPORT.md section 8 item 9 before using
PFHxA,rat,sprague-dawley,Male,halflife,0.24035,,,d,40,mg/kg,gavage,terminal log-linear fit computed in this review,,EPA CPHEA Dzierlenga_5916078,,,,cphea_fitted_halflives.csv,see REPORT.md section 8 item 9 before using
PFHxA,rat,sprague-dawley,Male,halflife,0.09255,,,d,50,mg/kg,gavage,terminal log-linear fit computed in this review,,EPA CPHEA Chengelis_2850396,,,,cphea_fitted_halflives.csv,see REPORT.md section 8 item 9 before using
PFHxA,rat,sprague-dawley,Male,halflife,0.18826,,,d,80,mg/kg,gavage,terminal log-linear fit computed in this review,,EPA CPHEA Dzierlenga_5916078,,,,cphea_fitted_halflives.csv,see REPORT.md section 8 item 9 before using
PFHxA,rat,sprague-dawley,Male,halflife,0.05406,,,d,100,mg/kg,gavage,terminal log-linear fit computed in this review,,EPA CPHEA Gannon_2850314,,,,cphea_fitted_halflives.csv,see REPORT.md section 8 item 9 before using
PFHxA,rat,sprague-dawley,Male,halflife,0.10018,,,d,150,mg/kg,gavage,terminal log-linear fit computed in this review,,EPA CPHEA Chengelis_2850396,,,,cphea_fitted_halflives.csv,see REPORT.md section 8 item 9 before using
PFHxA,rat,sprague-dawley,Male,halflife,0.29457,,,d,160,mg/kg,gavage,terminal log-linear fit computed in this review,,EPA CPHEA Dzierlenga_5916078,,,,cphea_fitted_halflives.csv,see REPORT.md section 8 item 9 before using
PFHxA,rat,sprague-dawley,Male,halflife,0.0936,,,d,300,mg/kg,gavage,terminal log-linear fit computed in this review,,EPA CPHEA Chengelis_2850396,,,,cphea_fitted_halflives.csv,see REPORT.md section 8 item 9 before using
PFHxS,mouse,CD-1,Female,halflife,27.58032,,,d,1,mg/kg,gavage,terminal log-linear fit computed in this review,,EPA CPHEA Sundstrom_1289834,,,,cphea_fitted_halflives.csv,see REPORT.md section 8 item 9 before using
PFHxS,mouse,CD-1,Female,halflife,29.56099,,,d,20,mg/kg,gavage,terminal log-linear fit computed in this review,,EPA CPHEA Sundstrom_1289834,,,,cphea_fitted_halflives.csv,see REPORT.md section 8 item 9 before using
PFHxS,mouse,CD-1,Male,halflife,29.16928,,,d,1,mg/kg,gavage,terminal log-linear fit computed in this review,,EPA CPHEA Sundstrom_1289834,,,,cphea_fitted_halflives.csv,see REPORT.md section 8 item 9 before using
PFHxS,mouse,CD-1,Male,halflife,32.09427,,,d,20,mg/kg,gavage,terminal log-linear fit computed in this review,,EPA CPHEA Sundstrom_1289834,,,,cphea_fitted_halflives.csv,see REPORT.md section 8 item 9 before using
PFHxS,primate,cynomolgus,Female,halflife,124.85482,,,d,10,mg/kg,iv,terminal log-linear fit computed in this review,,EPA CPHEA Sundstrom_1289834,,,,cphea_fitted_halflives.csv,see REPORT.md section 8 item 9 before using
PFHxS,primate,cynomolgus,Male,halflife,469.72119,,,d,10,mg/kg,iv,terminal log-linear fit computed in this review,,EPA CPHEA Sundstrom_1289834,,,,cphea_fitted_halflives.csv,see REPORT.md section 8 item 9 before using
PFHxS,rat,sprague-dawley,Female,halflife,1.71878,,,d,0.5,mg/kg,iv,terminal log-linear fit computed in this review,,EPA CPHEA Kim_4239569,,,,cphea_fitted_halflives.csv,see REPORT.md section 8 item 9 before using
PFHxS,rat,sprague-dawley,Female,halflife,1.78424,,,d,1,mg/kg,iv,terminal log-linear fit computed in this review,,EPA CPHEA Kim_4239569,,,,cphea_fitted_halflives.csv,see REPORT.md section 8 item 9 before using
PFHxS,rat,sprague-dawley,Female,halflife,1.67959,,,d,1,mg/kg,gavage,terminal log-linear fit computed in this review,,EPA CPHEA Kim_4239569,,,,cphea_fitted_halflives.csv,see REPORT.md section 8 item 9 before using
PFHxS,rat,sprague-dawley,Female,halflife,1.6016,,,d,4,mg/kg,iv,terminal log-linear fit computed in this review,,EPA CPHEA Huang_5387170,,,,cphea_fitted_halflives.csv,see REPORT.md section 8 item 9 before using
PFHxS,rat,sprague-dawley,Female,halflife,2.23121,,,d,4,mg/kg,gavage,terminal log-linear fit computed in this review,,EPA CPHEA Huang_5387170,,,,cphea_fitted_halflives.csv,see REPORT.md section 8 item 9 before using
PFHxS,rat,sprague-dawley,Female,halflife,1.42249,,,d,4,mg/kg,iv,terminal log-linear fit computed in this review,,EPA CPHEA Kim_3749289,,,,cphea_fitted_halflives.csv,see REPORT.md section 8 item 9 before using
PFHxS,rat,sprague-dawley,Female,halflife,1.68923,,,d,4,mg/kg,gavage,terminal log-linear fit computed in this review,,EPA CPHEA Kim_3749289,,,,cphea_fitted_halflives.csv,see REPORT.md section 8 item 9 before using
PFHxS,rat,sprague-dawley,Female,halflife,1.84316,,,d,4,mg/kg,iv,terminal log-linear fit computed in this review,,EPA CPHEA Kim_4239569,,,,cphea_fitted_halflives.csv,see REPORT.md section 8 item 9 before using
PFHxS,rat,sprague-dawley,Female,halflife,1.61486,,,d,4,mg/kg,gavage,terminal log-linear fit computed in this review,,EPA CPHEA Kim_4239569,,,,cphea_fitted_halflives.csv,see REPORT.md section 8 item 9 before using
PFHxS,rat,sprague-dawley,Female,halflife,2.06517,,,d,10,mg/kg,iv,terminal log-linear fit computed in this review,,EPA CPHEA Kim_4239569,,,,cphea_fitted_halflives.csv,see REPORT.md section 8 item 9 before using
PFHxS,rat,sprague-dawley,Female,halflife,1.46031,,,d,10,mg/kg,iv,terminal log-linear fit computed in this review,,EPA CPHEA Sundstrom_1289834,,,,cphea_fitted_halflives.csv,see REPORT.md section 8 item 9 before using
PFHxS,rat,sprague-dawley,Female,halflife,2.42579,,,d,16,mg/kg,gavage,terminal log-linear fit computed in this review,,EPA CPHEA Huang_5387170,,,,cphea_fitted_halflives.csv,see REPORT.md section 8 item 9 before using
PFHxS,rat,sprague-dawley,Female,halflife,2.0279,,,d,32,mg/kg,gavage,terminal log-linear fit computed in this review,,EPA CPHEA Huang_5387170,,,,cphea_fitted_halflives.csv,see REPORT.md section 8 item 9 before using
PFHxS,rat,sprague-dawley,Male,halflife,35.25385,,,d,4,mg/kg,iv,terminal log-linear fit computed in this review,,EPA CPHEA Huang_5387170,,,,cphea_fitted_halflives.csv,see REPORT.md section 8 item 9 before using
PFHxS,rat,sprague-dawley,Male,halflife,18.86822,,,d,4,mg/kg,gavage,terminal log-linear fit computed in this review,,EPA CPHEA Huang_5387170,,,,cphea_fitted_halflives.csv,see REPORT.md section 8 item 9 before using
PFHxS,rat,sprague-dawley,Male,halflife,27.07217,,,d,4,mg/kg,iv,terminal log-linear fit computed in this review,,EPA CPHEA Kim_3749289,,,,cphea_fitted_halflives.csv,see REPORT.md section 8 item 9 before using
PFHxS,rat,sprague-dawley,Male,halflife,26.80961,,,d,4,mg/kg,gavage,terminal log-linear fit computed in this review,,EPA CPHEA Kim_3749289,,,,cphea_fitted_halflives.csv,see REPORT.md section 8 item 9 before using
PFHxS,rat,sprague-dawley,Male,halflife,33.15852,,,d,10,mg/kg,iv,terminal log-linear fit computed in this review,,EPA CPHEA Kim_4239569,,,,cphea_fitted_halflives.csv,see REPORT.md section 8 item 9 before using
PFHxS,rat,sprague-dawley,Male,halflife,15.22204,,,d,10,mg/kg,gavage,terminal log-linear fit computed in this review,,EPA CPHEA Kim_4239569,,,,cphea_fitted_halflives.csv,see REPORT.md section 8 item 9 before using
PFHxS,rat,sprague-dawley,Male,halflife,28.39444,,,d,10,mg/kg,iv,terminal log-linear fit computed in this review,,EPA CPHEA Sundstrom_1289834,,,,cphea_fitted_halflives.csv,see REPORT.md section 8 item 9 before using
PFHxS,rat,sprague-dawley,Male,halflife,20.93225,,,d,16,mg/kg,gavage,terminal log-linear fit computed in this review,,EPA CPHEA Huang_5387170,,,,cphea_fitted_halflives.csv,see REPORT.md section 8 item 9 before using
PFHxS,rat,sprague-dawley,Male,halflife,15.34045,,,d,32,mg/kg,gavage,terminal log-linear fit computed in this review,,EPA CPHEA Huang_5387170,,,,cphea_fitted_halflives.csv,see REPORT.md section 8 item 9 before using
PFNA,mouse,CD-1,Female,halflife,28.48288,,,d,1,mg/kg,gavage,terminal log-linear fit computed in this review,,EPA CPHEA Tatum-Gibbs_2919268,,,,cphea_fitted_halflives.csv,see REPORT.md section 8 item 9 before using
PFNA,mouse,CD-1,Female,halflife,34.96418,,,d,10,mg/kg,gavage,terminal log-linear fit computed in this review,,EPA CPHEA Tatum-Gibbs_2919268,,,,cphea_fitted_halflives.csv,see REPORT.md section 8 item 9 before using
PFNA,mouse,CD-1,Male,halflife,32.01876,,,d,1,mg/kg,gavage,terminal log-linear fit computed in this review,,EPA CPHEA Tatum-Gibbs_2919268,,,,cphea_fitted_halflives.csv,see REPORT.md section 8 item 9 before using
PFNA,mouse,CD-1,Male,halflife,70.38898,,,d,10,mg/kg,gavage,terminal log-linear fit computed in this review,,EPA CPHEA Tatum-Gibbs_2919268,,,,cphea_fitted_halflives.csv,see REPORT.md section 8 item 9 before using
PFNA,rat,sprague-dawley,Female,halflife,3.95666,,,d,0.5,mg/kg,iv,terminal log-linear fit computed in this review,,EPA CPHEA Kim_5063958,,,,cphea_fitted_halflives.csv,see REPORT.md section 8 item 9 before using
PFNA,rat,sprague-dawley,Female,halflife,2.8189,,,d,0.5,mg/kg,gavage,terminal log-linear fit computed in this review,,EPA CPHEA Kim_5063958,,,,cphea_fitted_halflives.csv,see REPORT.md section 8 item 9 before using
PFNA,rat,sprague-dawley,Female,halflife,3.52663,,,d,1,mg/kg,iv,terminal log-linear fit computed in this review,,EPA CPHEA Kim_5063958,,,,cphea_fitted_halflives.csv,see REPORT.md section 8 item 9 before using
PFNA,rat,sprague-dawley,Female,halflife,3.41046,,,d,1,mg/kg,gavage,terminal log-linear fit computed in this review,,EPA CPHEA Kim_5063958,,,,cphea_fitted_halflives.csv,see REPORT.md section 8 item 9 before using
PFNA,rat,sprague-dawley,Female,halflife,4.12376,,,d,1,mg/kg,gavage,terminal log-linear fit computed in this review,,EPA CPHEA Tatum-Gibbs_2919268,,,,cphea_fitted_halflives.csv,see REPORT.md section 8 item 9 before using
PFNA,rat,sprague-dawley,Female,halflife,4.9376,,,d,3,mg/kg,iv,terminal log-linear fit computed in this review,,EPA CPHEA Kim_5063958,,,,cphea_fitted_halflives.csv,see REPORT.md section 8 item 9 before using
PFNA,rat,sprague-dawley,Female,halflife,5.22127,,,d,3,mg/kg,gavage,terminal log-linear fit computed in this review,,EPA CPHEA Kim_5063958,,,,cphea_fitted_halflives.csv,see REPORT.md section 8 item 9 before using
PFNA,rat,sprague-dawley,Female,halflife,5.11915,,,d,3,mg/kg,gavage,terminal log-linear fit computed in this review,,EPA CPHEA Tatum-Gibbs_2919268,,,,cphea_fitted_halflives.csv,see REPORT.md section 8 item 9 before using
PFNA,rat,sprague-dawley,Female,halflife,5.38175,,,d,10,mg/kg,gavage,terminal log-linear fit computed in this review,,EPA CPHEA Kim_5063958,,,,cphea_fitted_halflives.csv,see REPORT.md section 8 item 9 before using
PFNA,rat,sprague-dawley,Female,halflife,3.9152,,,d,10,mg/kg,gavage,terminal log-linear fit computed in this review,,EPA CPHEA Tatum-Gibbs_2919268,,,,cphea_fitted_halflives.csv,see REPORT.md section 8 item 9 before using
PFNA,rat,wistar,Female,halflife,1.82202,,,d,48.64,umol/kg,iv,terminal log-linear fit computed in this review,,EPA CPHEA Ohmori_3858670,,,,cphea_fitted_halflives.csv,see REPORT.md section 8 item 9 before using
PFNA,rat,wistar,Male,halflife,17.83946,,,d,0.05,mg/kg,gavage,terminal log-linear fit computed in this review,,EPA CPHEA Iwabuchi_3859701,,,,cphea_fitted_halflives.csv,see REPORT.md section 8 item 9 before using
PFNA,rat,sprague-dawley,Male,halflife,21.58637,,,d,1,mg/kg,gavage,terminal log-linear fit computed in this review,,EPA CPHEA Tatum-Gibbs_2919268,,,,cphea_fitted_halflives.csv,see REPORT.md section 8 item 9 before using
PFNA,rat,sprague-dawley,Male,halflife,32.42143,,,d,3,mg/kg,iv,terminal log-linear fit computed in this review,,EPA CPHEA Kim_5063958,,,,cphea_fitted_halflives.csv,see REPORT.md section 8 item 9 before using
PFNA,rat,sprague-dawley,Male,halflife,52.37747,,,d,3,mg/kg,gavage,terminal log-linear fit computed in this review,,EPA CPHEA Kim_5063958,,,,cphea_fitted_halflives.csv,see REPORT.md section 8 item 9 before using
PFNA,rat,sprague-dawley,Male,halflife,23.1409,,,d,3,mg/kg,gavage,terminal log-linear fit computed in this review,,EPA CPHEA Tatum-Gibbs_2919268,,,,cphea_fitted_halflives.csv,see REPORT.md section 8 item 9 before using
PFNA,rat,sprague-dawley,Male,halflife,23.53183,,,d,10,mg/kg,gavage,terminal log-linear fit computed in this review,,EPA CPHEA Tatum-Gibbs_2919268,,,,cphea_fitted_halflives.csv,see REPORT.md section 8 item 9 before using
PFNA,rat,wistar,Male,halflife,30.68235,,,d,48.64,umol/kg,iv,terminal log-linear fit computed in this review,,EPA CPHEA Ohmori_3858670,,,,cphea_fitted_halflives.csv,see REPORT.md section 8 item 9 before using
PFOA,mouse,CD-1,Female,halflife,15.766,,,d,1,mg/kg,gavage,terminal log-linear fit computed in this review,,EPA CPHEA Lou_2919359,,,,cphea_fitted_halflives.csv,see REPORT.md section 8 item 9 before using
PFOA,mouse,CD-1,Female,halflife,19.85133,,,d,10,mg/kg,gavage,terminal log-linear fit computed in this review,,EPA CPHEA Lou_2919359,,,,cphea_fitted_halflives.csv,see REPORT.md section 8 item 9 before using
PFOA,mouse,CD-1,Female,halflife,11.22458,,,d,60,mg/kg,gavage,terminal log-linear fit computed in this review,,EPA CPHEA Lou_2919359,,,,cphea_fitted_halflives.csv,see REPORT.md section 8 item 9 before using
PFOA,mouse,CD-1,Male,halflife,23.93748,,,d,1,mg/kg,gavage,terminal log-linear fit computed in this review,,EPA CPHEA Lou_2919359,,,,cphea_fitted_halflives.csv,see REPORT.md section 8 item 9 before using
PFOA,mouse,CD-1,Male,halflife,27.06642,,,d,10,mg/kg,gavage,terminal log-linear fit computed in this review,,EPA CPHEA Lou_2919359,,,,cphea_fitted_halflives.csv,see REPORT.md section 8 item 9 before using
PFOA,primate,cynomolgus,Female,halflife,29.0192,,,d,10,mg/kg,iv,terminal log-linear fit computed in this review,,EPA CPHEA Butenhoff_3749227,,,,cphea_fitted_halflives.csv,see REPORT.md section 8 item 9 before using
PFOA,primate,cynomolgus,Male,halflife,12.52109,,,d,10,mg/kg,iv,terminal log-linear fit computed in this review,,EPA CPHEA Butenhoff_3749227,,,,cphea_fitted_halflives.csv,see REPORT.md section 8 item 9 before using
PFOA,rat,sprague-dawley,Female,halflife,0.13827,,,d,0.1,mg/kg,gavage,terminal log-linear fit computed in this review,,EPA CPHEA Kemper_6302380,,,,cphea_fitted_halflives.csv,see REPORT.md section 8 item 9 before using
PFOA,rat,sprague-dawley,Female,halflife,0.62308,,,d,1,mg/kg,gavage,terminal log-linear fit computed in this review,,EPA CPHEA Kemper_6302380,,,,cphea_fitted_halflives.csv,see REPORT.md section 8 item 9 before using
PFOA,rat,sprague-dawley,Female,halflife,0.38102,,,d,1,mg/kg,iv,terminal log-linear fit computed in this review,,EPA CPHEA Kemper_6302380,,,,cphea_fitted_halflives.csv,see REPORT.md section 8 item 9 before using
PFOA,rat,sprague-dawley,Female,halflife,0.16491,,,d,1,mg/kg,iv,terminal log-linear fit computed in this review,,EPA CPHEA Kim_3749289,,,,cphea_fitted_halflives.csv,see REPORT.md section 8 item 9 before using
PFOA,rat,sprague-dawley,Female,halflife,0.12971,,,d,1,mg/kg,gavage,terminal log-linear fit computed in this review,,EPA CPHEA Kim_3749289,,,,cphea_fitted_halflives.csv,see REPORT.md section 8 item 9 before using
PFOA,rat,sprague-dawley,Female,halflife,0.32264,,,d,5,mg/kg,gavage,terminal log-linear fit computed in this review,,EPA CPHEA Kemper_6302380,,,,cphea_fitted_halflives.csv,see REPORT.md section 8 item 9 before using
PFOA,rat,sprague-dawley,Female,halflife,2.2871,,,d,25,mg/kg,gavage,terminal log-linear fit computed in this review,,EPA CPHEA Kemper_6302380,,,,cphea_fitted_halflives.csv,see REPORT.md section 8 item 9 before using
PFOA,rat,sprague-dawley,Female,halflife,0.17628,,,d,40,mg/kg,iv,terminal log-linear fit computed in this review,,EPA CPHEA Dzierlenga_5916078,,,,cphea_fitted_halflives.csv,see REPORT.md section 8 item 9 before using
PFOA,rat,sprague-dawley,Female,halflife,0.30825,,,d,40,mg/kg,gavage,terminal log-linear fit computed in this review,,EPA CPHEA Dzierlenga_5916078,,,,cphea_fitted_halflives.csv,see REPORT.md section 8 item 9 before using
PFOA,rat,wistar,Female,halflife,1.4355,,,d,48.63,umol/kg,iv,terminal log-linear fit computed in this review,,EPA CPHEA Kudo_2990271,,,,cphea_fitted_halflives.csv,TAIL-SELECTION FLAG: inflated_vs_dominant_phase
PFOA,rat,wistar,Female,halflife,0.07467,,,d,48.64,umol/kg,iv,terminal log-linear fit computed in this review,,EPA CPHEA Ohmori_3858670,,,,cphea_fitted_halflives.csv,see REPORT.md section 8 item 9 before using
PFOA,rat,sprague-dawley,Female,halflife,1.2135,,,d,80,mg/kg,gavage,terminal log-linear fit computed in this review,,EPA CPHEA Dzierlenga_5916078,,,,cphea_fitted_halflives.csv,see REPORT.md section 8 item 9 before using
PFOA,rat,sprague-dawley,Female,halflife,0.45327,,,d,320,mg/kg,gavage,terminal log-linear fit computed in this review,,EPA CPHEA Dzierlenga_5916078,,,,cphea_fitted_halflives.csv,see REPORT.md section 8 item 9 before using
PFOA,rat,wistar,Male,halflife,18.39281,,,d,0.1,mg/kg,gavage,terminal log-linear fit computed in this review,,EPA CPHEA Iwabuchi_3859701,,,,cphea_fitted_halflives.csv,see REPORT.md section 8 item 9 before using
PFOA,rat,sprague-dawley,Male,halflife,14.02126,,,d,0.1,mg/kg,gavage,terminal log-linear fit computed in this review,,EPA CPHEA Kemper_6302380,,,,cphea_fitted_halflives.csv,see REPORT.md section 8 item 9 before using
PFOA,rat,sprague-dawley,Male,halflife,4.68799,,,d,1,mg/kg,gavage,terminal log-linear fit computed in this review,,EPA CPHEA Kemper_6302380,,,,cphea_fitted_halflives.csv,see REPORT.md section 8 item 9 before using
PFOA,rat,sprague-dawley,Male,halflife,8.13989,,,d,1,mg/kg,iv,terminal log-linear fit computed in this review,,EPA CPHEA Kemper_6302380,,,,cphea_fitted_halflives.csv,see REPORT.md section 8 item 9 before using
PFOA,rat,sprague-dawley,Male,halflife,4.79478,,,d,1,mg/kg,iv,terminal log-linear fit computed in this review,,EPA CPHEA Kim_3749289,,,,cphea_fitted_halflives.csv,see REPORT.md section 8 item 9 before using
PFOA,rat,sprague-dawley,Male,halflife,1.75188,,,d,1,mg/kg,gavage,terminal log-linear fit computed in this review,,EPA CPHEA Kim_3749289,,,,cphea_fitted_halflives.csv,see REPORT.md section 8 item 9 before using
PFOA,rat,sprague-dawley,Male,halflife,8.03482,,,d,5,mg/kg,gavage,terminal log-linear fit computed in this review,,EPA CPHEA Kemper_6302380,,,,cphea_fitted_halflives.csv,see REPORT.md section 8 item 9 before using
PFOA,rat,sprague-dawley,Male,halflife,8.34134,,,d,6,mg/kg,iv,terminal log-linear fit computed in this review,,EPA CPHEA Dzierlenga_5916078,,,,cphea_fitted_halflives.csv,see REPORT.md section 8 item 9 before using
PFOA,rat,sprague-dawley,Male,halflife,17.43602,,,d,6,mg/kg,gavage,terminal log-linear fit computed in this review,,EPA CPHEA Dzierlenga_5916078,,,,cphea_fitted_halflives.csv,see REPORT.md section 8 item 9 before using
PFOA,rat,sprague-dawley,Male,halflife,9.72631,,,d,12,mg/kg,gavage,terminal log-linear fit computed in this review,,EPA CPHEA Dzierlenga_5916078,,,,cphea_fitted_halflives.csv,see REPORT.md section 8 item 9 before using
PFOA,rat,sprague-dawley,Male,halflife,6.97492,,,d,25,mg/kg,gavage,terminal log-linear fit computed in this review,,EPA CPHEA Kemper_6302380,,,,cphea_fitted_halflives.csv,see REPORT.md section 8 item 9 before using
PFOA,rat,sprague-dawley,Male,halflife,11.01372,,,d,48,mg/kg,gavage,terminal log-linear fit computed in this review,,EPA CPHEA Dzierlenga_5916078,,,,cphea_fitted_halflives.csv,see REPORT.md section 8 item 9 before using
PFOA,rat,wistar,Male,halflife,8.07978,,,d,48.63,umol/kg,iv,terminal log-linear fit computed in this review,,EPA CPHEA Kudo_2990271,,,,cphea_fitted_halflives.csv,TAIL-SELECTION FLAG: inflated_vs_dominant_phase
PFOA,rat,wistar,Male,halflife,5.99107,,,d,48.64,umol/kg,iv,terminal log-linear fit computed in this review,,EPA CPHEA Ohmori_3858670,,,,cphea_fitted_halflives.csv,see REPORT.md section 8 item 9 before using
PFOS,mouse,CD-1,Female,halflife,36.57364,,,d,1,mg/kg,gavage,terminal log-linear fit computed in this review,,EPA CPHEA Chang_1289832,,,,cphea_fitted_halflives.csv,see REPORT.md section 8 item 9 before using
PFOS,mouse,CD-1,Female,halflife,27.54767,,,d,20,mg/kg,gavage,terminal log-linear fit computed in this review,,EPA CPHEA Chang_1289832,,,,cphea_fitted_halflives.csv,see REPORT.md section 8 item 9 before using
PFOS,mouse,CD-1,Male,halflife,36.84908,,,d,1,mg/kg,gavage,terminal log-linear fit computed in this review,,EPA CPHEA Chang_1289832,,,,cphea_fitted_halflives.csv,see REPORT.md section 8 item 9 before using
PFOS,mouse,CD-1,Male,halflife,34.51328,,,d,20,mg/kg,gavage,terminal log-linear fit computed in this review,,EPA CPHEA Chang_1289832,,,,cphea_fitted_halflives.csv,see REPORT.md section 8 item 9 before using
PFOS,primate,cynomolgus,Female,halflife,85.63805,,,d,2,mg/kg,iv,terminal log-linear fit computed in this review,,EPA CPHEA Chang_1289832,,,,cphea_fitted_halflives.csv,see REPORT.md section 8 item 9 before using
PFOS,primate,cynomolgus,Male,halflife,85.39939,,,d,2,mg/kg,iv,terminal log-linear fit computed in this review,,EPA CPHEA Chang_1289832,,,,cphea_fitted_halflives.csv,see REPORT.md section 8 item 9 before using
PFOS,rat,sprague-dawley,Female,halflife,61.83913,,,d,2,mg/kg,gavage,terminal log-linear fit computed in this review,,EPA CPHEA Chang_1289832,,,,cphea_fitted_halflives.csv,see REPORT.md section 8 item 9 before using
PFOS,rat,sprague-dawley,Female,halflife,25.36834,,,d,2,mg/kg,iv,terminal log-linear fit computed in this review,,EPA CPHEA Huang_5387170,,,,cphea_fitted_halflives.csv,see REPORT.md section 8 item 9 before using
PFOS,rat,sprague-dawley,Female,halflife,38.54975,,,d,2,mg/kg,gavage,terminal log-linear fit computed in this review,,EPA CPHEA Huang_5387170,,,,cphea_fitted_halflives.csv,see REPORT.md section 8 item 9 before using
PFOS,rat,sprague-dawley,Female,halflife,37.41708,,,d,2,mg/kg,iv,terminal log-linear fit computed in this review,,EPA CPHEA Kim_3749289,,,,cphea_fitted_halflives.csv,see REPORT.md section 8 item 9 before using
PFOS,rat,sprague-dawley,Female,halflife,33.8111,,,d,2,mg/kg,gavage,terminal log-linear fit computed in this review,,EPA CPHEA Kim_3749289,,,,cphea_fitted_halflives.csv,see REPORT.md section 8 item 9 before using
PFOS,rat,sprague-dawley,Female,halflife,73.24279,,,d,15,mg/kg,gavage,terminal log-linear fit computed in this review,,EPA CPHEA Chang_1289832,,,,cphea_fitted_halflives.csv,see REPORT.md section 8 item 9 before using
PFOS,rat,sprague-dawley,Female,halflife,35.47448,,,d,20,mg/kg,gavage,terminal log-linear fit computed in this review,,EPA CPHEA Huang_5387170,,,,cphea_fitted_halflives.csv,see REPORT.md section 8 item 9 before using
PFOS,rat,wistar,Male,halflife,19.08162,,,d,0.1,mg/kg,gavage,terminal log-linear fit computed in this review,,EPA CPHEA Iwabuchi_3859701,,,,cphea_fitted_halflives.csv,see REPORT.md section 8 item 9 before using
PFOS,rat,sprague-dawley,Male,halflife,68.83158,,,d,2,mg/kg,gavage,terminal log-linear fit computed in this review,,EPA CPHEA Chang_1289832,,,,cphea_fitted_halflives.csv,see REPORT.md section 8 item 9 before using
PFOS,rat,sprague-dawley,Male,halflife,30.78255,,,d,2,mg/kg,iv,terminal log-linear fit computed in this review,,EPA CPHEA Huang_5387170,,,,cphea_fitted_halflives.csv,see REPORT.md section 8 item 9 before using
PFOS,rat,sprague-dawley,Male,halflife,35.6391,,,d,2,mg/kg,gavage,terminal log-linear fit computed in this review,,EPA CPHEA Huang_5387170,,,,cphea_fitted_halflives.csv,see REPORT.md section 8 item 9 before using
PFOS,rat,sprague-dawley,Male,halflife,41.3841,,,d,2,mg/kg,iv,terminal log-linear fit computed in this review,,EPA CPHEA Kim_3749289,,,,cphea_fitted_halflives.csv,see REPORT.md section 8 item 9 before using
PFOS,rat,sprague-dawley,Male,halflife,49.86786,,,d,2,mg/kg,gavage,terminal log-linear fit computed in this review,,EPA CPHEA Kim_3749289,,,,cphea_fitted_halflives.csv,see REPORT.md section 8 item 9 before using
PFOS,rat,sprague-dawley,Male,halflife,8.17652,,,d,4.2,mg/kg,gavage,terminal log-linear fit computed in this review,,EPA CPHEA Chang_1289832,,,,cphea_fitted_halflives.csv,see REPORT.md section 8 item 9 before using
PFOS,rat,sprague-dawley,Male,halflife,35.67567,,,d,15,mg/kg,gavage,terminal log-linear fit computed in this review,,EPA CPHEA Chang_1289832,,,,cphea_fitted_halflives.csv,see REPORT.md section 8 item 9 before using
PFOS,rat,sprague-dawley,Male,halflife,33.55139,,,d,20,mg/kg,gavage,terminal log-linear fit computed in this review,,EPA CPHEA Huang_5387170,,,,cphea_fitted_halflives.csv,see REPORT.md section 8 item 9 before using
PFBA,mouse,CD-1,female,clearance,783.0,,,mL/kg-day,1.41,mg/kg,IV and oral,"NLME, 119-day sampling",,Argoul et al.,2026,42162713 / 10.1016/j.envres.2026.124802,Table 1,primary_2026/argoul2026_mouse_tk.csv,
PFBA,mouse,CD-1,female,vd_ss,0.14,,,L/kg,1.41,mg/kg,IV and oral,"NLME, 119-day sampling",,Argoul et al.,2026,42162713 / 10.1016/j.envres.2026.124802,Table 1,primary_2026/argoul2026_mouse_tk.csv,
PFBA,mouse,CD-1,female,mrt,0.18,,,d,1.41,mg/kg,IV and oral,"NLME, 119-day sampling",,Argoul et al.,2026,42162713 / 10.1016/j.envres.2026.124802,Table 1,primary_2026/argoul2026_mouse_tk.csv,
PFBA,mouse,CD-1,female,bioavailability,68.0,,,%,1.41,mg/kg,IV and oral,"NLME, 119-day sampling",,Argoul et al.,2026,42162713 / 10.1016/j.envres.2026.124802,Table 1,primary_2026/argoul2026_mouse_tk.csv,
PFHxA,mouse,CD-1,female,clearance,6830.0,,,mL/kg-day,1.28,mg/kg,IV and oral,"NLME, 119-day sampling",,Argoul et al.,2026,42162713 / 10.1016/j.envres.2026.124802,Table 1,primary_2026/argoul2026_mouse_tk.csv,
PFHxA,mouse,CD-1,female,vd_ss,4.0,,,L/kg,1.28,mg/kg,IV and oral,"NLME, 119-day sampling",,Argoul et al.,2026,42162713 / 10.1016/j.envres.2026.124802,Table 1,primary_2026/argoul2026_mouse_tk.csv,
PFHxA,mouse,CD-1,female,mrt,0.63,,,d,1.28,mg/kg,IV and oral,"NLME, 119-day sampling",,Argoul et al.,2026,42162713 / 10.1016/j.envres.2026.124802,Table 1,primary_2026/argoul2026_mouse_tk.csv,
PFHxA,mouse,CD-1,female,bioavailability,54.0,,,%,1.28,mg/kg,IV and oral,"NLME, 119-day sampling",,Argoul et al.,2026,42162713 / 10.1016/j.envres.2026.124802,Table 1,primary_2026/argoul2026_mouse_tk.csv,
PFOA,mouse,CD-1,female,clearance,4.5,,,mL/kg-day,0.080,mg/kg,IV and oral,"NLME, 119-day sampling",,Argoul et al.,2026,42162713 / 10.1016/j.envres.2026.124802,Table 1,primary_2026/argoul2026_mouse_tk.csv,
PFOA,mouse,CD-1,female,vd_ss,0.089,,,L/kg,0.080,mg/kg,IV and oral,"NLME, 119-day sampling",,Argoul et al.,2026,42162713 / 10.1016/j.envres.2026.124802,Table 1,primary_2026/argoul2026_mouse_tk.csv,
PFOA,mouse,CD-1,female,mrt,19.5,,,d,0.080,mg/kg,IV and oral,"NLME, 119-day sampling",,Argoul et al.,2026,42162713 / 10.1016/j.envres.2026.124802,Table 1,primary_2026/argoul2026_mouse_tk.csv,
PFOA,mouse,CD-1,female,bioavailability,70.0,,,%,0.080,mg/kg,IV and oral,"NLME, 119-day sampling",,Argoul et al.,2026,42162713 / 10.1016/j.envres.2026.124802,Table 1,primary_2026/argoul2026_mouse_tk.csv,
PFNA,mouse,CD-1,female,clearance,2.1,,,mL/kg-day,0.11,mg/kg,IV and oral,"NLME, 119-day sampling",,Argoul et al.,2026,42162713 / 10.1016/j.envres.2026.124802,Table 1,primary_2026/argoul2026_mouse_tk.csv,
PFNA,mouse,CD-1,female,vd_ss,0.11,,,L/kg,0.11,mg/kg,IV and oral,"NLME, 119-day sampling",,Argoul et al.,2026,42162713 / 10.1016/j.envres.2026.124802,Table 1,primary_2026/argoul2026_mouse_tk.csv,
PFNA,mouse,CD-1,female,mrt,52.8,,,d,0.11,mg/kg,IV and oral,"NLME, 119-day sampling",,Argoul et al.,2026,42162713 / 10.1016/j.envres.2026.124802,Table 1,primary_2026/argoul2026_mouse_tk.csv,
PFNA,mouse,CD-1,female,bioavailability,74.0,,,%,0.11,mg/kg,IV and oral,"NLME, 119-day sampling",,Argoul et al.,2026,42162713 / 10.1016/j.envres.2026.124802,Table 1,primary_2026/argoul2026_mouse_tk.csv,
PFDA,mouse,CD-1,female,clearance,1.8,,,mL/kg-day,0.077,mg/kg,IV and oral,"NLME, 119-day sampling",,Argoul et al.,2026,42162713 / 10.1016/j.envres.2026.124802,Table 1,primary_2026/argoul2026_mouse_tk.csv,
PFDA,mouse,CD-1,female,vd_ss,0.12,,,L/kg,0.077,mg/kg,IV and oral,"NLME, 119-day sampling",,Argoul et al.,2026,42162713 / 10.1016/j.envres.2026.124802,Table 1,primary_2026/argoul2026_mouse_tk.csv,
PFDA,mouse,CD-1,female,mrt,68.1,,,d,0.077,mg/kg,IV and oral,"NLME, 119-day sampling",,Argoul et al.,2026,42162713 / 10.1016/j.envres.2026.124802,Table 1,primary_2026/argoul2026_mouse_tk.csv,
PFDA,mouse,CD-1,female,bioavailability,97.0,,,%,0.077,mg/kg,IV and oral,"NLME, 119-day sampling",,Argoul et al.,2026,42162713 / 10.1016/j.envres.2026.124802,Table 1,primary_2026/argoul2026_mouse_tk.csv,
PFBS,mouse,CD-1,female,vd_ss,0.17,,,L/kg,1.55,mg/kg,IV and oral,"NLME, 119-day sampling",,Argoul et al.,2026,42162713 / 10.1016/j.envres.2026.124802,Table 1,primary_2026/argoul2026_mouse_tk.csv,
PFBS,mouse,CD-1,female,bioavailability,62.0,,,%,1.55,mg/kg,IV and oral,"NLME, 119-day sampling",,Argoul et al.,2026,42162713 / 10.1016/j.envres.2026.124802,Table 1,primary_2026/argoul2026_mouse_tk.csv,
PFHxS,mouse,CD-1,female,clearance,1.3,,,mL/kg-day,0.094,mg/kg,IV and oral,"NLME, 119-day sampling",,Argoul et al.,2026,42162713 / 10.1016/j.envres.2026.124802,Table 1,primary_2026/argoul2026_mouse_tk.csv,
PFHxS,mouse,CD-1,female,vd_ss,0.062,,,L/kg,0.094,mg/kg,IV and oral,"NLME, 119-day sampling",,Argoul et al.,2026,42162713 / 10.1016/j.envres.2026.124802,Table 1,primary_2026/argoul2026_mouse_tk.csv,
PFHxS,mouse,CD-1,female,mrt,46.5,,,d,0.094,mg/kg,IV and oral,"NLME, 119-day sampling",,Argoul et al.,2026,42162713 / 10.1016/j.envres.2026.124802,Table 1,primary_2026/argoul2026_mouse_tk.csv,
PFHxS,mouse,CD-1,female,bioavailability,100.0,,,%,0.094,mg/kg,IV and oral,"NLME, 119-day sampling",,Argoul et al.,2026,42162713 / 10.1016/j.envres.2026.124802,Table 1,primary_2026/argoul2026_mouse_tk.csv,
PFOS,mouse,CD-1,female,clearance,2.7,,,mL/kg-day,0.038,mg/kg,IV and oral,"NLME, 119-day sampling",,Argoul et al.,2026,42162713 / 10.1016/j.envres.2026.124802,Table 1,primary_2026/argoul2026_mouse_tk.csv,
PFOS,mouse,CD-1,female,vd_ss,0.11,,,L/kg,0.038,mg/kg,IV and oral,"NLME, 119-day sampling",,Argoul et al.,2026,42162713 / 10.1016/j.envres.2026.124802,Table 1,primary_2026/argoul2026_mouse_tk.csv,
PFOS,mouse,CD-1,female,mrt,43.1,,,d,0.038,mg/kg,IV and oral,"NLME, 119-day sampling",,Argoul et al.,2026,42162713 / 10.1016/j.envres.2026.124802,Table 1,primary_2026/argoul2026_mouse_tk.csv,
PFOS,mouse,CD-1,female,bioavailability,80.0,,,%,0.038,mg/kg,IV and oral,"NLME, 119-day sampling",,Argoul et al.,2026,42162713 / 10.1016/j.envres.2026.124802,Table 1,primary_2026/argoul2026_mouse_tk.csv,
PFDS,mouse,CD-1,female,clearance,5.2,,,mL/kg-day,0.019,mg/kg,IV and oral,"NLME, 119-day sampling",,Argoul et al.,2026,42162713 / 10.1016/j.envres.2026.124802,Table 1,primary_2026/argoul2026_mouse_tk.csv,
PFDS,mouse,CD-1,female,vd_ss,0.28,,,L/kg,0.019,mg/kg,IV and oral,"NLME, 119-day sampling",,Argoul et al.,2026,42162713 / 10.1016/j.envres.2026.124802,Table 1,primary_2026/argoul2026_mouse_tk.csv,
PFDS,mouse,CD-1,female,mrt,53.3,,,d,0.019,mg/kg,IV and oral,"NLME, 119-day sampling",,Argoul et al.,2026,42162713 / 10.1016/j.envres.2026.124802,Table 1,primary_2026/argoul2026_mouse_tk.csv,
PFDS,mouse,CD-1,female,bioavailability,56.0,,,%,0.019,mg/kg,IV and oral,"NLME, 119-day sampling",,Argoul et al.,2026,42162713 / 10.1016/j.envres.2026.124802,Table 1,primary_2026/argoul2026_mouse_tk.csv,
GenX,mouse,CD-1,female,clearance,274.0,,,mL/kg-day,0.052,mg/kg,IV and oral,"NLME, 119-day sampling",,Argoul et al.,2026,42162713 / 10.1016/j.envres.2026.124802,Table 1,primary_2026/argoul2026_mouse_tk.csv,
GenX,mouse,CD-1,female,vd_ss,0.095,,,L/kg,0.052,mg/kg,IV and oral,"NLME, 119-day sampling",,Argoul et al.,2026,42162713 / 10.1016/j.envres.2026.124802,Table 1,primary_2026/argoul2026_mouse_tk.csv,
GenX,mouse,CD-1,female,mrt,0.35,,,d,0.052,mg/kg,IV and oral,"NLME, 119-day sampling",,Argoul et al.,2026,42162713 / 10.1016/j.envres.2026.124802,Table 1,primary_2026/argoul2026_mouse_tk.csv,
GenX,mouse,CD-1,female,bioavailability,100.0,,,%,0.052,mg/kg,IV and oral,"NLME, 119-day sampling",,Argoul et al.,2026,42162713 / 10.1016/j.envres.2026.124802,Table 1,primary_2026/argoul2026_mouse_tk.csv,
PFO2OA,mouse,CD-1,female,clearance,1570.0,,,mL/kg-day,0.17,mg/kg,IV and oral,"NLME, 119-day sampling",,Argoul et al.,2026,42162713 / 10.1016/j.envres.2026.124802,Table 1,primary_2026/argoul2026_mouse_tk.csv,
PFO2OA,mouse,CD-1,female,vd_ss,0.48,,,L/kg,0.17,mg/kg,IV and oral,"NLME, 119-day sampling",,Argoul et al.,2026,42162713 / 10.1016/j.envres.2026.124802,Table 1,primary_2026/argoul2026_mouse_tk.csv,
PFO2OA,mouse,CD-1,female,mrt,0.32,,,d,0.17,mg/kg,IV and oral,"NLME, 119-day sampling",,Argoul et al.,2026,42162713 / 10.1016/j.envres.2026.124802,Table 1,primary_2026/argoul2026_mouse_tk.csv,
PFO2OA,mouse,CD-1,female,bioavailability,73.0,,,%,0.17,mg/kg,IV and oral,"NLME, 119-day sampling",,Argoul et al.,2026,42162713 / 10.1016/j.envres.2026.124802,Table 1,primary_2026/argoul2026_mouse_tk.csv,
PFOA,rat,Wistar,male,total_clearance,0.035,,,mL/min/kg,20.14,mg/kg (48.63 umol/kg),iv,"measured, both sexes in one experiment",,Kudo et al.,2002,11879818 / 10.1016/s0009-2797(02)00006-6,Kudo 2002 Table 2,primary_2026/kudo2002_rat_tk.csv,"mean +/- SD; M 0.010, F 0.559; p<0.01"
PFOA,rat,Wistar,female,total_clearance,1.551,,,mL/min/kg,20.14,mg/kg (48.63 umol/kg),iv,"measured, both sexes in one experiment",,Kudo et al.,2002,11879818 / 10.1016/s0009-2797(02)00006-6,Kudo 2002 Table 2,primary_2026/kudo2002_rat_tk.csv,"mean +/- SD; M 0.010, F 0.559; p<0.01"
PFOA,rat,Wistar,male,total_clearance_per_day,50.4,,,mL/kg-day,20.14,mg/kg (48.63 umol/kg),iv,"measured, both sexes in one experiment",,Kudo et al.,2002,11879818 / 10.1016/s0009-2797(02)00006-6,Kudo 2002 Table 2,primary_2026/kudo2002_rat_tk.csv,converted x1440
PFOA,rat,Wistar,female,total_clearance_per_day,2233.4,,,mL/kg-day,20.14,mg/kg (48.63 umol/kg),iv,"measured, both sexes in one experiment",,Kudo et al.,2002,11879818 / 10.1016/s0009-2797(02)00006-6,Kudo 2002 Table 2,primary_2026/kudo2002_rat_tk.csv,converted x1440
PFOA,rat,Wistar,male,halflife,5.68,,,d,20.14,mg/kg (48.63 umol/kg),iv,"measured, both sexes in one experiment",,Kudo et al.,2002,11879818 / 10.1016/s0009-2797(02)00006-6,Kudo 2002 Table 2,primary_2026/kudo2002_rat_tk.csv,"M +/- 0.99, F +/- 0.03; p<0.001; paper states 1/70"
PFOA,rat,Wistar,female,halflife,0.08,,,d,20.14,mg/kg (48.63 umol/kg),iv,"measured, both sexes in one experiment",,Kudo et al.,2002,11879818 / 10.1016/s0009-2797(02)00006-6,Kudo 2002 Table 2,primary_2026/kudo2002_rat_tk.csv,"M +/- 0.99, F +/- 0.03; p<0.001; paper states 1/70"
PFOA,rat,Wistar,male,volume_of_distribution,345.6,,,mL/kg,20.14,mg/kg (48.63 umol/kg),iv,"measured, both sexes in one experiment",,Kudo et al.,2002,11879818 / 10.1016/s0009-2797(02)00006-6,Kudo 2002 Table 2,primary_2026/kudo2002_rat_tk.csv,"M +/- 57.3, F +/- 28.2; p<0.01 - MEASURED in both sexes, same experiment"
PFOA,rat,Wistar,female,volume_of_distribution,211.2,,,mL/kg,20.14,mg/kg (48.63 umol/kg),iv,"measured, both sexes in one experiment",,Kudo et al.,2002,11879818 / 10.1016/s0009-2797(02)00006-6,Kudo 2002 Table 2,primary_2026/kudo2002_rat_tk.csv,"M +/- 57.3, F +/- 28.2; p<0.01 - MEASURED in both sexes, same experiment"
PFOA,rat,Wistar,male,renal_clearance_untreated,0.032,,,mL/min/kg,20.14,mg/kg (48.63 umol/kg),iv,"measured, both sexes in one experiment",,Kudo et al.,2002,11879818 / 10.1016/s0009-2797(02)00006-6,Kudo 2002 Table 3,primary_2026/kudo2002_rat_tk.csv,castrated male 0.447; 5 h after IV
PFOA,rat,Wistar,female,renal_clearance_untreated,0.732,,,mL/min/kg,20.14,mg/kg (48.63 umol/kg),iv,"measured, both sexes in one experiment",,Kudo et al.,2002,11879818 / 10.1016/s0009-2797(02)00006-6,Kudo 2002 Table 3,primary_2026/kudo2002_rat_tk.csv,castrated male 0.447; 5 h after IV
PFOA,rat,Wistar,male,renal_clearance_probenecid,0.01,,,mL/min/kg,20.14,mg/kg (48.63 umol/kg),iv,"measured, both sexes in one experiment",,Kudo et al.,2002,11879818 / 10.1016/s0009-2797(02)00006-6,Kudo 2002 Table 3,primary_2026/kudo2002_rat_tk.csv,castrated male 0.013; no significant difference between the three groups
PFOA,rat,Wistar,female,renal_clearance_probenecid,0.016,,,mL/min/kg,20.14,mg/kg (48.63 umol/kg),iv,"measured, both sexes in one experiment",,Kudo et al.,2002,11879818 / 10.1016/s0009-2797(02)00006-6,Kudo 2002 Table 3,primary_2026/kudo2002_rat_tk.csv,castrated male 0.013; no significant difference between the three groups
PFOA,mouse,CD-1,male,vd (sera),0.226,,,L/kg,1 and 10,mg/kg,oral gavage,one-compartment model,,Lou et al.,2009,19005225 / 10.1093/toxsci/kfn234,Lou 2009 Table 2,primary_2026/lou2009_mouse_tk.csv,95% CI 0.202-0.253
PFOA,mouse,CD-1,female,vd (sera),0.135,,,L/kg,1 and 10,mg/kg,oral gavage,one-compartment model,,Lou et al.,2009,19005225 / 10.1093/toxsci/kfn234,Lou 2009 Table 2,primary_2026/lou2009_mouse_tk.csv,95% CI 0.102-0.179
PFOA,mouse,CD-1,male,ke (sera),0.00133,,,1/h,1 and 10,mg/kg,oral gavage,one-compartment model,,Lou et al.,2009,19005225 / 10.1093/toxsci/kfn234,Lou 2009 Table 2,primary_2026/lou2009_mouse_tk.csv,95% CI 0.00120-0.00148
PFOA,mouse,CD-1,female,ke (sera),0.00185,,,1/h,1 and 10,mg/kg,oral gavage,one-compartment model,,Lou et al.,2009,19005225 / 10.1093/toxsci/kfn234,Lou 2009 Table 2,primary_2026/lou2009_mouse_tk.csv,95% CI 0.00175-0.00196
PFOA,mouse,CD-1,male,halflife (sera),21.7,,,d,1 and 10,mg/kg,oral gavage,one-compartment model,,Lou et al.,2009,19005225 / 10.1093/toxsci/kfn234,Lou 2009 Table 2,primary_2026/lou2009_mouse_tk.csv,95% CI 19.5-24.1
PFOA,mouse,CD-1,female,halflife (sera),15.6,,,d,1 and 10,mg/kg,oral gavage,one-compartment model,,Lou et al.,2009,19005225 / 10.1093/toxsci/kfn234,Lou 2009 Table 2,primary_2026/lou2009_mouse_tk.csv,95% CI 14.7-16.5
PFOA,mouse,CD-1,male,clearance_derived (sera),7.21,,,mL/kg-day,1 and 10,mg/kg,oral gavage,one-compartment model,,Lou et al.,2009,19005225 / 10.1093/toxsci/kfn234,ke x Vd x 24000; derived here from Lou 2009 Table 2,primary_2026/lou2009_mouse_tk.csv,
PFOA,mouse,CD-1,female,clearance_derived (sera),5.99,,,mL/kg-day,1 and 10,mg/kg,oral gavage,one-compartment model,,Lou et al.,2009,19005225 / 10.1093/toxsci/kfn234,ke x Vd x 24000; derived here from Lou 2009 Table 2,primary_2026/lou2009_mouse_tk.csv,
PFOA,mouse,CD-1,male,vd (liver),0.12,,,L/kg,1 and 10,mg/kg,oral gavage,one-compartment model,,Lou et al.,2009,19005225 / 10.1093/toxsci/kfn234,Lou 2009 Table 2,primary_2026/lou2009_mouse_tk.csv,95% CI 0.111-0.129
PFOA,mouse,CD-1,female,vd (liver),0.161,,,L/kg,1 and 10,mg/kg,oral gavage,one-compartment model,,Lou et al.,2009,19005225 / 10.1093/toxsci/kfn234,Lou 2009 Table 2,primary_2026/lou2009_mouse_tk.csv,95% CI 0.148-0.176
PFOA,mouse,CD-1,male,ke (liver),0.00129,,,1/h,1 and 10,mg/kg,oral gavage,one-compartment model,,Lou et al.,2009,19005225 / 10.1093/toxsci/kfn234,Lou 2009 Table 2,primary_2026/lou2009_mouse_tk.csv,95% CI 0.00115-0.00145
PFOA,mouse,CD-1,female,ke (liver),0.00161,,,1/h,1 and 10,mg/kg,oral gavage,one-compartment model,,Lou et al.,2009,19005225 / 10.1093/toxsci/kfn234,Lou 2009 Table 2,primary_2026/lou2009_mouse_tk.csv,95% CI 0.00143-0.00181
PFOA,mouse,CD-1,male,vd_1mgkg (kidney),1.28,,,,1 and 10,mg/kg,oral gavage,one-compartment model,,Lou et al.,2009,19005225 / 10.1093/toxsci/kfn234,Lou 2009 Table 2,primary_2026/lou2009_mouse_tk.csv,95% CI 1.145-1.432
PFOA,mouse,CD-1,female,vd_1mgkg (kidney),0.822,,,,1 and 10,mg/kg,oral gavage,one-compartment model,,Lou et al.,2009,19005225 / 10.1093/toxsci/kfn234,Lou 2009 Table 2,primary_2026/lou2009_mouse_tk.csv,95% CI 0.745-0.908
PFOA,mouse,CD-1,male,vd_10mgkg (kidney),1.7,,,,1 and 10,mg/kg,oral gavage,one-compartment model,,Lou et al.,2009,19005225 / 10.1093/toxsci/kfn234,Lou 2009 Table 2,primary_2026/lou2009_mouse_tk.csv,95% CI 1.520-1.902
PFOA,mouse,CD-1,female,vd_10mgkg (kidney),1.092,,,,1 and 10,mg/kg,oral gavage,one-compartment model,,Lou et al.,2009,19005225 / 10.1093/toxsci/kfn234,Lou 2009 Table 2,primary_2026/lou2009_mouse_tk.csv,95% CI 1.004-1.188
PFOA,mouse,CD-1,male,ke (kidney),0.00113,,,1/h,1 and 10,mg/kg,oral gavage,one-compartment model,,Lou et al.,2009,19005225 / 10.1093/toxsci/kfn234,Lou 2009 Table 2,primary_2026/lou2009_mouse_tk.csv,95% CI 0.000992-0.00128
PFOA,mouse,CD-1,female,ke (kidney),0.00151,,,1/h,1 and 10,mg/kg,oral gavage,one-compartment model,,Lou et al.,2009,19005225 / 10.1093/toxsci/kfn234,Lou 2009 Table 2,primary_2026/lou2009_mouse_tk.csv,95% CI 0.00138-0.00166
PFNA,rat,Sprague-Dawley,male,halflife,30.6,,,d,"1, 3, 10",mg/kg,oral gavage,dose linearity: by and large linear,,Tatum-Gibbs et al.,2011,10.1016/j.tox.2011.01.003,Tatum-Gibbs 2011 abstract,primary_2026/tatumgibbs2011_pfna_rat_mouse.csv,
PFNA,rat,Sprague-Dawley,female,halflife,1.4,,,d,"1, 3, 10",mg/kg,oral gavage,dose linearity: by and large linear,,Tatum-Gibbs et al.,2011,10.1016/j.tox.2011.01.003,Tatum-Gibbs 2011 abstract,primary_2026/tatumgibbs2011_pfna_rat_mouse.csv,sex ratio M/F = 21.9x
PFNA,mouse,CD-1,male,halflife,,34.3,68.9,d,"1, 10",mg/kg,oral,dose linearity: non-linear,,Tatum-Gibbs et al.,2011,10.1016/j.tox.2011.01.003,Tatum-Gibbs 2011 abstract,primary_2026/tatumgibbs2011_pfna_rat_mouse.csv,ceiling 68.9 d; the composite 227 d in this review sits 3.3x above it
PFNA,mouse,CD-1,female,halflife,,25.8,68.4,d,"1, 10",mg/kg,oral,dose linearity: non-linear,,Tatum-Gibbs et al.,2011,10.1016/j.tox.2011.01.003,Tatum-Gibbs 2011 abstract,primary_2026/tatumgibbs2011_pfna_rat_mouse.csv,slightly faster than males - the opposite sign to the rat
PFHpA,rat,Wistar,male,pct_dose_in_urine_120h,92.0,,,% of dose,,,intraperitoneal,cumulative recovery to 120 h,,Kudo et al.,2001,11311214 / 10.1016/s0009-2797(01)00155-7,Kudo 2001 abstract and sec 3.1/4.2,primary_2026/kudo2001_chain_length_elimination.csv,renal dominant
PFOA,rat,Wistar,male,pct_dose_in_urine_120h,55.0,,,% of dose,,,intraperitoneal,cumulative recovery to 120 h,,Kudo et al.,2001,11311214 / 10.1016/s0009-2797(01)00155-7,Kudo 2001,primary_2026/kudo2001_chain_length_elimination.csv,renal dominant
PFNA,rat,Wistar,male,pct_dose_in_urine_120h,2.0,,,% of dose,,,intraperitoneal,cumulative recovery to 120 h,,Kudo et al.,2001,11311214 / 10.1016/s0009-2797(01)00155-7,Kudo 2001 sec 4.2 explicit,primary_2026/kudo2001_chain_length_elimination.csv,faecal becomes major route
PFDA,rat,Wistar,male,pct_dose_in_urine_120h,0.2,,,% of dose,,,intraperitoneal,cumulative recovery to 120 h,,Kudo et al.,2001,11311214 / 10.1016/s0009-2797(01)00155-7,Kudo 2001 sec 3.1 and 4.2 explicit,primary_2026/kudo2001_chain_length_elimination.csv,faecal major route
PFOA,rat,Wistar,female,pct_dose_in_urine_120h,80.0,,,% of dose,,,intraperitoneal,cumulative recovery to 120 h,,Kudo et al.,2001,11311214 / 10.1016/s0009-2797(01)00155-7,Kudo 2001; significantly higher than male,primary_2026/kudo2001_chain_length_elimination.csv,renal dominant
PFNA,rat,Wistar,female,pct_dose_in_urine_120h,51.0,,,% of dose,,,intraperitoneal,cumulative recovery to 120 h,,Kudo et al.,2001,11311214 / 10.1016/s0009-2797(01)00155-7,Kudo 2001; significantly higher than male 2.0%,primary_2026/kudo2001_chain_length_elimination.csv,renal dominant
PFOA,rabbit,,female,gfr,4.0,,,L/d/kg,,,,compilation; fu assumed 0.02 for all species,,Han et al.,2012,21985250 / 10.1021/tx200363w,Table 4,primary_2026/han2012_table4_reabsorption_axis.csv,not applicable - net secretion
PFOA,rabbit,,female,renal_clearance,670.0,,,mL/d/kg,,,,compilation; fu assumed 0.02 for all species,,Han et al.,2012,21985250 / 10.1021/tx200363w,Table 4,primary_2026/han2012_table4_reabsorption_axis.csv,not applicable - net secretion
PFOA,rabbit,,male,gfr,4.0,,,L/d/kg,,,,compilation; fu assumed 0.02 for all species,,Han et al.,2012,21985250 / 10.1021/tx200363w,Table 4,primary_2026/han2012_table4_reabsorption_axis.csv,not applicable - net secretion
PFOA,rabbit,,male,renal_clearance,640.0,,,mL/d/kg,,,,compilation; fu assumed 0.02 for all species,,Han et al.,2012,21985250 / 10.1021/tx200363w,Table 4,primary_2026/han2012_table4_reabsorption_axis.csv,not applicable - net secretion
PFOA,rat,,female,gfr,14.4,,,L/d/kg,,,,compilation; fu assumed 0.02 for all species,,Han et al.,2012,21985250 / 10.1021/tx200363w,Table 4,primary_2026/han2012_table4_reabsorption_axis.csv,not applicable - net secretion
PFOA,rat,,female,renal_clearance,666.0,,,mL/d/kg,,,,compilation; fu assumed 0.02 for all species,,Han et al.,2012,21985250 / 10.1021/tx200363w,Table 4,primary_2026/han2012_table4_reabsorption_axis.csv,not applicable - net secretion
PFOA,dog,,female,gfr,5.3,,,L/d/kg,,,,compilation; fu assumed 0.02 for all species,,Han et al.,2012,21985250 / 10.1021/tx200363w,Table 4,primary_2026/han2012_table4_reabsorption_axis.csv,matches OEHHA
PFOA,dog,,female,renal_clearance,50.8,,,mL/d/kg,,,,compilation; fu assumed 0.02 for all species,,Han et al.,2012,21985250 / 10.1021/tx200363w,Table 4,primary_2026/han2012_table4_reabsorption_axis.csv,matches OEHHA
PFOA,dog,,female,pct_renal_reabsorption,52.0,,,%,,,,compilation; fu assumed 0.02 for all species,,Han et al.,2012,21985250 / 10.1021/tx200363w,Table 4,primary_2026/han2012_table4_reabsorption_axis.csv,matches OEHHA
PFOA,dog,,male,gfr,5.3,,,L/d/kg,,,,compilation; fu assumed 0.02 for all species,,Han et al.,2012,21985250 / 10.1021/tx200363w,Table 4,primary_2026/han2012_table4_reabsorption_axis.csv,matches OEHHA
PFOA,dog,,male,renal_clearance,43.0,,,mL/d/kg,,,,compilation; fu assumed 0.02 for all species,,Han et al.,2012,21985250 / 10.1021/tx200363w,Table 4,primary_2026/han2012_table4_reabsorption_axis.csv,matches OEHHA
PFOA,dog,,male,pct_renal_reabsorption,59.0,,,%,,,,compilation; fu assumed 0.02 for all species,,Han et al.,2012,21985250 / 10.1021/tx200363w,Table 4,primary_2026/han2012_table4_reabsorption_axis.csv,matches OEHHA
PFOA,Japanese macaque,,female,gfr,8.5,,,L/d/kg,,,,compilation; fu assumed 0.02 for all species,,Han et al.,2012,21985250 / 10.1021/tx200363w,Table 4,primary_2026/han2012_table4_reabsorption_axis.csv,matches OEHHA
PFOA,Japanese macaque,,female,renal_clearance,32.0,,,mL/d/kg,,,,compilation; fu assumed 0.02 for all species,,Han et al.,2012,21985250 / 10.1021/tx200363w,Table 4,primary_2026/han2012_table4_reabsorption_axis.csv,matches OEHHA
PFOA,Japanese macaque,,female,pct_renal_reabsorption,81.2,,,%,,,,compilation; fu assumed 0.02 for all species,,Han et al.,2012,21985250 / 10.1021/tx200363w,Table 4,primary_2026/han2012_table4_reabsorption_axis.csv,matches OEHHA
PFOA,Japanese macaque,,male,gfr,8.5,,,L/d/kg,,,,compilation; fu assumed 0.02 for all species,,Han et al.,2012,21985250 / 10.1021/tx200363w,Table 4,primary_2026/han2012_table4_reabsorption_axis.csv,matches OEHHA
PFOA,Japanese macaque,,male,renal_clearance,15.0,,,mL/d/kg,,,,compilation; fu assumed 0.02 for all species,,Han et al.,2012,21985250 / 10.1021/tx200363w,Table 4,primary_2026/han2012_table4_reabsorption_axis.csv,matches OEHHA
PFOA,Japanese macaque,,male,pct_renal_reabsorption,91.2,,,%,,,,compilation; fu assumed 0.02 for all species,,Han et al.,2012,21985250 / 10.1021/tx200363w,Table 4,primary_2026/han2012_table4_reabsorption_axis.csv,matches OEHHA
PFOA,rat,,male,gfr,14.4,,,L/d/kg,,,,compilation; fu assumed 0.02 for all species,,Han et al.,2012,21985250 / 10.1021/tx200363w,Table 4,primary_2026/han2012_table4_reabsorption_axis.csv,OEHHA states 93.2; Han 2012 Table 4 gives 93.7
PFOA,rat,,male,renal_clearance,18.2,,,mL/d/kg,,,,compilation; fu assumed 0.02 for all species,,Han et al.,2012,21985250 / 10.1021/tx200363w,Table 4,primary_2026/han2012_table4_reabsorption_axis.csv,OEHHA states 93.2; Han 2012 Table 4 gives 93.7
PFOA,rat,,male,pct_renal_reabsorption,93.7,,,%,,,,compilation; fu assumed 0.02 for all species,,Han et al.,2012,21985250 / 10.1021/tx200363w,Table 4,primary_2026/han2012_table4_reabsorption_axis.csv,OEHHA states 93.2; Han 2012 Table 4 gives 93.7
PFOA,mouse,,female,gfr,16.7,,,L/d/kg,,,,compilation; fu assumed 0.02 for all species,,Han et al.,2012,21985250 / 10.1021/tx200363w,Table 4,primary_2026/han2012_table4_reabsorption_axis.csv,matches OEHHA
PFOA,mouse,,female,renal_clearance,16.0,,,mL/d/kg,,,,compilation; fu assumed 0.02 for all species,,Han et al.,2012,21985250 / 10.1021/tx200363w,Table 4,primary_2026/han2012_table4_reabsorption_axis.csv,matches OEHHA
PFOA,mouse,,female,pct_renal_reabsorption,95.2,,,%,,,,compilation; fu assumed 0.02 for all species,,Han et al.,2012,21985250 / 10.1021/tx200363w,Table 4,primary_2026/han2012_table4_reabsorption_axis.csv,matches OEHHA
PFOA,mouse,,male,gfr,16.7,,,L/d/kg,,,,compilation; fu assumed 0.02 for all species,,Han et al.,2012,21985250 / 10.1021/tx200363w,Table 4,primary_2026/han2012_table4_reabsorption_axis.csv,matches OEHHA
PFOA,mouse,,male,renal_clearance,10.0,,,mL/d/kg,,,,compilation; fu assumed 0.02 for all species,,Han et al.,2012,21985250 / 10.1021/tx200363w,Table 4,primary_2026/han2012_table4_reabsorption_axis.csv,matches OEHHA
PFOA,mouse,,male,pct_renal_reabsorption,97.0,,,%,,,,compilation; fu assumed 0.02 for all species,,Han et al.,2012,21985250 / 10.1021/tx200363w,Table 4,primary_2026/han2012_table4_reabsorption_axis.csv,matches OEHHA
PFOA,human,,both,gfr,2.57,,,L/d/kg,,,,compilation; fu assumed 0.02 for all species,,Han et al.,2012,21985250 / 10.1021/tx200363w,Table 4,primary_2026/han2012_table4_reabsorption_axis.csv,OEHHA states 99.8; Han 2012 Table 4 gives 99.94
PFOA,human,,both,renal_clearance,0.03,,,mL/d/kg,,,,compilation; fu assumed 0.02 for all species,,Han et al.,2012,21985250 / 10.1021/tx200363w,Table 4,primary_2026/han2012_table4_reabsorption_axis.csv,OEHHA states 99.8; Han 2012 Table 4 gives 99.94
PFOA,human,,both,pct_renal_reabsorption,99.94,,,%,,,,compilation; fu assumed 0.02 for all species,,Han et al.,2012,21985250 / 10.1021/tx200363w,Table 4,primary_2026/han2012_table4_reabsorption_axis.csv,OEHHA states 99.8; Han 2012 Table 4 gives 99.94
