primary_study,primary_year,source_document,source_table_or_section,chemical,species,strain,sex,n,route,dose,dose_units,matrix,parameter,value,units,ci_low,ci_high,model_or_method,adopted_by_nj,nj_rationale,discrepancy_flag,notes
Johnson et al. 1979; Kemper and Jepson 2003,1979,NJ DWQI 2017 PFOA health-based MCL support document,Table 4: Serum/plasma elimination half-lives of PFOA (adapted from Lau 2012),PFOA,rat,,female,,,,,serum/plasma,elimination half-life,2-4,hours,2,4,,no,Tabulated for interspecies comparison; NJ notes rat is not an ideal model for PFOA developmental effects because female rats do not reach steady state with once-daily dosing,,Table 4 footnote: Adapted from Lau 2012. Narrative text gives t1/2 = 2-4 hours for female rats
Johnson et al. 1979; Kemper and Jepson 2003,1979,NJ DWQI 2017 PFOA health-based MCL support document,Table 4: Serum/plasma elimination half-lives of PFOA (adapted from Lau 2012),PFOA,rat,,male,,,,,serum/plasma,elimination half-life,4-6,days,4,6,,no,Tabulated for interspecies comparison,,Narrative text: 'PFOA is excreted much more quickly in female rats (t1/2 = 2-4 hours) than in male rats (t1/2 = 4-6 days)'. Large sex difference is the female-rat phenomenon
Lau et al. 2005,2005,NJ DWQI 2017 PFOA health-based MCL support document,Table 4: Serum/plasma elimination half-lives of PFOA (adapted from Lau 2012),PFOA,mouse,,female,,,,,serum/plasma,elimination half-life,17,days,,,,no,Tabulated for interspecies comparison,,NJ: 'The half-life in both sexes of mice is similar (17 days in females and 19 days in males)' - contrasts with the rat sex difference
Lau et al. 2005,2005,NJ DWQI 2017 PFOA health-based MCL support document,Table 4: Serum/plasma elimination half-lives of PFOA (adapted from Lau 2012),PFOA,mouse,,male,,,,,serum/plasma,elimination half-life,19,days,,,,no,Tabulated for interspecies comparison,,"Rat-vs-mouse difference: mouse shows no appreciable sex difference, rat shows ~30-70 fold"
Hundley et al. 2006,2006,NJ DWQI 2017 PFOA health-based MCL support document,Table 4: Serum/plasma elimination half-lives of PFOA (adapted from Lau 2012),PFOA,rabbit,,female,,,,,serum/plasma,elimination half-life,7,hours,,,,no,Tabulated for interspecies comparison,,Rabbit - species outside the rat/mouse/monkey/human core. NJ: 'excretion is rapid in both sexes of rabbits'
Hundley et al. 2006,2006,NJ DWQI 2017 PFOA health-based MCL support document,Table 4: Serum/plasma elimination half-lives of PFOA (adapted from Lau 2012),PFOA,rabbit,,male,,,,,serum/plasma,elimination half-life,5.5,hours,,,,no,Tabulated for interspecies comparison,,"Rabbit male slightly FASTER than female, the reverse of rat direction"
Hanhijarvi et al. 1988,1988,NJ DWQI 2017 PFOA health-based MCL support document,Table 4: Serum/plasma elimination half-lives of PFOA (adapted from Lau 2012),PFOA,dog,beagle (per reference list),female,,,,,serum/plasma,elimination half-life,8-13,days,8,13,,no,Tabulated for interspecies comparison,,"DOG value, rarely reported elsewhere. Reference list entry: 'excretion of perfluorooctanoic acid in the beagle dog and rat' (Hanhijarvi et al. 1988, in Beynen and Solleveld, eds., New Developments in Biosciences)"
Hanhijarvi et al. 1988,1988,NJ DWQI 2017 PFOA health-based MCL support document,Table 4: Serum/plasma elimination half-lives of PFOA (adapted from Lau 2012),PFOA,dog,beagle (per reference list),male,,,,,serum/plasma,elimination half-life,20-30,days,20,30,,no,Tabulated for interspecies comparison,,"DOG value, rarely reported elsewhere. Male dog half-life is the longest animal value in Table 4 and approaches monkey values. Sex direction same as rat (male slower)"
Butenhoff et al. 2004a,2004,NJ DWQI 2017 PFOA health-based MCL support document,Table 4: Serum/plasma elimination half-lives of PFOA (adapted from Lau 2012),PFOA,monkey,cynomolgus,female,,,,,serum/plasma,elimination half-life,30,days,,,,no,Tabulated for interspecies comparison,,"Female monkey LONGER than male, opposite direction to rat and dog"
Butenhoff et al. 2004a,2004,NJ DWQI 2017 PFOA health-based MCL support document,Table 4: Serum/plasma elimination half-lives of PFOA (adapted from Lau 2012),PFOA,monkey,cynomolgus,male,,,,,serum/plasma,elimination half-life,21,days,,,,no,Tabulated for interspecies comparison,,
Olsen et al. 2007,2007,NJ DWQI 2017 PFOA health-based MCL support document,Table 4: Serum/plasma elimination half-lives of PFOA (adapted from Lau 2012),PFOA,human,,males and females combined,26,occupational (retired workers),,,serum,elimination half-life (mean),3.8,years,,,serial serum decline in retired workers,no,Cited but NOT used for the clearance factor; NJ instead used the Bartell et al. 2010a half-life,,n=26 retired workers; 'no difference found between men and women'
Bartell et al. 2010a,2010,NJ DWQI 2017 PFOA health-based MCL support document,Table 4: Serum/plasma elimination half-lives of PFOA (adapted from Lau 2012),PFOA,human,,males and females combined,200,oral - contaminated drinking water (cessation),,,serum,elimination half-life,2.3,years,,,"serum decline after drinking water treatment, two WV water districts",yes,"Shortest value reported in the literature; NJ states use of the shortest half-life gives the clearance factor predicting the GREATEST serum increase per unit drinking water, i.e. the health-protective choice",,Based on average serum decreases of 26% and 24% over one year in two water districts; 'no evidence of age- or gender-dependence in elimination rates'
Bartell et al. 2010b,2010,NJ DWQI 2017 PFOA health-based MCL support document,Toxicokinetics - Human half-life,PFOA,human,,males and females combined,200,oral - contaminated drinking water (cessation),,,serum,"annual serum decline, year 2 of follow-up",9 and 15,percent per year,,,follow-up of same individuals,no,NJ notes the slower second-year decline suggests either ongoing non-drinking-water exposure or that kinetics do not follow first-order elimination,,Same cohort as Bartell 2010a; implies a longer apparent half-life in year 2
Brede et al. 2010,2010,NJ DWQI 2017 PFOA health-based MCL support document,Table 4: Serum/plasma elimination half-lives of PFOA (adapted from Lau 2012),PFOA,human,,adults and children combined,138,"oral - contaminated drinking water (Arnsberg, Germany; treatment installed)",,,plasma,elimination half-life (geometric mean),3.3,years,,,geometric mean plasma decline over 2 years,no,Cited for comparison only,yes,Table 4 states 3.3 years; the narrative text of the same NJ document states the geometric mean half-life was estimated as 3.26 years. Plasma declined 39% in children and mothers and 26% in men
Seals et al. 2011,2011,NJ DWQI 2017 PFOA health-based MCL support document,Table 4: Serum/plasma elimination half-lives of PFOA (adapted from Lau 2012),PFOA,human,,adults and children combined,602,"oral - contaminated drinking water (former residents, Little Hocking WV)",,,serum,"elimination half-life, initial 4 years post-exposure",2.9,years,,,cross-sectional regression of serum on years since moving,no,Cited as evidence that PFOA elimination is biphasic and serum-concentration dependent,,"Highly exposed group. Little Hocking median serum: current residents 241.0 ng/ml, former residents 60.6 ng/ml"
Seals et al. 2011,2011,NJ DWQI 2017 PFOA health-based MCL support document,Table 4: Serum/plasma elimination half-lives of PFOA (adapted from Lau 2012),PFOA,human,,adults and children combined,602,"oral - contaminated drinking water (former residents, Little Hocking WV)",,,serum,"elimination half-life, >4 years post-exposure",10.1,years,,,cross-sectional regression of serum on years since moving,no,Cited as evidence of biphasic elimination,yes,"INTERNAL INCONSISTENCY in the NJ document: Table 4 gives 10.1 years for >4 years post-exposure in the highly exposed group, while the narrative text on the same page states 'about 8.5 years after the first 4 elapsed years' for Little Hocking"
Seals et al. 2011,2011,NJ DWQI 2017 PFOA health-based MCL support document,Table 4: Serum/plasma elimination half-lives of PFOA (adapted from Lau 2012),PFOA,human,,adults and children combined,971,"oral - contaminated drinking water (former residents, Lubeck WV)",,,serum,"elimination half-life, initial 9 years post-exposure",8.5,years,,,cross-sectional regression of serum on years since moving,no,Cited as evidence of biphasic elimination,,"Less exposed group. Lubeck median serum: current residents 69.4 ng/ml, former residents 31.0 ng/ml"
Seals et al. 2011,2011,NJ DWQI 2017 PFOA health-based MCL support document,Table 4: Serum/plasma elimination half-lives of PFOA (adapted from Lau 2012),PFOA,human,,adults and children combined,971,"oral - contaminated drinking water (former residents, Lubeck WV)",,,serum,"elimination half-life, >9 years post-exposure",no apparent decline,qualitative,,,cross-sectional regression of serum on years since moving,no,Cited as evidence of biphasic/concentration-dependent elimination,,Years elapsed since moving ranged from <1 year to almost 25 years
Kemper 2003,2003,NJ DWQI 2017 PFOA health-based MCL support document,Toxicokinetics - Absorption,PFOA,rat,,male and female,,"oral (single dose, APFO)",0.1-25,mg/kg,,oral absorption,greater than 95,percent of dose,,,,no,Supports assumption of complete oral absorption,,APFO = ammonium salt of PFOA; dissociates to the PFOA anion in the body
Hundley et al. 2006,2006,NJ DWQI 2017 PFOA health-based MCL support document,Toxicokinetics - Absorption,PFOA,"mouse, rat, hamster, rabbit",,male and female,,oral,,,,oral absorption,well absorbed,qualitative,,,,no,,,Hamster and rabbit coverage; NJ notes the hamster sex difference runs OPPOSITE to the rat (excretion much more rapid in male hamsters than females)
Gibson and Johnson 1983,1983,NJ DWQI 2017 PFOA health-based MCL support document,Toxicokinetics - Absorption,PFOA,rat,,female (pregnant),,"oral (single dose, GD 8 or 9)",,,urine,fraction of oral dose excreted in urine within 24 hours,98.7,percent of dose,,,,no,Cited as evidence of near-complete oral absorption and rapid elimination in the female rat,,Pregnant rat; consistent with the 2-4 hour female rat half-life
Fujii et al. 2015,2015,NJ DWQI 2017 PFOA health-based MCL support document,Toxicokinetics - Absorption,PFOA,mouse,,male,,oral vs intravenous comparison,,,,oral absorption,98.7,percent of dose,,,oral absorption estimated by comparing fecal excretion after IV dosing (biliary) with that after oral dosing,no,,,Sex-specific absorption estimate
Fujii et al. 2015,2015,NJ DWQI 2017 PFOA health-based MCL support document,Toxicokinetics - Absorption,PFOA,mouse,,female,,oral vs intravenous comparison,,,,oral absorption,99.8,percent of dose,,,oral absorption estimated by comparing fecal excretion after IV dosing (biliary) with that after oral dosing,no,,,Sex-specific absorption estimate
Fasano et al. 2005,2005,NJ DWQI 2017 PFOA health-based MCL support document,Toxicokinetics - Absorption,PFOA,rat and human (in vitro skin),,,,dermal (in vitro),"14000 ng/L (14 ug/L) in water, pH 5.01",ng/L,skin,dermal permeability coefficient (Kp),8.8e-5,cm/hr,,,in vitro skin penetration system,no,NJ concludes dermal absorption is not a significant source of exposure from contaminated drinking water (citing NJDOH 2014),,"Rejected as an exposure route for MCL derivation, not as a measurement"
Vanden Heuvel et al. 1991; Kemper 2003; Hundley et al. 2006; Fujii et al. 2015,1991,NJ DWQI 2017 PFOA health-based MCL support document,Toxicokinetics - Distribution,PFOA,"rat, mouse, hamster, rabbit",,,,oral,,,"liver, serum, kidney, fat",tissue distribution ranking,"liver and serum highest, then kidney, low in other organs; very low in fat",qualitative,,,,no,"Basis for NJ's statement that PFOA does not distribute to fat, unlike most bioaccumulative organics",,Partition behaviour: PFOA is water soluble and almost totally bound to albumin and other serum proteins (SRI 2003; Han 2003)
Koskela et al. 2016,2016,NJ DWQI 2017 PFOA health-based MCL support document,Toxicokinetics - Distribution,PFOA,mouse,,,,in utero,,,bone,tissue persistence,persisted in bone until adulthood,qualitative,,,,no,,,Bone as a distribution compartment - rarely tabulated
Kudo et al. 2007,2007,NJ DWQI 2017 PFOA health-based MCL support document,Toxicokinetics - Distribution,PFOA,rat,,male,,"intravenous (single dose, 2 h post-dose)",0.041,mg/kg,liver,fraction of dose in liver,52,percent of dose,,,,no,Cited to show the liver fraction is dose-dependent,,Dose-dependent hepatic distribution; low dose
Kudo et al. 2007,2007,NJ DWQI 2017 PFOA health-based MCL support document,Toxicokinetics - Distribution,PFOA,rat,,male,,"intravenous (single dose, 2 h post-dose)",16.56,mg/kg,liver,fraction of dose in liver,27,percent of dose,,,,no,Cited to show the liver fraction is dose-dependent (saturable hepatic binding),,High dose; hepatic fraction halves relative to the 0.041 mg/kg dose
Lou et al. 2009,2009,NJ DWQI 2017 PFOA health-based MCL support document,Toxicokinetics - Distribution,PFOA,mouse,CD-1,male and female,,oral gavage (single dose),1 or 10,mg/kg,"serum, liver",sex difference in distribution,serum similar in both sexes; liver concentration higher in males,qualitative,,,,no,,,Sex-specific distribution despite similar mouse serum half-lives
Han et al. 2005,2005,NJ DWQI 2017 PFOA health-based MCL support document,Toxicokinetics - Distribution,PFOA,rat,,female,,oral (single dose),25,mg/kg,liver cytosol,percentage of hepatic PFOA in cytosolic fraction,49,percent,,,subcellular fractionation,no,,,Sex-specific subcellular partitioning; female > male
Han et al. 2005,2005,NJ DWQI 2017 PFOA health-based MCL support document,Toxicokinetics - Distribution,PFOA,rat,,male,,oral (single dose),25,mg/kg,liver cytosol,percentage of hepatic PFOA in cytosolic fraction,26,percent,,,subcellular fractionation,no,,,Absolute liver concentrations higher in males (slower excretion) but cytosolic fraction lower
Kudo et al. 2007,2007,NJ DWQI 2017 PFOA health-based MCL support document,Toxicokinetics - Distribution,PFOA,rat,,male,,intravenous,0.041,mg/kg,liver subcellular fractions,"fraction in 8000xg pellet (nuclei, mitochondria, cellular debris)",greater than 40,percent of dose,,,differential centrifugation,no,,,Low dose; order was 8000xg pellet > lysosomes/peroxisomes > microsomes > cytosol (<5%)
Kudo et al. 2007,2007,NJ DWQI 2017 PFOA health-based MCL support document,Toxicokinetics - Distribution,PFOA,rat,,male,,intravenous,16.56,mg/kg,liver cytosol,fraction in cytosol,greater than 43,percent of dose,,,differential centrifugation,no,,,High dose; order reverses - cytosol > 8000xg pellet > lysosomes/peroxisomes > microsomes. Dose-dependent increase in cytosolic percentage
Vaalgamaa et al. 2011,2011,NJ DWQI 2017 PFOA health-based MCL support document,Toxicokinetics - Metabolism,PFOA,all species,,,,,,,,metabolism,not metabolized,qualitative,,,,yes,"PFOA is chemically unreactive due to carbon-fluorine bonds, among the strongest in organic chemistry; NJ therefore treats PFOA as not metabolized by biological systems",,
Johnson et al. 1984,1984,NJ DWQI 2017 PFOA health-based MCL support document,Toxicokinetics - Excretion,PFOA,rat,,male,,oral cholestyramine co-administration,,,feces,increase in fecal elimination with cholestyramine,10,fold,,,"anion exchange resin, not absorbed from GI tract",no,Cited as evidence that PFOA undergoes enterohepatic circulation (Kudo and Kawashima 2003),,
Harada and Koizumi 2009; MDH 2013; Taylor et al. 2014; Lorber et al. 2015,2009,NJ DWQI 2017 PFOA health-based MCL support document,Toxicokinetics - Excretion,PFOA,human,,male and female,,,,,blood,additional elimination route,"blood loss (menstruation, blood donation, venesection)",qualitative,,,,no,,,Relevant to sex differences in human half-life
Kudo et al. 2002,2002,NJ DWQI 2017 PFOA health-based MCL support document,Toxicokinetics - Excretion,PFOA,rat,,female,,,,,plasma/urine,renal clearance,15,ml/min/kg,,,,no,"NJ notes female rat clearance EXCEEDS the glomerular filtration rate, indicating active renal tubular secretion",,Key female-rat phenomenon datum
Kudo et al. 2002,2002,NJ DWQI 2017 PFOA health-based MCL support document,Toxicokinetics - Excretion,PFOA,rat,,female,,,,,,glomerular filtration rate (reference),10,ml/min/kg,,,,no,Comparator for the 15 ml/min/kg female rat clearance,,
Kudo et al. 2002,2002,NJ DWQI 2017 PFOA health-based MCL support document,Toxicokinetics - Excretion,PFOA,rat,,male,,,,,plasma/urine,renal clearance,0.6,ml/min/kg,,,,no,"Male rat renal clearance 25-fold lower than female and below the GFR, indicating net tubular reabsorption",,25-fold male/female clearance difference - the mechanistic basis of the female-rat phenomenon
Ylinen et al. 1989; Kudo et al. 2002,1989,NJ DWQI 2017 PFOA health-based MCL support document,Toxicokinetics - Excretion,PFOA,rat,,male (castrated) and female,,"castration, testosterone, estradiol administration",,,plasma/urine,hormonal control of renal clearance,"castration of males raises clearance to female-like rate, reversed by testosterone; estradiol to males raises renal excretion; testosterone to females lowers clearance to male control rate",qualitative,,,,no,Cited as evidence that renal excretion of PFOA is under hormonal control,,Sex-difference mechanism
Hanhijarvi et al. 1982; Kudo et al. 2002,1982,NJ DWQI 2017 PFOA health-based MCL support document,Toxicokinetics - Excretion,PFOA,rat,,female and castrated male vs control male,,probenecid co-administration,,,plasma/urine,effect of probenecid on clearance,greatly reduced clearance in females and castrated males; little effect in control males,qualitative,,,inhibitor of renal tubular secretion of organic anions,no,,,Hanhijarvi 1982 - same group as the dog half-life study
Weaver et al. 2010; Han et al. 2012,2010,NJ DWQI 2017 PFOA health-based MCL support document,Toxicokinetics - Excretion,PFOA,rat (male),,male,,,,,kidney,transporter responsible for renal reabsorption,Oatp1a1,transporter identity,,,,no,Mechanistic basis for species and sex differences in renal clearance,,
Weaver et al. 2010; Han et al. 2012,2010,NJ DWQI 2017 PFOA health-based MCL support document,Toxicokinetics - Excretion,PFOA,human,,,,,,,kidney,transporters responsible for renal reabsorption,OAT4 and URAT1,transporter identity,,,,no,Mechanistic basis for the long human half-life,,NJ: inter-individual differences in human half-life may be due to differences in renal transport by OATs
Hinderliter et al. 2006,2006,NJ DWQI 2017 PFOA health-based MCL support document,Toxicokinetics - Excretion,PFOA,rat,,"male vs female, 4 weeks of age",,"oral (single dose), serum at 24 h",10,mg/kg,serum,male:female serum ratio at 4 weeks of age,within 3,fold,,,,no,Cited to show the sex-dependent excretion difference in rats develops between 3 and 5 weeks of age,,Age-dependence of the female-rat phenomenon
Hinderliter et al. 2006,2006,NJ DWQI 2017 PFOA health-based MCL support document,Toxicokinetics - Excretion,PFOA,rat,,"male vs female, 5 weeks of age and older",,"oral (single dose), serum at 24 h",10,mg/kg,serum,male:female serum ratio at 5+ weeks of age,at least 30,fold,,,,no,,,At 5+ weeks males ~5-fold higher than at 4 weeks; females 2-3 fold LOWER than at 4 weeks - both sexes change with age
Loveless et al. 2006,2006,NJ DWQI 2017 PFOA health-based MCL support document,Toxicokinetics - Isomer-specific kinetics,PFOA,rat and mouse,,,,oral (equivalent doses),,,serum,isomer-specific serum levels,serum levels of branched PFOA lower than linear PFOA,qualitative,,,,no,,,Isomer kinetics
DeSilva et al. 2009,2009,NJ DWQI 2017 PFOA health-based MCL support document,Toxicokinetics - Isomer-specific kinetics,PFOA,rat,,,,oral (subchronic),,,serum,half-life of two minor unidentified branched isomers relative to linear PFOA,about 2,fold longer than linear,,,,no,,,"Most branched isomers eliminated faster than linear, EXCEPT two minor unidentified branched isomers with half-lives about twice that of linear PFOA"
Zhang et al. 2013; Gao et al. 2015,2013,NJ DWQI 2017 PFOA health-based MCL support document,Toxicokinetics - Isomer-specific kinetics,PFOA,human,,,,,,,serum,isomer-specific elimination,branched isomers eliminated more rapidly than linear,qualitative,,,,no,,,
Beesoon et al. 2011,2011,NJ DWQI 2017 PFOA health-based MCL support document,Toxicokinetics - Isomer-specific kinetics,PFOA,human,,female (maternal) and fetal,,,,,maternal and cord serum,"placental transfer, isomer-specific",most branched isomers cross the placenta more efficiently than linear forms,qualitative,,,maternal-cord serum isomer profiles in infant-mother pairs,no,,,PLACENTAL TRANSFER datum
Beesoon and Martin 2015,2015,NJ DWQI 2017 PFOA health-based MCL support document,Toxicokinetics - Isomer-specific kinetics,PFOA,human (in vitro),,,,,,,human serum albumin and serum proteins,"protein binding affinity, isomer-specific",linear PFOA has higher binding affinity than branched PFOA,qualitative,,,,no,Offered as a potential explanation for the more rapid excretion of branched PFOA isomers,,PROTEIN BINDING datum
Kemper and Jepson 2003,2003,NJ DWQI 2017 PFOA health-based MCL support document,Toxicokinetics Relevant to Developmental Exposures - Rats,PFOA,rat,,female,,oral (single dose),,,plasma,Tmax (time to maximum plasma concentration),1.25,hours,,,,no,,,
Hinderliter et al. 2005,2005,NJ DWQI 2017 PFOA health-based MCL support document,Toxicokinetics Relevant to Developmental Exposures - Rats,PFOA,rat,not stated,female (pregnant dam),,"oral gavage once daily, GD 4 to PND 21",3,mg/kg/day,maternal plasma (2 h post-dose),mean plasma concentration,11000,ng/ml,,,plasma sampled 2 h post-dose to capture near-peak levels,no,"NJ cautions interpretation is complicated because maternal plasma varies widely over the day between daily doses, and milk/fetal levels are compared to maternal peaks",,Female-rat phenomenon: virtually all PFOA excreted within 24 h of dosing
Hinderliter et al. 2005,2005,NJ DWQI 2017 PFOA health-based MCL support document,Toxicokinetics Relevant to Developmental Exposures - Rats,PFOA,rat,not stated,female (pregnant dam),,"oral gavage once daily, GD 4 to PND 21",10,mg/kg/day,maternal plasma (2 h post-dose),mean plasma concentration,27000,ng/ml,,,plasma sampled 2 h post-dose,no,,,
Hinderliter et al. 2005,2005,NJ DWQI 2017 PFOA health-based MCL support document,Toxicokinetics Relevant to Developmental Exposures - Rats,PFOA,rat,not stated,female (pregnant dam),,"oral gavage once daily, GD 4 to PND 21",30,mg/kg/day,maternal plasma (2 h post-dose),mean plasma concentration,67000,ng/ml,,,plasma sampled 2 h post-dose,no,,,
Hinderliter et al. 2005,2005,NJ DWQI 2017 PFOA health-based MCL support document,Toxicokinetics Relevant to Developmental Exposures - Rats,PFOA,rat,not stated,fetal (both sexes),,"oral gavage once daily, GD 4 to PND 21; sampled GD 21","3, 10, 30",mg/kg/day,fetal plasma vs maternal plasma,fetal:maternal plasma ratio,about 0.5,ratio,,,,no,,,PLACENTAL TRANSFER: fetal plasma about half of dam on GD 21
Hinderliter et al. 2005,2005,NJ DWQI 2017 PFOA health-based MCL support document,Toxicokinetics Relevant to Developmental Exposures - Rats,PFOA,rat,not stated,female (lactating dam),,"oral gavage once daily, GD 4 to PND 21; PND 3-21","3, 10, 30",mg/kg/day,milk vs maternal serum,milk:maternal serum ratio,about 0.1,ratio,,,,no,,,"BREAST-MILK TRANSFER: milk about 10-fold lower than maternal serum, fairly constant PND 3 through PND 21"
Hinderliter et al. 2005,2005,NJ DWQI 2017 PFOA health-based MCL support document,Toxicokinetics Relevant to Developmental Exposures - Rats,PFOA,rat,not stated,pup (both sexes),,oral gavage to dam once daily; PND 3,"3, 10, 30",mg/kg/day,pup plasma vs maternal plasma,pup:maternal plasma ratio at PND 3,about 0.25,ratio,,,,no,,,"Pup plasma about 4-fold lower than maternal plasma at PND 3, about 10-fold lower at later time points. Plasma similar in male and female pups until PND 21 because the rat sex difference develops at ~5 weeks (Hinderliter et al. 2006)"
Hinderliter et al. 2005,2005,NJ DWQI 2017 PFOA health-based MCL support document,Toxicokinetics Relevant to Developmental Exposures - Rats,PFOA,rat,not stated,female (pregnant),,oral gavage once daily,"3, 10, 30",mg/kg/day,"placenta, amniotic fluid",detection in placenta and amniotic fluid,detected,qualitative,,,,no,,,Placental and amniotic-fluid distribution
Fenton et al. 2009,2009,NJ DWQI 2017 PFOA health-based MCL support document,Toxicokinetics Relevant to Developmental Exposures - Mice,PFOA,mouse,CD-1,female (pregnant),,oral gavage single dose GD 17; sampled GD 18,"0.1, 1, 5",mg/kg,amniotic fluid vs maternal serum,amniotic fluid:maternal serum ratio,about 0.5,ratio,,,,no,,,PLACENTAL/AMNIOTIC TRANSFER in mouse
Fenton et al. 2009,2009,NJ DWQI 2017 PFOA health-based MCL support document,Toxicokinetics Relevant to Developmental Exposures - Mice,PFOA,mouse,CD-1,fetal/whole pup,,oral gavage single dose GD 17; sampled GD 18,"0.1, 1, 5",mg/kg,whole pup vs maternal serum,whole pup:maternal serum ratio on GD 18,about 1,ratio,,,,no,,,
Fenton et al. 2009,2009,NJ DWQI 2017 PFOA health-based MCL support document,Toxicokinetics Relevant to Developmental Exposures - Mice,PFOA,mouse,CD-1,pup,,oral gavage single dose GD 17; sampled PND 1,"0.1, 1, 5",mg/kg,pup serum vs maternal serum,pup:maternal serum ratio on PND 1,about 1.5,ratio,,,,yes,NJ relies on pup serum exceeding maternal serum in interpreting developmental dose-response; authors attribute PND 1 pup burden primarily to in utero rather than lactational exposure,,Pup serum about 1.5x maternal serum at PND 1
Fenton et al. 2009,2009,NJ DWQI 2017 PFOA health-based MCL support document,Toxicokinetics Relevant to Developmental Exposures - Mice,PFOA,mouse,CD-1,female (lactating dam),,oral gavage single dose GD 17; PND 2-18,"0.1, 1, 5",mg/kg,milk vs maternal serum,milk:maternal serum ratio (range across doses and time points),0.11-0.56,ratio,0.11,0.56,aspirated milk,no,,,"BREAST-MILK TRANSFER in mouse: milk 11% to 56% of serum, higher percentages at early and late lactation. Maternal serum and milk followed a U-shaped curve over PND 1/2 to PND 18, with a mid-lactation trough (PND 8 pups, PND 11 milk)"
Fenton et al. 2009,2009,NJ DWQI 2017 PFOA health-based MCL support document,Toxicokinetics Relevant to Developmental Exposures - Mice,PFOA,mouse,CD-1,pup,,oral gavage single dose GD 17,"0.1, 1, 5",mg/kg,whole pup body burden,total pup body burden over time,increased GD 18 to PND 8 then decreased PND 8 to 18,qualitative,,,,no,Decrease after PND 8 attributed to decreased milk intake,,"Pup serum and whole-pup concentrations (ng/ml, ng/g) decreased monotonically PND 1-18 while total body burden peaked at PND 8"
White et al. 2009,2009,NJ DWQI 2017 PFOA health-based MCL support document,Toxicokinetics Relevant to Developmental Exposures - Mice,PFOA,mouse,CD-1,pup exposed in utero vs treated dam,,oral gavage to dam GD 8-17,5,mg/kg/day,"pup serum vs dam serum, PND 1",pup:dam serum ratio on PND 1,about 1.5,ratio,,,cross-fostering design,no,Consistent with the single-dose study of Fenton et al. 2009,,Pup serum about 50% higher than treated dams on PND 1
White et al. 2009,2009,NJ DWQI 2017 PFOA health-based MCL support document,Toxicokinetics Relevant to Developmental Exposures - Mice,PFOA,mouse,CD-1,"pup not exposed in utero, nursing treated dam",,"lactational only, PND 1",5,mg/kg/day,pup serum,serum relative to in utero exposed pups on PND 1,about 3,percent,,,cross-fostering design,no,"Used to show PND 1 pup burden is primarily in utero, not lactational",,Quantifies the lactational contribution on day 1 as ~3%
White et al. 2009,2009,NJ DWQI 2017 PFOA health-based MCL support document,Toxicokinetics Relevant to Developmental Exposures - Mice,PFOA,mouse,CD-1,untreated dam nursing in-utero-exposed pups,,none direct (coprophagy/grooming),0,mg/kg/day,dam serum,serum change PND 1 to PND 10,increased,qualitative,,,cross-fostering design,no,"NJ attributes the increase to maternal behaviour (grooming, ingestion of pup urine and feces)",,Unusual route: dam-to-pup transfer reversed. Also: pups not exposed in utero nursing treated dams rose to dam-equivalent serum by PND 10
Macon et al. 2011,2011,NJ DWQI 2017 PFOA health-based MCL support document,Toxicokinetics Relevant to Developmental Exposures - Mice,PFOA,mouse,CD-1,pup,,oral gavage to dam GD 10-17,0 (control),mg/kg/day,pup serum,serum concentration at PND 1,24,ng/ml,,,,no,Serum values used by NJ for benchmark dose modeling of mammary gland developmental effects (see Table 16),,Maternal serum NOT measured by Macon et al. 2011; NJ notes PND 1 serum is higher in pups than dams in studies where both are available
Macon et al. 2011,2011,NJ DWQI 2017 PFOA health-based MCL support document,Toxicokinetics Relevant to Developmental Exposures - Mice,PFOA,mouse,CD-1,pup,,oral gavage to dam GD 10-17,0.01,mg/kg/day,pup serum,serum concentration at PND 1,285,ng/ml,,,,yes,Serum values used by NJ for BMD modeling of mammary gland developmental effects,,
Macon et al. 2011,2011,NJ DWQI 2017 PFOA health-based MCL support document,Toxicokinetics Relevant to Developmental Exposures - Mice,PFOA,mouse,CD-1,pup,,oral gavage to dam GD 10-17,0.1,mg/kg/day,pup serum,serum concentration at PND 1,2304,ng/ml,,,,yes,Serum values used by NJ for BMD modeling,,
Macon et al. 2011,2011,NJ DWQI 2017 PFOA health-based MCL support document,Toxicokinetics Relevant to Developmental Exposures - Mice,PFOA,mouse,CD-1,pup,,oral gavage to dam GD 10-17,1,mg/kg/day,pup serum,serum concentration at PND 1,16306,ng/ml,,,,yes,Serum values used by NJ for BMD modeling,,
Macon et al. 2011,2011,NJ DWQI 2017 PFOA health-based MCL support document,Toxicokinetics Relevant to Developmental Exposures - Mice,PFOA,mouse,CD-1,pup,,oral gavage to dam GD 10-17,0 (control),mg/kg/day,pup serum,serum concentration at PND 21,3,ng/ml,,,,no,,,Decline from PND 1 to PND 21
Macon et al. 2011,2011,NJ DWQI 2017 PFOA health-based MCL support document,Toxicokinetics Relevant to Developmental Exposures - Mice,PFOA,mouse,CD-1,pup,,oral gavage to dam GD 10-17,0.01,mg/kg/day,pup serum,serum concentration at PND 21,17,ng/ml,,,,no,,,PND 1 285 ng/ml declined to 17 ng/ml by PND 21 (~17-fold)
Macon et al. 2011,2011,NJ DWQI 2017 PFOA health-based MCL support document,Toxicokinetics Relevant to Developmental Exposures - Mice,PFOA,mouse,CD-1,pup,,oral gavage to dam GD 10-17,0.1,mg/kg/day,pup serum,serum concentration at PND 21,132,ng/ml,,,,no,,,
Macon et al. 2011,2011,NJ DWQI 2017 PFOA health-based MCL support document,Toxicokinetics Relevant to Developmental Exposures - Mice,PFOA,mouse,CD-1,pup,,oral gavage to dam GD 10-17,1,mg/kg/day,pup serum,serum concentration at PND 21,2683,ng/ml,,,,no,,,
White et al. 2011,2011,NJ DWQI 2017 PFOA health-based MCL support document,Toxicokinetics Relevant to Developmental Exposures - Mice,PFOA,mouse,CD-1,female (P0 dam),,"drinking water, from GD 7 (about 32 days exposure at sampling)",5000 ng/L (5 ug/L),ng/L drinking water,serum,serum concentration at weaning PND 22,74.8,ng/ml,,,multigenerational drinking water study,no,Used by NJ to show mouse drinking water serum levels are far BELOW those expected in humans at the same water concentration,,"Control dams 4 ng/ml. Serum:drinking water ratio in mouse here is ~15:1, versus >100:1 in humans - a key species difference NJ highlights"
White et al. 2011,2011,NJ DWQI 2017 PFOA health-based MCL support document,Toxicokinetics Relevant to Developmental Exposures - Mice,PFOA,mouse,CD-1,female (F1 dam),,"drinking water, lifetime from in utero (except during breeding and early gestation)",5000 ng/L (5 ug/L),ng/L drinking water,serum,serum concentration at weaning PND 22,86.09,ng/ml,,,multigenerational drinking water study,no,,,"Control F1 dams 2 ng/ml. NJ: humans chronically exposed to 5 ug/L would average more than 500 ng/ml serum, far above these mouse values"
White et al. 2011,2011,NJ DWQI 2017 PFOA health-based MCL support document,Toxicokinetics Relevant to Developmental Exposures - Mice,PFOA,mouse,CD-1,female pup (F1),,drinking water (maternal/continuous),5000 ng/L (5 ug/L),ng/L drinking water,serum,serum concentration at PND 22,21.3,ng/ml,,,,no,,,"Pup serum LOWER than dam serum at weaning in the drinking water paradigm, opposite to the gavage studies at PND 1"
White et al. 2011,2011,NJ DWQI 2017 PFOA health-based MCL support document,Toxicokinetics Relevant to Developmental Exposures - Mice,PFOA,mouse,CD-1,female pup (F2),,drinking water (maternal/continuous),5000 ng/L (5 ug/L),ng/L drinking water,serum,serum concentration at PND 22,26.6,ng/ml,,,,no,,,
White et al. 2011,2011,NJ DWQI 2017 PFOA health-based MCL support document,Toxicokinetics Relevant to Developmental Exposures - Mice,PFOA,mouse,CD-1,female pup (F1),,drinking water (continuous),5000 ng/L (5 ug/L),ng/L drinking water,serum,serum concentration at PND 42,48.9,ng/ml,,,,no,,,Rising toward steady state
White et al. 2011,2011,NJ DWQI 2017 PFOA health-based MCL support document,Toxicokinetics Relevant to Developmental Exposures - Mice,PFOA,mouse,CD-1,female pup (F2),,drinking water (continuous),5000 ng/L (5 ug/L),ng/L drinking water,serum,serum concentration at PND 42,57.4,ng/ml,,,,no,,,
White et al. 2011,2011,NJ DWQI 2017 PFOA health-based MCL support document,Toxicokinetics Relevant to Developmental Exposures - Mice,PFOA,mouse,CD-1,female pup (F1),,drinking water (continuous),5000 ng/L (5 ug/L),ng/L drinking water,serum,serum concentration at PND 63,66.2,ng/ml,,,,no,,,Approaching the dam value of 74.8-86 ng/ml
White et al. 2011,2011,NJ DWQI 2017 PFOA health-based MCL support document,Toxicokinetics Relevant to Developmental Exposures - Mice,PFOA,mouse,CD-1,female pup (F2),,drinking water (continuous),5000 ng/L (5 ug/L),ng/L drinking water,serum,serum concentration at PND 63,68.4,ng/ml,,,,no,,,Document prints '68.4 ng.ml' (typo for ng/ml)
Post et al. 2012 (review of 7 studies),2012,NJ DWQI 2017 PFOA health-based MCL support document,Toxicokinetics Relevant to Developmental Exposures - Humans,PFOA,human,,maternal-neonate pairs,7 studies,environmental/background,,,cord blood serum vs maternal serum/plasma,cord:maternal serum ratio (range of study means),0.68-1.26,ratio,0.68,1.26,review of studies analysing paired maternal and cord blood,yes,NJ concludes serum levels are generally similar in the neonate and the mother; used to support treating fetal/neonatal exposure as equal to maternal,,PLACENTAL TRANSFER: mean ratio less than 1:1 in all but one study; some individual pairs exceeded 1:1
Kato et al. 2015 (review of 12 studies),2015,NJ DWQI 2017 PFOA health-based MCL support document,Toxicokinetics Relevant to Developmental Exposures - Humans,PFOA,human,,maternal-neonate pairs,12 studies,environmental/background,,,cord serum vs maternal serum,maternal:cord serum ratio,approximately 1:1,ratio,,,review,yes,Corroborates the Post et al. 2012 conclusion,,
Thomsen et al. 2010,2010,NJ DWQI 2017 PFOA health-based MCL support document,Toxicokinetics Relevant to Developmental Exposures - Humans,PFOA,human,,female (lactating),,,,,breast milk,rate of decline in breast milk concentration,7.7,percent per month,,,longitudinal breast milk sampling,no,NJ attributes the decline to decreased maternal body burden from excretion into breast milk,,About 94% decline over the first year of breast feeding. Breast milk is thus an elimination route for the mother and an exposure route for the infant
Tao et al. 2008a,2008,NJ DWQI 2017 PFOA health-based MCL support document,Toxicokinetics Relevant to Developmental Exposures - Humans,PFOA,human,,female (lactating),,,,,breast milk vs serum,breast milk:serum ratio,about 0.01 (1 percent of mean general population serum),ratio,,,,no,Used with the serum:drinking water ratio to conclude initial breast milk PFOA is at least equal to the maternal drinking water concentration,,BREAST-MILK TRANSFER
Kim et al. 2011,2011,NJ DWQI 2017 PFOA health-based MCL support document,Toxicokinetics Relevant to Developmental Exposures - Humans,PFOA,human,,female (lactating),,,,,breast milk vs maternal serum,breast milk:maternal serum ratio,0.025 (2.5 percent of median maternal serum),ratio,,,,no,,,
Liu et al. 2011,2011,NJ DWQI 2017 PFOA health-based MCL support document,Toxicokinetics Relevant to Developmental Exposures - Humans,PFOA,human,,female (lactating),,,,,breast milk vs maternal serum,breast milk:maternal serum ratio,0.09 (9 percent of median maternal serum),ratio,,,,no,,,Range across the three studies: breast milk:maternal serum about 1:100 to 1:11
Post et al. 2012,2012,NJ DWQI 2017 PFOA health-based MCL support document,Toxicokinetics Relevant to Developmental Exposures - Humans,PFOA,human,,female (lactating) and infant,,oral - drinking water,,,breast milk vs drinking water,inferred breast milk:drinking water relationship,greater than or equal to 1,ratio,,,combination of breast milk:maternal serum >=1:100 and serum:drinking water >=100:1,yes,NJ adopts the inference that initial PFOA in breast milk is at least equal to the concentration in the maternal drinking water source,,"NJ's own derived combination, not a measured value"
Thomsen et al. 2010; USEPA 2008a,2010,NJ DWQI 2017 PFOA health-based MCL support document,Toxicokinetics Relevant to Developmental Exposures - Humans,PFOA,human,,infant,,breast milk ingestion,,,breast milk,"mean breast milk consumption, first post-partum month",150,ml/kg/day,,,exposure factor,yes,Used by NJ to show infant exposures exceed those of older individuals at the same water concentration,,Declines to 83 ml/kg/day at 6-12 months (USEPA 2008a)
USEPA 2011b,2011,NJ DWQI 2017 PFOA health-based MCL support document,Toxicokinetics Relevant to Developmental Exposures - Humans,PFOA,human,,infant (formula-fed),,drinking water ingestion,,,drinking water,"mean drinking water intake, birth to 1 month",137,ml/kg/day,,,exposure factor,yes,,,53 ml/kg/day at 6-12 months. Compare lactating women 26 ml/kg/day and general population (11+ years) 13 ml/kg/day (USEPA 2008a)
Fromme et al. 2010,2010,NJ DWQI 2017 PFOA health-based MCL support document,"Toxicokinetics - Humans, infant exposure (Figure 5)",PFOA,human,,infant,,breast milk,,,"serum (cord blood, 6 mo, 19 mo)",increase in serum from birth to 6 months,several-fold,fold,,,longitudinal German general population cohort,no,Supports NJ's conclusion that infant serum peaks in the first year of life,,Levels declined between 6 and 19 months (after breastfeeding stopped/decreased) but remained above birth levels at 19 months
Mondal et al. 2014,2014,NJ DWQI 2017 PFOA health-based MCL support document,"Toxicokinetics - Humans, infant exposure",PFOA,human,,infant,49,breast milk (C8 Health Study community with contaminated drinking water),,,serum,increase in serum per month of breastfeeding,6,percent per month,,,regression,no,"NJ notes the authors warned these values may UNDERESTIMATE the true increase, because comparison infants were non-breastfed children from the same communities who may themselves have had elevated serum from formula prepared with contaminated water",,96% increase for one year of breastfeeding
Mogensen et al. 2015,2015,NJ DWQI 2017 PFOA health-based MCL support document,"Toxicokinetics - Humans, infant exposure (Figure 6)",PFOA,human,,infant (Faroese),80,exclusive breast feeding (median 4.5 months),,,serum,increase in serum per month during exclusive breastfeeding,28,percent per month,,,"serum at birth and 11, 18, 60 months",no,,,Much steeper than the Mondal et al. 2014 estimate of 6%/month; NJ presents both
Mogensen et al. 2015,2015,NJ DWQI 2017 PFOA health-based MCL support document,"Toxicokinetics - Humans, infant exposure (Figure 6)",PFOA,human,,infant (Faroese),80,partial breast feeding (median 4 additional months),,,serum,increase in serum per month during partial breastfeeding,4,percent per month,,,,no,,,"Serum PFOA did NOT increase in non-breastfed (formula-fed) infants, presumably because local drinking water was uncontaminated"
"Verner et al. 2016a,b",2016,NJ DWQI 2017 PFOA health-based MCL support document,"Toxicokinetics - Humans, infant exposure (Figure 7)",PFOA,human,,infant vs mother,10000 Monte Carlo simulations,breast feeding (30 month period modelled),,,dose (ng/kg/day),"infant:mother dose ratio, peak (median) right after birth",75,ratio,,,pharmacokinetic model with Monte Carlo simulation,no,Cited to show infant doses greatly exceed maternal doses in the first year of life,,"PK MODEL, not NJ's own. Maximum infant:mother dose ratio 231:1"
"Verner et al. 2016a,b",2016,NJ DWQI 2017 PFOA health-based MCL support document,"Toxicokinetics - Humans, infant exposure (Figure 7)",PFOA,human,,infant vs mother,10000 Monte Carlo simulations,breast feeding,,,plasma,"infant:mother plasma ratio, peak median during first year",4.5,fold,,,pharmacokinetic model with Monte Carlo simulation,no,,,95th percentile 7.8-fold; maximum 15.3-fold. Model predicts plasma remains several fold higher than at birth until at least age 3 (last time point modelled)
"Verner et al. 2016a,b",2016,NJ DWQI 2017 PFOA health-based MCL support document,"Toxicokinetics - Humans, infant exposure (Figure 7)",PFOA,human,,infant vs mother,10000 Monte Carlo simulations,breast feeding,,,plasma,"infant:mother plasma ratio, 95th percentile",7.8,fold,,,pharmacokinetic model with Monte Carlo simulation,no,,,Maximum 15.3-fold
Anderson et al. 2006; Clewell 2009 (reviewing Griffith and Long 1980; Ylinen et al. 1990; Mylchreest 2003; Butenhoff et al. 2004a; Perkins et al. 2004; Loveless et al. 2006; Lau et al. 2006; Das et al. 2010),2006,NJ DWQI 2017 PFOA health-based MCL support document,Relationship between administered dose and internal dose - Repeated Dose Animal Studies,PFOA,"rat, mouse, monkey",,,,"oral repeated dosing, high doses",,,serum,dose-proportionality of serum levels at high doses,non-linear; serum did not increase proportionally with dose,qualitative,,,comparison with one-compartment first-order models,no,"NJ notes steady state was reached more rapidly at high doses than the classical 4-5 half-lives, consistent with saturation of the OATs responsible for renal reabsorption",,Important caveat on using high-dose animal serum data
Clewell 2009; Lou et al. 2009; Loveless et al. 2006; Das et al. 2010,2009,NJ DWQI 2017 PFOA health-based MCL support document,Relationship between administered dose and internal dose - Repeated Dose Animal Studies,PFOA,mouse (and rodents generally),,,,"oral, low doses",less than or equal to 1,mg/kg/day,serum,dose-proportionality of serum levels at low doses,linear / first-order; serum proportional to administered dose,qualitative,,,,yes,NJ adopts linear extrapolation of mouse serum levels from doses of 1 mg/kg/day or lower down to lower doses,,Basis for NJ's serum-based dose-response modeling of the low-dose mouse developmental studies
Emmett et al. 2006a,2006,NJ DWQI 2017 PFOA health-based MCL support document,Human studies - Relationship between drinking water and serum concentrations,PFOA,human,,"male and female, age 6+ years, occupationally exposed excluded",282,"oral - drinking water, 2 or more years (Little Hocking, Ohio)",3550,ng/L drinking water,serum,serum:drinking water ratio (median),105,ratio (ng/ml per ug/L),62,162,median of individual ratios; 25th-75th percentile range given as CI,yes,Primary empirical support for NJ's >=100:1 serum:drinking water ratio,,Median serum 371 ng/ml at 3550 ng/L water. NJ notes a HIGHER median ratio in young children
Post et al. 2009a (with Anderson-Mahoney et al. 2008),2009,NJ DWQI 2017 PFOA health-based MCL support document,Human studies - Relationship between drinking water and serum concentrations,PFOA,human,,male and female,approximately 70000,oral - drinking water (Little Hocking plus five other OH and WV water districts),about 60-400 (four districts); higher in a fifth district and Little Hocking,ng/L drinking water,serum,serum:drinking water ratio (central tendency),approximately 100,ratio (ng/ml per ug/L),,,background general-population serum from non-water sources subtracted,yes,"Confirms the ~100:1 ratio at LOWER drinking water concentrations, supporting extrapolation to MCL-relevant levels",,
Hoffman et al. 2011,2011,NJ DWQI 2017 PFOA health-based MCL support document,Human studies - Relationship between drinking water and serum concentrations,PFOA,human,,male and female,108 individuals using 62 private wells,"oral - drinking water (private wells, OH/WV)","median 200, mean 800, maximum 13300",ng/L drinking water,serum,serum:drinking water ratio,141,ratio (ng/ml per ug/L),135,148,"adjusted robust regression model, 95% CI",no,Cited as consistent with the ~100:1 or greater ratio,,Wider range of water concentrations than the public water district studies because each private well differed
Hoffman et al. 2011,2011,NJ DWQI 2017 PFOA health-based MCL support document,Human studies - Relationship between drinking water and serum concentrations,PFOA,human,,male and female,108,oral - drinking water (private wells),,,serum,serum:drinking water ratio,114,ratio (ng/ml per ug/L),,,one-compartment pharmacokinetic model assuming water intake 1.41 L/day and half-life 2.3 years,no,Cited as consistent with the clearance-factor-derived ratio of 114:1,,"PK MODEL parameters stated: water intake 1.41 L/day, half-life 2.3 years. Gives exactly the same 114:1 as NJ's own clearance factor calculation"
MDH 2009,2009,NJ DWQI 2017 PFOA health-based MCL support document,Human studies - Relationship between drinking water and serum concentrations,PFOA,human,,male and female,98,"oral - drinking water, tested 34 months after exposure ended (Minnesota)",,,serum,serum:drinking water ratio,approximately 100 or greater,ratio (ng/ml per ug/L),,,inference accounting for expected post-exposure serum decline,no,Cited as consistent with >=100:1,,
Holzer et al. 2008,2008,NJ DWQI 2017 PFOA health-based MCL support document,Human studies - Relationship between drinking water and serum concentrations,PFOA,human,,male and female,,"oral - drinking water (German community, Moehne/Arnsberg region)",,,serum,serum:drinking water ratio,approximately 50,ratio (ng/ml per ug/L),,,,no,REJECTED as the basis for the serum:drinking water ratio. NJ lists three possible reasons for the lower value: use of bottled water by participants who knew of the contamination for up to 6 months before blood sampling; uncertainty about the duration and time course of the water contamination; and differences in drinking water consumption patterns between German and U.S. residents,,"REJECTION with stated reasons - the lowest serum:water ratio NJ considered, about half its adopted value"
Clewell 2009,2009,NJ DWQI 2017 PFOA health-based MCL support document,Pharmacokinetic modeling of the relationship between dose and serum concentration,PFOA,human,,,,oral,environmental (e.g. contaminated drinking water),,serum,dose-serum relationship,linear,qualitative,,,biologically based pharmacokinetic model,yes,NJ adopts linearity at environmentally relevant doses; notes non-linear kinetics may occur at higher (occupational) exposures,,
Thompson et al. 2010 (as used by Lorber and Egeghy 2011),2010,NJ DWQI 2017 PFOA health-based MCL support document,Pharmacokinetic modeling of the relationship between dose and serum concentration,PFOA,human,,,,oral - drinking water (Australian population),,,serum,volume of distribution,170 (0.17 L/kg),ml/kg,,,single-compartment PK model calibrated to an Australian population exposed via drinking water,yes,ADOPTED BY NJ as the Vd in the clearance factor. Traced through Lorber and Egeghy 2011 to Thompson et al. 2010,,NJ's ADOPTED Vd. Same value as used by USEPA Office of Water 2016a
Bartell et al. 2010a (as used by Lorber and Egeghy 2011),2010,NJ DWQI 2017 PFOA health-based MCL support document,Pharmacokinetic modeling of the relationship between dose and serum concentration,PFOA,human,,males and females combined,200,oral - drinking water (C8 Health Study population),,,serum,elimination rate constant,0.0008,per day,,,derived from the human half-life of 2.3 years,yes,ADOPTED BY NJ as the elimination rate in the clearance factor,,NJ's ADOPTED elimination rate constant. 0.0008/day corresponds to t1/2 = 2.3 years
Lorber and Egeghy 2011 (NJ adoption; model structure and parameter selection),2011,NJ DWQI 2017 PFOA health-based MCL support document,Pharmacokinetic modeling of the relationship between dose and serum concentration,PFOA,human,,males and females combined,,oral,,,serum,clearance factor,0.14 (0.00014 L/kg/day),ml/kg/day,,,single-compartment PK model: serum (ng/ml) = dose (ng/kg/day) / [Vd (ml/kg) x elimination rate (per day)]; product of Vd 170 ml/kg and k 0.0008/day,yes,"ADOPTED BY NJ as the clearance factor for converting the Target Human Serum Level into an RfD. NJ explicitly notes the 2.3-year half-life is the SHORTEST value in the literature (Table 4) and that any other reported half-life would give a clearance factor predicting a HIGHER serum level from a given dose - i.e. the choice is not health-conservative in that direction, and NJ flags this",,NJ's SINGLE MOST IMPORTANT ADOPTED TK VALUE. Also expressed by USEPA 2016f as: Serum (ug/L) x Clearance (1.4e-4 L/kg/day) = Human Dose (ug/kg/day)
USEPA Office of Water 2016a,2016,NJ DWQI 2017 PFOA health-based MCL support document,Pharmacokinetic modeling of the relationship between dose and serum concentration,PFOA,human,,,,oral,,,serum,clearance factor,0.00014,L/kg/day,,,same Vd and half-life as Lorber and Egeghy 2011,yes,NJ notes USEPA independently selected the same Vd and half-life and derived the same clearance factor,,Cross-agency agreement
"Clewell 2006 (unpublished, discussed in Post et al. 2012)",2006,NJ DWQI 2017 PFOA health-based MCL support document,Pharmacokinetic modeling of the relationship between dose and serum concentration,PFOA,human,,,,oral,,,serum,clearance factor,0.127 (0.000127 L/kg/day),ml/kg/day,,,earlier unpublished PK model,no,"Cited as 'very close to' the adopted 0.00014 L/kg/day, supporting the adopted value",,Within 10% of the adopted clearance factor
USEPA 2011b,2011,NJ DWQI 2017 PFOA health-based MCL support document,Pharmacokinetic modeling - verification of the clearance factor,PFOA,human,,general population,,oral - drinking water,,,drinking water,"mean daily water ingestion rate, U.S.",0.016,L/kg/day,,,exposure factor,yes,Used in NJ's own calculation converting the clearance factor into a serum:drinking water ratio,,
NJ DWQI own calculation (using Lorber and Egeghy 2011 clearance factor and USEPA 2011b intake),2017,NJ DWQI 2017 PFOA health-based MCL support document,Pharmacokinetic modeling - verification of the clearance factor,PFOA,human,,general population,,oral - drinking water,,,serum vs drinking water,predicted serum:drinking water ratio,114,ratio (ng/ml per ug/L),,,NJ's OWN calculation: 0.016 L/kg/day divided by 1.4e-4 L/kg/day,yes,"NJ states this calculation 'verifies that the clearance factor accurately predicts the relationship between human dose and human serum level', and that the clearance factor can therefore be used to develop the RfD from the Target Human Serum Level",,"NJ'S OWN CALCULATION, not a cited study. Agrees with the empirical 105:1 (Emmett) and 141:1 (Hoffman) values and with Hoffman's own one-compartment estimate of 114:1"
NJ DWQI own calculation,2017,NJ DWQI 2017 PFOA health-based MCL support document,Increases in serum levels associated with PFOA in drinking water,PFOA,human,,general population,,oral - drinking water,,,drinking water,upper percentile daily water ingestion rate used for Health-based MCLs,0.029,L/kg/day,,,2 L/day water consumption divided by 70 kg body weight,yes,Upper percentile exposure factors used to derive NJ Health-based MCLs,,0.029 L/kg/day corresponds to a serum:water ratio of about 207:1
NJ DWQI own calculation (Table 5),2017,NJ DWQI 2017 PFOA health-based MCL support document,Table 5. Increase in serum PFOA concentrations predicted from various concentrations of PFOA in drinking water,PFOA,human,,general population,,oral - drinking water,10,ng/L,serum,predicted serum increase at mean ingestion rate (0.016 L/kg/day),1.1,ng/ml,,,clearance factor 0.00014 L/kg/day,yes,NJ's own predicted serum increases per drinking water concentration,,"Text states 1.2 ng/ml per 10 ng/L at the mean rate while Table 5 gives 1.1 ng/ml - minor internal rounding inconsistency. Total serum 3.2 ng/ml, 52% increase over the NHANES 2011-12 median of 2.1 ng/ml"
NJ DWQI own calculation (Table 5),2017,NJ DWQI 2017 PFOA health-based MCL support document,Table 5. Increase in serum PFOA concentrations predicted from various concentrations of PFOA in drinking water,PFOA,human,,general population,,oral - drinking water,10,ng/L,serum,predicted serum increase at upper percentile ingestion rate (0.029 L/kg/day),2.0,ng/ml,,,clearance factor 0.00014 L/kg/day,yes,,,Total serum 4.1 ng/ml; 95% increase over the NHANES median
NJ DWQI own calculation (Table 5),2017,NJ DWQI 2017 PFOA health-based MCL support document,Table 5. Increase in serum PFOA concentrations predicted from various concentrations of PFOA in drinking water,PFOA,human,,general population,,oral - drinking water,1,ng/L,serum,predicted serum increase at mean / upper percentile ingestion rate,0.1 / 0.2,ng/ml,,,clearance factor 0.00014 L/kg/day,yes,,,Total serum 2.2 / 2.3 ng/ml; 5% / 10% increase
NJ DWQI own calculation (Table 5),2017,NJ DWQI 2017 PFOA health-based MCL support document,Table 5. Increase in serum PFOA concentrations predicted from various concentrations of PFOA in drinking water,PFOA,human,,general population,,oral - drinking water,20,ng/L,serum,predicted serum increase at mean / upper percentile ingestion rate,2.3 / 4.0,ng/ml,,,clearance factor 0.00014 L/kg/day,yes,"NJ notes 20 ng/L at the upper percentile rate gives 6.1 ng/ml serum, ABOVE the U.S. 95th percentile of 5.7 ng/ml (NHANES 2011-12)",,Total serum 4.4 / 6.1 ng/ml; 110% / 190% increase
NJ DWQI own calculation (Table 5),2017,NJ DWQI 2017 PFOA health-based MCL support document,Table 5. Increase in serum PFOA concentrations predicted from various concentrations of PFOA in drinking water,PFOA,human,,general population,,oral - drinking water,40,ng/L,serum,predicted serum increase at mean / upper percentile ingestion rate,4.6 / 8.0,ng/ml,,,clearance factor 0.00014 L/kg/day,yes,"NJ notes 40 ng/L at the MEAN rate gives 6.7 ng/ml, also above the NHANES 95th percentile",,Total serum 6.7 / 10.1 ng/ml; 219% / 381% increase
NJ DWQI own calculation (Table 5),2017,NJ DWQI 2017 PFOA health-based MCL support document,Table 5. Increase in serum PFOA concentrations predicted from various concentrations of PFOA in drinking water,PFOA,human,,general population,,oral - drinking water,100,ng/L,serum,predicted serum increase at mean / upper percentile ingestion rate,11.4 / 20.0,ng/ml,,,clearance factor 0.00014 L/kg/day,yes,,,Total serum 13.5 / 22.1 ng/ml; 543% / 952% increase
NJ DWQI own calculation (Table 5),2017,NJ DWQI 2017 PFOA health-based MCL support document,Table 5. Increase in serum PFOA concentrations predicted from various concentrations of PFOA in drinking water,PFOA,human,,general population,,oral - drinking water,400,ng/L,serum,predicted serum increase at mean / upper percentile ingestion rate,45.6 / 80.0,ng/ml,,,clearance factor 0.00014 L/kg/day,yes,,,Total serum 47.7 / 82.1 ng/ml; 2171% / 3810% increase
CDC 2015 (NHANES 2011-12),2015,NJ DWQI 2017 PFOA health-based MCL support document,Table 5 footnote / Figure 8,PFOA,human,,general population,,background (non-drinking-water),,,serum,U.S. median serum concentration,2.1,ng/ml,,,NHANES 2011-12,yes,Assumed background serum from non-drinking-water exposures in Table 5,,U.S. 95th percentile given as 5.7 ng/ml
Hurley et al. 2016,2016,NJ DWQI 2017 PFOA health-based MCL support document,Increases in serum levels associated with PFOA in drinking water,PFOA,human,,general population,,oral - drinking water (PWS with UCMR3 PFOA detections),median UCMR3 detection 28,ng/L,serum,observed elevation in serum from low-level drinking water exposure,elevated,qualitative,,,,no,Cited as recent empirical confirmation that relatively low drinking water concentrations produce substantial serum increases,,
NJ DWQI own derivation (POD from Macon et al. 2011 serum data),2017,NJ DWQI 2017 PFOA health-based MCL support document,Appendix - Application of uncertainty factors for delayed mammary gland development,PFOA,mouse (POD) to human,CD-1,female,,oral (gestational),,,serum,BMDL for decreased number of terminal end buds (point of departure),22.9,ng/ml,,,benchmark dose modeling of PND 1 pup serum PFOA against PND 21 mammary gland endpoints,yes,Selected as the POD for the mammary gland RfD,,Internal-dose POD. See Table 16 of the same document
NJ DWQI own derivation,2017,NJ DWQI 2017 PFOA health-based MCL support document,Appendix - Application of uncertainty factors for delayed mammary gland development,PFOA,human,,,,oral,,,serum,Target Human Serum Level (delayed mammary gland development),0.8 (800 ng/L),ng/ml,,,BMDL 22.9 ng/ml divided by total UF of 30,yes,UF composition: 10 human variation; 3 animal-to-human TOXICODYNAMIC differences only; 1 LOAEL-to-NOAEL (POD is a BMDL); 1 duration (developmental effect); 1 database (endpoint already sensitive),,CRITICAL TK DECISION: NJ explicitly OMITS the usual 3-fold interspecies TOXICOKINETIC uncertainty factor 'because the risk assessment is based on comparison of internal dose (serum levels) rather than administered dose'. NJ notes 0.8 ng/ml is BELOW the U.S. general population median serum of 2.1 ng/ml
NJ DWQI own derivation (clearance factor from USEPA 2016a / Lorber and Egeghy 2011),2017,NJ DWQI 2017 PFOA health-based MCL support document,Appendix - Development of Reference Dose based on delayed mammary gland development,PFOA,human,,,,oral,,,serum to dose,RfD (delayed mammary gland development),0.11,ng/kg/day,,,800 ng/L Target Human Serum Level x 1.4e-4 L/kg/day clearance factor,yes,NJ describes 1.4e-4 L/kg/day as a 'species-independent clearance factor' relating serum PFOA (ug/L) to human PFOA dose (ug/kg/day),,NJ's own calculation. Clearance factor is the sole TK step from internal to administered dose
NJ DWQI own derivation (POD from mouse relative liver weight data),2017,NJ DWQI 2017 PFOA health-based MCL support document,Appendix - Application of uncertainty factors for increased relative liver weight,PFOA,mouse (POD) to human,CD-1,male,,"oral, 14 days (linear/branched PFOA)",,,serum,BMDL for 10 percent increase in relative liver weight (point of departure),4351,ng/ml,,,benchmark dose modeling of serum PFOA vs relative liver weight (see Tables 17 and 18),yes,"Selected as the POD for the liver weight RfD, which is the basis for the recommended Health-based MCL",,Internal-dose POD
NJ DWQI own derivation,2017,NJ DWQI 2017 PFOA health-based MCL support document,Appendix - Application of uncertainty factors for increased relative liver weight,PFOA,human,,,,oral,,,serum,Target Human Serum Level (increased relative liver weight),14.5 (14500 ng/L),ng/ml,,,BMDL 4351 ng/ml divided by total UF of 300,yes,UF composition: 10 human variation; 3 animal-to-human TOXICODYNAMIC differences only; 1 LOAEL-to-NOAEL; 1 duration; 10 database/more sensitive effects not considered,,Again NJ OMITS the 3-fold interspecies TOXICOKINETIC UF because the assessment is on an internal (serum) dose basis. Duration UF of 1 justified on the TK/TD ground that the serum-level dose-response for liver weight is similar after 2 weeks and after longer exposures
NJ DWQI own derivation (clearance factor from USEPA 2016a),2017,NJ DWQI 2017 PFOA health-based MCL support document,Appendix - Development of Reference Dose for increased relative liver weight,PFOA,human,,,,oral,,,serum to dose,RfD (increased relative liver weight),2,ng/kg/day,,,14500 ng/L Target Human Serum Level x 1.4e-4 L/kg/day clearance factor,yes,"NJ notes the clearance factor is consistent with the empirical serum:drinking water ratio from contaminated communities, and that health-based drinking water values could ALTERNATIVELY be developed directly from the serum:drinking water ratio",,This RfD is the basis for NJ's recommended PFOA Health-based MCL of 14 ng/L
NJ DWQI own derivation,2017,NJ DWQI 2017 PFOA health-based MCL support document,Executive Summary / Health-based MCL derivation,PFOA,human,,,,oral - drinking water,,,drinking water,recommended Health-based MCL,14,ng/L,,,"RfD 2 ng/kg/day with RSC of 0.2 (20% default), 2 L/day, 70 kg",yes,Based on the increased relative liver weight RfD; default RSC of 20% applied,,"NJ notes ongoing exposure at 14 ng/L is expected to increase serum PFOA measurably, and that the mammary gland Target Human Serum Level (0.8 ng/ml) is below general population serum levels"
Kemper et al. 2003,2003,NJ DWQI 2017 PFOA health-based MCL support document,Appendix - Health-based MCL based on carcinogenic effects (interspecies half-life adjustment),PFOA,rat,Sprague-Dawley,male,,"oral gavage, single dose",0.1-25,mg/kg,serum,elimination half-life,"7 (about 7, independent of dose)",days,,,"single gavage dose, dose-independence verified across 0.1-25 mg/kg",yes,"ADOPTED as the male rat half-life for the animal-to-human cancer conversion, because serum PFOA was not measured in the Butenhoff et al. 2012 chronic study",yes,"DISCREPANCY WITHIN THE SAME NJ DOCUMENT: Table 4 of this document gives 4-6 days for male rats (citing Johnson et al. 1979; Kemper and Jepson 2003), but the cancer appendix adopts about 7 days citing Kemper et al. 2003. The 7-day value is the one actually used in the risk assessment"
Bartell et al. 2010a,2010,NJ DWQI 2017 PFOA health-based MCL support document,Appendix - Health-based MCL based on carcinogenic effects (interspecies half-life adjustment),PFOA,human,,males and females combined,200,oral - contaminated drinking water (cessation),,,serum,elimination half-life,2.3 (840 days),years,,,one-year serum decline after water treatment,yes,ADOPTED as the human half-life for the animal-to-human cancer conversion; NJ reiterates that elimination rate was not affected by age or gender,,Expressed as 840 days for the ratio calculation
NJ DWQI own calculation (half-lives from Kemper et al. 2003 and Bartell et al. 2010a),2017,NJ DWQI 2017 PFOA health-based MCL support document,Appendix - Health-based MCL based on carcinogenic effects (interspecies half-life adjustment),PFOA,human / male rat,Sprague-Dawley (rat),male (rat); both (human),,oral,,,serum,human:male-rat half-life ratio (interspecies PK adjustment factor),120,dimensionless ratio,,,840 days (human) divided by 7 days (male rat),yes,"ADOPTED in place of the USEPA default body-weight-to-the-3/4-power scaling, per USEPA 2005b carcinogen guidelines which direct that the adjustment be made on pharmacokinetic differences where data allow. NJ states this 'accounts for the much longer half-life of PFOA in humans than male rats, although it is associated with more uncertainty than an approach using measured serum PFOA levels'",,"NJ'S OWN CALCULATION. NJ criticises USEPA for using default BW^3/4 scaling for cancer while using PK differences for non-cancer, calling it 'not logical or consistent'"
NJ DWQI own derivation (POD from Butenhoff et al. 2012 / Sibinski et al. 1987 testicular tumours),2017,NJ DWQI 2017 PFOA health-based MCL support document,Table 19 / Appendix - cancer dose-response,PFOA,rat,Sprague-Dawley,male,"0/49, 2/50, 7/50 at 0, 30, 300 ppm","dietary, chronic","0, 1.3, 14.2",mg/kg/day,administered dose (serum NOT measured),BMDL for 5 percent testicular tumour incidence,2.36,mg/kg/day,,,"EPA BMDS 2.6.0.86, BMR 0.05, linear low-dose extrapolation",yes,Modelled on administered dose rather than internal dose BECAUSE serum PFOA levels were not measured in the study - the stated reason the half-life ratio had to be used instead of serum data,,Rat cancer potency factor 0.021 per mg/kg/day; rat dose at 1e-6 risk 4.8e-5 mg/kg/day
NJ DWQI own calculation,2017,NJ DWQI 2017 PFOA health-based MCL support document,Appendix - Health-based MCL based on carcinogenic effects,PFOA,human,,,,oral,,,administered dose,human equivalent dose at 1e-6 lifetime cancer risk,4e-7 mg/kg/day (0.4 ng/kg/day),mg/kg/day,,,rat dose at 1e-6 risk (4.8e-5 mg/kg/day) divided by the half-life ratio of 120,yes,,,"Human cancer potency factor 2.52 per mg/kg/day = rat potency 0.021 x 120. Yields a cancer-based Health-based MCL of 14 ng/L, identical to the non-cancer value"
NJ DWQI own calculation (clearance factor applied to USEPA Health Advisory),2017,NJ DWQI 2017 PFOA health-based MCL support document,Appendix 2 - Comparison of USEPA Health Advisory and DWQI Health-based MCL,PFOA,human,,,,oral - drinking water,70,ng/L,serum,"predicted serum increase at USEPA Health Advisory, average water consumption",8.0,ng/ml,,,clearance factor 1.4e-4 L/kg/day (Lorber and Egeghy 2011),yes,NJ concludes elevations of this magnitude 'are not desirable and may not be protective of public health',,4.8-fold increase over the U.S. general population median of 2.1 ng/ml. NJ states that USEPA used the clearance factor to convert animal serum levels to HEDs (USEPA 2016a p.4-13) yet 'does not acknowledge that it is possible to predict increases in serum PFOA levels from exposures to PFOA at 70 ng/L'; the Subcommittee concludes such use 'is technically sound and is not subject to debate'
NJ DWQI own calculation,2017,NJ DWQI 2017 PFOA health-based MCL support document,Appendix 2 - Comparison of USEPA Health Advisory and DWQI Health-based MCL,PFOA,human,,,,oral - drinking water,70,ng/L,serum,"predicted serum increase at USEPA Health Advisory, upper percentile water consumption",14,ng/ml,,,clearance factor 1.4e-4 L/kg/day,yes,,,7.7-fold increase over the U.S. median
NJ DWQI own calculation,2017,NJ DWQI 2017 PFOA health-based MCL support document,Appendix 2 - Comparison of USEPA Health Advisory and DWQI Health-based MCL,PFOA,human,,,,oral - drinking water,14,ng/L,serum,"predicted serum increase at DWQI Health-based MCL, average water consumption",1.6,ng/ml,,,clearance factor 1.4e-4 L/kg/day,yes,,,1.8-fold increase over the U.S. median
NJ DWQI own calculation,2017,NJ DWQI 2017 PFOA health-based MCL support document,Appendix 2 - Comparison of USEPA Health Advisory and DWQI Health-based MCL,PFOA,human,,,,oral - drinking water,14,ng/L,serum,"predicted serum increase at DWQI Health-based MCL, upper percentile water consumption",2.8,ng/ml,,,clearance factor 1.4e-4 L/kg/day,yes,,,2.3-fold increase over the U.S. median. NJ also graphs the NJDEP 2007 guidance value of 40 ng/L
USEPA 2016a (characterised by NJ),2016,NJ DWQI 2017 PFOA health-based MCL support document,Appendix 2 - Interspecies conversion in RfD development,PFOA,"rat, mouse, monkey to human",,,,oral,,,serum,interspecies conversion method (USEPA),"PK modeling to predict average serum at NOAELs/LOAELs, then the clearance factor to obtain Human Equivalent Doses",method,,,pharmacokinetic modeling of animal serum,no,"NJ REJECTS this in favour of BMD modeling on MEASURED serum concentrations, stating its own approach 'has less uncertainty than use of modeled serum PFOA data'",,"Explicit rejection of modelled animal serum in favour of measured serum. NJ applied the SAME clearance factor as USEPA, but to a Target Human Serum Level rather than to modelled animal serum"
USEPA 2016a (characterised by NJ),2016,NJ DWQI 2017 PFOA health-based MCL support document,Appendix 2 - Assumed Drinking Water Consumption,PFOA,human,,female (lactating),,oral - drinking water,,,drinking water,assumed drinking water consumption (USEPA),0.054,L/kg/day,,,90th percentile for a lactating woman,no,"NJ used 0.029 L/kg/day instead, based on default upper percentile adult assumptions (2 L/day, 70 kg)",,USEPA's alternative adult Health Advisory of 100 ng/L used 2.5 L/day and 80 kg
NJ DWQI own methodological position,2017,NJ DWQI 2017 PFOA health-based MCL support document,Selection of studies and data for dose-response modeling,PFOA,mouse (and animals generally),multiple strains,,,oral,,,serum,inter-strain and intra-strain variation in serum from the same administered dose,serum PFOA from the same administered dose varies among strains and even between animals of the same strain obtained from different sources,qualitative,,,,yes (as a reason to use measured serum only),"NJ REJECTS both pharmacokinetic modeling of estimated serum levels AND interspecies half-life-ratio extrapolation for non-cancer endpoints, on the stated ground that neither 'account[s] for these intra-strain differences'. Only studies providing MEASURED serum PFOA were considered for dose-response modeling",,"KEY REJECTION. The half-life-ratio approach was nonetheless used for cancer, where no serum data existed"
NJ DWQI own methodological position,2017,NJ DWQI 2017 PFOA health-based MCL support document,Selection of studies and data for dose-response modeling,PFOA,animals generally,,,,oral,,,serum,requirement on timing of serum sampling for dose-response modeling,serum must be measured close to the end of the dosing period,method,,,,yes,"NJ excludes studies in which serum was measured only well after dosing ended, because body burdens would have declined and the serum levels would not represent the maximum exposures during the study. NJ acknowledges using maximum serum levels is NON-conservative relative to area-under-the-curve modeling, since effects could have resulted from the lower average exposures over the whole dosing and post-dosing period",,Explicit TK study-inclusion criterion
Albrecht et al. 2013,2013,NJ DWQI 2017 PFOA health-based MCL support document,Animal Toxicology - PPAR-alpha mouse strains,PFOA,mouse,"wild type, PPAR-alpha null, humanized PPAR-alpha",female (dam) and fetus/offspring,,"oral, GD 1-17",3,mg/kg/day,serum and liver (dams and fetuses GD 18; dams and offspring PND 20),inter-strain variation in serum and liver concentrations,large differences among strains; not consistent across life stages and time points,qualitative,,,,no,"NJ concludes that 'differences in responses to PFOA among the strains may be due to toxicokinetic differences in addition to, or instead of, intrinsic strain differences in sensitivity'",,Strain-specific TK confounding of PPAR-alpha null/humanized comparisons - directly relevant to mouse strain TK variability
Chang et al. 2012,2012,NJ DWQI 2018 PFOS health-based MCL support document,Toxicokinetics - Absorption,PFOS,rat,,,,"oral (single dose, radiolabeled)",4.2,mg/kg,whole body recovery,oral absorption,99,percent of dose,,,whole body recovery of radiolabel,yes,"NJ notes this dose is at least five orders of magnitude above the RfDs derived in the assessment, so at the much smaller doses of interest 'oral absorption of at least 99% can reasonably be assumed'",,NJ assumes close to 100% systemic absorption in rodents and humans
"Unpublished data submitted to USEPA, cited by ATSDR 2015",2015,NJ DWQI 2018 PFOS health-based MCL support document,Toxicokinetics - Absorption,PFOS,rat,,,,oral gavage (radiolabeled),4.2,mg/kg,whole body,oral absorption,greater than 95,percent of dose,,,,no,Cited as consistent with Chang et al. 2012,,Same gavage dose as Chang et al. 2012
Rusch et al. 1979 (via USEPA 2016b),1979,NJ DWQI 2018 PFOS health-based MCL support document,Toxicokinetics - Absorption,PFOS,rat,,,,inhalation (acute),,,,inhalation absorption,absorbed (LC50 identified),qualitative,,,,no,NJ notes no pharmacokinetic data for inhalation of PFOS were located; the existence of an LC50 is taken as indirect evidence of inhalation absorption,,Inhalation TK data gap explicitly noted
"Johnson 1995a, 1995b (via ATSDR 2015)",1995,NJ DWQI 2018 PFOS health-based MCL support document,Toxicokinetics - Absorption,PFOS (potassium salt),rabbit,,,,"dermal (single dose, clipped intact skin)",up to 0.3,mg/kg,"liver (total organic fluoride, 28 days post-dose)",dermal absorption,not substantial,qualitative,,,total organic fluoride in liver vs controls,no,NJ concludes dermal absorption was not substantial,,"RABBIT data - a species with almost no other PFOS TK coverage. Companion arm used up to 20 ug/kg of the DIETHANOLAMINE salt of PFOS, also showing no increase in hepatic organic fluoride"
"Johnson 1995a, 1995b (via ATSDR 2015)",1995,NJ DWQI 2018 PFOS health-based MCL support document,Toxicokinetics - Absorption,PFOS (diethanolamine salt),rabbit,,,,"dermal (single dose, clipped intact skin)",up to 20,ug/kg,"liver (total organic fluoride, 28 days post-dose)",dermal absorption,not substantial,qualitative,,,total organic fluoride in liver vs controls,no,,,"RABBIT, diethanolamine salt - rare salt-specific datum"
Chen and Gao 2009,2009,NJ DWQI 2018 PFOS health-based MCL support document,"Toxicokinetics - Distribution, Transport and binding",PFOS,human (in vitro),,,,in vitro,,,human serum albumin,binding constant to human albumin,2.2e4,per M (M-1),,,,no,,,PROTEIN BINDING. Companion value: PFOS/human albumin molar ratio of 14
Chen and Gao 2009,2009,NJ DWQI 2018 PFOS health-based MCL support document,"Toxicokinetics - Distribution, Transport and binding",PFOS,human (in vitro),,,,in vitro,,,human serum albumin,PFOS:human albumin molar ratio,14,mol/mol,,,,no,,,Binding stoichiometry - 14 PFOS molecules per albumin
"Kerstner-Wood et al. 2003 (unpublished, via USEPA 2016b)",2003,NJ DWQI 2018 PFOS health-based MCL support document,"Toxicokinetics - Distribution, Transport and binding",PFOS,"rat, monkey",,,,in vitro,,,serum proteins,protein binding,"binds strongly to serum proteins, similar to human serum",qualitative,,,,no,,,"Cross-species protein binding; NJ notes PFOS binds strongly but NON-COVALENTLY to albumin, gamma-globulin and alpha globulin"
Perez et al. 2013,2013,NJ DWQI 2018 PFOS health-based MCL support document,"Toxicokinetics - Distribution, Organ distribution",PFOS,human,,,20,"environmental (autopsy, organ donors, Catalonia Spain)",,,liver,tissue concentration (mean),102,ng/g wet weight,,,human autopsy tissue analysis,no,Supports NJ's conclusion that liver is the primary depot and that PFOS does not accumulate in adipose tissue,,"TISSUE DISTRIBUTION, human. Ranking liver (102) > kidney (75.6) > lung (29.1) > brain (4.9) ng/g"
Perez et al. 2013,2013,NJ DWQI 2018 PFOS health-based MCL support document,"Toxicokinetics - Distribution, Organ distribution",PFOS,human,,,20,"environmental (autopsy, organ donors)",,,kidney,tissue concentration (mean),75.6,ng/g wet weight,,,,no,,,
Perez et al. 2013,2013,NJ DWQI 2018 PFOS health-based MCL support document,"Toxicokinetics - Distribution, Organ distribution",PFOS,human,,,20,"environmental (autopsy, organ donors)",,,lung,tissue concentration (mean),29.1,ng/g wet weight,,,,no,,,
Perez et al. 2013,2013,NJ DWQI 2018 PFOS health-based MCL support document,"Toxicokinetics - Distribution, Organ distribution",PFOS,human,,,20,"environmental (autopsy, organ donors)",,,brain,tissue concentration (mean),4.9,ng/g wet weight,,,,no,NJ: presence of PFOS in human and rodent brain 'provides clear evidence that PFOS crosses the blood-brain barrier',,BLOOD-BRAIN BARRIER evidence
Cui et al. 2008,2008,NJ DWQI 2018 PFOS health-based MCL support document,"Toxicokinetics - Distribution, Organ distribution",PFOS,rat,,,,"oral, 28 days",5,mg/kg/day,multiple tissues,tissue distribution ranking,"liver > kidney > blood > lung > testis, spleen > brain",qualitative ranking,,,,no,,,"TISSUE DISTRIBUTION, rat"
Bogdanska et al. 2011,2011,NJ DWQI 2018 PFOS health-based MCL support document,"Toxicokinetics - Distribution, Organ distribution",PFOS,mouse,,male,,"dietary (feed), 5 days",23,mg/kg/day,multiple tissues,tissue distribution ranking,liver > lung > blood > whole bone,qualitative ranking,,,,no,,,"TISSUE DISTRIBUTION, mouse. Includes BONE as a compartment"
Olsen et al. 2003a,2003,NJ DWQI 2018 PFOS health-based MCL support document,"Toxicokinetics - Distribution, Sex differences",PFOS,human,,"male and female, age 5-74 years",,environmental (organ donors),,,liver and serum,sex and age dependence of tissue distribution,"no significant differences between men and women, or by age",qualitative,,,human donor liver and serum,no,,,SEX DIFFERENCE: none detected in tissue distribution
CDC NHANES 2013-2014 (Table 3),2014,NJ DWQI 2018 PFOS health-based MCL support document,"Toxicokinetics - Distribution, Sex differences",PFOS,human,,male,1031,environmental/background,,,serum,geometric mean serum concentration,6.36,ng/ml,,,NHANES 2013-2014,no,"NJ explicitly states 'It is not clear whether this reflects a sex dependent difference in toxicokinetics and/or a difference in exposure' - a recorded uncertainty, not a resolution",,SEX DIFFERENCE: male serum 1.6-fold female
CDC NHANES 2013-2014 (Table 3),2014,NJ DWQI 2018 PFOS health-based MCL support document,"Toxicokinetics - Distribution, Sex differences",PFOS,human,,female,1134,environmental/background,,,serum,geometric mean serum concentration,3.96,ng/ml,,,NHANES 2013-2014,no,,,
Seacat et al. 2002,2002,NJ DWQI 2018 PFOS health-based MCL support document,"Toxicokinetics - Distribution, Sex differences",PFOS,monkey,cynomolgus,male and female,,"oral, 183 days",0.03,mg/kg/day,serum,sex difference in serum concentration,equivalent in males and females,qualitative,,,,no,,,SEX DIFFERENCE in monkey: none at the low dose
Seacat et al. 2002,2002,NJ DWQI 2018 PFOS health-based MCL support document,"Toxicokinetics - Distribution, Sex differences",PFOS,monkey,cynomolgus,male and female,,"oral, 183 days (26 weeks)",0.15 and 0.75,mg/kg/day,serum,"male:female serum difference at 26 weeks, high dose",about 10,percent higher in males,,,,no,"NJ notes the sex difference in monkeys is small (about 10% even at the high dose) and grows with exposure time, in CONTRAST to the rat",,"SEX DIFFERENCE in monkey: only ~10%, versus large differences in rat"
"Butenhoff et al. 2012 (chronic rat study, referenced in the sex differences discussion)",2012,NJ DWQI 2018 PFOS health-based MCL support document,"Toxicokinetics - Distribution, Sex differences",PFOS,rat,Sprague-Dawley,male vs female,,"dietary, 105 weeks",same doses in both sexes,,serum,sex difference in terminal serum concentration,serum much higher in FEMALE rats than male rats at 105 weeks,qualitative,,,,no,"NJ attributes the male decline to the age-dependent chronic progressive loss of kidney function known in male rats (Goldstein et al. 1988; Hard et al. 2013), and states it 'is not necessarily associated with the PFOS exposure of the rats in this study'",yes,RAT SEX DIFFERENCE FOR PFOS RUNS OPPOSITE TO PFOA: for PFOS female rat serum is HIGHER than male at 105 weeks. Male rat serum and liver concentrations had fallen 2-fold or more from the previous sampling (14 or 53 weeks depending on dose); this decline did not occur in females. Note the NJ text reads 'this striking increase in serum levels at 105 weeks was not observed in females' immediately after describing a DECREASE in males - an apparent wording error in the document
USEPA 2016b (review),2016,NJ DWQI 2018 PFOS health-based MCL support document,Toxicokinetics - Metabolism,PFOS,all species,,,,,,,,metabolism,not metabolized,qualitative,,,,yes,PFOS is chemically stable because of its carbon-fluorine bonds and does not undergo chemical reactions even under severe conditions,,
ATSDR 2015 (review); USEPA 2016b,2015,NJ DWQI 2018 PFOS health-based MCL support document,"Toxicokinetics - Elimination, Humans",PFOS,human,,,,,,,serum,fraction of serum PFOS unbound and available for glomerular filtration,about 1,percent,,,,no,Used to explain the long human half-life: protein-bound PFOS is not filtered by the kidneys,,PROTEIN BINDING consequence: ~99% bound
ATSDR 2015 (review),2015,NJ DWQI 2018 PFOS health-based MCL support document,"Toxicokinetics - Elimination, Humans",PFOS,human,,,,,,,urine,fraction of glomerular-filtered PFOS excreted in urine per day,less than 0.1,percent per day,,,,no,NJ: 'This indicates substantial renal tubular reabsorption',,Quantifies the extent of renal reabsorption in humans
ATSDR 2015 (review),2015,NJ DWQI 2018 PFOS health-based MCL support document,"Toxicokinetics - Elimination, Humans",PFOS,human,,,,,,,bile / GI tract,efficiency of biliary PFOS reabsorption in the gastrointestinal tract,97,percent,,,,no,"NJ: the bile clearance rate greatly exceeds total body clearance because of this reabsorption, so biliary excretion in feces plays only a minor role in human PFOS elimination",,ENTEROHEPATIC RECIRCULATION quantified
USEPA 2016b,2016,NJ DWQI 2018 PFOS health-based MCL support document,"Toxicokinetics - Elimination, Humans",PFOS,human,,female (premenopausal),,,,,serum,menstruation as an elimination route,can be a significant route of elimination in younger (vs post-menopausal) women,qualitative,,,fractional serum loss calculation and pharmacokinetic modeling,no,NJ states it is unclear to what extent the higher male NHANES serum concentration reflects differences in exposure versus sex differences in half-life of elimination,,"SEX DIFFERENCE mechanism, recorded as unresolved"
ATSDR 2015 (review),2015,NJ DWQI 2018 PFOS health-based MCL support document,"Toxicokinetics - Elimination, Humans",PFOS,human,,female (lactating),,,,,serum / breast milk,reduction in maternal serum PFOS per month of breastfeeding,2-3,percent per month,2,3,,no,NJ: transfer from serum to breast milk is a substantial route of elimination for perfluorinated compounds in general,,"BREAST-MILK TRANSFER as maternal elimination. Compare PFOA: 7.7%/month decline in breast milk concentration (Thomsen et al. 2010, PFOA document)"
Chang et al. 2012,2012,NJ DWQI 2018 PFOS health-based MCL support document,"Toxicokinetics - Elimination, Rats",PFOS,rat,Sprague-Dawley,male,,"intravenous (single radiolabeled dose), 89 days post-dose",4.2,mg/kg,urine,cumulative fraction of dose recovered in urine,30.2,percent of dose,,,radiolabel recovery over 89 days,no,,,Urine is the predominant route but feces is substantial
Chang et al. 2012,2012,NJ DWQI 2018 PFOS health-based MCL support document,"Toxicokinetics - Elimination, Rats",PFOS,rat,Sprague-Dawley,male,,"intravenous (single radiolabeled dose), 89 days post-dose",4.2,mg/kg,feces,cumulative fraction of dose recovered in feces,12.6,percent of dose,,,radiolabel recovery over 89 days,no,"NJ: given the very high rate of GI absorption, fecal PFOS presumably reflects absorbed PFOS eliminated via the bile",,"Only ~43% of the IV dose recovered over 89 days, consistent with a long rat half-life"
Chang et al. 2012,2012,NJ DWQI 2018 PFOS health-based MCL support document,"Toxicokinetics - Elimination, Rats",PFOS,rat,Sprague-Dawley,male,,"oral (single dose), 48 hours",4.2,mg/kg,feces,fraction of dose recovered in feces at 48 h,3.24,percent of dose,,,,no,,,"Fecal exceeds urinary at 48 h after ORAL dosing (3.24% vs 2.52%), the reverse of the IV 89-day pattern"
Chang et al. 2012,2012,NJ DWQI 2018 PFOS health-based MCL support document,"Toxicokinetics - Elimination, Rats",PFOS,rat,Sprague-Dawley,male,,"oral (single dose), 48 hours",4.2,mg/kg,urine,fraction of dose recovered in urine at 48 h,2.52,percent of dose,,,,no,,,
Chang et al. 2012,2012,NJ DWQI 2018 PFOS health-based MCL support document,"Toxicokinetics - Elimination, Mice",PFOS,mouse,CD-1,male and female,,oral (single radiolabeled dose),1 or 20,mg/kg,urine and feces,distribution of excretion between urine and feces,similar to that observed in rats in the same study,qualitative,,,graphs of percent recovery over time (cumulative recovery not reported),no,"NJ concludes that in rodents, unlike humans, feces via bile is a significant elimination route and 'may contribute to the shorter half-life of PFOS in rodents compared to humans'",,KEY SPECIES DIFFERENCE MECHANISM offered by NJ for the rodent-human half-life gap
USEPA 2016b Table 2-20 (compilation),2016,NJ DWQI 2018 PFOS health-based MCL support document,Table 4. Summary of data for PFOS elimination half-life (USEPA 2016b - Table 2-20),PFOS,multiple (as compiled by USEPA),,,,,,,serum,elimination half-life by species,TABLE NOT RECOVERABLE,not extractable,,,reproduced from USEPA 2016b Table 2-20,no,NJ reproduces USEPA's compilation rather than building its own,yes,EXTRACTION LIMITATION: Table 4 of the PFOS document is an embedded image in the source PDF; only the caption survives in the text file at line 1772. The per-species half-life values in that table could not be read. NJ's accompanying caveats ARE recoverable and are recorded in separate rows
Spliethoff et al. 2008 (as caveated by NJ),2008,NJ DWQI 2018 PFOS health-based MCL support document,Table 4 caveats,PFOS,human,,infant,,environmental,,,blood,elimination half-life,value in image-only Table 4,years,,,changes in POPULATION levels of infant PFOS blood concentration over time,no,NJ CAVEAT: these data 'are based on changes in population levels in infant PFOS blood concentration over time and do not directly reflect longitudinal measurements in individuals',,Partial rejection/qualification of a Table 4 entry
Olsen et al. 2007 and other occupational cohorts (as caveated by NJ),2007,NJ DWQI 2018 PFOS health-based MCL support document,Table 4 caveats,PFOS,human,,mostly male (few women),,occupational (retired workers),,,serum,elimination half-life in adults,values in image-only Table 4,years,,,serial serum decline in retired worker cohorts,no,NJ CAVEAT: 'the estimates of human half-life in adults shown in the table are derived from occupational cohorts that are mostly composed of retired workers and contain few women' - a stated limitation on sex representativeness,,Sex-representativeness limitation of the adult human half-life database
Olsen et al. 2007,2007,NJ DWQI 2018 PFOS health-based MCL support document,Half-life of elimination / Clearance factor derivation,PFOS,human,,male (all older than 50 years),,occupational (retired workers),,,serum,elimination half-life (mean),5.4 (1971 days),years,3.9,6.9,"serial serum decline in retired workers, 95% CI",yes,ADOPTED BY NJ as the human half-life for the PFOS clearance factor,,"NJ's ADOPTED PFOS human half-life. Stated as t1/2 = 5.4 years = 1,971 days. NJ notes the cohort was all men over 50"
Li et al. 2018,2018,NJ DWQI 2018 PFOS health-based MCL support document,Half-life of elimination,PFOS,human,,all subjects (4-83 years at baseline),106,"oral - contaminated drinking water (AFFF, Ronneby Sweden; exposure ended)",,,serum,elimination half-life (mean),3.4,years,,,serum decline after contaminated drinking water exposure ended,no,Presented as a more recent alternative; NJ notes the authors state that future reanalysis of all samples from the same individual in the same analytical batch will give more definitive results,,Median serum PFOS at initial collection 345 ng/ml (55% of the median in Olsen et al. 2007). Some subjects had very long half-lives of 8 to more than 10 years
Li et al. 2018,2018,NJ DWQI 2018 PFOS health-based MCL support document,Half-life of elimination,PFOS,human,,"female, age 15-50",30,"oral - contaminated drinking water (Ronneby, Sweden)",,,serum,elimination half-life (mean),3.1,years,2.7,3.7,95% CI,no,,,"SEX-SPECIFIC human PFOS half-life: women 15-50 are FASTER than men 15-50 (3.1 vs 4.6 years), consistent with menstrual elimination"
Li et al. 2018,2018,NJ DWQI 2018 PFOS health-based MCL support document,Half-life of elimination,PFOS,human,,"male, age 15-50",20,"oral - contaminated drinking water (Ronneby, Sweden)",,,serum,elimination half-life (mean),4.6,years,3.7,6.1,95% CI,no,"NJ notes the 4.6 years for men 15-50 'is in reasonable agreement with the mean half-life of 5.4 years from Olsen et al. (2007)' and that the two 95% CIs overlap (3.9-6.9 vs 3.7-6.1), supporting retention of the Olsen value",,SEX-SPECIFIC. The explicit cross-check NJ used to justify keeping the Olsen et al. 2007 value of 5.4 years
"DWQI 2017 (NJ's own PFOA document), contrasted with PFOS",2017,NJ DWQI 2018 PFOS health-based MCL support document,Half-life of elimination - species model suitability,PFOS vs PFOA,rat,,female,,oral,,,serum,suitability of the rat as a developmental model,"PFOS is slowly excreted in female rats, so BOTH rats and mice are suitable models for PFOS developmental effects; PFOA is eliminated in 2-4 hours in female rats so the rat is NOT an ideal PFOA model",qualitative,,,,yes,NJ's explicit chemical-specific contrast: the female-rat phenomenon applies to PFOA but NOT to PFOS,,CENTRAL RAT-VERSUS-MOUSE / FEMALE-RAT FINDING. PFOA female rat t1/2 2-4 hours; PFOS female rat elimination slow
Kato et al. 2015 (review),2015,NJ DWQI 2018 PFOS health-based MCL support document,Toxicokinetics relevant to developmental exposure - Trans-placental transfer,PFOS,human,,maternal-neonate pairs,review of literature,environmental,,,cord blood serum vs maternal blood,cord:maternal serum ratio,about 0.5,ratio,,,review,yes,"NJ adopts the conclusion that PFOS cord blood is LOWER than maternal blood, in contrast to PFOA where the ratio is about 1:1",yes,"CHEMICAL CONTRAST: PFOA cord:maternal about 1:1 (Kato et al. 2015 and Post et al. 2012 in the PFOA document); PFOS cord:maternal about 0.5 from the SAME review. Same primary study, different chemical"
Zhang et al. 2013,2013,NJ DWQI 2018 PFOS health-based MCL support document,Toxicokinetics relevant to developmental exposure - Trans-placental transfer,PFOS,human,,maternal-neonate pairs,paired samples,environmental,,,cord blood vs maternal blood at delivery,cord:maternal blood ratio (mean),0.21,ratio,,,paired maternal and cord blood samples; correlation coefficient 0.9,no,,yes,Much LOWER than the Kato et al. 2015 review value of ~0.5 that NJ adopted. NJ reports both without reconciling them
Fei et al. 2007,2007,NJ DWQI 2018 PFOS health-based MCL support document,Toxicokinetics relevant to developmental exposure - Trans-placental transfer,PFOS,human,,maternal-neonate pairs,,environmental,,,cord blood vs first trimester maternal blood,cord:maternal blood ratio (mean),0.29,ratio,,,correlation coefficient 0.72 vs second trimester maternal blood,no,,,
Fei et al. 2007,2007,NJ DWQI 2018 PFOS health-based MCL support document,Toxicokinetics relevant to developmental exposure - Trans-placental transfer,PFOS,human,,maternal-neonate pairs,,environmental,,,cord blood vs second trimester maternal blood,cord:maternal blood ratio (mean),0.34,ratio,,,correlation coefficient 0.72,no,,,
Luebker et al. 2005a,2005,NJ DWQI 2018 PFOS health-based MCL support document,Toxicokinetics relevant to developmental exposure - Trans-placental transfer,PFOS,rat,,fetal vs maternal,,"oral, gestational",0.1-3.2 (three of four doses),mg/kg/day,"fetal vs maternal serum, GD 20",fetal:maternal serum ratio,2.0-1.1,ratio,1.1,2.0,,no,"NJ: 'In contrast to humans, it appears that fetal serum concentrations of PFOS in rats and mice are equal to or greater than maternal serum concentrations'",yes,"SPECIES DIFFERENCE IN PLACENTAL TRANSFER: rodent fetal:maternal >=1, human cord:maternal <1. NJ also notes 'it is not clear how, or to what extent the maternal/fetal serum ratio varies by maternal dose and/or length of gestation'"
Luebker et al. 2005a,2005,NJ DWQI 2018 PFOS health-based MCL support document,Toxicokinetics relevant to developmental exposure - Trans-placental transfer,PFOS,rat,,fetal vs maternal,,"oral, gestational",1.6,mg/kg/day,"fetal vs maternal serum, GD 20",fetal:maternal serum ratio,0.74,ratio,,,,no,NJ reports this non-monotonic outlier explicitly rather than smoothing it,yes,"NON-MONOTONIC: at the intermediate maternal dose of 1.6 mg/kg/day the ratio was 0.74, below 1, while the other three doses gave 1.1-2.0"
Chang et al. 2009,2009,NJ DWQI 2018 PFOS health-based MCL support document,Toxicokinetics relevant to developmental exposure - Trans-placental transfer,PFOS,rat,,fetal vs maternal,,"oral, gestational",0.1,mg/kg/day,"fetal vs maternal serum, GD 20",fetal:maternal serum ratio,2.3,ratio,,,,no,,,
Chang et al. 2009,2009,NJ DWQI 2018 PFOS health-based MCL support document,Toxicokinetics relevant to developmental exposure - Trans-placental transfer,PFOS,rat,,fetal vs maternal,,"oral, gestational",0.3,mg/kg/day,"fetal vs maternal serum, GD 20",fetal:maternal serum ratio,1.7,ratio,,,,no,,,Ratio declines with increasing dose (2.3 -> 1.7 -> 1.2)
Chang et al. 2009,2009,NJ DWQI 2018 PFOS health-based MCL support document,Toxicokinetics relevant to developmental exposure - Trans-placental transfer,PFOS,rat,,fetal vs maternal,,"oral, gestational",1.0,mg/kg/day,"fetal vs maternal serum, GD 20",fetal:maternal serum ratio,1.2,ratio,,,,no,,,
Borg et al. 2010,2010,NJ DWQI 2018 PFOS health-based MCL support document,Toxicokinetics relevant to developmental exposure - Trans-placental transfer,PFOS,mouse,,fetal vs maternal,,oral (single maternal dose GD 16),12.5,mg/kg,"fetal vs maternal blood, GD 18",fetal:maternal blood ratio (mean),2.3,ratio,,,,no,,,MOUSE placental transfer. NJ notes maternal-to-fetal transfer of PFOS reduces the maternal body burden during gestation under constant exposure
Borg et al. 2010,2010,NJ DWQI 2018 PFOS health-based MCL support document,Toxicokinetics relevant to developmental exposure - Trans-placental transfer,PFOS,mouse,,fetal vs maternal,,oral (single maternal dose GD 16),12.5,mg/kg,"fetal vs maternal blood, GD 20",fetal:maternal blood ratio (mean),1.1,ratio,,,,no,,,Ratio falls from 2.3 at GD 18 to 1.1 at GD 20 - gestational-age dependence
Thomsen et al. 2010,2010,NJ DWQI 2018 PFOS health-based MCL support document,Exposure to infants through breast milk and infant formula,PFOS,human,,female (lactating),,,,,breast milk,rate of decline in breast milk concentration,3.1,percent per month,,,longitudinal breast milk sampling,no,NJ attributes it to decreased maternal body burden from excretion into breast milk,yes,CHEMICAL CONTRAST: same study gives 7.7%/month for PFOA (PFOA document) versus 3.1%/month for PFOS. About 37% decline over the first year for PFOS versus about 94% for PFOA
Luebker et al. 2005a,2005,NJ DWQI 2018 PFOS health-based MCL support document,Exposure to infants through breast milk and infant formula,PFOS,rat,,"pup born to unexposed dam, nursed by treated dam",litter average,lactational only (cross-fostering),maternal serum 83 ug/ml at end of lactation,ug/ml maternal serum,pup serum vs maternal serum,pup:maternal serum ratio,0.27,ratio,,,"cross-fostering design with four groups: untreated dam/unexposed pup, treated dam/unexposed pup, untreated dam/in-utero-exposed pup, treated dam/in-utero-exposed pup",no,Demonstrates lactational transfer of PFOS in rodents,,"BREAST-MILK TRANSFER, rat, lactational-only arm isolated by cross-fostering"
MDH 2017 (review of literature),2017,NJ DWQI 2018 PFOS health-based MCL support document,Exposure to infants through breast milk and infant formula,PFOS,human,,female (lactating),multiple studies,,,,breast milk vs maternal serum,breast milk:maternal serum ratio (range of study means),0.018-0.026,ratio,0.018,0.026,review by Minnesota Department of Health,no,Combined with the serum:drinking water ratio of 200:1 or greater to conclude the initial PFOS concentration in breast milk exceeds the concentration in the maternal drinking water source,yes,"INTERNAL ARITHMETIC PROBLEM IN THE NJ TEXT: NJ reports a range of 0.018 to 0.026 'with an average among studies of 0.013 (i.e. 1.3:100 or 2.6:200)'. The stated average of 0.013 lies BELOW the stated range - an apparent error in the document. Recorded, not resolved"
Thomsen et al. 2010; USEPA 2008,2010,NJ DWQI 2018 PFOS health-based MCL support document,Exposure to infants through breast milk and infant formula,PFOS,human,,infant,,breast milk ingestion,,,breast milk,"mean breast milk consumption, first post-partum month",150,ml/kg/day,,,exposure factor,yes,,,Same exposure factors as the PFOA document: 83 ml/kg/day at 6-12 months; formula-fed water intake 137 ml/kg/day (0-1 month) and 53 ml/kg/day (6-12 months); lactating women 26 ml/kg/day; general population 11+ years 13 ml/kg/day
Fromme et al. 2010,2010,NJ DWQI 2018 PFOS health-based MCL support document,Exposure to infants through breast milk and infant formula (Figure 4),PFOS,human,,infant,,breast milk,,,"serum (cord blood, 6 mo, 19 mo)",increase in serum from birth to 6 months,several-fold,fold,,,longitudinal German general population cohort,no,,,Levels generally declined 6 to 19 months but remained above birth levels
Mogensen et al. 2015,2015,NJ DWQI 2018 PFOS health-based MCL support document,Exposure to infants through breast milk and infant formula (Figure 5),PFOS,human,,infant (Faroese),80,exclusive breast feeding (median 4.5 months),,,serum,increase in serum per month during exclusive breastfeeding,29,percent per month,,,"serum at birth and 11, 18, 60 months",no,,,Nearly identical to the PFOA value of 28%/month from the same study. Serum PFOS increased little or not at all in non-breastfed infants
Mogensen et al. 2015,2015,NJ DWQI 2018 PFOS health-based MCL support document,Exposure to infants through breast milk and infant formula (Figure 5),PFOS,human,,infant (Faroese),80,partial breast feeding (median 4 additional months),,,serum,increase in serum per month during partial breastfeeding,4,percent per month,,,,no,,,Same as the PFOA value. Serum remained above birth levels until at least age 5 years
"Verner et al. 2016a,b",2016,NJ DWQI 2018 PFOS health-based MCL support document,Exposure to infants through breast milk and infant formula (Figures 6 and 7),PFOS,human,,infant vs mother,10000 Monte Carlo simulations,breast feeding (30 month period modelled),,,plasma,"infant:mother plasma ratio, peak median during first year",about 1.5,fold,,,pharmacokinetic model with Monte Carlo simulation,no,NJ notes the ratio is LESS than 1 at birth but rises above 1 during the first year of life,yes,"CHEMICAL CONTRAST from the same model: PFOA infant:mother plasma peaked at 4.5-fold (median), PFOS at only about 1.5-fold. 95th percentile 3-fold and maximum 7-fold for PFOS versus 7.8-fold and 15.3-fold for PFOA"
"Verner et al. 2016a,b",2016,NJ DWQI 2018 PFOS health-based MCL support document,Exposure to infants through breast milk and infant formula (Figures 6 and 7),PFOS,human,,infant vs mother,10000 Monte Carlo simulations,breast feeding,,,plasma,"infant:mother plasma ratio, 95th percentile and maximum",3 (95th percentile); 7 (maximum),fold,,,pharmacokinetic model with Monte Carlo simulation,no,,,Model predicts plasma remains several fold higher than at birth until at least age 3
"Olsen et al. 2007 (half-life) and Thompson et al. 2010a,b (Vd), combined by USEPA 2016b",2016,NJ DWQI 2018 PFOS health-based MCL support document,Relationship between dose and serum concentration,PFOS,human,,,,oral,,,serum,clearance factor (CL),8.1e-5 L/kg/day (8.1e-2 ml/kg/day),L/kg/day,,,"CL = Vd x (ln2 / t1/2) with Vd = 0.23 L/kg, ln2 = 0.693, t1/2 = 5.4 years = 1971 days",yes,ADOPTED BY NJ as the PFOS clearance factor. Described as a chemical-specific clearance factor relating PFOS serum levels to dose in humans at steady state,,"NJ'S ADOPTED PFOS CLEARANCE FACTOR. Equation form: Dose (ng/kg/day) = Serum Level (ng/ml) x CL (ml/kg/day). Compare the PFOA clearance factor of 1.4e-4 L/kg/day - PFOS is about 1.7-fold lower, i.e. PFOS accumulates more per unit dose"
"Thompson et al. 2010a,b (derived from Andersen et al. 2006 monkey data and the PFOA Vd)",2010,NJ DWQI 2018 PFOS health-based MCL support document,Relationship between dose and serum concentration,PFOS,human,,,,oral,,,serum,volume of distribution (Vd),0.23,L/kg,,,"derived by adjusting the human-calibrated PFOA Vd of 0.17 L/kg UPWARD by 35%, based on the observation of Andersen et al. 2006 that the PFOS Vd can be 20 to 50% greater than the PFOA Vd IN MONKEYS",yes,ADOPTED BY NJ as the PFOS Vd. NJ is explicit that the derivation 'involves several parameters whose values were estimated based on data for related chemicals or related species',yes,"NJ'S ADOPTED PFOS Vd, AND ITS WEAKEST LINK. The human PFOS Vd is not measured in humans at all: it is the human PFOA Vd (0.17 L/kg, Thompson et al. 2010) scaled by a MONKEY PFOS:PFOA Vd ratio from Andersen et al. 2006. The 35% adjustment is the midpoint of the monkey 20-50% range"
Andersen et al. 2006,2006,NJ DWQI 2018 PFOS health-based MCL support document,Relationship between dose and serum concentration,PFOS vs PFOA,monkey,,,,,,,,PFOS:PFOA volume of distribution ratio,20 to 50 percent greater for PFOS,percent,20,50,monkey pharmacokinetic data,yes (as the basis for the 35% adjustment),The sole empirical basis for scaling the human PFOA Vd to a human PFOS Vd,,MONKEY datum that underpins the adopted human PFOS Vd. Rarely cited in this form
"Thompson et al. 2010a,b",2010,NJ DWQI 2018 PFOS health-based MCL support document,Relationship between dose and serum concentration,PFOS,human,,adults,,oral - drinking water (Australian consumers),,,serum,mean serum PFOS concentration used to calibrate the steady-state model,21.3,ng/ml,,,steady-state toxicokinetic model,yes,"NJ notes 21.3 ng/ml is comparable to the NHANES 2013-2014 95th percentile adult serum PFOS of 19 ng/ml (CDC 2017), supporting the model's relevance",,Calibration dataset for the adopted Vd
Egeghy and Lorber 2011,2011,NJ DWQI 2018 PFOS health-based MCL support document,Relationship between dose and serum concentration,PFOS,human,,,,oral,,,serum,volume of distribution - low bounding estimate,0.2,L/kg,,,compared predicted modeled PFOS intake against intake estimates from exposure pathway analysis,no (supporting only),"NJ: the LOWER estimate (0.2 L/kg) 'provided modeled intake predictions similar to modeled intake based on exposure assessment', which NJ takes as support for the adopted Vd of 0.23 L/kg",,Vd BOUNDING. Independent support for the adopted 0.23 L/kg
Egeghy and Lorber 2011,2011,NJ DWQI 2018 PFOS health-based MCL support document,Relationship between dose and serum concentration,PFOS,human,,,,oral,,,serum,volume of distribution - high bounding estimate,3,L/kg,,,exposure pathway comparison,no,"REJECTED by implication: the high bounding estimate of 3 L/kg did NOT reproduce intakes consistent with exposure assessment, whereas the 0.2 L/kg estimate did",,"REJECTED Vd value, 13-fold above the adopted value"
NJ DWQI own calculation (clearance factor from USEPA 2016b; intake from USEPA 2011b),2018,NJ DWQI 2018 PFOS health-based MCL support document,Estimated increases in serum levels associated with PFOS in drinking water,PFOS,human,,general population,,oral - drinking water,,,serum vs drinking water,"predicted serum:drinking water ratio, mean ingestion rate",197,ratio (ng/ml per ug/L),,,NJ's OWN calculation: 0.016 L/kg/day divided by 8.1e-5 L/kg/day,yes,NJ's adopted PFOS serum:drinking water ratio. Used earlier in the document (with the breast milk:serum ratio) as '200:1 or greater',,"NJ'S OWN CALCULATION. Note PFOS 197:1 versus PFOA 114:1 - PFOS accumulates about 1.7-fold more per unit drinking water concentration. Unlike PFOA, NJ offers NO empirical community serum:water dataset to verify the PFOS ratio"
NJ DWQI own calculation,2018,NJ DWQI 2018 PFOS health-based MCL support document,Estimated increases in serum levels associated with PFOS in drinking water,PFOS,human,,general population,,oral - drinking water,,,serum vs drinking water,"predicted serum:drinking water ratio, upper percentile ingestion rate (0.029 L/kg/day)",358,ratio (ng/ml per ug/L),,,0.029 L/kg/day divided by 8.1e-5 L/kg/day; 2 L/day and 70 kg,yes,Upper percentile exposure factors used for Health-based MCLs,,Compare PFOA at the same intake rate: about 207:1
NJ DWQI own calculation (Table 5),2018,NJ DWQI 2018 PFOS health-based MCL support document,Table 5. Increase in serum PFOS concentrations predicted from various concentrations of PFOS in drinking water,PFOS,human,,general population,,oral - drinking water,1,ng/L,serum,predicted serum increase at mean / upper percentile ingestion rate,0.2 / 0.4,ng/ml,,,clearance factor 8.1e-5 L/kg/day,yes,,,Total serum 5.4 / 5.6 ng/ml; 4% / 8% increase over the NHANES 2013-14 median of 5.2 ng/ml
NJ DWQI own calculation (Table 5),2018,NJ DWQI 2018 PFOS health-based MCL support document,Table 5. Increase in serum PFOS concentrations predicted from various concentrations of PFOS in drinking water,PFOS,human,,general population,,oral - drinking water,10,ng/L,serum,predicted serum increase at mean / upper percentile ingestion rate,2.0 / 3.6,ng/ml,,,clearance factor 8.1e-5 L/kg/day,yes,,,Total serum 7.2 / 8.8 ng/ml; 38% / 69% increase
NJ DWQI own calculation (Table 5),2018,NJ DWQI 2018 PFOS health-based MCL support document,Table 5. Increase in serum PFOS concentrations predicted from various concentrations of PFOS in drinking water,PFOS,human,,general population,,oral - drinking water,20,ng/L,serum,predicted serum increase at mean / upper percentile ingestion rate,3.9 / 7.2,ng/ml,,,clearance factor 8.1e-5 L/kg/day,yes,,yes,"Table 5 prints the total serum at mean ingestion for 20 ng/L as 6.1 ng/ml, but 5.2 + 3.9 = 9.1 ng/ml; the printed 75% increase is also inconsistent with 6.1. Apparent typographical error in the published table (9.1 transposed to 6.1). Upper percentile total 12.4 ng/ml is internally consistent"
NJ DWQI own calculation (Table 5),2018,NJ DWQI 2018 PFOS health-based MCL support document,Table 5. Increase in serum PFOS concentrations predicted from various concentrations of PFOS in drinking water,PFOS,human,,general population,,oral - drinking water,40,ng/L,serum,predicted serum increase at mean / upper percentile ingestion rate,7.9 / 14.3,ng/ml,,,clearance factor 8.1e-5 L/kg/day,yes,"NJ notes 40 ng/L (the UCMR3 Reporting Level) at the upper percentile rate gives 19.5 ng/ml, ABOVE the U.S. 95th percentile of 18.5 ng/ml (NHANES 2013-14)",,Total serum 13.1 / 19.5 ng/ml; 152% / 275% increase
NJ DWQI own calculation (Table 5),2018,NJ DWQI 2018 PFOS health-based MCL support document,Table 5. Increase in serum PFOS concentrations predicted from various concentrations of PFOS in drinking water,PFOS,human,,general population,,oral - drinking water,70,ng/L,serum,predicted serum increase at mean / upper percentile ingestion rate,13.8 / 25.1,ng/ml,,,clearance factor 8.1e-5 L/kg/day,yes,"NJ notes 70 ng/L (the USEPA Health Advisory) at the MEAN rate gives 19.0 ng/ml, also above the NHANES 95th percentile",,Total serum 19.0 / 30.3 ng/ml; 265% / 483% increase
NJ DWQI own calculation (Table 5),2018,NJ DWQI 2018 PFOS health-based MCL support document,Table 5. Increase in serum PFOS concentrations predicted from various concentrations of PFOS in drinking water,PFOS,human,,general population,,oral - drinking water,200,ng/L,serum,predicted serum increase at mean / upper percentile ingestion rate,39.4 / 71.6,ng/ml,,,clearance factor 8.1e-5 L/kg/day,yes,,,Total serum 44.6 / 76.8 ng/ml; 758% / 1377% increase
CDC 2017 (NHANES 2013-14),2017,NJ DWQI 2018 PFOS health-based MCL support document,Table 5 footnote / Figure 7,PFOS,human,,general population,,background (non-drinking-water),,,serum,U.S. median serum concentration,5.2,ng/ml,,,NHANES 2013-14,yes,Assumed background serum from non-drinking-water exposures in Table 5,yes,"Table 5 footnote cites CDC 2017 while the preceding text cites 'CDC, 2015' for the same 5.2 ng/ml value - a citation inconsistency in the document. U.S. 95th percentile given as 18.5 ng/ml"
Hurley et al. 2016,2016,NJ DWQI 2018 PFOS health-based MCL support document,Estimated increases in serum levels associated with PFOS in drinking water,PFOS,human,,general population,,oral - drinking water (PWS with PFOS detections in UCMR3),mean UCMR3 detection 58,ng/L,serum,observed elevation in serum from low-level drinking water exposure,elevated,qualitative,,,,no,Cited as empirical confirmation that low drinking water concentrations produce substantial serum increases,,
Olsen et al. 2007 (NJ uncertainty analysis),2007,NJ DWQI 2018 PFOS health-based MCL support document,Appendix 3 - Clearance factor uncertainty,PFOS,human,,"male (retired workers, older than general population)",,occupational,,,serum,limitation of the adopted human half-life,5.4,years,3.9,6.9,,"yes (adopted, with stated uncertainty)","NJ states: 'The only direct measure of the human serum t1/2 of PFOS is from retired workers who were occupationally (i.e. highly) exposed to PFOS and are older than the general population. It is unknown whether the t1/2 of PFOS is age and/or concentration dependent. If that were the case, the estimate of t1/2 from a highly exposed older population could overestimate the t1/2 in the general population'",,NJ'S OWN STATED UNCERTAINTY on its adopted PFOS half-life: possible OVERestimate. Note the direction - a longer half-life gives a smaller clearance factor and therefore a MORE stringent MCL
"Thompson et al. 2010a,b / Andersen et al. 2006 (NJ uncertainty analysis)",2010,NJ DWQI 2018 PFOS health-based MCL support document,Appendix 3 - Clearance factor uncertainty,PFOS,human,,,,,,,serum,limitation of the adopted volume of distribution,0.23,L/kg,,,PFOA Vd of 0.17 L/kg adjusted by 35% using a monkey PFOS:PFOA Vd ratio,"yes (adopted, with stated uncertainty)",NJ states: 'the use of the PFOA Vd as a surrogate measure of Vd for PFOS and the adjustment of the PFOA Vd on the basis of a cross-species analogy are sources of uncertainty in its derivation',,NJ'S OWN STATED UNCERTAINTY on its adopted PFOS Vd - explicitly a chemical surrogate plus a cross-species analogy
Egeghy and Lorber 2011,2011,NJ DWQI 2018 PFOS health-based MCL support document,Appendix 3 - Clearance factor developed with alternative approach,PFOS,human,,typical adult (not exposed to a specific source),,"all sources (food, inhalation, house dust)",,,total intake,estimated geometric mean total daily PFOS intake,160,ng/day,,,media-specific PFOS concentrations combined with media-specific exposure rates,yes (as input to the alternative CL),Input to NJ's independent check on the adopted clearance factor,,Equivalent to 2.3 ng/kg/day at a default 70 kg body weight
Egeghy and Lorber 2011 (with NJ's own body weight assumption),2011,NJ DWQI 2018 PFOS health-based MCL support document,Appendix 3 - Clearance factor developed with alternative approach,PFOS,human,,adult,,all sources,,,dose,estimated total daily PFOS dose,2.3,ng/kg/day,,,160 ng/day divided by a default 70 kg body weight,yes (as input to the alternative CL),NJ notes the 70 kg body weight is a default value and 'body weight may be correlated with PFOS intake and/or t1/2',,
"CDC NHANES 1999-2000, 2003-04, 2005-06, 2007-08 (averaged by NJ)",2017,NJ DWQI 2018 PFOS health-based MCL support document,Appendix 3 - Clearance factor developed with alternative approach,PFOS,human,,adults 20 years and older,,background,,,serum,"average of geometric mean serum concentrations, 2000-2008",20.6,ng/ml,,,"NJ's own average across four NHANES cycles, chosen to match the publication window (2000-2008) of the studies underlying the Egeghy and Lorber intake estimate",yes (as input to the alternative CL),"NJ notes serum PFOS in the U.S. population has been declining since at least 1999, so 'there is some uncertainty as to whether NHANES data from 1999-2008 versus 2003-2004 are most appropriate to compare to the total intake estimate'",,"NJ'S OWN CALCULATION, with the temporal-matching rationale stated"
NJ DWQI own derivation (Egeghy and Lorber 2011 intake / NHANES serum),2018,NJ DWQI 2018 PFOS health-based MCL support document,Appendix 3 - Clearance factor developed with alternative approach,PFOS,human,,adults,,all sources,,,serum to dose,"clearance factor, alternative derivation",0.11,ml/kg/day,,,CL = dose / serum = 2.3 ng/kg/day divided by 20.6 ng/ml. Independent of any estimate of Vd and of the retired-worker half-life,no (supporting only),"NJ: this alternative estimate is 'in close agreement (i.e. 36% higher)' with the USEPA 2016b CL of 0.081 ml/kg/day, and 'provides support for use of the USEPA value as a reasonable estimate of the CL for PFOS'",,"NJ'S OWN INDEPENDENT CROSS-CHECK on the adopted clearance factor, deliberately constructed to avoid both Vd and the retired-worker half-life. 0.11 vs 0.081 ml/kg/day"
USEPA 2016e (position rejected by NJ),2016,NJ DWQI 2018 PFOS health-based MCL support document,Appendix 3 / clearance factor use,PFOS and PFOA,human,,,,oral - drinking water,70 or 14,ng/L,serum,validity of using the clearance factor to predict serum from drinking water,USEPA: 'the clearance equation cannot justifiably be utilized to predict serum values for humans using a guideline value (70 ppt or 14 ppt) that is well below the range of doses and serum values utilized in the derivation of the [toxicokinetic] model',position,,,,no,"NJ REJECTS this USEPA position: 'The Health Effects Subcommittee does not understand the reasoning underlying this statement from USEPA.' NJ's counter-argument is that the clearance factors were developed from human serum data 'within a range that is more relevant to drinking water exposures than to the much higher range of serum PFOS (or PFOA) levels from animal studies to which it was applied by USEPA', and that the PFOS clearance factor agrees with estimates from other similarly exposed human populations using both toxicokinetic modeling and direct measurement of exposure media",,EXPLICIT INTER-AGENCY REJECTION on a toxicokinetic point. Same dispute appears in the PFOA document (Appendix 2)
Butenhoff et al. 2012 (AUC analysis performed by NJ DWQI),2012,NJ DWQI 2018 PFOS health-based MCL support document,Area under the curve (AUC) for serum PFOS data from chronic rat study / Figure 14,PFOS (potassium salt),rat,Sprague-Dawley,male,,"dietary, 105 weeks",,,serum,time to maximum serum concentration,about 14,weeks,,,serial serum sampling over 105 weeks,yes,NJ adopts an AUC dose metric BECAUSE serum declined after week 14 in males. The study authors attribute the decline to chronic progressive nephritis causing increased urinary elimination of PFOS,,"MALE RAT TK PECULIARITY: serum PFOS peaks at ~14 weeks then declines, so terminal (105 week) serum 'would substantially underestimate the serum concentration during a significant portion of the study'"
Butenhoff et al. 2012 (AUC analysis performed by NJ DWQI),2012,NJ DWQI 2018 PFOS health-based MCL support document,Area under the curve (AUC) for serum PFOS data from chronic rat study,PFOS (potassium salt),rat,Sprague-Dawley,female,,"dietary, 105 weeks",,,serum,serum trajectory after 14 weeks,remained relatively constant or increased slightly,qualitative,,,serial serum sampling,no,,yes,"SEX DIFFERENCE IN CHRONIC TK: male rat serum DECLINES after 14 weeks while female rat serum stays flat or rises. NJ links the male decline to male-rat-specific chronic progressive nephropathy, not to PFOS"
Butenhoff et al. 2012; 3M Environmental Laboratory 2001 (AUC calculated by NJ DWQI),2012,NJ DWQI 2018 PFOS health-based MCL support document,Table 30. Summary of AUC and time-weighted average serum concentration for male and female rats,PFOS (potassium salt),rat,Sprague-Dawley,male,,"dietary, 105 weeks",0,ug K+PFOS/g diet,serum,AUC,2.6e3,ng*wk/mL,,,AUC by linear interpolation (data too sparse to fit smooth functions),yes,NJ's OWN AUC calculation from the published serial serum data,,"Time-weighted average serum 24.8 ng/ml. AUC divided by the timepoint of the final serum determination (102, 105 or 106 weeks)"
Butenhoff et al. 2012; 3M Environmental Laboratory 2001 (AUC calculated by NJ DWQI),2012,NJ DWQI 2018 PFOS health-based MCL support document,Table 30. Summary of AUC and time-weighted average serum concentration for male and female rats,PFOS (potassium salt),rat,Sprague-Dawley,female,,"dietary, 105 weeks",0,ug K+PFOS/g diet,serum,AUC,8.57e4,ng*wk/mL,,,AUC by linear interpolation,yes,,yes,CONTROL FEMALE time-weighted average serum 816 ng/ml versus 24.8 ng/ml in control males - a 33-fold control sex difference. This is unexplained in the document and is implausibly high for a control group; recorded as printed
Butenhoff et al. 2012 (AUC calculated by NJ DWQI),2012,NJ DWQI 2018 PFOS health-based MCL support document,Table 30. Summary of AUC and time-weighted average serum concentration for male and female rats,PFOS (potassium salt),rat,Sprague-Dawley,male,,"dietary, 105 weeks",0.5,ug K+PFOS/g diet,serum,AUC,2.682e5,ng*wk/mL,,,AUC by linear interpolation,yes,,,Time-weighted average serum 2554.3 ng/ml
Butenhoff et al. 2012 (AUC calculated by NJ DWQI),2012,NJ DWQI 2018 PFOS health-based MCL support document,Table 30. Summary of AUC and time-weighted average serum concentration for male and female rats,PFOS (potassium salt),rat,Sprague-Dawley,female,,"dietary, 105 weeks",0.5,ug K+PFOS/g diet,serum,AUC,5.575e5,ng*wk/mL,,,AUC by linear interpolation,yes,,yes,"Time-weighted average serum 5309 ng/ml - about 2.1-fold the male value at the same dietary concentration. Female rat PFOS internal dose EXCEEDS male, the opposite of PFOA"
Butenhoff et al. 2012 (AUC calculated by NJ DWQI),2012,NJ DWQI 2018 PFOS health-based MCL support document,Table 30. Summary of AUC and time-weighted average serum concentration for male and female rats,PFOS (potassium salt),rat,Sprague-Dawley,male,,"dietary, 105 weeks",2,ug K+PFOS/g diet,serum,AUC,1.231e6,ng*wk/mL,,,AUC by linear interpolation,yes,,,Time-weighted average serum 11723.8 ng/ml
Butenhoff et al. 2012 (AUC calculated by NJ DWQI),2012,NJ DWQI 2018 PFOS health-based MCL support document,Table 30. Summary of AUC and time-weighted average serum concentration for male and female rats,PFOS (potassium salt),rat,Sprague-Dawley,female,,"dietary, 105 weeks",2,ug K+PFOS/g diet,serum,AUC,2.2596e6,ng*wk/mL,,,AUC by linear interpolation,yes,,yes,Time-weighted average serum 22153 ng/ml - about 1.9-fold the male value
Butenhoff et al. 2012 (AUC calculated by NJ DWQI),2012,NJ DWQI 2018 PFOS health-based MCL support document,Table 30. Summary of AUC and time-weighted average serum concentration for male and female rats,PFOS (potassium salt),rat,Sprague-Dawley,male,,"dietary, 105 weeks",5,ug K+PFOS/g diet,serum,AUC,3.2786e6,ng*wk/mL,,,AUC by linear interpolation,yes,,,Time-weighted average serum 31224.8 ng/ml
Butenhoff et al. 2012 (AUC calculated by NJ DWQI),2012,NJ DWQI 2018 PFOS health-based MCL support document,Table 30. Summary of AUC and time-weighted average serum concentration for male and female rats,PFOS (potassium salt),rat,Sprague-Dawley,female,,"dietary, 105 weeks",5,ug K+PFOS/g diet,serum,AUC,6.7277e6,ng*wk/mL,,,AUC by linear interpolation,yes,,yes,Time-weighted average serum 64073 ng/ml - about 2.1-fold the male value
Butenhoff et al. 2012 (AUC calculated by NJ DWQI),2012,NJ DWQI 2018 PFOS health-based MCL support document,Table 30. Summary of AUC and time-weighted average serum concentration for male and female rats,PFOS (potassium salt),rat,Sprague-Dawley,male,,"dietary, 105 weeks",20,ug K+PFOS/g diet,serum,AUC,1.22798e7,ng*wk/mL,,,AUC by linear interpolation,yes,,,Time-weighted average serum 116950.5 ng/ml
Butenhoff et al. 2012 (AUC calculated by NJ DWQI),2012,NJ DWQI 2018 PFOS health-based MCL support document,Table 30. Summary of AUC and time-weighted average serum concentration for male and female rats,PFOS (potassium salt),rat,Sprague-Dawley,female,,"dietary, 105 weeks",20,ug K+PFOS/g diet,serum,AUC,2.1802e7,ng*wk/mL,,,AUC by linear interpolation,yes,,yes,Time-weighted average serum 210790 ng/ml - about 1.8-fold the male value. Consistent female > male ratio of 1.8-2.1 across all dose levels
Butenhoff et al. 2012; 3M Environmental Laboratory 2001 (AUC calculated by NJ DWQI),2012,NJ DWQI 2018 PFOS health-based MCL support document,Table 30. Summary of AUC and time-weighted average serum concentration for male and female rats,PFOS (potassium salt),rat,Sprague-Dawley,male and female (recovery group),,"dietary, dosing ended at 52 weeks",20 (recovery),ug K+PFOS/g diet,serum,"AUC and time-weighted average serum, recovery group",male AUC printed as 16105.5; female time-weighted average printed as 151939,ng*wk/mL and ng/ml,,,AUC by linear interpolation; female week-53 serum from 3M Environmental Laboratory 2001,yes,"Recovery group included for females because serum PFOS fell after dosing ceased at 52 weeks, as anticipated",yes,"TABLE FORMATTING CORRUPTION: the '20 recovery' row of Table 30 is printed with shifted columns - '16,105.5 | 1.6106 X 107 | 106 | 151,939'. By pattern the male AUC should be 1.6106e7 ng*wk/mL with a time-weighted average of 16105.5 ng/ml, and the female values 2.1802e7-scale AUC with a time-weighted average of 151939 ng/ml, but the printed order cannot be relied on. Recorded as printed, not resolved"
Butenhoff et al. 2012 (POD derived by NJ DWQI),2012,NJ DWQI 2018 PFOS health-based MCL support document,Tables 38-41 / RfD derivation,PFOS,rat,Sprague-Dawley,male,,"dietary, chronic 105 weeks",,,serum (AUC-based time-weighted average),BMDL for hepatocellular hypertrophy (POD serum),4560.8,ng/ml,,,benchmark dose modeling on AUC-derived time-weighted average serum concentrations,yes,"Carried forward as one of three PODs. NOAEL 2554 ng/ml and LOAEL 11724 ng/ml, both AUC-based",,Internal-dose POD on an AUC metric. Target Human Serum Level 152 ng/ml (UF total 30); RfD 12.3 ng/kg/day (1.23e-5 mg/kg/day)
Dong et al. 2009 (POD derived by NJ DWQI),2009,NJ DWQI 2018 PFOS health-based MCL support document,Table 38 / dose-response assessment,PFOS,mouse,,male,,"oral, 60 days",,,serum,BMDL for increased relative liver weight (POD serum),5585.5,ng/ml,,,benchmark dose modeling of measured serum PFOS,no,"REJECTED for RfD development: NJ states the Dong et al. 2012a NOAEL of 4350 ng/ml for the SAME endpoint was lower than this BMDL, so 'the POD for increased relative liver weight from Dong et al. (2009) was not further considered for RfD development'",,"EXPLICIT REJECTION of a BMDL in favour of a lower NOAEL for the same endpoint. NOAEL 674 ng/ml, LOAEL 7132 ng/ml"
Dong et al. 2012a (POD derived by NJ DWQI),2012,NJ DWQI 2018 PFOS health-based MCL support document,Tables 38-41 / RfD derivation,PFOS,mouse,,male,,oral,,,serum,NOAEL for increased relative liver weight (POD serum),4350,ng/ml,,,NOAEL from measured serum PFOS,yes,Carried forward as a POD; selected over the Dong et al. 2009 BMDL for the same endpoint because it is lower,,"LOAEL 8210 ng/ml. Target Human Serum Level 43.5 ng/ml (UF total 100, including a database UF of 10); RfD 3.5 ng/kg/day (3.5e-6 mg/kg/day)"
Dong et al. 2009 (POD derived by NJ DWQI),2009,NJ DWQI 2018 PFOS health-based MCL support document,Tables 38-41 / RfD derivation,PFOS,mouse,,male,,"oral, 60 days",,,serum,NOAEL for decreased plaque-forming cell response (POD serum),674,ng/ml,,,NOAEL from measured serum PFOS,yes,SELECTED as the critical POD; the Health-based MCL was calculated from this RfD,,THE CRITICAL PFOS POD. LOAEL 7132 ng/ml. Target Human Serum Level 22.5 ng/ml (UF total 30); RfD 1.8 ng/kg/day (1.8e-6 mg/kg/day)
NJ DWQI own derivation,2018,NJ DWQI 2018 PFOS health-based MCL support document,Table 40. Calculation of Target Human Serum Levels,PFOS,human,,,,oral,,,serum,"Target Human Serum Level (hepatocellular hypertrophy, male rat)",152,ng/ml,,,POD 4561 ng/ml divided by UF total 30,yes,UF composition: UFsub-chronic 1 (chronic study); UFLOAEL 1 (POD is a BMDL); UFanimal 3 for interspecies TOXICODYNAMIC differences only; UFhuman 10; UFdatabase 1,,"As in the PFOA assessment, NJ applies an animal-to-human UF of 3 for TOXICODYNAMIC differences only, omitting any toxicokinetic component because the POD is an internal (serum) dose"
NJ DWQI own derivation,2018,NJ DWQI 2018 PFOS health-based MCL support document,Table 40. Calculation of Target Human Serum Levels,PFOS,human,,,,oral,,,serum,"Target Human Serum Level (increased relative liver weight, male mouse)",43.5,ng/ml,,,POD 4350 ng/ml divided by UF total 100,yes,UF total 100 for this endpoint (includes a database UF of 10),,
NJ DWQI own derivation,2018,NJ DWQI 2018 PFOS health-based MCL support document,Table 40. Calculation of Target Human Serum Levels,PFOS,human,,,,oral,,,serum,"Target Human Serum Level (decreased plaque-forming cell response, male mouse)",22.5,ng/ml,,,POD 674 ng/ml divided by UF total 30,yes,"UF composition: UFLOAEL 1 (POD is a NOAEL); UFanimal 3 for interspecies toxicodynamic differences; UFhuman 10; UFdatabase 1. Subchronic UF not applied, partly because NJ concluded the decrease in plaque-forming cell response does not progress with longer exposure duration",,CRITICAL Target Human Serum Level for PFOS. 22.5 ng/ml is only about 4-fold above the U.S. 95th percentile serum PFOS of 18.5 ng/ml
NJ DWQI own derivation (clearance factor from USEPA 2016b),2018,NJ DWQI 2018 PFOS health-based MCL support document,Table 41. RfDs derived from Target Human Serum Levels,PFOS,human,,,,oral,,,serum to dose,RfD (hepatocellular hypertrophy),12.3 (1.23e-5 mg/kg/day),ng/kg/day,,,Target Human Serum Level 152 ng/ml x CL 0.081 ml/kg/day,yes,Equation: RfD (ng/kg/day) = Target Human Serum Level (ng/ml) x CL (ml/kg/day),,
NJ DWQI own derivation (clearance factor from USEPA 2016b),2018,NJ DWQI 2018 PFOS health-based MCL support document,Table 41. RfDs derived from Target Human Serum Levels,PFOS,human,,,,oral,,,serum to dose,RfD (increased relative liver weight),3.5 (3.5e-6 mg/kg/day),ng/kg/day,,,Target Human Serum Level 43.5 ng/ml x CL 0.081 ml/kg/day,yes,,,
NJ DWQI own derivation (clearance factor from USEPA 2016b),2018,NJ DWQI 2018 PFOS health-based MCL support document,Table 41. RfDs derived from Target Human Serum Levels,PFOS,human,,,,oral,,,serum to dose,RfD (decreased plaque-forming cell response),1.8 (1.8e-6 mg/kg/day),ng/kg/day,,,Target Human Serum Level 22.5 ng/ml x CL 0.081 ml/kg/day,yes,"The RfD used to calculate the recommended Health-based MCL, with DWQI defaults of 70 kg body weight, 2 L/day drinking water and a 20% RSC",,CRITICAL PFOS RfD. Yields the NJ Health-based MCL of 13 ng/L
Keil et al. 2008 (excluded from Figure 16),2008,NJ DWQI 2018 PFOS health-based MCL support document,Figure 16. Comparison of plaque forming cell response studies,PFOS,mouse,,,,oral,,,serum,serum PFOS concentration,not reported,not available,,,,no,EXCLUDED from NJ's cross-study comparison of plaque-forming cell response BECAUSE the study did not report serum PFOS concentrations,,REJECTION for lack of internal dose data - consistent with NJ's measured-serum-only rule
Peden-Adams et al. 2008 (female mice excluded from Figure 16),2008,NJ DWQI 2018 PFOS health-based MCL support document,Figure 16. Comparison of plaque forming cell response studies,PFOS,mouse,,female,,oral,,,serum,plaque-forming cell response vs serum PFOS,female data excluded from the comparison,qualitative,,,,no,EXCLUDED because 'the male response occurred at lower serum PFOS concentrations' - NJ used the more sensitive sex,yes,SEX DIFFERENCE IN RESPONSE at a given serum concentration: male mice more sensitive than female for the plaque-forming cell endpoint. A sex-specific rejection
"Butenhoff et al. 2012 (Table 46, serum recalculated by NJ DWQI)",2012,NJ DWQI 2018 PFOS health-based MCL support document,Table 46. Summary of hepatocellular tumor data in female rats,PFOS (potassium salt),rat,Sprague-Dawley,female,,"dietary, 105 weeks","0 (control), 0.5, 2, 5, 20 recovery, 20",ppm in feed,serum (AUC-based),AUC-based serum concentrations used for cancer dose-response,816; 5309; 22153; 64073; 151939; 207633,ng/ml,,,area under the curve by linear interpolation,yes,Used as the internal dose metric for the female rat hepatocellular tumour dose-response,yes,"DISCREPANCY BETWEEN NJ'S OWN TABLES: Table 46 gives the 20 ppm female AUC-based serum as 207,633 ng/ml while Table 30 of the same document gives 210,790 ng/ml for the same group. The 20 ppm recovery value of 151,939 ng/ml is consistent across both tables, confirming that figure belongs to the FEMALE recovery group"
Butenhoff et al. 2012 (potency calculated by NJ DWQI),2012,NJ DWQI 2018 PFOS health-based MCL support document,Cancer Potency Calculation - males,PFOS (potassium salt),rat,Sprague-Dawley,male,,"dietary, 105 weeks",20 ppm (116950 ng/ml AUC-based serum),ppm in feed,serum (AUC-based),"cancer potency for hepatocellular tumours, serum basis",1e-6,per (ng/ml),,,"linear slope from the 20 ppm group (tumour incidence 0.121 at 116,950 ng/ml serum) to the origin; benchmark dose modeling judged uninformative because all models fit equally between control and the single responding dose",no,"NOT USED. NJ states the male estimate is 'slightly higher than the estimate from the female rat data' but that the female data set 'is based on a more robust and more informative data set, since liver tumors occurred only in the high dose group in males but occurred in all dosed groups in females'",,"EXPLICIT REJECTION of the slightly MORE potent male estimate in favour of the better-characterised female dose-response. Note: no hepatocellular tumours occurred in the male recovery group, in contrast to females"
Butenhoff et al. 2012 (POD derived by NJ DWQI),2012,NJ DWQI 2018 PFOS health-based MCL support document,Cancer potency factor - females,PFOS (potassium salt),rat,Sprague-Dawley,female,,"dietary, 105 weeks",,,serum (AUC-based),"BMDL (10% response) for hepatocellular adenomas plus carcinomas, POD for the cancer slope factor",136931,ng/ml,,,"Gamma model with no power restriction; BMDL 136,931 ng/ml, selected over Log-logistic slope>=1 at 145,871 ng/ml (6% difference, nearly identical AIC 91.72 vs 91.71 and nearly identical scaled residuals)",yes,Selected as the POD for the cancer slope factor,,Model-selection detail recorded
Butenhoff et al. 2012 (potency calculated by NJ DWQI),2012,NJ DWQI 2018 PFOS health-based MCL support document,Cancer potency factor (cancer slope factor),PFOS (potassium salt),rat,Sprague-Dawley,female,,"dietary, 105 weeks",,,serum (AUC-based),"cancer potency slope, serum basis",7.3e-7,per (ng/ml),,,"linear slope between the POD and the origin: 0.1 divided by 148,088 ng/ml",yes,,yes,"INTERNAL INCONSISTENCY: the text states the POD for the cancer slope factor is 136,931 ng/ml, but the potency calculation in the next paragraph uses 148,160 ng/ml (described as the 10% response point) and divides by 148,088 ng/ml. Three different numbers appear within a few lines. Recorded, not resolved"
NJ DWQI own derivation (clearance factor from USEPA 2016b),2018,NJ DWQI 2018 PFOS health-based MCL support document,Cancer potency factor (cancer slope factor),PFOS,human,,,,oral,,,intake dose,"human cancer potency factor, intake dose basis",9.0e-6,per (ng/kg/day),,,serum-basis potency 7.3e-7 per (ng/ml) divided by the clearance factor 8.1e-5 L/kg/day (8.1e-2 ml/kg/day),yes,The clearance factor is the sole animal-to-human toxicokinetic step; no body-weight scaling is used,,"IMPORTANT CONTRAST WITH THE PFOA DOCUMENT: for PFOS, NJ converted the cancer potency from animal to human using the CLEARANCE FACTOR applied to measured (AUC) serum data. For PFOA, where serum was not measured in the key tumour study, NJ had to use the HALF-LIFE RATIO (120) instead"
NJ DWQI own uncertainty analysis,2018,NJ DWQI 2018 PFOS health-based MCL support document,Estimated cancer risk at Health-based MCL,PFOS,rat,Sprague-Dawley,female,,dietary,20 ppm recovery (dosed 1 year then 1 year undosed),ppm in feed,serum (AUC-based),stated uncertainties in the cancer slope factor,two named uncertainties,qualitative,,,,yes (adopted with stated uncertainty),"NJ names two uncertainties: (1) inclusion of the 20 ppm recovery group in the dose-response analysis, since its time course of exposure differs from the groups dosed for the full 2 years, although it 'helps to inform the shape of the dose-response curve'; (2) 'the dose-response modeling was based on AUC of serum PFOS data. Since the AUCs were developed using linear interpolation from data for a relatively small number of time points, and data for some time points were not available for all dose groups, there is considerable uncertainty in the AUC estimates'",,NJ'S OWN STATED UNCERTAINTY on its AUC dose metric. Note the document's description of the recovery group says 'dosed with PFOA for one year' - an apparent typographical error for PFOS in the PFOS document
Case et al. 2001,2001,NJ DWQI 2018 PFOS health-based MCL support document,Table 24 study summary / Rabbits (developmental),PFOS,rabbit,New Zealand white,female (pregnant),5 mated females per group,"oral gavage, GD7-GD29","0, 0.1, 1.0, 2.5, 3.75",mg/kg/day,serum/tissue,internal PFOS concentration,not determined,not available,,,,no,"NJ records 'Internal PFOS concentration not determined' for this study. Because NJ requires measured serum PFOS for dose-response modeling, the rabbit data could not be used quantitatively",,"RABBIT TK DATA GAP, explicitly recorded by NJ. NOAEL 3.8 mg/kg/day for pregnancy outcomes and for external, soft tissue and skeletal abnormalities. This is the only PFOS rabbit in-vivo study NJ reviewed and it has no internal dosimetry"
Case et al. 2001 (dose-range finder),2001,NJ DWQI 2018 PFOS health-based MCL support document,Appendix study summary - rabbit dose-range finder,"PFOS (salt not reported, 98.4% pure, in 2% Tween 80)",rabbit,"New Zealand white (Hra: (NZW) SPF), 5-6 months of age",female (mated),5 per group,"oral gavage, gestational (did not last entire pregnancy)","0, 5, 10, 20 (plus 0.1, 1.0, 2.5 groups identical to control)",mg/kg/day,maternal,maternal toxicity (body weight loss >15% vs controls; deaths; abortions),"body weight loss 0/5, 3/5, 4/5, 5/5; deaths 0/5, 0/5, 0/5, 4/5; abortions 0/5, 2/5, 4/5, 1/5 at 0, 5, 10, 20 mg/kg/day",incidence,,,,no,Dose-range finder; doses selected purposely to produce toxicity. NJ notes the sample size was limited to 5 females and gestational exposure did not last the entire pregnancy,,"RABBIT dose-response, no internal dosimetry. Included here because rabbit coverage is otherwise nearly absent"
NJ DWQI summary position,2018,NJ DWQI 2018 PFOS health-based MCL support document,Executive Summary - Toxicokinetics,PFOS,human,,,,oral,,,serum,human half-life (summary statement),about five,years,,,,yes,NJ's summary statement of its adopted human half-life,,Rounds the adopted Olsen et al. 2007 value of 5.4 years
NJ DWQI summary position,2018,NJ DWQI 2018 PFOS health-based MCL support document,Executive Summary - Toxicokinetics,PFOS,all species,,male and female,,oral,,,serum,basis for interspecies extrapolation,internal dose (serum level) rather than administered dose,method,,,,yes,"NJ: 'Because of the large variation in half-lives, the internal dose resulting from a given administered dose varies widely among species and, in some cases, genders of the same species. For this reason, interspecies (e.g. animal-to-human) comparisons are made on the basis of internal dose, as indicated by serum level, rather than administered dose.' Identical wording to the PFOA document",,"NJ'S CORE TOXICOKINETIC PRINCIPLE, stated identically in the PFOA 2017 and PFOS 2018 documents"
NJ DWQI summary position (citing USEPA 2016a/b),2018,NJ DWQI 2018 PFOS health-based MCL support document,Executive Summary - Relationship between drinking water exposure and human serum levels,PFOS,human,,,,oral - drinking water,,,serum,clearance factor (summary statement),8.1e-5,L/kg/day,,,,yes,Executive summary statement that the CL was 'developed by USEPA (2016a) ... based on empirical data',yes,"CITATION INCONSISTENCY: the executive summary attributes the PFOS clearance factor to 'USEPA (2016a)' at line 471 and to 'USEPA derived a CL' at line 834, while the Toxicokinetics section and Appendix 3 attribute it to USEPA (2016b). Also note the executive summary calls it 'based on empirical data' whereas Appendix 3 details that the Vd is a cross-chemical, cross-species extrapolation"
ATSDR 2015; USEPA 2016b (NJ summary),2015,NJ DWQI 2018 PFOS health-based MCL support document,Executive Summary - Toxicokinetics,PFOS,human vs rodent,,,,oral,,,feces,species difference in the importance of fecal elimination,feces NOT a significant route in humans (biliary reabsorption); feces IS a significant route in rodents,qualitative,,,,yes,"NJ's summary of the key species difference in elimination route, offered as a contributor to the shorter rodent half-life",,Mechanistic species difference. PFOS is almost totally bound to albumin and other serum proteins; it does not distribute to fat; liver accumulates the highest concentration across species; it is found in all tissues with long enough exposure or sensitive enough methods
Tatum-Gibbs et al. 2011,2011,NJ DWQI 2015 PFNA health-based MCL support document,Toxicokinetics - Absorption,PFNA,"rat, mouse",,,,oral,,,serum,oral absorption,rapid (qualitative; not quantitatively evaluated),qualitative,,,presence in serum soon after oral administration,yes (assumed complete),"NJ states 'oral absorption of PFNA has not been quantitatively evaluated' and reasons by analogy to PFOA, which differs from PFNA by only one fluorinated carbon",,"PFNA ABSORPTION DATA GAP, explicitly stated. Read-across from PFOA (Lau 2012; Post et al. 2012)"
Kinney et al. 1989,1989,NJ DWQI 2015 PFNA health-based MCL support document,Toxicokinetics - Absorption,PFNA (ammonium perfluorononanoate),rat,,,,inhalation (dust),,,,inhalation absorption,absorbed (inferred from acute toxicity by this route),qualitative,,,,no,,,Ammonium salt; inhalation route
Fasano et al. 2005 (PFOA) with F. Frasch personal communication (PFNA),2005,NJ DWQI 2015 PFNA health-based MCL support document,Toxicokinetics - Absorption,PFNA (by read-across from PFOA),rat and human (in vitro skin),,,,dermal (in vitro),"14000 ng/L (14 ug/L) PFOA in water, pH 5.01",ng/L,skin,dermal permeability coefficient (Kp),expected to be close to but slightly less than the PFOA value of 8.8e-5,cm/hr,,,read-across from PFOA; PFNA value not measured,no,"NJ states 'No information on the extent of dermal absorption of PFNA was located' and relies on a PERSONAL COMMUNICATION (F. Frasch) that the PFNA permeability coefficient is expected to be close to, but slightly less than, that of PFOA",,PFNA DERMAL DATA GAP. Unusual provenance: a personal communication is the sole source for the PFNA expectation
Lau et al. 2012,2012,NJ DWQI 2015 PFNA health-based MCL support document,Toxicokinetics - Distribution and Metabolism,PFNA,all species,,,,,,,,metabolism,not metabolized (chemically non-reactive),qualitative,,,,yes,,,
Tatum-Gibbs et al. 2011,2011,NJ DWQI 2015 PFNA health-based MCL support document,Toxicokinetics - Distribution and Metabolism,PFNA,"mouse, rat",,,,"oral, repeated administration",,,"serum, liver, kidney",tissue distribution ranking,liver > serum > kidney,qualitative ranking,,,,no,"NJ: PFNA is primarily distributed to serum, kidney and liver; after repeated administration liver concentrations exceed serum, while kidney concentrations are below serum",,"TISSUE DISTRIBUTION for PFNA. Kidney BELOW serum, unlike PFOA where kidney is the third-ranked tissue but concentrations exceed most other organs"
Ohmori et al. 2003,2003,NJ DWQI 2015 PFNA health-based MCL support document,Toxicokinetics - Distribution and Metabolism,PFNA,rat (in vitro plasma),,,,in vitro,,,plasma proteins,plasma protein binding,greater than 98,percent bound,,,in vitro binding,yes,"NJ: PFNA, like other PFCs, is almost totally bound to albumin and other serum proteins (Lau 2012)",,"PROTEIN BINDING, PFNA-specific quantitative value"
Lau 2012,2012,NJ DWQI 2015 PFNA health-based MCL support document,Toxicokinetics - Excretion,PFNA and other PFCs,all species,,,,,,,urine and feces,relationship between carbon chain length and excretion rate,rate of excretion generally DECREASES with increasing carbon chain length,qualitative,,,,yes,Underpins NJ's expectation that PFNA (C9) is more persistent than PFOA (C8),,CHAIN-LENGTH PRINCIPLE
Tatum-Gibbs et al. 2011,2011,NJ DWQI 2015 PFNA health-based MCL support document,Table 3. Half-lives of PFNA and PFOA in Male and Female Mice and Rats (days),PFNA,rat,,male,,oral,,,serum,elimination half-life,30.6,days,,,,yes,Tabulated for the PFNA:PFOA comparison. NJ concludes PFNA is excreted several-fold more slowly than PFOA in both sexes of both rodent species,,Companion value from Ohmori et al. 2003: 29.6 days. Very close agreement between the two studies for male rats
Ohmori et al. 2003,2003,NJ DWQI 2015 PFNA health-based MCL support document,Table 3. Half-lives of PFNA and PFOA in Male and Female Mice and Rats (days),PFNA,rat,,male,,oral,,,serum,elimination half-life,29.6,days,,,,yes,,,
Tatum-Gibbs et al. 2011,2011,NJ DWQI 2015 PFNA health-based MCL support document,Table 3. Half-lives of PFNA and PFOA in Male and Female Mice and Rats (days),PFNA,rat,,female,,oral,,,serum,elimination half-life,1.4,days,,,,yes,,,"FEMALE-RAT PHENOMENON FOR PFNA: 1.4 days vs 30.6 days in males, a ~22-fold sex difference. But note female rat PFNA (1.4-2.4 days) is far LONGER than female rat PFOA (0.08-0.17 days, i.e. 2-4 hours)"
Ohmori et al. 2003,2003,NJ DWQI 2015 PFNA health-based MCL support document,Table 3. Half-lives of PFNA and PFOA in Male and Female Mice and Rats (days),PFNA,rat,,female,,oral,,,serum,elimination half-life,2.4,days,,,,yes,,,Ohmori value 1.7-fold higher than Tatum-Gibbs for the female rat
Johnson et al. 1979,1979,NJ DWQI 2015 PFNA health-based MCL support document,Table 3. Half-lives of PFNA and PFOA in Male and Female Mice and Rats (days),PFOA,rat,,male,,oral,,,serum,elimination half-life,4-6,days,4,6,,no (comparator),Comparator for the PFNA:PFOA half-life ratio,,Consistent with Table 4 of the NJ 2017 PFOA document
Johnson et al. 1979,1979,NJ DWQI 2015 PFNA health-based MCL support document,Table 3. Half-lives of PFNA and PFOA in Male and Female Mice and Rats (days),PFOA,rat,,female,,oral,,,serum,elimination half-life,0.08-0.17,days,0.08,0.17,,no (comparator),Comparator,,"0.08-0.17 days = about 2-4 hours, matching the PFOA document narrative. Expressed in days here for the ratio calculation"
Lau et al. 2005,2005,NJ DWQI 2015 PFNA health-based MCL support document,Table 3. Half-lives of PFNA and PFOA in Male and Female Mice and Rats (days),PFOA,mouse,,male,,oral,,,serum,elimination half-life,19,days,,,,no (comparator),Comparator,,Matches the PFOA document Table 4
Lau et al. 2005,2005,NJ DWQI 2015 PFNA health-based MCL support document,Table 3. Half-lives of PFNA and PFOA in Male and Female Mice and Rats (days),PFOA,mouse,,female,,oral,,,serum,elimination half-life,17,days,,,,no (comparator),Comparator,,Matches the PFOA document Table 4
Tatum-Gibbs et al. 2011,2011,NJ DWQI 2015 PFNA health-based MCL support document,Table 3. Half-lives of PFNA and PFOA in Male and Female Mice and Rats (days),PFNA,mouse,,male,,oral,,,serum,elimination half-life,34.3,days,,,,yes,,yes,LARGE DISAGREEMENT BETWEEN PRIMARY STUDIES: Tatum-Gibbs et al. 2011 gives 34.3 days for male mice while Ohmori et al. 2003 gives 68.4 days - a 2-fold difference that NJ tabulates without reconciling
Ohmori et al. 2003,2003,NJ DWQI 2015 PFNA health-based MCL support document,Table 3. Half-lives of PFNA and PFOA in Male and Female Mice and Rats (days),PFNA,mouse,,male,,oral,,,serum,elimination half-life,68.4,days,,,,yes,,yes,2-fold longer than the Tatum-Gibbs value for the same species and sex
Tatum-Gibbs et al. 2011,2011,NJ DWQI 2015 PFNA health-based MCL support document,Table 3. Half-lives of PFNA and PFOA in Male and Female Mice and Rats (days),PFNA,mouse,,female,,oral,,,serum,elimination half-life,25.8,days,,,,yes,,yes,Tatum-Gibbs 25.8 days vs Ohmori 68.9 days for female mice - a 2.7-fold disagreement. Note Ohmori reports essentially NO sex difference in mice (68.4 male vs 68.9 female) while Tatum-Gibbs reports male 34.3 vs female 25.8
Ohmori et al. 2003,2003,NJ DWQI 2015 PFNA health-based MCL support document,Table 3. Half-lives of PFNA and PFOA in Male and Female Mice and Rats (days),PFNA,mouse,,female,,oral,,,serum,elimination half-life,68.9,days,,,,yes,,yes,Highest PFNA rodent half-life tabulated; essentially identical to the same study's male value
NJ DWQI own calculation (from Table 3 primary studies),2015,NJ DWQI 2015 PFNA health-based MCL support document,Table 3. Half-lives of PFNA and PFOA in Male and Female Mice and Rats (days),PFNA vs PFOA,rat,,male,,oral,,,serum,PFNA:PFOA half-life ratio,5.0-7.5,dimensionless ratio,5.0,7.5,ratio of the tabulated PFNA and PFOA half-lives,yes,Supports NJ's conclusion that PFNA is substantially more persistent than PFOA,,NJ'S OWN RATIO
NJ DWQI own calculation (from Table 3 primary studies),2015,NJ DWQI 2015 PFNA health-based MCL support document,Table 3. Half-lives of PFNA and PFOA in Male and Female Mice and Rats (days),PFNA vs PFOA,rat,,female,,oral,,,serum,PFNA:PFOA half-life ratio,8.2-30,dimensionless ratio,8.2,30,ratio of the tabulated half-lives,yes,,,"LARGEST PFNA:PFOA ratio in the table - the female rat, where PFOA is cleared in hours but PFNA takes days"
NJ DWQI own calculation (from Table 3 primary studies),2015,NJ DWQI 2015 PFNA health-based MCL support document,Table 3. Half-lives of PFNA and PFOA in Male and Female Mice and Rats (days),PFNA vs PFOA,mouse,,male,,oral,,,serum,PFNA:PFOA half-life ratio,2.0-4.0,dimensionless ratio,2.0,4.0,ratio of the tabulated half-lives,yes,,,
NJ DWQI own calculation (from Table 3 primary studies),2015,NJ DWQI 2015 PFNA health-based MCL support document,Table 3. Half-lives of PFNA and PFOA in Male and Female Mice and Rats (days),PFNA vs PFOA,mouse,,female,,oral,,,serum,PFNA:PFOA half-life ratio,1.4-3.6,dimensionless ratio,1.4,3.6,ratio of the tabulated half-lives,yes,"NJ: 'In these species and genders, estimates of PFNA half-lives were 2 to 30-fold longer than for PFOA'",,
Kudo et al. 2001,2001,NJ DWQI 2015 PFNA health-based MCL support document,"Toxicokinetics - Excretion, Rodents",PFNA,rat,,male and female,,,,,feces,fecal elimination rate,"slow, and similar in male and female rats",qualitative,,,,no,"NJ: because urinary excretion of PFNA is very slow in male rats, fecal excretion becomes proportionally more significant than in female rats where urinary excretion is rapid",,"SEX DIFFERENCE is in the URINARY, not the fecal, route"
Kudo et al. 2000,2000,NJ DWQI 2015 PFNA health-based MCL support document,"Toxicokinetics - Excretion, Rodents",PFNA,rat,,"male (intact, castrated, castrated plus testosterone)",,"intraperitoneal injection, 5 days",20,mg/kg/day,liver,effect of castration and testosterone on hepatic PFNA levels,castration reduced liver PFNA; testosterone treatment of castrated rats prevented the decrease,qualitative,,,,no,NJ: 'These results suggest that the rapid excretion of PFNA in male rats is dependent on testosterone',yes,"APPARENT ERROR IN THE NJ TEXT: the document says the results suggest 'the RAPID excretion of PFNA in male rats is dependent on testosterone', but male rats excrete PFNA SLOWLY (30.6 days vs 1.4 days in females) and castration (removing testosterone) reduced liver levels, i.e. increased excretion. The sentence appears to invert the direction. Recorded, not resolved"
Han et al. 2012; Weaver et al. 2010,2012,NJ DWQI 2015 PFNA health-based MCL support document,"Toxicokinetics - Excretion, Rodents",PFNA,rat,,male vs female,,,,,kidney,mechanism of the sex difference in excretion,sex differences in renal organic anion transporters (OATs) controlling urinary excretion rates,mechanism,,,,yes,Same mechanistic explanation NJ gives for PFOA,,
Benskin et al. 2009,2009,NJ DWQI 2015 PFNA health-based MCL support document,"Toxicokinetics - Excretion, isomer-specific","PFNA (linear, n-)",rat,,male,,"oral, single dose",,,serum,"elimination half-life, linear PFNA",41-48,days,41,48,single-dose and 12-week subchronic studies (De Silva et al. 2009),no,"NJ notes the linear form was excreted somewhat more SLOWLY than the branched form, and that half-lives were similar to those in Table 3",,ISOMER-SPECIFIC. In male rats the PFNA half-lives were 3-5 times longer than PFOA when the same isomer and dosing period were compared
Benskin et al. 2009; De Silva et al. 2009,2009,NJ DWQI 2015 PFNA health-based MCL support document,"Toxicokinetics - Excretion, isomer-specific","PFNA (branched, iso-)",rat,,male,,oral,,,serum,"elimination half-life, branched PFNA",21-32,days,21,32,,no,,,"Branched cleared faster than linear, same direction as PFOA"
De Silva et al. 2009,2009,NJ DWQI 2015 PFNA health-based MCL support document,"Toxicokinetics - Excretion, isomer-specific","PFNA (linear, n-)",rat,,female,,"oral, subchronic 12 weeks",,,serum,"elimination half-life, linear PFNA",2.1,days,,,,no,,,"SEX-SPECIFIC ISOMER DATA: female rat linear PFNA 2.1 days versus male 41-48 days, a ~20-fold sex difference"
De Silva et al. 2009,2009,NJ DWQI 2015 PFNA health-based MCL support document,"Toxicokinetics - Excretion, isomer-specific","PFNA (branched, iso-)",rat,,female,,"oral, subchronic 12 weeks",,,serum,"elimination half-life, branched PFNA",0.82,days,,,,no,,,Shortest PFNA half-life reported; branched/female combination
Benskin et al. 2009 (with Kudo et al. 2001),2009,NJ DWQI 2015 PFNA health-based MCL support document,"Toxicokinetics - Excretion, Rodents",PFNA,rat,,male,,oral,,,feces,percentage of dose excreted in feces,65-68,percent of dose,65,68,,no,NJ: a large percentage of PFNA is excreted in the feces of male rats because urinary excretion is so slow,,Fecal dominance in the male rat. Also measured in Mertens et al. 2010
NJ DWQI own assessment,2015,NJ DWQI 2015 PFNA health-based MCL support document,Toxicokinetics - Humans,PFNA,human,,,,occupational or drinking water cessation,,,serum,elimination half-life from serum decline,no information available,not available,,,,no,"NJ: 'Data on the human half-life of PFNA are extremely limited.' Human half-lives have been estimated from serum declines after exposure ended for PFOA, PFOS, PFHxS, PFBS and PFBA, but 'For PFNA, no such data are available'",,CRITICAL PFNA DATA GAP. Also recorded in Table 4 as 'No information'
Zhang et al. 2013a,2013,NJ DWQI 2015 PFNA health-based MCL support document,Table 4. Estimated half-lives of PFNA and PFOA in Humans (years),PFNA,human,,all males and females over 50 years,50,"environmental (Chinese general population, age 21-88)",,,serum and urine (paired),elimination half-life (mean),4.3,years,0.34,20,renal clearance estimated from paired urine and blood/serum measurements,yes,NJ's only quantitative source for a human PFNA half-life. NJ notes these urinary-clearance estimates 'are less definitive than those based on serum level declines',,"Range across individuals 0.34 to 20 years. Median serum PFNA in the study was 0.37 ng/ml, about two-fold below the 2011-12 NHANES median of 0.86 ng/ml"
Zhang et al. 2013a,2013,NJ DWQI 2015 PFNA health-based MCL support document,Table 4. Estimated half-lives of PFNA and PFOA in Humans (years),PFNA,human,,all males and females over 50 years,50,environmental (Chinese general population),,,serum and urine,elimination half-life (geometric mean),3.2,years,,,renal clearance,yes,,,
Zhang et al. 2013a,2013,NJ DWQI 2015 PFNA health-based MCL support document,Table 4. Estimated half-lives of PFNA and PFOA in Humans (years),PFNA,human,,all males and females over 50 years,50,environmental (Chinese general population),,,serum and urine,elimination half-life (median),3.5,years,,,renal clearance,yes,NJ prefers medians and geometric means because they estimate the 50th percentile and are less affected by outliers than means,,
Zhang et al. 2013a,2013,NJ DWQI 2015 PFNA health-based MCL support document,Table 4. Estimated half-lives of PFNA and PFOA in Humans (years),PFNA,human,,female 21-50 years,16,environmental (Chinese general population),,,"serum, urine, modeled menstrual loss",elimination half-life (mean),2.5,years,0.38,7.7,renal clearance PLUS modeled excretion through menstrual blood loss,no,NJ: 'The estimates of PFNA half-life in women under 50 years of age are based on modeling of this pathway and are considered more uncertain than the estimates for men and older women',,SEX- AND AGE-SPECIFIC. NJ explicitly downgrades the confidence in the younger-female estimates. Also notes menstrual clearance does not apply to children or to pregnant women
Zhang et al. 2013a,2013,NJ DWQI 2015 PFNA health-based MCL support document,Table 4. Estimated half-lives of PFNA and PFOA in Humans (years),PFNA,human,,female 21-50 years,16,environmental (Chinese general population),,,"serum, urine, modeled menstrual loss",elimination half-life (geometric mean),1.7,years,,,renal clearance plus modeled menstrual loss,no,,,Shorter than the 3.2-year geometric mean for males and older females
Zhang et al. 2013a,2013,NJ DWQI 2015 PFNA health-based MCL support document,Table 4. Estimated half-lives of PFNA and PFOA in Humans (years),PFNA,human,,female 21-50 years,16,environmental (Chinese general population),,,"serum, urine, modeled menstrual loss",elimination half-life (median),1.5,years,,,renal clearance plus modeled menstrual loss,no,,,
Zhang et al. 2013a,2013,NJ DWQI 2015 PFNA health-based MCL support document,Table 4. Estimated half-lives of PFNA and PFOA in Humans (years),PFOA,human,,all males and females over 50 years,66,environmental (Chinese general population),,,serum and urine,elimination half-life (mean / geometric mean / median),2.6 / 1.2 / 1.7,years,0.059,14,renal clearance,no (comparator),Comparator for the PFNA:PFOA ratio,yes,These urinary-clearance PFOA half-lives (1.2-2.6 years) are SHORTER than the serum-decline values NJ adopted in its 2017 PFOA document (2.3 years from Bartell et al. 2010a) and far shorter than the 3.8-10.1 year range from other studies. Range across individuals 0.059-14 years
Zhang et al. 2013a,2013,NJ DWQI 2015 PFNA health-based MCL support document,Table 4. Estimated half-lives of PFNA and PFOA in Humans (years),PFOA,human,,female 21-50 years,20,environmental (Chinese general population),,,"serum, urine, modeled menstrual loss",elimination half-life (mean / geometric mean / median),2.1 / 1.5 / 1.8,years,0.19,5.2,renal clearance plus modeled menstrual loss,no (comparator),,,Range across individuals 0.19-5.2 years
NJ DWQI own calculation (from Zhang et al. 2013a),2015,NJ DWQI 2015 PFNA health-based MCL support document,Table 4. Estimated half-lives of PFNA and PFOA in Humans (years),PFNA vs PFOA,human,,all males and females over 50 years,,environmental,,,serum,PFNA:PFOA half-life ratio (median basis),2.06,dimensionless ratio,,,ratio of median half-life estimates,yes,NJ concludes 'these results support the conclusion that PFNA is more persistent in humans than PFOA. A longer human half-life of PFNA as compared to PFOA is consistent with the toxicokinetic data from rodents',yes,"NJ'S OWN RATIO. Note the NJ text states 'the ratios of estimated half-lives for PFNA and PFOA in men and older women, based on medians and geometric means, are 2.06 and 2.67 years, respectively' - it labels dimensionless RATIOS as 'years', an apparent unit error. Mean-basis ratio 1.65"
NJ DWQI own calculation (from Zhang et al. 2013a),2015,NJ DWQI 2015 PFNA health-based MCL support document,Table 4. Estimated half-lives of PFNA and PFOA in Humans (years),PFNA vs PFOA,human,,all males and females over 50 years,,environmental,,,serum,PFNA:PFOA half-life ratio (geometric mean basis),2.67,dimensionless ratio,,,ratio of geometric mean half-life estimates,yes,,,Mean-basis ratio 1.65; geometric-mean basis 2.67; median basis 2.06
NJ DWQI own calculation (from Zhang et al. 2013a),2015,NJ DWQI 2015 PFNA health-based MCL support document,Table 4. Estimated half-lives of PFNA and PFOA in Humans (years),PFNA vs PFOA,human,,female 21-50 years,,environmental,,,serum,PFNA:PFOA half-life ratio (mean / geometric mean / median),1.19 / 1.13 / 0.83,dimensionless ratio,,,ratio of half-life estimates with modeled menstrual clearance,no,"NJ: 'For younger women for whom menstrual clearance was modeled, the estimated ratios are closer to 1. As noted above, the estimates for younger women are more uncertain'",yes,"SEX-SPECIFIC: in younger women the median-based ratio is BELOW 1 (0.83), i.e. PFNA would be shorter-lived than PFOA - the opposite of the conclusion NJ draws from men and older women. NJ attributes this to the greater uncertainty in the younger-female modeling"
Post et al. 2012 (multiple studies reviewed),2012,NJ DWQI 2015 PFNA health-based MCL support document,Table 4 footnote a,PFOA,human,,,multiple community studies,oral - contaminated drinking water,,,serum,elimination half-life from serum decline,2.3-10.1,years,2.3,10.1,decline in serum levels in communities with drinking water exposures,no (comparator),Comparator row showing what IS available for PFOA and is missing for PFNA,,Brackets the 2.3-year value NJ adopted in 2017 and the 10.1-year Seals et al. 2011 upper value
Olsen et al. 2007,2007,NJ DWQI 2015 PFNA health-based MCL support document,Table 4 footnote b,PFOA,human,,males and females combined,26,occupational (retired workers),,,serum,elimination half-life,3.8,years,,,serum decline in retired workers,no (comparator),Comparator,,Consistent with the PFOA document Table 4
Harada and Koizumi 2009; Taylor et al. 2014; Lorber et al. 2015; MDH 2013,2009,NJ DWQI 2015 PFNA health-based MCL support document,Toxicokinetics - Humans,PFNA and other PFCs,human,,,,,,,blood,blood loss as an excretion route,"menstruation, blood donation, venesection",qualitative,,,,yes,Cited to support the modeling of menstrual clearance in younger women,,Same citation cluster as in the PFOA document
Zhang et al. 2013a (NJ caveat),2013,NJ DWQI 2015 PFNA health-based MCL support document,Toxicokinetics - Humans,PFNA,human,,,86,environmental,,,feces,clearance pathways not considered,fecal excretion NOT considered,qualitative,,,,no,"NJ records that 'Other potential clearance pathways, such as fecal excretion, were not considered by Zhang et al. (2013a), but were believed by the researchers to be less significant than elimination through urine and menstrual blood'",yes,"METHODOLOGICAL GAP in the only human PFNA half-life source. Note NJ's own rodent data show fecal excretion accounts for 65-68% of the dose in male rats, so omitting it in humans is a substantive assumption"
Das et al. 2015; Wolf et al. 2010,2015,NJ DWQI 2015 PFNA health-based MCL support document,Fetal exposure - Maternal and cord blood serum levels,PFNA,mouse,,female (pregnant) and fetus,,"oral, gestational",,,maternal and fetal tissue,maternal-to-fetal transfer,occurs,qualitative,,,,yes,,,
Stein et al. 2012; Zhang et al. 2013b,2012,NJ DWQI 2015 PFNA health-based MCL support document,Fetal exposure - Maternal and cord blood serum levels,PFNA,human,,maternal-fetal,,environmental,,,"umbilical cord blood, placenta, amniotic fluid",detection in fetal compartments,"detected in cord blood, placenta and amniotic fluid",qualitative,,,,yes,Demonstrates maternal-fetal transfer in humans,,"PLACENTAL TRANSFER, human, PFNA"
Monroy et al. 2008; Fromme et al. 2010; Beesoon et al. 2011; Kim et al. 2011a; Liu et al. 2011a; Needham et al. 2011; Gutzkow et al. 2011; Ode et al. 2013; Zhang et al. 2013b,2008,NJ DWQI 2015 PFNA health-based MCL support document,Fetal exposure - Maternal and cord blood serum levels,PFNA,human,,maternal-neonate pairs,9 studies,environmental,,,cord blood serum vs maternal serum/plasma,cord:maternal serum ratio (range of study means; median of study means),0.3-1 (range); about 0.5 (median),ratio,0.3,1,nine studies measuring both maternal and cord blood PFNA,yes,NJ: PFNA levels in fetal cord blood serum generally correlate with maternal serum levels,yes,"PLACENTAL TRANSFER COMPARISON ACROSS CHEMICALS IN THE NJ SET: PFNA cord:maternal about 0.5 (median of 9 studies); PFOS about 0.5 (Kato et al. 2015); PFOA about 1:1 (0.68-1.26, Post et al. 2012). PFNA behaves like PFOS, not PFOA"
Fromme et al. 2010,2010,NJ DWQI 2015 PFNA health-based MCL support document,Table 5. PFNA (ng/ml) in serum from 53 mother:infant pairs,PFNA,human,,female (pregnant),44 (86% above LOQ),environmental (German cohort),,,maternal serum during pregnancy,serum concentration (mean / median / 95th percentile),0.8 / 0.6 / 2.8,ng/ml,,,,no,Used to illustrate the importance of breast milk as a PFNA exposure route,,PLACENTAL AND BREAST-MILK TRANSFER data for PFNA in one longitudinal cohort
Fromme et al. 2010,2010,NJ DWQI 2015 PFNA health-based MCL support document,Table 5. PFNA (ng/ml) in serum from 53 mother:infant pairs,PFNA,human,,female (at delivery),38 (83% above LOQ),environmental,,,maternal serum at delivery,serum concentration (mean / median / 95th percentile),0.8 / 0.6 / 3.0,ng/ml,,,,no,,,
Fromme et al. 2010,2010,NJ DWQI 2015 PFNA health-based MCL support document,Table 5. PFNA (ng/ml) in serum from 53 mother:infant pairs,PFNA,human,,female (6 months after delivery),47 (83% above LOQ),environmental,,,maternal serum 6 months after delivery,serum concentration (mean / median / 95th percentile),0.7 / 0.5 / 2.0,ng/ml,,,,no,,,Maternal serum declines modestly over lactation
Fromme et al. 2010,2010,NJ DWQI 2015 PFNA health-based MCL support document,Table 5. PFNA (ng/ml) in serum from 53 mother:infant pairs,PFNA,human,,fetus (cord blood),33 (30% above LOQ),environmental,,,cord blood serum,serum concentration (mean / median / 95th percentile),0.4 / less than 0.4 / 1.5,ng/ml,,,,no,NJ: mean and median infant (cord blood) serum levels were less than maternal serum at birth,,"Cord:maternal ratio about 0.5 at delivery, consistent with the 9-study range of 0.3-1"
Fromme et al. 2010,2010,NJ DWQI 2015 PFNA health-based MCL support document,Table 5. PFNA (ng/ml) in serum from 53 mother:infant pairs,PFNA,human,,infant (6 months after birth),40 (90% above LOQ),breast feeding,,,infant serum,serum concentration (mean / median / 95th percentile),1.1 / 1.0 / 2.3,ng/ml,,,,no,"NJ: 'serum PFNA increased at 6 months to levels higher than in maternal serum, presumably from exposure through breast milk'",,"BREAST-MILK TRANSFER: infant serum at 6 months (1.1 ng/ml) EXCEEDS maternal serum (0.7 ng/ml), having started at about half maternal at birth. Infant:maternal ratio rises from ~0.5 to ~1.6"
Fromme et al. 2010,2010,NJ DWQI 2015 PFNA health-based MCL support document,Table 5. PFNA (ng/ml) in serum from 53 mother:infant pairs,PFNA,human,,infant (19 months after birth),24 (83% above LOQ),breast feeding stopped or decreased,,,infant serum,serum concentration (mean / median / 95th percentile),0.7 / 0.6 / 1.4,ng/ml,,,,no,NJ attributes the decline to decreased exposure on a body weight basis combined with dilution due to rapid growth,,GROWTH DILUTION as a quasi-elimination mechanism in infants
USEPA 2008; USEPA 2011,2008,NJ DWQI 2015 PFNA health-based MCL support document,Infant Exposure - Distribution to Human Breast Milk,PFNA,human,,infant / adult / lactating woman,,drinking water and breast milk ingestion,,,fluid intake,mean intake rates by age group,formula/water 137 (0-1 mo) and 53 (6-12 mo); breast milk 150 (0-1 mo) and 83 (6-12 mo); children 11+ years and adults 13; lactating women 26,ml/kg/day,,,exposure factors,yes,NJ: 'Breast-fed infants will also receive higher exposures than older children and adults for contaminants that are transferred to breast milk at concentrations even several-fold below the concentration in the drinking water source',,Same exposure factors as the PFOA and PFOS documents
USEPA 2003 (principle); NJ DWQI reasoning,2003,NJ DWQI 2015 PFNA health-based MCL support document,Relationship between PFC drinking water concentrations and serum levels,PFNA and other persistent PFCs,human,,,,oral - drinking water,,,serum,theoretical basis for the serum:drinking water ratio,"the serum:drinking water ratio is expected to be PROPORTIONAL TO HALF-LIFE, provided a constant fraction of total intake is distributed to serum",principle,,,for persistent compounds the relationship between daily intake and body burden is proportional to half-life,yes,"NJ'S KEY TOXICOKINETIC INFERENCE FOR PFNA: because no PFNA serum:water data exist, NJ scales the PFOA ratio by the PFNA:PFOA half-life ratio. Rests on blood serum (with liver and kidney) being a major site of PFC distribution",,"THE CENTRAL METHODOLOGICAL MOVE OF THE PFNA ASSESSMENT, stated with its proviso"
"Emmett et al. 2006; Post et al. 2009a; Hoffman et al. 2011; MDH 2009; Clewell 2006, 2009; Harada et al. 2005; Worley and Fisher 2015",2006,NJ DWQI 2015 PFNA health-based MCL support document,Relationship between PFC drinking water concentrations and serum levels - PFOA,PFOA,human,,,,oral - drinking water (60 to 13300 ng/L),,,serum,serum:drinking water ratio (central tendency or lower),greater than 100,ratio (ng/ml per ug/L),,,several community studies plus three toxicokinetic modeling efforts,yes (as the anchor for PFNA),"NJ: 'Although upper percentile exposure factors are typically used in risk assessment, 100:1 represents a central tendency (or lower) estimate for the ratio in exposed populations. The ratio can be higher or lower among individuals due to differences in daily water consumption rates and physiological parameters related to excretion rate'",,The PFOA anchor value NJ scales to PFNA
Emmett et al. 2006,2006,NJ DWQI 2015 PFNA health-based MCL support document,Relationship between PFC drinking water concentrations and serum levels - PFOA,PFOA,human,,age 6 years or older,6 private well users,"oral - drinking water (private wells, Little Hocking Ohio)",,,serum,"serum:drinking water ratio, individual private well users",142-855,ratio (ng/ml per ug/L),142,855,individual ratios,no,Shows how wide the individual range can be,yes,"NOT PRESENT IN THE 2017 PFOA DOCUMENT: the 2015 PFNA document reports an individual-level range of 142:1 to 855:1 for six private well users in Emmett et al. 2006, which the later PFOA document does not mention. The upper value of 855:1 is 8-fold above the adopted central tendency"
Post et al. 2009a,2009,NJ DWQI 2015 PFNA health-based MCL support document,Relationship between PFC drinking water concentrations and serum levels - PFOA,PFOA,human,,,4 of 5 communities with reliable estimates,"oral - drinking water (greater than 60 ng/L, OH and WV)",,,serum,serum:drinking water ratio,100-330,ratio (ng/ml per ug/L),100,330,community-level estimates where the reported drinking water range was relatively narrow,no,,yes,"MORE SPECIFIC THAN THE 2017 PFOA DOCUMENT, which describes the same Post et al. 2009a analysis as confirming 'approximately 100:1' without giving the 100:1 to 330:1 range"
"Clewell 2006, 2009",2006,NJ DWQI 2015 PFNA health-based MCL support document,Relationship between PFC drinking water concentrations and serum levels - PFOA,PFOA,human,,,,oral,,,serum,intake-to-serum factor,0.127,(ng/kg/day)/(ng/ml),,,"pharmacokinetic model, validated with data from the exposed community in Little Hocking Ohio",no,With USEPA 2011 average daily water intake of 16 ml/kg/day this factor predicts a serum:drinking water ratio of 126:1,,"Same numeric factor as the 'clearance factor of 0.127 ml/kg/day' attributed to Clewell 2006 in the 2017 PFOA document, here given units of (ng/kg/day)/(ng/ml) and a stated validation dataset"
Harada et al. 2005,2005,NJ DWQI 2015 PFNA health-based MCL support document,Relationship between PFC drinking water concentrations and serum levels - PFOA,PFOA,human,,male,,oral,0.0017,ug/kg/day,serum,"predicted steady-state serum concentration, males",13,ng/ml (ug/L),,,one-compartment model,no,Used by NJ as an independent check on the ~100:1 ratio,yes,"SEX-SPECIFIC MODEL OUTPUT not reported in the 2017 PFOA document: males 13 ng/ml versus females 8 ng/ml at the same intake, i.e. a 1.6-fold predicted sex difference in steady-state serum PFOA"
Harada et al. 2005,2005,NJ DWQI 2015 PFNA health-based MCL support document,Relationship between PFC drinking water concentrations and serum levels - PFOA,PFOA,human,,female,,oral,0.0017,ug/kg/day,serum,"predicted steady-state serum concentration, females",8,ng/ml (ug/L),,,one-compartment model,no,,yes,SEX-SPECIFIC. Mean of the two sexes 10.5 ng/ml
Harada et al. 2005 (with NJ's own arithmetic),2005,NJ DWQI 2015 PFNA health-based MCL support document,Relationship between PFC drinking water concentrations and serum levels - PFOA,PFOA,human,,male and female (mean),,oral - drinking water,0.106,ug/L,serum,predicted serum:drinking water ratio,99,ratio (ng/ml per ug/L),,,mean predicted serum of 10.5 ug/L divided by the drinking water concentration of 0.106 ug/L; water intake 16 ml/kg/day,no,NJ: 'very close to the median ratio reported by Emmett et al. (2006)',yes,"MINOR INTERNAL INCONSISTENCY: NJ states the model assumed an intake of 0.0017 ug/kg/day but then computes the water concentration from 'a dose of 0.0016 ug/kg/day'. Recorded, not resolved"
Holzer et al. 2008,2008,NJ DWQI 2015 PFNA health-based MCL support document,Relationship between PFC drinking water concentrations and serum levels - PFOA,PFOA,human,,,,oral - drinking water (German community),,,serum,serum:drinking water ratio,approximately 50,ratio (ng/ml per ug/L),,,,no,"REJECTED, with the same three reasons given in the 2017 PFOA document: bottled water use by participants aware of the contamination for up to 6 months before blood sampling; uncertainty about the duration and time course of the contamination; differences in drinking water consumption patterns between German and U.S. residents",,Identical rejection and rationale appear in both the 2015 PFNA and 2017 PFOA documents
