study,year,pmid,doi,chemical,n_perfluorinated_carbons,head_group,protein,protein_species,method,ka,ka_units,kd,kd_units,n_binding_sites,binding_site_identified,unbound_fraction,protein_conc,protein_conc_units,ligand_conc_range,ligand_conc_units,temperature_c,buffer,is_computational,tk_relevance_noted,source_table
Fischer et al.,2024,,10.1021/acs.est.3c07415,PFPeA,4,carboxylate,human serum albumin (HSA),human,solid-phase microextraction (C18 fiber depletion) + HPLC-MS/MS,2.16,log D_protein/w (L_water per kg_protein); NOT an association constant,,,,,,"varied; PFAS:protein molar ratio <=0.004 (HSA,BSA) and <=0.009 (gamma-globulin)",mol/mol ratio,0.2-42 (C18-water step); 32-PFAS mixture at sub-saturating levels in protein steps,ug/L,37,"PBS pH 7.4 (0.01 M phosphate, 0.138 M NaCl, 0.0027 M KCl), 48 h",no,yes - f_unbound used to rank elimination half-lives and to estimate interindividual variability from NHANES 2017-18 albumin/globulin,Table S2
Fischer et al.,2024,,10.1021/acs.est.3c07415,PFPeA,4,carboxylate,whole human serum (surrogate),human,solid-phase microextraction (C18 fiber depletion) + HPLC-MS/MS,2.21,log D_protein/w (L_water per kg_protein); NOT an association constant,,,,,,"varied; PFAS:protein molar ratio <=0.004 (HSA,BSA) and <=0.009 (gamma-globulin)",mol/mol ratio,0.2-42 (C18-water step); 32-PFAS mixture at sub-saturating levels in protein steps,ug/L,37,"PBS pH 7.4 (0.01 M phosphate, 0.138 M NaCl, 0.0027 M KCl), 48 h",no,yes - f_unbound used to rank elimination half-lives and to estimate interindividual variability from NHANES 2017-18 albumin/globulin,Table S2
Fischer et al.,2024,,10.1021/acs.est.3c07415,PFHxA,5,carboxylate,human serum albumin (HSA),human,solid-phase microextraction (C18 fiber depletion) + HPLC-MS/MS,3.20,log D_protein/w (L_water per kg_protein); NOT an association constant,,,,,,"varied; PFAS:protein molar ratio <=0.004 (HSA,BSA) and <=0.009 (gamma-globulin)",mol/mol ratio,0.2-42 (C18-water step); 32-PFAS mixture at sub-saturating levels in protein steps,ug/L,37,"PBS pH 7.4 (0.01 M phosphate, 0.138 M NaCl, 0.0027 M KCl), 48 h",no,yes - f_unbound used to rank elimination half-lives and to estimate interindividual variability from NHANES 2017-18 albumin/globulin,Table S2
Fischer et al.,2024,,10.1021/acs.est.3c07415,PFHxA,5,carboxylate,bovine serum albumin (BSA),bovine,solid-phase microextraction (C18 fiber depletion) + HPLC-MS/MS,2.83,log D_protein/w (L_water per kg_protein); NOT an association constant,,,,,,"varied; PFAS:protein molar ratio <=0.004 (HSA,BSA) and <=0.009 (gamma-globulin)",mol/mol ratio,0.2-42 (C18-water step); 32-PFAS mixture at sub-saturating levels in protein steps,ug/L,37,"PBS pH 7.4 (0.01 M phosphate, 0.138 M NaCl, 0.0027 M KCl), 48 h",no,yes - f_unbound used to rank elimination half-lives and to estimate interindividual variability from NHANES 2017-18 albumin/globulin,Table S2
Fischer et al.,2024,,10.1021/acs.est.3c07415,PFHxA,5,carboxylate,gamma-globulin,human,solid-phase microextraction (C18 fiber depletion) + HPLC-MS/MS,1.73,log D_protein/w (L_water per kg_protein); NOT an association constant,,,,,,"varied; PFAS:protein molar ratio <=0.004 (HSA,BSA) and <=0.009 (gamma-globulin)",mol/mol ratio,0.2-42 (C18-water step); 32-PFAS mixture at sub-saturating levels in protein steps,ug/L,37,"PBS pH 7.4 (0.01 M phosphate, 0.138 M NaCl, 0.0027 M KCl), 48 h",no,yes - f_unbound used to rank elimination half-lives and to estimate interindividual variability from NHANES 2017-18 albumin/globulin,Table S2
Fischer et al.,2024,,10.1021/acs.est.3c07415,PFHxA,5,carboxylate,whole human serum (surrogate),human,solid-phase microextraction (C18 fiber depletion) + HPLC-MS/MS,1.99,log D_protein/w (L_water per kg_protein); NOT an association constant,,,,,,"varied; PFAS:protein molar ratio <=0.004 (HSA,BSA) and <=0.009 (gamma-globulin)",mol/mol ratio,0.2-42 (C18-water step); 32-PFAS mixture at sub-saturating levels in protein steps,ug/L,37,"PBS pH 7.4 (0.01 M phosphate, 0.138 M NaCl, 0.0027 M KCl), 48 h",no,yes - f_unbound used to rank elimination half-lives and to estimate interindividual variability from NHANES 2017-18 albumin/globulin,Table S2
Fischer et al.,2024,,10.1021/acs.est.3c07415,PFHpA,6,carboxylate,human serum albumin (HSA),human,solid-phase microextraction (C18 fiber depletion) + HPLC-MS/MS,4.10,log D_protein/w (L_water per kg_protein); NOT an association constant,,,,,,"varied; PFAS:protein molar ratio <=0.004 (HSA,BSA) and <=0.009 (gamma-globulin)",mol/mol ratio,0.2-42 (C18-water step); 32-PFAS mixture at sub-saturating levels in protein steps,ug/L,37,"PBS pH 7.4 (0.01 M phosphate, 0.138 M NaCl, 0.0027 M KCl), 48 h",no,yes - f_unbound used to rank elimination half-lives and to estimate interindividual variability from NHANES 2017-18 albumin/globulin,Table S2
Fischer et al.,2024,,10.1021/acs.est.3c07415,PFHpA,6,carboxylate,bovine serum albumin (BSA),bovine,solid-phase microextraction (C18 fiber depletion) + HPLC-MS/MS,3.93,log D_protein/w (L_water per kg_protein); NOT an association constant,,,,,,"varied; PFAS:protein molar ratio <=0.004 (HSA,BSA) and <=0.009 (gamma-globulin)",mol/mol ratio,0.2-42 (C18-water step); 32-PFAS mixture at sub-saturating levels in protein steps,ug/L,37,"PBS pH 7.4 (0.01 M phosphate, 0.138 M NaCl, 0.0027 M KCl), 48 h",no,yes - f_unbound used to rank elimination half-lives and to estimate interindividual variability from NHANES 2017-18 albumin/globulin,Table S2
Fischer et al.,2024,,10.1021/acs.est.3c07415,PFHpA,6,carboxylate,gamma-globulin,human,solid-phase microextraction (C18 fiber depletion) + HPLC-MS/MS,1.81,log D_protein/w (L_water per kg_protein); NOT an association constant,,,,,,"varied; PFAS:protein molar ratio <=0.004 (HSA,BSA) and <=0.009 (gamma-globulin)",mol/mol ratio,0.2-42 (C18-water step); 32-PFAS mixture at sub-saturating levels in protein steps,ug/L,37,"PBS pH 7.4 (0.01 M phosphate, 0.138 M NaCl, 0.0027 M KCl), 48 h",no,yes - f_unbound used to rank elimination half-lives and to estimate interindividual variability from NHANES 2017-18 albumin/globulin,Table S2
Fischer et al.,2024,,10.1021/acs.est.3c07415,PFHpA,6,carboxylate,whole human serum (surrogate),human,solid-phase microextraction (C18 fiber depletion) + HPLC-MS/MS,2.49,log D_protein/w (L_water per kg_protein); NOT an association constant,,,,,,"varied; PFAS:protein molar ratio <=0.004 (HSA,BSA) and <=0.009 (gamma-globulin)",mol/mol ratio,0.2-42 (C18-water step); 32-PFAS mixture at sub-saturating levels in protein steps,ug/L,37,"PBS pH 7.4 (0.01 M phosphate, 0.138 M NaCl, 0.0027 M KCl), 48 h",no,yes - f_unbound used to rank elimination half-lives and to estimate interindividual variability from NHANES 2017-18 albumin/globulin,Table S2
Fischer et al.,2024,,10.1021/acs.est.3c07415,PFOA,7,carboxylate,human serum albumin (HSA),human,solid-phase microextraction (C18 fiber depletion) + HPLC-MS/MS,4.48,log D_protein/w (L_water per kg_protein); NOT an association constant,,,,,,"varied; PFAS:protein molar ratio <=0.004 (HSA,BSA) and <=0.009 (gamma-globulin)",mol/mol ratio,0.2-42 (C18-water step); 32-PFAS mixture at sub-saturating levels in protein steps,ug/L,37,"PBS pH 7.4 (0.01 M phosphate, 0.138 M NaCl, 0.0027 M KCl), 48 h",no,yes - f_unbound used to rank elimination half-lives and to estimate interindividual variability from NHANES 2017-18 albumin/globulin,Table S2
Fischer et al.,2024,,10.1021/acs.est.3c07415,PFOA,7,carboxylate,bovine serum albumin (BSA),bovine,solid-phase microextraction (C18 fiber depletion) + HPLC-MS/MS,4.20,log D_protein/w (L_water per kg_protein); NOT an association constant,,,,,,"varied; PFAS:protein molar ratio <=0.004 (HSA,BSA) and <=0.009 (gamma-globulin)",mol/mol ratio,0.2-42 (C18-water step); 32-PFAS mixture at sub-saturating levels in protein steps,ug/L,37,"PBS pH 7.4 (0.01 M phosphate, 0.138 M NaCl, 0.0027 M KCl), 48 h",no,yes - f_unbound used to rank elimination half-lives and to estimate interindividual variability from NHANES 2017-18 albumin/globulin,Table S2
Fischer et al.,2024,,10.1021/acs.est.3c07415,PFOA,7,carboxylate,gamma-globulin,human,solid-phase microextraction (C18 fiber depletion) + HPLC-MS/MS,2.16,log D_protein/w (L_water per kg_protein); NOT an association constant,,,,,,"varied; PFAS:protein molar ratio <=0.004 (HSA,BSA) and <=0.009 (gamma-globulin)",mol/mol ratio,0.2-42 (C18-water step); 32-PFAS mixture at sub-saturating levels in protein steps,ug/L,37,"PBS pH 7.4 (0.01 M phosphate, 0.138 M NaCl, 0.0027 M KCl), 48 h",no,yes - f_unbound used to rank elimination half-lives and to estimate interindividual variability from NHANES 2017-18 albumin/globulin,Table S2
Fischer et al.,2024,,10.1021/acs.est.3c07415,PFOA,7,carboxylate,whole human serum (surrogate),human,solid-phase microextraction (C18 fiber depletion) + HPLC-MS/MS,2.85,log D_protein/w (L_water per kg_protein); NOT an association constant,,,,,0.00061,"varied; PFAS:protein molar ratio <=0.004 (HSA,BSA) and <=0.009 (gamma-globulin)",mol/mol ratio,0.2-42 (C18-water step); 32-PFAS mixture at sub-saturating levels in protein steps,ug/L,37,"PBS pH 7.4 (0.01 M phosphate, 0.138 M NaCl, 0.0027 M KCl), 48 h",no,yes - f_unbound used to rank elimination half-lives and to estimate interindividual variability from NHANES 2017-18 albumin/globulin,Table S2
Fischer et al.,2024,,10.1021/acs.est.3c07415,PFNA,8,carboxylate,human serum albumin (HSA),human,solid-phase microextraction (C18 fiber depletion) + HPLC-MS/MS,4.49,log D_protein/w (L_water per kg_protein); NOT an association constant,,,,,,"varied; PFAS:protein molar ratio <=0.004 (HSA,BSA) and <=0.009 (gamma-globulin)",mol/mol ratio,0.2-42 (C18-water step); 32-PFAS mixture at sub-saturating levels in protein steps,ug/L,37,"PBS pH 7.4 (0.01 M phosphate, 0.138 M NaCl, 0.0027 M KCl), 48 h",no,yes - f_unbound used to rank elimination half-lives and to estimate interindividual variability from NHANES 2017-18 albumin/globulin,Table S2
Fischer et al.,2024,,10.1021/acs.est.3c07415,PFNA,8,carboxylate,bovine serum albumin (BSA),bovine,solid-phase microextraction (C18 fiber depletion) + HPLC-MS/MS,4.54,log D_protein/w (L_water per kg_protein); NOT an association constant,,,,,,"varied; PFAS:protein molar ratio <=0.004 (HSA,BSA) and <=0.009 (gamma-globulin)",mol/mol ratio,0.2-42 (C18-water step); 32-PFAS mixture at sub-saturating levels in protein steps,ug/L,37,"PBS pH 7.4 (0.01 M phosphate, 0.138 M NaCl, 0.0027 M KCl), 48 h",no,yes - f_unbound used to rank elimination half-lives and to estimate interindividual variability from NHANES 2017-18 albumin/globulin,Table S2
Fischer et al.,2024,,10.1021/acs.est.3c07415,PFNA,8,carboxylate,gamma-globulin,human,solid-phase microextraction (C18 fiber depletion) + HPLC-MS/MS,2.81,log D_protein/w (L_water per kg_protein); NOT an association constant,,,,,,"varied; PFAS:protein molar ratio <=0.004 (HSA,BSA) and <=0.009 (gamma-globulin)",mol/mol ratio,0.2-42 (C18-water step); 32-PFAS mixture at sub-saturating levels in protein steps,ug/L,37,"PBS pH 7.4 (0.01 M phosphate, 0.138 M NaCl, 0.0027 M KCl), 48 h",no,yes - f_unbound used to rank elimination half-lives and to estimate interindividual variability from NHANES 2017-18 albumin/globulin,Table S2
Fischer et al.,2024,,10.1021/acs.est.3c07415,PFNA,8,carboxylate,whole human serum (surrogate),human,solid-phase microextraction (C18 fiber depletion) + HPLC-MS/MS,2.99,log D_protein/w (L_water per kg_protein); NOT an association constant,,,,,,"varied; PFAS:protein molar ratio <=0.004 (HSA,BSA) and <=0.009 (gamma-globulin)",mol/mol ratio,0.2-42 (C18-water step); 32-PFAS mixture at sub-saturating levels in protein steps,ug/L,37,"PBS pH 7.4 (0.01 M phosphate, 0.138 M NaCl, 0.0027 M KCl), 48 h",no,yes - f_unbound used to rank elimination half-lives and to estimate interindividual variability from NHANES 2017-18 albumin/globulin,Table S2
Fischer et al.,2024,,10.1021/acs.est.3c07415,PFDA,9,carboxylate,human serum albumin (HSA),human,solid-phase microextraction (C18 fiber depletion) + HPLC-MS/MS,4.73,log D_protein/w (L_water per kg_protein); NOT an association constant,,,,,,"varied; PFAS:protein molar ratio <=0.004 (HSA,BSA) and <=0.009 (gamma-globulin)",mol/mol ratio,0.2-42 (C18-water step); 32-PFAS mixture at sub-saturating levels in protein steps,ug/L,37,"PBS pH 7.4 (0.01 M phosphate, 0.138 M NaCl, 0.0027 M KCl), 48 h",no,yes - f_unbound used to rank elimination half-lives and to estimate interindividual variability from NHANES 2017-18 albumin/globulin,Table S2
Fischer et al.,2024,,10.1021/acs.est.3c07415,PFDA,9,carboxylate,bovine serum albumin (BSA),bovine,solid-phase microextraction (C18 fiber depletion) + HPLC-MS/MS,4.81,log D_protein/w (L_water per kg_protein); NOT an association constant,,,,,,"varied; PFAS:protein molar ratio <=0.004 (HSA,BSA) and <=0.009 (gamma-globulin)",mol/mol ratio,0.2-42 (C18-water step); 32-PFAS mixture at sub-saturating levels in protein steps,ug/L,37,"PBS pH 7.4 (0.01 M phosphate, 0.138 M NaCl, 0.0027 M KCl), 48 h",no,yes - f_unbound used to rank elimination half-lives and to estimate interindividual variability from NHANES 2017-18 albumin/globulin,Table S2
Fischer et al.,2024,,10.1021/acs.est.3c07415,PFDA,9,carboxylate,gamma-globulin,human,solid-phase microextraction (C18 fiber depletion) + HPLC-MS/MS,3.67,log D_protein/w (L_water per kg_protein); NOT an association constant,,,,,,"varied; PFAS:protein molar ratio <=0.004 (HSA,BSA) and <=0.009 (gamma-globulin)",mol/mol ratio,0.2-42 (C18-water step); 32-PFAS mixture at sub-saturating levels in protein steps,ug/L,37,"PBS pH 7.4 (0.01 M phosphate, 0.138 M NaCl, 0.0027 M KCl), 48 h",no,yes - f_unbound used to rank elimination half-lives and to estimate interindividual variability from NHANES 2017-18 albumin/globulin,Table S2
Fischer et al.,2024,,10.1021/acs.est.3c07415,PFDA,9,carboxylate,whole human serum (surrogate),human,solid-phase microextraction (C18 fiber depletion) + HPLC-MS/MS,3.40,log D_protein/w (L_water per kg_protein); NOT an association constant,,,,,,"varied; PFAS:protein molar ratio <=0.004 (HSA,BSA) and <=0.009 (gamma-globulin)",mol/mol ratio,0.2-42 (C18-water step); 32-PFAS mixture at sub-saturating levels in protein steps,ug/L,37,"PBS pH 7.4 (0.01 M phosphate, 0.138 M NaCl, 0.0027 M KCl), 48 h",no,yes - f_unbound used to rank elimination half-lives and to estimate interindividual variability from NHANES 2017-18 albumin/globulin,Table S2
Fischer et al.,2024,,10.1021/acs.est.3c07415,PFUnDA,10,carboxylate,human serum albumin (HSA),human,solid-phase microextraction (C18 fiber depletion) + HPLC-MS/MS,5.18,log D_protein/w (L_water per kg_protein); NOT an association constant,,,,,,"varied; PFAS:protein molar ratio <=0.004 (HSA,BSA) and <=0.009 (gamma-globulin)",mol/mol ratio,0.2-42 (C18-water step); 32-PFAS mixture at sub-saturating levels in protein steps,ug/L,37,"PBS pH 7.4 (0.01 M phosphate, 0.138 M NaCl, 0.0027 M KCl), 48 h",no,yes - f_unbound used to rank elimination half-lives and to estimate interindividual variability from NHANES 2017-18 albumin/globulin,Table S2
Fischer et al.,2024,,10.1021/acs.est.3c07415,PFUnDA,10,carboxylate,bovine serum albumin (BSA),bovine,solid-phase microextraction (C18 fiber depletion) + HPLC-MS/MS,5.17,log D_protein/w (L_water per kg_protein); NOT an association constant,,,,,,"varied; PFAS:protein molar ratio <=0.004 (HSA,BSA) and <=0.009 (gamma-globulin)",mol/mol ratio,0.2-42 (C18-water step); 32-PFAS mixture at sub-saturating levels in protein steps,ug/L,37,"PBS pH 7.4 (0.01 M phosphate, 0.138 M NaCl, 0.0027 M KCl), 48 h",no,yes - f_unbound used to rank elimination half-lives and to estimate interindividual variability from NHANES 2017-18 albumin/globulin,Table S2
Fischer et al.,2024,,10.1021/acs.est.3c07415,PFUnDA,10,carboxylate,gamma-globulin,human,solid-phase microextraction (C18 fiber depletion) + HPLC-MS/MS,4.64,log D_protein/w (L_water per kg_protein); NOT an association constant,,,,,,"varied; PFAS:protein molar ratio <=0.004 (HSA,BSA) and <=0.009 (gamma-globulin)",mol/mol ratio,0.2-42 (C18-water step); 32-PFAS mixture at sub-saturating levels in protein steps,ug/L,37,"PBS pH 7.4 (0.01 M phosphate, 0.138 M NaCl, 0.0027 M KCl), 48 h",no,yes - f_unbound used to rank elimination half-lives and to estimate interindividual variability from NHANES 2017-18 albumin/globulin,Table S2
Fischer et al.,2024,,10.1021/acs.est.3c07415,PFUnDA,10,carboxylate,whole human serum (surrogate),human,solid-phase microextraction (C18 fiber depletion) + HPLC-MS/MS,3.87,log D_protein/w (L_water per kg_protein); NOT an association constant,,,,,,"varied; PFAS:protein molar ratio <=0.004 (HSA,BSA) and <=0.009 (gamma-globulin)",mol/mol ratio,0.2-42 (C18-water step); 32-PFAS mixture at sub-saturating levels in protein steps,ug/L,37,"PBS pH 7.4 (0.01 M phosphate, 0.138 M NaCl, 0.0027 M KCl), 48 h",no,yes - f_unbound used to rank elimination half-lives and to estimate interindividual variability from NHANES 2017-18 albumin/globulin,Table S2
Fischer et al.,2024,,10.1021/acs.est.3c07415,PFDoDA,11,carboxylate,human serum albumin (HSA),human,solid-phase microextraction (C18 fiber depletion) + HPLC-MS/MS,5.05,log D_protein/w (L_water per kg_protein); NOT an association constant,,,,,,"varied; PFAS:protein molar ratio <=0.004 (HSA,BSA) and <=0.009 (gamma-globulin)",mol/mol ratio,0.2-42 (C18-water step); 32-PFAS mixture at sub-saturating levels in protein steps,ug/L,37,"PBS pH 7.4 (0.01 M phosphate, 0.138 M NaCl, 0.0027 M KCl), 48 h",no,yes - f_unbound used to rank elimination half-lives and to estimate interindividual variability from NHANES 2017-18 albumin/globulin,Table S2
Fischer et al.,2024,,10.1021/acs.est.3c07415,PFDoDA,11,carboxylate,bovine serum albumin (BSA),bovine,solid-phase microextraction (C18 fiber depletion) + HPLC-MS/MS,5.12,log D_protein/w (L_water per kg_protein); NOT an association constant,,,,,,"varied; PFAS:protein molar ratio <=0.004 (HSA,BSA) and <=0.009 (gamma-globulin)",mol/mol ratio,0.2-42 (C18-water step); 32-PFAS mixture at sub-saturating levels in protein steps,ug/L,37,"PBS pH 7.4 (0.01 M phosphate, 0.138 M NaCl, 0.0027 M KCl), 48 h",no,yes - f_unbound used to rank elimination half-lives and to estimate interindividual variability from NHANES 2017-18 albumin/globulin,Table S2
Fischer et al.,2024,,10.1021/acs.est.3c07415,PFDoDA,11,carboxylate,gamma-globulin,human,solid-phase microextraction (C18 fiber depletion) + HPLC-MS/MS,4.81,log D_protein/w (L_water per kg_protein); NOT an association constant,,,,,,"varied; PFAS:protein molar ratio <=0.004 (HSA,BSA) and <=0.009 (gamma-globulin)",mol/mol ratio,0.2-42 (C18-water step); 32-PFAS mixture at sub-saturating levels in protein steps,ug/L,37,"PBS pH 7.4 (0.01 M phosphate, 0.138 M NaCl, 0.0027 M KCl), 48 h",no,yes - f_unbound used to rank elimination half-lives and to estimate interindividual variability from NHANES 2017-18 albumin/globulin,Table S2
Fischer et al.,2024,,10.1021/acs.est.3c07415,PFDoDA,11,carboxylate,whole human serum (surrogate),human,solid-phase microextraction (C18 fiber depletion) + HPLC-MS/MS,3.62,log D_protein/w (L_water per kg_protein); NOT an association constant,,,,,,"varied; PFAS:protein molar ratio <=0.004 (HSA,BSA) and <=0.009 (gamma-globulin)",mol/mol ratio,0.2-42 (C18-water step); 32-PFAS mixture at sub-saturating levels in protein steps,ug/L,37,"PBS pH 7.4 (0.01 M phosphate, 0.138 M NaCl, 0.0027 M KCl), 48 h",no,yes - f_unbound used to rank elimination half-lives and to estimate interindividual variability from NHANES 2017-18 albumin/globulin,Table S2
Fischer et al.,2024,,10.1021/acs.est.3c07415,PFTriDA,12,carboxylate,human serum albumin (HSA),human,solid-phase microextraction (C18 fiber depletion) + HPLC-MS/MS,4.54,log D_protein/w (L_water per kg_protein); NOT an association constant,,,,,,"varied; PFAS:protein molar ratio <=0.004 (HSA,BSA) and <=0.009 (gamma-globulin)",mol/mol ratio,0.2-42 (C18-water step); 32-PFAS mixture at sub-saturating levels in protein steps,ug/L,37,"PBS pH 7.4 (0.01 M phosphate, 0.138 M NaCl, 0.0027 M KCl), 48 h",no,yes - f_unbound used to rank elimination half-lives and to estimate interindividual variability from NHANES 2017-18 albumin/globulin,Table S2
Fischer et al.,2024,,10.1021/acs.est.3c07415,PFTriDA,12,carboxylate,bovine serum albumin (BSA),bovine,solid-phase microextraction (C18 fiber depletion) + HPLC-MS/MS,4.47,log D_protein/w (L_water per kg_protein); NOT an association constant,,,,,,"varied; PFAS:protein molar ratio <=0.004 (HSA,BSA) and <=0.009 (gamma-globulin)",mol/mol ratio,0.2-42 (C18-water step); 32-PFAS mixture at sub-saturating levels in protein steps,ug/L,37,"PBS pH 7.4 (0.01 M phosphate, 0.138 M NaCl, 0.0027 M KCl), 48 h",no,yes - f_unbound used to rank elimination half-lives and to estimate interindividual variability from NHANES 2017-18 albumin/globulin,Table S2
Fischer et al.,2024,,10.1021/acs.est.3c07415,PFTriDA,12,carboxylate,gamma-globulin,human,solid-phase microextraction (C18 fiber depletion) + HPLC-MS/MS,4.33,log D_protein/w (L_water per kg_protein); NOT an association constant,,,,,,"varied; PFAS:protein molar ratio <=0.004 (HSA,BSA) and <=0.009 (gamma-globulin)",mol/mol ratio,0.2-42 (C18-water step); 32-PFAS mixture at sub-saturating levels in protein steps,ug/L,37,"PBS pH 7.4 (0.01 M phosphate, 0.138 M NaCl, 0.0027 M KCl), 48 h",no,yes - f_unbound used to rank elimination half-lives and to estimate interindividual variability from NHANES 2017-18 albumin/globulin,Table S2
Fischer et al.,2024,,10.1021/acs.est.3c07415,PFTriDA,12,carboxylate,whole human serum (surrogate),human,solid-phase microextraction (C18 fiber depletion) + HPLC-MS/MS,3.08,log D_protein/w (L_water per kg_protein); NOT an association constant,,,,,,"varied; PFAS:protein molar ratio <=0.004 (HSA,BSA) and <=0.009 (gamma-globulin)",mol/mol ratio,0.2-42 (C18-water step); 32-PFAS mixture at sub-saturating levels in protein steps,ug/L,37,"PBS pH 7.4 (0.01 M phosphate, 0.138 M NaCl, 0.0027 M KCl), 48 h",no,yes - f_unbound used to rank elimination half-lives and to estimate interindividual variability from NHANES 2017-18 albumin/globulin,Table S2
Fischer et al.,2024,,10.1021/acs.est.3c07415,PFTeDA,13,carboxylate,human serum albumin (HSA),human,solid-phase microextraction (C18 fiber depletion) + HPLC-MS/MS,3.87,log D_protein/w (L_water per kg_protein); NOT an association constant,,,,,,"varied; PFAS:protein molar ratio <=0.004 (HSA,BSA) and <=0.009 (gamma-globulin)",mol/mol ratio,0.2-42 (C18-water step); 32-PFAS mixture at sub-saturating levels in protein steps,ug/L,37,"PBS pH 7.4 (0.01 M phosphate, 0.138 M NaCl, 0.0027 M KCl), 48 h",no,yes - f_unbound used to rank elimination half-lives and to estimate interindividual variability from NHANES 2017-18 albumin/globulin,Table S2
Fischer et al.,2024,,10.1021/acs.est.3c07415,PFTeDA,13,carboxylate,bovine serum albumin (BSA),bovine,solid-phase microextraction (C18 fiber depletion) + HPLC-MS/MS,3.87,log D_protein/w (L_water per kg_protein); NOT an association constant,,,,,,"varied; PFAS:protein molar ratio <=0.004 (HSA,BSA) and <=0.009 (gamma-globulin)",mol/mol ratio,0.2-42 (C18-water step); 32-PFAS mixture at sub-saturating levels in protein steps,ug/L,37,"PBS pH 7.4 (0.01 M phosphate, 0.138 M NaCl, 0.0027 M KCl), 48 h",no,yes - f_unbound used to rank elimination half-lives and to estimate interindividual variability from NHANES 2017-18 albumin/globulin,Table S2
Fischer et al.,2024,,10.1021/acs.est.3c07415,PFTeDA,13,carboxylate,gamma-globulin,human,solid-phase microextraction (C18 fiber depletion) + HPLC-MS/MS,4.00,log D_protein/w (L_water per kg_protein); NOT an association constant,,,,,,"varied; PFAS:protein molar ratio <=0.004 (HSA,BSA) and <=0.009 (gamma-globulin)",mol/mol ratio,0.2-42 (C18-water step); 32-PFAS mixture at sub-saturating levels in protein steps,ug/L,37,"PBS pH 7.4 (0.01 M phosphate, 0.138 M NaCl, 0.0027 M KCl), 48 h",no,yes - f_unbound used to rank elimination half-lives and to estimate interindividual variability from NHANES 2017-18 albumin/globulin,Table S2
Fischer et al.,2024,,10.1021/acs.est.3c07415,PFTeDA,13,carboxylate,whole human serum (surrogate),human,solid-phase microextraction (C18 fiber depletion) + HPLC-MS/MS,3.00,log D_protein/w (L_water per kg_protein); NOT an association constant,,,,,,"varied; PFAS:protein molar ratio <=0.004 (HSA,BSA) and <=0.009 (gamma-globulin)",mol/mol ratio,0.2-42 (C18-water step); 32-PFAS mixture at sub-saturating levels in protein steps,ug/L,37,"PBS pH 7.4 (0.01 M phosphate, 0.138 M NaCl, 0.0027 M KCl), 48 h",no,yes - f_unbound used to rank elimination half-lives and to estimate interindividual variability from NHANES 2017-18 albumin/globulin,Table S2
Fischer et al.,2024,,10.1021/acs.est.3c07415,PFBS,4,sulfonate,human serum albumin (HSA),human,solid-phase microextraction (C18 fiber depletion) + HPLC-MS/MS,3.26,log D_protein/w (L_water per kg_protein); NOT an association constant,,,,,,"varied; PFAS:protein molar ratio <=0.004 (HSA,BSA) and <=0.009 (gamma-globulin)",mol/mol ratio,0.2-42 (C18-water step); 32-PFAS mixture at sub-saturating levels in protein steps,ug/L,37,"PBS pH 7.4 (0.01 M phosphate, 0.138 M NaCl, 0.0027 M KCl), 48 h",no,yes - f_unbound used to rank elimination half-lives and to estimate interindividual variability from NHANES 2017-18 albumin/globulin,Table S2
Fischer et al.,2024,,10.1021/acs.est.3c07415,PFBS,4,sulfonate,bovine serum albumin (BSA),bovine,solid-phase microextraction (C18 fiber depletion) + HPLC-MS/MS,2.28,log D_protein/w (L_water per kg_protein); NOT an association constant,,,,,,"varied; PFAS:protein molar ratio <=0.004 (HSA,BSA) and <=0.009 (gamma-globulin)",mol/mol ratio,0.2-42 (C18-water step); 32-PFAS mixture at sub-saturating levels in protein steps,ug/L,37,"PBS pH 7.4 (0.01 M phosphate, 0.138 M NaCl, 0.0027 M KCl), 48 h",no,yes - f_unbound used to rank elimination half-lives and to estimate interindividual variability from NHANES 2017-18 albumin/globulin,Table S2
Fischer et al.,2024,,10.1021/acs.est.3c07415,PFBS,4,sulfonate,gamma-globulin,human,solid-phase microextraction (C18 fiber depletion) + HPLC-MS/MS,2.03,log D_protein/w (L_water per kg_protein); NOT an association constant,,,,,,"varied; PFAS:protein molar ratio <=0.004 (HSA,BSA) and <=0.009 (gamma-globulin)",mol/mol ratio,0.2-42 (C18-water step); 32-PFAS mixture at sub-saturating levels in protein steps,ug/L,37,"PBS pH 7.4 (0.01 M phosphate, 0.138 M NaCl, 0.0027 M KCl), 48 h",no,yes - f_unbound used to rank elimination half-lives and to estimate interindividual variability from NHANES 2017-18 albumin/globulin,Table S2
Fischer et al.,2024,,10.1021/acs.est.3c07415,PFPeS,5,sulfonate,human serum albumin (HSA),human,solid-phase microextraction (C18 fiber depletion) + HPLC-MS/MS,3.98,log D_protein/w (L_water per kg_protein); NOT an association constant,,,,,,"varied; PFAS:protein molar ratio <=0.004 (HSA,BSA) and <=0.009 (gamma-globulin)",mol/mol ratio,0.2-42 (C18-water step); 32-PFAS mixture at sub-saturating levels in protein steps,ug/L,37,"PBS pH 7.4 (0.01 M phosphate, 0.138 M NaCl, 0.0027 M KCl), 48 h",no,yes - f_unbound used to rank elimination half-lives and to estimate interindividual variability from NHANES 2017-18 albumin/globulin,Table S2
Fischer et al.,2024,,10.1021/acs.est.3c07415,PFPeS,5,sulfonate,bovine serum albumin (BSA),bovine,solid-phase microextraction (C18 fiber depletion) + HPLC-MS/MS,4.00,log D_protein/w (L_water per kg_protein); NOT an association constant,,,,,,"varied; PFAS:protein molar ratio <=0.004 (HSA,BSA) and <=0.009 (gamma-globulin)",mol/mol ratio,0.2-42 (C18-water step); 32-PFAS mixture at sub-saturating levels in protein steps,ug/L,37,"PBS pH 7.4 (0.01 M phosphate, 0.138 M NaCl, 0.0027 M KCl), 48 h",no,yes - f_unbound used to rank elimination half-lives and to estimate interindividual variability from NHANES 2017-18 albumin/globulin,Table S2
Fischer et al.,2024,,10.1021/acs.est.3c07415,PFPeS,5,sulfonate,gamma-globulin,human,solid-phase microextraction (C18 fiber depletion) + HPLC-MS/MS,1.85,log D_protein/w (L_water per kg_protein); NOT an association constant,,,,,,"varied; PFAS:protein molar ratio <=0.004 (HSA,BSA) and <=0.009 (gamma-globulin)",mol/mol ratio,0.2-42 (C18-water step); 32-PFAS mixture at sub-saturating levels in protein steps,ug/L,37,"PBS pH 7.4 (0.01 M phosphate, 0.138 M NaCl, 0.0027 M KCl), 48 h",no,yes - f_unbound used to rank elimination half-lives and to estimate interindividual variability from NHANES 2017-18 albumin/globulin,Table S2
Fischer et al.,2024,,10.1021/acs.est.3c07415,PFPeS,5,sulfonate,whole human serum (surrogate),human,solid-phase microextraction (C18 fiber depletion) + HPLC-MS/MS,2.40,log D_protein/w (L_water per kg_protein); NOT an association constant,,,,,,"varied; PFAS:protein molar ratio <=0.004 (HSA,BSA) and <=0.009 (gamma-globulin)",mol/mol ratio,0.2-42 (C18-water step); 32-PFAS mixture at sub-saturating levels in protein steps,ug/L,37,"PBS pH 7.4 (0.01 M phosphate, 0.138 M NaCl, 0.0027 M KCl), 48 h",no,yes - f_unbound used to rank elimination half-lives and to estimate interindividual variability from NHANES 2017-18 albumin/globulin,Table S2
Fischer et al.,2024,,10.1021/acs.est.3c07415,PFHxS,6,sulfonate,human serum albumin (HSA),human,solid-phase microextraction (C18 fiber depletion) + HPLC-MS/MS,4.77,log D_protein/w (L_water per kg_protein); NOT an association constant,,,,,,"varied; PFAS:protein molar ratio <=0.004 (HSA,BSA) and <=0.009 (gamma-globulin)",mol/mol ratio,0.2-42 (C18-water step); 32-PFAS mixture at sub-saturating levels in protein steps,ug/L,37,"PBS pH 7.4 (0.01 M phosphate, 0.138 M NaCl, 0.0027 M KCl), 48 h",no,yes - f_unbound used to rank elimination half-lives and to estimate interindividual variability from NHANES 2017-18 albumin/globulin,Table S2
Fischer et al.,2024,,10.1021/acs.est.3c07415,PFHxS,6,sulfonate,bovine serum albumin (BSA),bovine,solid-phase microextraction (C18 fiber depletion) + HPLC-MS/MS,4.61,log D_protein/w (L_water per kg_protein); NOT an association constant,,,,,,"varied; PFAS:protein molar ratio <=0.004 (HSA,BSA) and <=0.009 (gamma-globulin)",mol/mol ratio,0.2-42 (C18-water step); 32-PFAS mixture at sub-saturating levels in protein steps,ug/L,37,"PBS pH 7.4 (0.01 M phosphate, 0.138 M NaCl, 0.0027 M KCl), 48 h",no,yes - f_unbound used to rank elimination half-lives and to estimate interindividual variability from NHANES 2017-18 albumin/globulin,Table S2
Fischer et al.,2024,,10.1021/acs.est.3c07415,PFHxS,6,sulfonate,gamma-globulin,human,solid-phase microextraction (C18 fiber depletion) + HPLC-MS/MS,1.95,log D_protein/w (L_water per kg_protein); NOT an association constant,,,,,,"varied; PFAS:protein molar ratio <=0.004 (HSA,BSA) and <=0.009 (gamma-globulin)",mol/mol ratio,0.2-42 (C18-water step); 32-PFAS mixture at sub-saturating levels in protein steps,ug/L,37,"PBS pH 7.4 (0.01 M phosphate, 0.138 M NaCl, 0.0027 M KCl), 48 h",no,yes - f_unbound used to rank elimination half-lives and to estimate interindividual variability from NHANES 2017-18 albumin/globulin,Table S2
Fischer et al.,2024,,10.1021/acs.est.3c07415,PFHxS,6,sulfonate,whole human serum (surrogate),human,solid-phase microextraction (C18 fiber depletion) + HPLC-MS/MS,3.30,log D_protein/w (L_water per kg_protein); NOT an association constant,,,,,0.00041,"varied; PFAS:protein molar ratio <=0.004 (HSA,BSA) and <=0.009 (gamma-globulin)",mol/mol ratio,0.2-42 (C18-water step); 32-PFAS mixture at sub-saturating levels in protein steps,ug/L,37,"PBS pH 7.4 (0.01 M phosphate, 0.138 M NaCl, 0.0027 M KCl), 48 h",no,yes - f_unbound used to rank elimination half-lives and to estimate interindividual variability from NHANES 2017-18 albumin/globulin,Table S2
Fischer et al.,2024,,10.1021/acs.est.3c07415,PFHpS,7,sulfonate,human serum albumin (HSA),human,solid-phase microextraction (C18 fiber depletion) + HPLC-MS/MS,5.49,log D_protein/w (L_water per kg_protein); NOT an association constant,,,,,,"varied; PFAS:protein molar ratio <=0.004 (HSA,BSA) and <=0.009 (gamma-globulin)",mol/mol ratio,0.2-42 (C18-water step); 32-PFAS mixture at sub-saturating levels in protein steps,ug/L,37,"PBS pH 7.4 (0.01 M phosphate, 0.138 M NaCl, 0.0027 M KCl), 48 h",no,yes - f_unbound used to rank elimination half-lives and to estimate interindividual variability from NHANES 2017-18 albumin/globulin,Table S2
Fischer et al.,2024,,10.1021/acs.est.3c07415,PFHpS,7,sulfonate,bovine serum albumin (BSA),bovine,solid-phase microextraction (C18 fiber depletion) + HPLC-MS/MS,4.88,log D_protein/w (L_water per kg_protein); NOT an association constant,,,,,,"varied; PFAS:protein molar ratio <=0.004 (HSA,BSA) and <=0.009 (gamma-globulin)",mol/mol ratio,0.2-42 (C18-water step); 32-PFAS mixture at sub-saturating levels in protein steps,ug/L,37,"PBS pH 7.4 (0.01 M phosphate, 0.138 M NaCl, 0.0027 M KCl), 48 h",no,yes - f_unbound used to rank elimination half-lives and to estimate interindividual variability from NHANES 2017-18 albumin/globulin,Table S2
Fischer et al.,2024,,10.1021/acs.est.3c07415,PFHpS,7,sulfonate,gamma-globulin,human,solid-phase microextraction (C18 fiber depletion) + HPLC-MS/MS,2.47,log D_protein/w (L_water per kg_protein); NOT an association constant,,,,,,"varied; PFAS:protein molar ratio <=0.004 (HSA,BSA) and <=0.009 (gamma-globulin)",mol/mol ratio,0.2-42 (C18-water step); 32-PFAS mixture at sub-saturating levels in protein steps,ug/L,37,"PBS pH 7.4 (0.01 M phosphate, 0.138 M NaCl, 0.0027 M KCl), 48 h",no,yes - f_unbound used to rank elimination half-lives and to estimate interindividual variability from NHANES 2017-18 albumin/globulin,Table S2
Fischer et al.,2024,,10.1021/acs.est.3c07415,PFHpS,7,sulfonate,whole human serum (surrogate),human,solid-phase microextraction (C18 fiber depletion) + HPLC-MS/MS,3.38,log D_protein/w (L_water per kg_protein); NOT an association constant,,,,,0.00035,"varied; PFAS:protein molar ratio <=0.004 (HSA,BSA) and <=0.009 (gamma-globulin)",mol/mol ratio,0.2-42 (C18-water step); 32-PFAS mixture at sub-saturating levels in protein steps,ug/L,37,"PBS pH 7.4 (0.01 M phosphate, 0.138 M NaCl, 0.0027 M KCl), 48 h",no,yes - f_unbound used to rank elimination half-lives and to estimate interindividual variability from NHANES 2017-18 albumin/globulin,Table S2
Fischer et al.,2024,,10.1021/acs.est.3c07415,PFOS,8,sulfonate,human serum albumin (HSA),human,solid-phase microextraction (C18 fiber depletion) + HPLC-MS/MS,4.62,log D_protein/w (L_water per kg_protein); NOT an association constant,,,,,,"varied; PFAS:protein molar ratio <=0.004 (HSA,BSA) and <=0.009 (gamma-globulin)",mol/mol ratio,0.2-42 (C18-water step); 32-PFAS mixture at sub-saturating levels in protein steps,ug/L,37,"PBS pH 7.4 (0.01 M phosphate, 0.138 M NaCl, 0.0027 M KCl), 48 h",no,yes - f_unbound used to rank elimination half-lives and to estimate interindividual variability from NHANES 2017-18 albumin/globulin,Table S2
Fischer et al.,2024,,10.1021/acs.est.3c07415,PFOS,8,sulfonate,bovine serum albumin (BSA),bovine,solid-phase microextraction (C18 fiber depletion) + HPLC-MS/MS,4.76,log D_protein/w (L_water per kg_protein); NOT an association constant,,,,,,"varied; PFAS:protein molar ratio <=0.004 (HSA,BSA) and <=0.009 (gamma-globulin)",mol/mol ratio,0.2-42 (C18-water step); 32-PFAS mixture at sub-saturating levels in protein steps,ug/L,37,"PBS pH 7.4 (0.01 M phosphate, 0.138 M NaCl, 0.0027 M KCl), 48 h",no,yes - f_unbound used to rank elimination half-lives and to estimate interindividual variability from NHANES 2017-18 albumin/globulin,Table S2
Fischer et al.,2024,,10.1021/acs.est.3c07415,PFOS,8,sulfonate,gamma-globulin,human,solid-phase microextraction (C18 fiber depletion) + HPLC-MS/MS,3.33,log D_protein/w (L_water per kg_protein); NOT an association constant,,,,,,"varied; PFAS:protein molar ratio <=0.004 (HSA,BSA) and <=0.009 (gamma-globulin)",mol/mol ratio,0.2-42 (C18-water step); 32-PFAS mixture at sub-saturating levels in protein steps,ug/L,37,"PBS pH 7.4 (0.01 M phosphate, 0.138 M NaCl, 0.0027 M KCl), 48 h",no,yes - f_unbound used to rank elimination half-lives and to estimate interindividual variability from NHANES 2017-18 albumin/globulin,Table S2
Fischer et al.,2024,,10.1021/acs.est.3c07415,PFOS,8,sulfonate,whole human serum (surrogate),human,solid-phase microextraction (C18 fiber depletion) + HPLC-MS/MS,3.09,log D_protein/w (L_water per kg_protein); NOT an association constant,,,,,0.00042,"varied; PFAS:protein molar ratio <=0.004 (HSA,BSA) and <=0.009 (gamma-globulin)",mol/mol ratio,0.2-42 (C18-water step); 32-PFAS mixture at sub-saturating levels in protein steps,ug/L,37,"PBS pH 7.4 (0.01 M phosphate, 0.138 M NaCl, 0.0027 M KCl), 48 h",no,yes - f_unbound used to rank elimination half-lives and to estimate interindividual variability from NHANES 2017-18 albumin/globulin,Table S2
Fischer et al.,2024,,10.1021/acs.est.3c07415,PFNS,9,sulfonate,human serum albumin (HSA),human,solid-phase microextraction (C18 fiber depletion) + HPLC-MS/MS,4.99,log D_protein/w (L_water per kg_protein); NOT an association constant,,,,,,"varied; PFAS:protein molar ratio <=0.004 (HSA,BSA) and <=0.009 (gamma-globulin)",mol/mol ratio,0.2-42 (C18-water step); 32-PFAS mixture at sub-saturating levels in protein steps,ug/L,37,"PBS pH 7.4 (0.01 M phosphate, 0.138 M NaCl, 0.0027 M KCl), 48 h",no,yes - f_unbound used to rank elimination half-lives and to estimate interindividual variability from NHANES 2017-18 albumin/globulin,Table S2
Fischer et al.,2024,,10.1021/acs.est.3c07415,PFNS,9,sulfonate,bovine serum albumin (BSA),bovine,solid-phase microextraction (C18 fiber depletion) + HPLC-MS/MS,5.14,log D_protein/w (L_water per kg_protein); NOT an association constant,,,,,,"varied; PFAS:protein molar ratio <=0.004 (HSA,BSA) and <=0.009 (gamma-globulin)",mol/mol ratio,0.2-42 (C18-water step); 32-PFAS mixture at sub-saturating levels in protein steps,ug/L,37,"PBS pH 7.4 (0.01 M phosphate, 0.138 M NaCl, 0.0027 M KCl), 48 h",no,yes - f_unbound used to rank elimination half-lives and to estimate interindividual variability from NHANES 2017-18 albumin/globulin,Table S2
Fischer et al.,2024,,10.1021/acs.est.3c07415,PFNS,9,sulfonate,gamma-globulin,human,solid-phase microextraction (C18 fiber depletion) + HPLC-MS/MS,4.49,log D_protein/w (L_water per kg_protein); NOT an association constant,,,,,,"varied; PFAS:protein molar ratio <=0.004 (HSA,BSA) and <=0.009 (gamma-globulin)",mol/mol ratio,0.2-42 (C18-water step); 32-PFAS mixture at sub-saturating levels in protein steps,ug/L,37,"PBS pH 7.4 (0.01 M phosphate, 0.138 M NaCl, 0.0027 M KCl), 48 h",no,yes - f_unbound used to rank elimination half-lives and to estimate interindividual variability from NHANES 2017-18 albumin/globulin,Table S2
Fischer et al.,2024,,10.1021/acs.est.3c07415,PFNS,9,sulfonate,whole human serum (surrogate),human,solid-phase microextraction (C18 fiber depletion) + HPLC-MS/MS,3.74,log D_protein/w (L_water per kg_protein); NOT an association constant,,,,,,"varied; PFAS:protein molar ratio <=0.004 (HSA,BSA) and <=0.009 (gamma-globulin)",mol/mol ratio,0.2-42 (C18-water step); 32-PFAS mixture at sub-saturating levels in protein steps,ug/L,37,"PBS pH 7.4 (0.01 M phosphate, 0.138 M NaCl, 0.0027 M KCl), 48 h",no,yes - f_unbound used to rank elimination half-lives and to estimate interindividual variability from NHANES 2017-18 albumin/globulin,Table S2
Fischer et al.,2024,,10.1021/acs.est.3c07415,PFDS,10,sulfonate,human serum albumin (HSA),human,solid-phase microextraction (C18 fiber depletion) + HPLC-MS/MS,5.05,log D_protein/w (L_water per kg_protein); NOT an association constant,,,,,,"varied; PFAS:protein molar ratio <=0.004 (HSA,BSA) and <=0.009 (gamma-globulin)",mol/mol ratio,0.2-42 (C18-water step); 32-PFAS mixture at sub-saturating levels in protein steps,ug/L,37,"PBS pH 7.4 (0.01 M phosphate, 0.138 M NaCl, 0.0027 M KCl), 48 h",no,yes - f_unbound used to rank elimination half-lives and to estimate interindividual variability from NHANES 2017-18 albumin/globulin,Table S2
Fischer et al.,2024,,10.1021/acs.est.3c07415,PFDS,10,sulfonate,bovine serum albumin (BSA),bovine,solid-phase microextraction (C18 fiber depletion) + HPLC-MS/MS,5.13,log D_protein/w (L_water per kg_protein); NOT an association constant,,,,,,"varied; PFAS:protein molar ratio <=0.004 (HSA,BSA) and <=0.009 (gamma-globulin)",mol/mol ratio,0.2-42 (C18-water step); 32-PFAS mixture at sub-saturating levels in protein steps,ug/L,37,"PBS pH 7.4 (0.01 M phosphate, 0.138 M NaCl, 0.0027 M KCl), 48 h",no,yes - f_unbound used to rank elimination half-lives and to estimate interindividual variability from NHANES 2017-18 albumin/globulin,Table S2
Fischer et al.,2024,,10.1021/acs.est.3c07415,PFDS,10,sulfonate,gamma-globulin,human,solid-phase microextraction (C18 fiber depletion) + HPLC-MS/MS,4.96,log D_protein/w (L_water per kg_protein); NOT an association constant,,,,,,"varied; PFAS:protein molar ratio <=0.004 (HSA,BSA) and <=0.009 (gamma-globulin)",mol/mol ratio,0.2-42 (C18-water step); 32-PFAS mixture at sub-saturating levels in protein steps,ug/L,37,"PBS pH 7.4 (0.01 M phosphate, 0.138 M NaCl, 0.0027 M KCl), 48 h",no,yes - f_unbound used to rank elimination half-lives and to estimate interindividual variability from NHANES 2017-18 albumin/globulin,Table S2
Fischer et al.,2024,,10.1021/acs.est.3c07415,PFDS,10,sulfonate,whole human serum (surrogate),human,solid-phase microextraction (C18 fiber depletion) + HPLC-MS/MS,3.90,log D_protein/w (L_water per kg_protein); NOT an association constant,,,,,,"varied; PFAS:protein molar ratio <=0.004 (HSA,BSA) and <=0.009 (gamma-globulin)",mol/mol ratio,0.2-42 (C18-water step); 32-PFAS mixture at sub-saturating levels in protein steps,ug/L,37,"PBS pH 7.4 (0.01 M phosphate, 0.138 M NaCl, 0.0027 M KCl), 48 h",no,yes - f_unbound used to rank elimination half-lives and to estimate interindividual variability from NHANES 2017-18 albumin/globulin,Table S2
Fischer et al.,2024,,10.1021/acs.est.3c07415,FHxSA,6,sulfonamide,gamma-globulin,human,solid-phase microextraction (C18 fiber depletion) + HPLC-MS/MS,2.21,log D_protein/w (L_water per kg_protein); NOT an association constant,,,,,,"varied; PFAS:protein molar ratio <=0.004 (HSA,BSA) and <=0.009 (gamma-globulin)",mol/mol ratio,0.2-42 (C18-water step); 32-PFAS mixture at sub-saturating levels in protein steps,ug/L,37,"PBS pH 7.4 (0.01 M phosphate, 0.138 M NaCl, 0.0027 M KCl), 48 h",no,yes - f_unbound used to rank elimination half-lives and to estimate interindividual variability from NHANES 2017-18 albumin/globulin,Table S2
Fischer et al.,2024,,10.1021/acs.est.3c07415,FHxSA,6,sulfonamide,whole human serum (surrogate),human,solid-phase microextraction (C18 fiber depletion) + HPLC-MS/MS,3.01,log D_protein/w (L_water per kg_protein); NOT an association constant,,,,,,"varied; PFAS:protein molar ratio <=0.004 (HSA,BSA) and <=0.009 (gamma-globulin)",mol/mol ratio,0.2-42 (C18-water step); 32-PFAS mixture at sub-saturating levels in protein steps,ug/L,37,"PBS pH 7.4 (0.01 M phosphate, 0.138 M NaCl, 0.0027 M KCl), 48 h",no,yes - f_unbound used to rank elimination half-lives and to estimate interindividual variability from NHANES 2017-18 albumin/globulin,Table S2
Fischer et al.,2024,,10.1021/acs.est.3c07415,FOSA,8,sulfonamide,human serum albumin (HSA),human,solid-phase microextraction (C18 fiber depletion) + HPLC-MS/MS,4.34,log D_protein/w (L_water per kg_protein); NOT an association constant,,,,,,"varied; PFAS:protein molar ratio <=0.004 (HSA,BSA) and <=0.009 (gamma-globulin)",mol/mol ratio,0.2-42 (C18-water step); 32-PFAS mixture at sub-saturating levels in protein steps,ug/L,37,"PBS pH 7.4 (0.01 M phosphate, 0.138 M NaCl, 0.0027 M KCl), 48 h",no,yes - f_unbound used to rank elimination half-lives and to estimate interindividual variability from NHANES 2017-18 albumin/globulin,Table S2
Fischer et al.,2024,,10.1021/acs.est.3c07415,FOSA,8,sulfonamide,bovine serum albumin (BSA),bovine,solid-phase microextraction (C18 fiber depletion) + HPLC-MS/MS,4.33,log D_protein/w (L_water per kg_protein); NOT an association constant,,,,,,"varied; PFAS:protein molar ratio <=0.004 (HSA,BSA) and <=0.009 (gamma-globulin)",mol/mol ratio,0.2-42 (C18-water step); 32-PFAS mixture at sub-saturating levels in protein steps,ug/L,37,"PBS pH 7.4 (0.01 M phosphate, 0.138 M NaCl, 0.0027 M KCl), 48 h",no,yes - f_unbound used to rank elimination half-lives and to estimate interindividual variability from NHANES 2017-18 albumin/globulin,Table S2
Fischer et al.,2024,,10.1021/acs.est.3c07415,FOSA,8,sulfonamide,gamma-globulin,human,solid-phase microextraction (C18 fiber depletion) + HPLC-MS/MS,3.03,log D_protein/w (L_water per kg_protein); NOT an association constant,,,,,,"varied; PFAS:protein molar ratio <=0.004 (HSA,BSA) and <=0.009 (gamma-globulin)",mol/mol ratio,0.2-42 (C18-water step); 32-PFAS mixture at sub-saturating levels in protein steps,ug/L,37,"PBS pH 7.4 (0.01 M phosphate, 0.138 M NaCl, 0.0027 M KCl), 48 h",no,yes - f_unbound used to rank elimination half-lives and to estimate interindividual variability from NHANES 2017-18 albumin/globulin,Table S2
Fischer et al.,2024,,10.1021/acs.est.3c07415,FOSA,8,sulfonamide,whole human serum (surrogate),human,solid-phase microextraction (C18 fiber depletion) + HPLC-MS/MS,2.79,log D_protein/w (L_water per kg_protein); NOT an association constant,,,,,,"varied; PFAS:protein molar ratio <=0.004 (HSA,BSA) and <=0.009 (gamma-globulin)",mol/mol ratio,0.2-42 (C18-water step); 32-PFAS mixture at sub-saturating levels in protein steps,ug/L,37,"PBS pH 7.4 (0.01 M phosphate, 0.138 M NaCl, 0.0027 M KCl), 48 h",no,yes - f_unbound used to rank elimination half-lives and to estimate interindividual variability from NHANES 2017-18 albumin/globulin,Table S2
Fischer et al.,2024,,10.1021/acs.est.3c07415,FOSAA,8,sulfonamide,human serum albumin (HSA),human,solid-phase microextraction (C18 fiber depletion) + HPLC-MS/MS,4.31,log D_protein/w (L_water per kg_protein); NOT an association constant,,,,,,"varied; PFAS:protein molar ratio <=0.004 (HSA,BSA) and <=0.009 (gamma-globulin)",mol/mol ratio,0.2-42 (C18-water step); 32-PFAS mixture at sub-saturating levels in protein steps,ug/L,37,"PBS pH 7.4 (0.01 M phosphate, 0.138 M NaCl, 0.0027 M KCl), 48 h",no,yes - f_unbound used to rank elimination half-lives and to estimate interindividual variability from NHANES 2017-18 albumin/globulin,Table S2
Fischer et al.,2024,,10.1021/acs.est.3c07415,FOSAA,8,sulfonamide,bovine serum albumin (BSA),bovine,solid-phase microextraction (C18 fiber depletion) + HPLC-MS/MS,4.30,log D_protein/w (L_water per kg_protein); NOT an association constant,,,,,,"varied; PFAS:protein molar ratio <=0.004 (HSA,BSA) and <=0.009 (gamma-globulin)",mol/mol ratio,0.2-42 (C18-water step); 32-PFAS mixture at sub-saturating levels in protein steps,ug/L,37,"PBS pH 7.4 (0.01 M phosphate, 0.138 M NaCl, 0.0027 M KCl), 48 h",no,yes - f_unbound used to rank elimination half-lives and to estimate interindividual variability from NHANES 2017-18 albumin/globulin,Table S2
Fischer et al.,2024,,10.1021/acs.est.3c07415,FOSAA,8,sulfonamide,gamma-globulin,human,solid-phase microextraction (C18 fiber depletion) + HPLC-MS/MS,2.96,log D_protein/w (L_water per kg_protein); NOT an association constant,,,,,,"varied; PFAS:protein molar ratio <=0.004 (HSA,BSA) and <=0.009 (gamma-globulin)",mol/mol ratio,0.2-42 (C18-water step); 32-PFAS mixture at sub-saturating levels in protein steps,ug/L,37,"PBS pH 7.4 (0.01 M phosphate, 0.138 M NaCl, 0.0027 M KCl), 48 h",no,yes - f_unbound used to rank elimination half-lives and to estimate interindividual variability from NHANES 2017-18 albumin/globulin,Table S2
Fischer et al.,2024,,10.1021/acs.est.3c07415,FOSAA,8,sulfonamide,whole human serum (surrogate),human,solid-phase microextraction (C18 fiber depletion) + HPLC-MS/MS,3.01,log D_protein/w (L_water per kg_protein); NOT an association constant,,,,,,"varied; PFAS:protein molar ratio <=0.004 (HSA,BSA) and <=0.009 (gamma-globulin)",mol/mol ratio,0.2-42 (C18-water step); 32-PFAS mixture at sub-saturating levels in protein steps,ug/L,37,"PBS pH 7.4 (0.01 M phosphate, 0.138 M NaCl, 0.0027 M KCl), 48 h",no,yes - f_unbound used to rank elimination half-lives and to estimate interindividual variability from NHANES 2017-18 albumin/globulin,Table S2
Fischer et al.,2024,,10.1021/acs.est.3c07415,N-MeFOSAA,8,sulfonamide,human serum albumin (HSA),human,solid-phase microextraction (C18 fiber depletion) + HPLC-MS/MS,4.27,log D_protein/w (L_water per kg_protein); NOT an association constant,,,,,,"varied; PFAS:protein molar ratio <=0.004 (HSA,BSA) and <=0.009 (gamma-globulin)",mol/mol ratio,0.2-42 (C18-water step); 32-PFAS mixture at sub-saturating levels in protein steps,ug/L,37,"PBS pH 7.4 (0.01 M phosphate, 0.138 M NaCl, 0.0027 M KCl), 48 h",no,yes - f_unbound used to rank elimination half-lives and to estimate interindividual variability from NHANES 2017-18 albumin/globulin,Table S2
Fischer et al.,2024,,10.1021/acs.est.3c07415,N-MeFOSAA,8,sulfonamide,bovine serum albumin (BSA),bovine,solid-phase microextraction (C18 fiber depletion) + HPLC-MS/MS,4.29,log D_protein/w (L_water per kg_protein); NOT an association constant,,,,,,"varied; PFAS:protein molar ratio <=0.004 (HSA,BSA) and <=0.009 (gamma-globulin)",mol/mol ratio,0.2-42 (C18-water step); 32-PFAS mixture at sub-saturating levels in protein steps,ug/L,37,"PBS pH 7.4 (0.01 M phosphate, 0.138 M NaCl, 0.0027 M KCl), 48 h",no,yes - f_unbound used to rank elimination half-lives and to estimate interindividual variability from NHANES 2017-18 albumin/globulin,Table S2
Fischer et al.,2024,,10.1021/acs.est.3c07415,N-MeFOSAA,8,sulfonamide,gamma-globulin,human,solid-phase microextraction (C18 fiber depletion) + HPLC-MS/MS,3.45,log D_protein/w (L_water per kg_protein); NOT an association constant,,,,,,"varied; PFAS:protein molar ratio <=0.004 (HSA,BSA) and <=0.009 (gamma-globulin)",mol/mol ratio,0.2-42 (C18-water step); 32-PFAS mixture at sub-saturating levels in protein steps,ug/L,37,"PBS pH 7.4 (0.01 M phosphate, 0.138 M NaCl, 0.0027 M KCl), 48 h",no,yes - f_unbound used to rank elimination half-lives and to estimate interindividual variability from NHANES 2017-18 albumin/globulin,Table S2
Fischer et al.,2024,,10.1021/acs.est.3c07415,N-MeFOSAA,8,sulfonamide,whole human serum (surrogate),human,solid-phase microextraction (C18 fiber depletion) + HPLC-MS/MS,3.02,log D_protein/w (L_water per kg_protein); NOT an association constant,,,,,,"varied; PFAS:protein molar ratio <=0.004 (HSA,BSA) and <=0.009 (gamma-globulin)",mol/mol ratio,0.2-42 (C18-water step); 32-PFAS mixture at sub-saturating levels in protein steps,ug/L,37,"PBS pH 7.4 (0.01 M phosphate, 0.138 M NaCl, 0.0027 M KCl), 48 h",no,yes - f_unbound used to rank elimination half-lives and to estimate interindividual variability from NHANES 2017-18 albumin/globulin,Table S2
Fischer et al.,2024,,10.1021/acs.est.3c07415,N-EtFOSAA,8,sulfonamide,human serum albumin (HSA),human,solid-phase microextraction (C18 fiber depletion) + HPLC-MS/MS,4.23,log D_protein/w (L_water per kg_protein); NOT an association constant,,,,,,"varied; PFAS:protein molar ratio <=0.004 (HSA,BSA) and <=0.009 (gamma-globulin)",mol/mol ratio,0.2-42 (C18-water step); 32-PFAS mixture at sub-saturating levels in protein steps,ug/L,37,"PBS pH 7.4 (0.01 M phosphate, 0.138 M NaCl, 0.0027 M KCl), 48 h",no,yes - f_unbound used to rank elimination half-lives and to estimate interindividual variability from NHANES 2017-18 albumin/globulin,Table S2
Fischer et al.,2024,,10.1021/acs.est.3c07415,N-EtFOSAA,8,sulfonamide,bovine serum albumin (BSA),bovine,solid-phase microextraction (C18 fiber depletion) + HPLC-MS/MS,4.29,log D_protein/w (L_water per kg_protein); NOT an association constant,,,,,,"varied; PFAS:protein molar ratio <=0.004 (HSA,BSA) and <=0.009 (gamma-globulin)",mol/mol ratio,0.2-42 (C18-water step); 32-PFAS mixture at sub-saturating levels in protein steps,ug/L,37,"PBS pH 7.4 (0.01 M phosphate, 0.138 M NaCl, 0.0027 M KCl), 48 h",no,yes - f_unbound used to rank elimination half-lives and to estimate interindividual variability from NHANES 2017-18 albumin/globulin,Table S2
Fischer et al.,2024,,10.1021/acs.est.3c07415,N-EtFOSAA,8,sulfonamide,gamma-globulin,human,solid-phase microextraction (C18 fiber depletion) + HPLC-MS/MS,3.76,log D_protein/w (L_water per kg_protein); NOT an association constant,,,,,,"varied; PFAS:protein molar ratio <=0.004 (HSA,BSA) and <=0.009 (gamma-globulin)",mol/mol ratio,0.2-42 (C18-water step); 32-PFAS mixture at sub-saturating levels in protein steps,ug/L,37,"PBS pH 7.4 (0.01 M phosphate, 0.138 M NaCl, 0.0027 M KCl), 48 h",no,yes - f_unbound used to rank elimination half-lives and to estimate interindividual variability from NHANES 2017-18 albumin/globulin,Table S2
Fischer et al.,2024,,10.1021/acs.est.3c07415,N-EtFOSAA,8,sulfonamide,whole human serum (surrogate),human,solid-phase microextraction (C18 fiber depletion) + HPLC-MS/MS,3.06,log D_protein/w (L_water per kg_protein); NOT an association constant,,,,,,"varied; PFAS:protein molar ratio <=0.004 (HSA,BSA) and <=0.009 (gamma-globulin)",mol/mol ratio,0.2-42 (C18-water step); 32-PFAS mixture at sub-saturating levels in protein steps,ug/L,37,"PBS pH 7.4 (0.01 M phosphate, 0.138 M NaCl, 0.0027 M KCl), 48 h",no,yes - f_unbound used to rank elimination half-lives and to estimate interindividual variability from NHANES 2017-18 albumin/globulin,Table S2
Fischer et al.,2024,,10.1021/acs.est.3c07415,FDSA,10,sulfonamide,human serum albumin (HSA),human,solid-phase microextraction (C18 fiber depletion) + HPLC-MS/MS,4.64,log D_protein/w (L_water per kg_protein); NOT an association constant,,,,,,"varied; PFAS:protein molar ratio <=0.004 (HSA,BSA) and <=0.009 (gamma-globulin)",mol/mol ratio,0.2-42 (C18-water step); 32-PFAS mixture at sub-saturating levels in protein steps,ug/L,37,"PBS pH 7.4 (0.01 M phosphate, 0.138 M NaCl, 0.0027 M KCl), 48 h",no,yes - f_unbound used to rank elimination half-lives and to estimate interindividual variability from NHANES 2017-18 albumin/globulin,Table S2
Fischer et al.,2024,,10.1021/acs.est.3c07415,FDSA,10,sulfonamide,bovine serum albumin (BSA),bovine,solid-phase microextraction (C18 fiber depletion) + HPLC-MS/MS,4.69,log D_protein/w (L_water per kg_protein); NOT an association constant,,,,,,"varied; PFAS:protein molar ratio <=0.004 (HSA,BSA) and <=0.009 (gamma-globulin)",mol/mol ratio,0.2-42 (C18-water step); 32-PFAS mixture at sub-saturating levels in protein steps,ug/L,37,"PBS pH 7.4 (0.01 M phosphate, 0.138 M NaCl, 0.0027 M KCl), 48 h",no,yes - f_unbound used to rank elimination half-lives and to estimate interindividual variability from NHANES 2017-18 albumin/globulin,Table S2
Fischer et al.,2024,,10.1021/acs.est.3c07415,FDSA,10,sulfonamide,gamma-globulin,human,solid-phase microextraction (C18 fiber depletion) + HPLC-MS/MS,4.95,log D_protein/w (L_water per kg_protein); NOT an association constant,,,,,,"varied; PFAS:protein molar ratio <=0.004 (HSA,BSA) and <=0.009 (gamma-globulin)",mol/mol ratio,0.2-42 (C18-water step); 32-PFAS mixture at sub-saturating levels in protein steps,ug/L,37,"PBS pH 7.4 (0.01 M phosphate, 0.138 M NaCl, 0.0027 M KCl), 48 h",no,yes - f_unbound used to rank elimination half-lives and to estimate interindividual variability from NHANES 2017-18 albumin/globulin,Table S2
Fischer et al.,2024,,10.1021/acs.est.3c07415,FDSA,10,sulfonamide,whole human serum (surrogate),human,solid-phase microextraction (C18 fiber depletion) + HPLC-MS/MS,3.65,log D_protein/w (L_water per kg_protein); NOT an association constant,,,,,,"varied; PFAS:protein molar ratio <=0.004 (HSA,BSA) and <=0.009 (gamma-globulin)",mol/mol ratio,0.2-42 (C18-water step); 32-PFAS mixture at sub-saturating levels in protein steps,ug/L,37,"PBS pH 7.4 (0.01 M phosphate, 0.138 M NaCl, 0.0027 M KCl), 48 h",no,yes - f_unbound used to rank elimination half-lives and to estimate interindividual variability from NHANES 2017-18 albumin/globulin,Table S2
Fischer et al.,2024,,10.1021/acs.est.3c07415,5:3 FTCA,5,fluorotelomer carboxylate,human serum albumin (HSA),human,solid-phase microextraction (C18 fiber depletion) + HPLC-MS/MS,3.48,log D_protein/w (L_water per kg_protein); NOT an association constant,,,,,,"varied; PFAS:protein molar ratio <=0.004 (HSA,BSA) and <=0.009 (gamma-globulin)",mol/mol ratio,0.2-42 (C18-water step); 32-PFAS mixture at sub-saturating levels in protein steps,ug/L,37,"PBS pH 7.4 (0.01 M phosphate, 0.138 M NaCl, 0.0027 M KCl), 48 h",no,yes - f_unbound used to rank elimination half-lives and to estimate interindividual variability from NHANES 2017-18 albumin/globulin,Table S2
Fischer et al.,2024,,10.1021/acs.est.3c07415,5:3 FTCA,5,fluorotelomer carboxylate,bovine serum albumin (BSA),bovine,solid-phase microextraction (C18 fiber depletion) + HPLC-MS/MS,2.90,log D_protein/w (L_water per kg_protein); NOT an association constant,,,,,,"varied; PFAS:protein molar ratio <=0.004 (HSA,BSA) and <=0.009 (gamma-globulin)",mol/mol ratio,0.2-42 (C18-water step); 32-PFAS mixture at sub-saturating levels in protein steps,ug/L,37,"PBS pH 7.4 (0.01 M phosphate, 0.138 M NaCl, 0.0027 M KCl), 48 h",no,yes - f_unbound used to rank elimination half-lives and to estimate interindividual variability from NHANES 2017-18 albumin/globulin,Table S2
Fischer et al.,2024,,10.1021/acs.est.3c07415,5:3 FTCA,5,fluorotelomer carboxylate,gamma-globulin,human,solid-phase microextraction (C18 fiber depletion) + HPLC-MS/MS,2.30,log D_protein/w (L_water per kg_protein); NOT an association constant,,,,,,"varied; PFAS:protein molar ratio <=0.004 (HSA,BSA) and <=0.009 (gamma-globulin)",mol/mol ratio,0.2-42 (C18-water step); 32-PFAS mixture at sub-saturating levels in protein steps,ug/L,37,"PBS pH 7.4 (0.01 M phosphate, 0.138 M NaCl, 0.0027 M KCl), 48 h",no,yes - f_unbound used to rank elimination half-lives and to estimate interindividual variability from NHANES 2017-18 albumin/globulin,Table S2
Fischer et al.,2024,,10.1021/acs.est.3c07415,5:3 FTCA,5,fluorotelomer carboxylate,whole human serum (surrogate),human,solid-phase microextraction (C18 fiber depletion) + HPLC-MS/MS,2.62,log D_protein/w (L_water per kg_protein); NOT an association constant,,,,,,"varied; PFAS:protein molar ratio <=0.004 (HSA,BSA) and <=0.009 (gamma-globulin)",mol/mol ratio,0.2-42 (C18-water step); 32-PFAS mixture at sub-saturating levels in protein steps,ug/L,37,"PBS pH 7.4 (0.01 M phosphate, 0.138 M NaCl, 0.0027 M KCl), 48 h",no,yes - f_unbound used to rank elimination half-lives and to estimate interindividual variability from NHANES 2017-18 albumin/globulin,Table S2
Fischer et al.,2024,,10.1021/acs.est.3c07415,6:2 FtS,6,fluorotelomer sulfonate,human serum albumin (HSA),human,solid-phase microextraction (C18 fiber depletion) + HPLC-MS/MS,3.35,log D_protein/w (L_water per kg_protein); NOT an association constant,,,,,,"varied; PFAS:protein molar ratio <=0.004 (HSA,BSA) and <=0.009 (gamma-globulin)",mol/mol ratio,0.2-42 (C18-water step); 32-PFAS mixture at sub-saturating levels in protein steps,ug/L,37,"PBS pH 7.4 (0.01 M phosphate, 0.138 M NaCl, 0.0027 M KCl), 48 h",no,yes - f_unbound used to rank elimination half-lives and to estimate interindividual variability from NHANES 2017-18 albumin/globulin,Table S2
Fischer et al.,2024,,10.1021/acs.est.3c07415,6:2 FtS,6,fluorotelomer sulfonate,bovine serum albumin (BSA),bovine,solid-phase microextraction (C18 fiber depletion) + HPLC-MS/MS,3.44,log D_protein/w (L_water per kg_protein); NOT an association constant,,,,,,"varied; PFAS:protein molar ratio <=0.004 (HSA,BSA) and <=0.009 (gamma-globulin)",mol/mol ratio,0.2-42 (C18-water step); 32-PFAS mixture at sub-saturating levels in protein steps,ug/L,37,"PBS pH 7.4 (0.01 M phosphate, 0.138 M NaCl, 0.0027 M KCl), 48 h",no,yes - f_unbound used to rank elimination half-lives and to estimate interindividual variability from NHANES 2017-18 albumin/globulin,Table S2
Fischer et al.,2024,,10.1021/acs.est.3c07415,6:2 FtS,6,fluorotelomer sulfonate,gamma-globulin,human,solid-phase microextraction (C18 fiber depletion) + HPLC-MS/MS,2.43,log D_protein/w (L_water per kg_protein); NOT an association constant,,,,,,"varied; PFAS:protein molar ratio <=0.004 (HSA,BSA) and <=0.009 (gamma-globulin)",mol/mol ratio,0.2-42 (C18-water step); 32-PFAS mixture at sub-saturating levels in protein steps,ug/L,37,"PBS pH 7.4 (0.01 M phosphate, 0.138 M NaCl, 0.0027 M KCl), 48 h",no,yes - f_unbound used to rank elimination half-lives and to estimate interindividual variability from NHANES 2017-18 albumin/globulin,Table S2
Fischer et al.,2024,,10.1021/acs.est.3c07415,6:2 FtS,6,fluorotelomer sulfonate,whole human serum (surrogate),human,solid-phase microextraction (C18 fiber depletion) + HPLC-MS/MS,2.55,log D_protein/w (L_water per kg_protein); NOT an association constant,,,,,,"varied; PFAS:protein molar ratio <=0.004 (HSA,BSA) and <=0.009 (gamma-globulin)",mol/mol ratio,0.2-42 (C18-water step); 32-PFAS mixture at sub-saturating levels in protein steps,ug/L,37,"PBS pH 7.4 (0.01 M phosphate, 0.138 M NaCl, 0.0027 M KCl), 48 h",no,yes - f_unbound used to rank elimination half-lives and to estimate interindividual variability from NHANES 2017-18 albumin/globulin,Table S2
Fischer et al.,2024,,10.1021/acs.est.3c07415,7:3 FTCA,7,fluorotelomer carboxylate,human serum albumin (HSA),human,solid-phase microextraction (C18 fiber depletion) + HPLC-MS/MS,3.59,log D_protein/w (L_water per kg_protein); NOT an association constant,,,,,,"varied; PFAS:protein molar ratio <=0.004 (HSA,BSA) and <=0.009 (gamma-globulin)",mol/mol ratio,0.2-42 (C18-water step); 32-PFAS mixture at sub-saturating levels in protein steps,ug/L,37,"PBS pH 7.4 (0.01 M phosphate, 0.138 M NaCl, 0.0027 M KCl), 48 h",no,yes - f_unbound used to rank elimination half-lives and to estimate interindividual variability from NHANES 2017-18 albumin/globulin,Table S2
Fischer et al.,2024,,10.1021/acs.est.3c07415,7:3 FTCA,7,fluorotelomer carboxylate,bovine serum albumin (BSA),bovine,solid-phase microextraction (C18 fiber depletion) + HPLC-MS/MS,3.79,log D_protein/w (L_water per kg_protein); NOT an association constant,,,,,,"varied; PFAS:protein molar ratio <=0.004 (HSA,BSA) and <=0.009 (gamma-globulin)",mol/mol ratio,0.2-42 (C18-water step); 32-PFAS mixture at sub-saturating levels in protein steps,ug/L,37,"PBS pH 7.4 (0.01 M phosphate, 0.138 M NaCl, 0.0027 M KCl), 48 h",no,yes - f_unbound used to rank elimination half-lives and to estimate interindividual variability from NHANES 2017-18 albumin/globulin,Table S2
Fischer et al.,2024,,10.1021/acs.est.3c07415,7:3 FTCA,7,fluorotelomer carboxylate,gamma-globulin,human,solid-phase microextraction (C18 fiber depletion) + HPLC-MS/MS,2.49,log D_protein/w (L_water per kg_protein); NOT an association constant,,,,,,"varied; PFAS:protein molar ratio <=0.004 (HSA,BSA) and <=0.009 (gamma-globulin)",mol/mol ratio,0.2-42 (C18-water step); 32-PFAS mixture at sub-saturating levels in protein steps,ug/L,37,"PBS pH 7.4 (0.01 M phosphate, 0.138 M NaCl, 0.0027 M KCl), 48 h",no,yes - f_unbound used to rank elimination half-lives and to estimate interindividual variability from NHANES 2017-18 albumin/globulin,Table S2
Fischer et al.,2024,,10.1021/acs.est.3c07415,7:3 FTCA,7,fluorotelomer carboxylate,whole human serum (surrogate),human,solid-phase microextraction (C18 fiber depletion) + HPLC-MS/MS,2.74,log D_protein/w (L_water per kg_protein); NOT an association constant,,,,,,"varied; PFAS:protein molar ratio <=0.004 (HSA,BSA) and <=0.009 (gamma-globulin)",mol/mol ratio,0.2-42 (C18-water step); 32-PFAS mixture at sub-saturating levels in protein steps,ug/L,37,"PBS pH 7.4 (0.01 M phosphate, 0.138 M NaCl, 0.0027 M KCl), 48 h",no,yes - f_unbound used to rank elimination half-lives and to estimate interindividual variability from NHANES 2017-18 albumin/globulin,Table S2
Fischer et al.,2024,,10.1021/acs.est.3c07415,8:2 FtS,8,fluorotelomer sulfonate,human serum albumin (HSA),human,solid-phase microextraction (C18 fiber depletion) + HPLC-MS/MS,4.39,log D_protein/w (L_water per kg_protein); NOT an association constant,,,,,,"varied; PFAS:protein molar ratio <=0.004 (HSA,BSA) and <=0.009 (gamma-globulin)",mol/mol ratio,0.2-42 (C18-water step); 32-PFAS mixture at sub-saturating levels in protein steps,ug/L,37,"PBS pH 7.4 (0.01 M phosphate, 0.138 M NaCl, 0.0027 M KCl), 48 h",no,yes - f_unbound used to rank elimination half-lives and to estimate interindividual variability from NHANES 2017-18 albumin/globulin,Table S2
Fischer et al.,2024,,10.1021/acs.est.3c07415,8:2 FtS,8,fluorotelomer sulfonate,bovine serum albumin (BSA),bovine,solid-phase microextraction (C18 fiber depletion) + HPLC-MS/MS,4.49,log D_protein/w (L_water per kg_protein); NOT an association constant,,,,,,"varied; PFAS:protein molar ratio <=0.004 (HSA,BSA) and <=0.009 (gamma-globulin)",mol/mol ratio,0.2-42 (C18-water step); 32-PFAS mixture at sub-saturating levels in protein steps,ug/L,37,"PBS pH 7.4 (0.01 M phosphate, 0.138 M NaCl, 0.0027 M KCl), 48 h",no,yes - f_unbound used to rank elimination half-lives and to estimate interindividual variability from NHANES 2017-18 albumin/globulin,Table S2
Fischer et al.,2024,,10.1021/acs.est.3c07415,8:2 FtS,8,fluorotelomer sulfonate,gamma-globulin,human,solid-phase microextraction (C18 fiber depletion) + HPLC-MS/MS,3.52,log D_protein/w (L_water per kg_protein); NOT an association constant,,,,,,"varied; PFAS:protein molar ratio <=0.004 (HSA,BSA) and <=0.009 (gamma-globulin)",mol/mol ratio,0.2-42 (C18-water step); 32-PFAS mixture at sub-saturating levels in protein steps,ug/L,37,"PBS pH 7.4 (0.01 M phosphate, 0.138 M NaCl, 0.0027 M KCl), 48 h",no,yes - f_unbound used to rank elimination half-lives and to estimate interindividual variability from NHANES 2017-18 albumin/globulin,Table S2
Fischer et al.,2024,,10.1021/acs.est.3c07415,8:2 FtS,8,fluorotelomer sulfonate,whole human serum (surrogate),human,solid-phase microextraction (C18 fiber depletion) + HPLC-MS/MS,3.08,log D_protein/w (L_water per kg_protein); NOT an association constant,,,,,,"varied; PFAS:protein molar ratio <=0.004 (HSA,BSA) and <=0.009 (gamma-globulin)",mol/mol ratio,0.2-42 (C18-water step); 32-PFAS mixture at sub-saturating levels in protein steps,ug/L,37,"PBS pH 7.4 (0.01 M phosphate, 0.138 M NaCl, 0.0027 M KCl), 48 h",no,yes - f_unbound used to rank elimination half-lives and to estimate interindividual variability from NHANES 2017-18 albumin/globulin,Table S2
Fischer et al.,2024,,10.1021/acs.est.3c07415,10:2 FtS,10,fluorotelomer sulfonate,human serum albumin (HSA),human,solid-phase microextraction (C18 fiber depletion) + HPLC-MS/MS,4.68,log D_protein/w (L_water per kg_protein); NOT an association constant,,,,,,"varied; PFAS:protein molar ratio <=0.004 (HSA,BSA) and <=0.009 (gamma-globulin)",mol/mol ratio,0.2-42 (C18-water step); 32-PFAS mixture at sub-saturating levels in protein steps,ug/L,37,"PBS pH 7.4 (0.01 M phosphate, 0.138 M NaCl, 0.0027 M KCl), 48 h",no,yes - f_unbound used to rank elimination half-lives and to estimate interindividual variability from NHANES 2017-18 albumin/globulin,Table S2
Fischer et al.,2024,,10.1021/acs.est.3c07415,10:2 FtS,10,fluorotelomer sulfonate,bovine serum albumin (BSA),bovine,solid-phase microextraction (C18 fiber depletion) + HPLC-MS/MS,4.88,log D_protein/w (L_water per kg_protein); NOT an association constant,,,,,,"varied; PFAS:protein molar ratio <=0.004 (HSA,BSA) and <=0.009 (gamma-globulin)",mol/mol ratio,0.2-42 (C18-water step); 32-PFAS mixture at sub-saturating levels in protein steps,ug/L,37,"PBS pH 7.4 (0.01 M phosphate, 0.138 M NaCl, 0.0027 M KCl), 48 h",no,yes - f_unbound used to rank elimination half-lives and to estimate interindividual variability from NHANES 2017-18 albumin/globulin,Table S2
Fischer et al.,2024,,10.1021/acs.est.3c07415,10:2 FtS,10,fluorotelomer sulfonate,gamma-globulin,human,solid-phase microextraction (C18 fiber depletion) + HPLC-MS/MS,4.56,log D_protein/w (L_water per kg_protein); NOT an association constant,,,,,,"varied; PFAS:protein molar ratio <=0.004 (HSA,BSA) and <=0.009 (gamma-globulin)",mol/mol ratio,0.2-42 (C18-water step); 32-PFAS mixture at sub-saturating levels in protein steps,ug/L,37,"PBS pH 7.4 (0.01 M phosphate, 0.138 M NaCl, 0.0027 M KCl), 48 h",no,yes - f_unbound used to rank elimination half-lives and to estimate interindividual variability from NHANES 2017-18 albumin/globulin,Table S2
Fischer et al.,2024,,10.1021/acs.est.3c07415,10:2 FtS,10,fluorotelomer sulfonate,whole human serum (surrogate),human,solid-phase microextraction (C18 fiber depletion) + HPLC-MS/MS,3.41,log D_protein/w (L_water per kg_protein); NOT an association constant,,,,,,"varied; PFAS:protein molar ratio <=0.004 (HSA,BSA) and <=0.009 (gamma-globulin)",mol/mol ratio,0.2-42 (C18-water step); 32-PFAS mixture at sub-saturating levels in protein steps,ug/L,37,"PBS pH 7.4 (0.01 M phosphate, 0.138 M NaCl, 0.0027 M KCl), 48 h",no,yes - f_unbound used to rank elimination half-lives and to estimate interindividual variability from NHANES 2017-18 albumin/globulin,Table S2
Fischer et al.,2024,,10.1021/acs.est.3c07415,ADONA,6,ether carboxylate (polyfluoroether),human serum albumin (HSA),human,solid-phase microextraction (C18 fiber depletion) + HPLC-MS/MS,3.98,log D_protein/w (L_water per kg_protein); NOT an association constant,,,,,,"varied; PFAS:protein molar ratio <=0.004 (HSA,BSA) and <=0.009 (gamma-globulin)",mol/mol ratio,0.2-42 (C18-water step); 32-PFAS mixture at sub-saturating levels in protein steps,ug/L,37,"PBS pH 7.4 (0.01 M phosphate, 0.138 M NaCl, 0.0027 M KCl), 48 h",no,yes - f_unbound used to rank elimination half-lives and to estimate interindividual variability from NHANES 2017-18 albumin/globulin,Table S2
Fischer et al.,2024,,10.1021/acs.est.3c07415,ADONA,6,ether carboxylate (polyfluoroether),bovine serum albumin (BSA),bovine,solid-phase microextraction (C18 fiber depletion) + HPLC-MS/MS,3.84,log D_protein/w (L_water per kg_protein); NOT an association constant,,,,,,"varied; PFAS:protein molar ratio <=0.004 (HSA,BSA) and <=0.009 (gamma-globulin)",mol/mol ratio,0.2-42 (C18-water step); 32-PFAS mixture at sub-saturating levels in protein steps,ug/L,37,"PBS pH 7.4 (0.01 M phosphate, 0.138 M NaCl, 0.0027 M KCl), 48 h",no,yes - f_unbound used to rank elimination half-lives and to estimate interindividual variability from NHANES 2017-18 albumin/globulin,Table S2
Fischer et al.,2024,,10.1021/acs.est.3c07415,ADONA,6,ether carboxylate (polyfluoroether),gamma-globulin,human,solid-phase microextraction (C18 fiber depletion) + HPLC-MS/MS,2.34,log D_protein/w (L_water per kg_protein); NOT an association constant,,,,,,"varied; PFAS:protein molar ratio <=0.004 (HSA,BSA) and <=0.009 (gamma-globulin)",mol/mol ratio,0.2-42 (C18-water step); 32-PFAS mixture at sub-saturating levels in protein steps,ug/L,37,"PBS pH 7.4 (0.01 M phosphate, 0.138 M NaCl, 0.0027 M KCl), 48 h",no,yes - f_unbound used to rank elimination half-lives and to estimate interindividual variability from NHANES 2017-18 albumin/globulin,Table S2
Fischer et al.,2024,,10.1021/acs.est.3c07415,ADONA,6,ether carboxylate (polyfluoroether),whole human serum (surrogate),human,solid-phase microextraction (C18 fiber depletion) + HPLC-MS/MS,2.75,log D_protein/w (L_water per kg_protein); NOT an association constant,,,,,,"varied; PFAS:protein molar ratio <=0.004 (HSA,BSA) and <=0.009 (gamma-globulin)",mol/mol ratio,0.2-42 (C18-water step); 32-PFAS mixture at sub-saturating levels in protein steps,ug/L,37,"PBS pH 7.4 (0.01 M phosphate, 0.138 M NaCl, 0.0027 M KCl), 48 h",no,yes - f_unbound used to rank elimination half-lives and to estimate interindividual variability from NHANES 2017-18 albumin/globulin,Table S2
Starnes et al.,2024,38518100,10.1093/toxsci/kfae028,PFBA,3,carboxylate,human serum albumin (HSA),human,"differential scanning fluorimetry (DSF), molecular-rotor dye, nonlinear regression of dTm",,,2.64,mM,,,,,,0-1000,uM,thermal ramp (Kd is not a fixed-temperature value),"HEPES-buffered saline, 140 mM NaCl, 25 mM HEPES, 0.38 mM NaHPO4, pH 7.4",no,"yes - Table 5 tabulates DSF Kd against reported serum/plasma elimination half-lives in human, cow, pig and rat",Table 2
Starnes et al.,2024,38518100,10.1093/toxsci/kfae028,PFBA,3,carboxylate,bovine serum albumin (BSA),bovine,"differential scanning fluorimetry (DSF), molecular-rotor dye, nonlinear regression of dTm",,,3.06,mM,,,,,,0-1000,uM,thermal ramp (Kd is not a fixed-temperature value),"HEPES-buffered saline, 140 mM NaCl, 25 mM HEPES, 0.38 mM NaHPO4, pH 7.4",no,"yes - Table 5 tabulates DSF Kd against reported serum/plasma elimination half-lives in human, cow, pig and rat",Table 2
Starnes et al.,2024,38518100,10.1093/toxsci/kfae028,PFBA,3,carboxylate,porcine serum albumin (PSA),porcine,"differential scanning fluorimetry (DSF), molecular-rotor dye, nonlinear regression of dTm",,,1.28,mM,,,,,,0-1000,uM,thermal ramp (Kd is not a fixed-temperature value),"HEPES-buffered saline, 140 mM NaCl, 25 mM HEPES, 0.38 mM NaHPO4, pH 7.4",no,"yes - Table 5 tabulates DSF Kd against reported serum/plasma elimination half-lives in human, cow, pig and rat",Table 2
Starnes et al.,2024,38518100,10.1093/toxsci/kfae028,PFBA,3,carboxylate,rat serum albumin (RSA),rat,"differential scanning fluorimetry (DSF), molecular-rotor dye, nonlinear regression of dTm",,,1.90,mM,,,,,,0-1000,uM,thermal ramp (Kd is not a fixed-temperature value),"HEPES-buffered saline, 140 mM NaCl, 25 mM HEPES, 0.38 mM NaHPO4, pH 7.4",no,"yes - Table 5 tabulates DSF Kd against reported serum/plasma elimination half-lives in human, cow, pig and rat",Table 2
Starnes et al.,2024,38518100,10.1093/toxsci/kfae028,PFHxA,5,carboxylate,human serum albumin (HSA),human,"differential scanning fluorimetry (DSF), molecular-rotor dye, nonlinear regression of dTm",,,1.71,mM,,,,,,0-1000,uM,thermal ramp (Kd is not a fixed-temperature value),"HEPES-buffered saline, 140 mM NaCl, 25 mM HEPES, 0.38 mM NaHPO4, pH 7.4",no,"yes - Table 5 tabulates DSF Kd against reported serum/plasma elimination half-lives in human, cow, pig and rat",Table 2
Starnes et al.,2024,38518100,10.1093/toxsci/kfae028,PFHxA,5,carboxylate,bovine serum albumin (BSA),bovine,"differential scanning fluorimetry (DSF), molecular-rotor dye, nonlinear regression of dTm",,,2.17,mM,,,,,,0-1000,uM,thermal ramp (Kd is not a fixed-temperature value),"HEPES-buffered saline, 140 mM NaCl, 25 mM HEPES, 0.38 mM NaHPO4, pH 7.4",no,"yes - Table 5 tabulates DSF Kd against reported serum/plasma elimination half-lives in human, cow, pig and rat",Table 2
Starnes et al.,2024,38518100,10.1093/toxsci/kfae028,PFHxA,5,carboxylate,porcine serum albumin (PSA),porcine,"differential scanning fluorimetry (DSF), molecular-rotor dye, nonlinear regression of dTm",,,0.95,mM,,,,,,0-1000,uM,thermal ramp (Kd is not a fixed-temperature value),"HEPES-buffered saline, 140 mM NaCl, 25 mM HEPES, 0.38 mM NaHPO4, pH 7.4",no,"yes - Table 5 tabulates DSF Kd against reported serum/plasma elimination half-lives in human, cow, pig and rat",Table 2
Starnes et al.,2024,38518100,10.1093/toxsci/kfae028,PFHxA,5,carboxylate,rat serum albumin (RSA),rat,"differential scanning fluorimetry (DSF), molecular-rotor dye, nonlinear regression of dTm",,,1.33,mM,,,,,,0-1000,uM,thermal ramp (Kd is not a fixed-temperature value),"HEPES-buffered saline, 140 mM NaCl, 25 mM HEPES, 0.38 mM NaHPO4, pH 7.4",no,"yes - Table 5 tabulates DSF Kd against reported serum/plasma elimination half-lives in human, cow, pig and rat",Table 2
Starnes et al.,2024,38518100,10.1093/toxsci/kfae028,PFOA,7,carboxylate,human serum albumin (HSA),human,"differential scanning fluorimetry (DSF), molecular-rotor dye, nonlinear regression of dTm",,,0.79,mM,,,,,,0-1000,uM,thermal ramp (Kd is not a fixed-temperature value),"HEPES-buffered saline, 140 mM NaCl, 25 mM HEPES, 0.38 mM NaHPO4, pH 7.4",no,"yes - Table 5 tabulates DSF Kd against reported serum/plasma elimination half-lives in human, cow, pig and rat",Table 2
Starnes et al.,2024,38518100,10.1093/toxsci/kfae028,PFOA,7,carboxylate,bovine serum albumin (BSA),bovine,"differential scanning fluorimetry (DSF), molecular-rotor dye, nonlinear regression of dTm",,,0.99,mM,,,,,,0-1000,uM,thermal ramp (Kd is not a fixed-temperature value),"HEPES-buffered saline, 140 mM NaCl, 25 mM HEPES, 0.38 mM NaHPO4, pH 7.4",no,"yes - Table 5 tabulates DSF Kd against reported serum/plasma elimination half-lives in human, cow, pig and rat",Table 2
Starnes et al.,2024,38518100,10.1093/toxsci/kfae028,PFOA,7,carboxylate,porcine serum albumin (PSA),porcine,"differential scanning fluorimetry (DSF), molecular-rotor dye, nonlinear regression of dTm",,,0.37,mM,,,,,,0-1000,uM,thermal ramp (Kd is not a fixed-temperature value),"HEPES-buffered saline, 140 mM NaCl, 25 mM HEPES, 0.38 mM NaHPO4, pH 7.4",no,"yes - Table 5 tabulates DSF Kd against reported serum/plasma elimination half-lives in human, cow, pig and rat",Table 2
Starnes et al.,2024,38518100,10.1093/toxsci/kfae028,PFOA,7,carboxylate,rat serum albumin (RSA),rat,"differential scanning fluorimetry (DSF), molecular-rotor dye, nonlinear regression of dTm",,,0.40,mM,,,,,,0-1000,uM,thermal ramp (Kd is not a fixed-temperature value),"HEPES-buffered saline, 140 mM NaCl, 25 mM HEPES, 0.38 mM NaHPO4, pH 7.4",no,"yes - Table 5 tabulates DSF Kd against reported serum/plasma elimination half-lives in human, cow, pig and rat",Table 2
Starnes et al.,2024,38518100,10.1093/toxsci/kfae028,PFBS,4,sulfonate,human serum albumin (HSA),human,"differential scanning fluorimetry (DSF), molecular-rotor dye, nonlinear regression of dTm",,,1.68,mM,,,,,,0-1000,uM,thermal ramp (Kd is not a fixed-temperature value),"HEPES-buffered saline, 140 mM NaCl, 25 mM HEPES, 0.38 mM NaHPO4, pH 7.4",no,"yes - Table 5 tabulates DSF Kd against reported serum/plasma elimination half-lives in human, cow, pig and rat",Table 2
Starnes et al.,2024,38518100,10.1093/toxsci/kfae028,PFBS,4,sulfonate,bovine serum albumin (BSA),bovine,"differential scanning fluorimetry (DSF), molecular-rotor dye, nonlinear regression of dTm",,,0.80,mM,,,,,,0-1000,uM,thermal ramp (Kd is not a fixed-temperature value),"HEPES-buffered saline, 140 mM NaCl, 25 mM HEPES, 0.38 mM NaHPO4, pH 7.4",no,"yes - Table 5 tabulates DSF Kd against reported serum/plasma elimination half-lives in human, cow, pig and rat",Table 2
Starnes et al.,2024,38518100,10.1093/toxsci/kfae028,PFBS,4,sulfonate,porcine serum albumin (PSA),porcine,"differential scanning fluorimetry (DSF), molecular-rotor dye, nonlinear regression of dTm",,,1.25,mM,,,,,,0-1000,uM,thermal ramp (Kd is not a fixed-temperature value),"HEPES-buffered saline, 140 mM NaCl, 25 mM HEPES, 0.38 mM NaHPO4, pH 7.4",no,"yes - Table 5 tabulates DSF Kd against reported serum/plasma elimination half-lives in human, cow, pig and rat",Table 2
Starnes et al.,2024,38518100,10.1093/toxsci/kfae028,PFBS,4,sulfonate,rat serum albumin (RSA),rat,"differential scanning fluorimetry (DSF), molecular-rotor dye, nonlinear regression of dTm",,,1.41,mM,,,,,,0-1000,uM,thermal ramp (Kd is not a fixed-temperature value),"HEPES-buffered saline, 140 mM NaCl, 25 mM HEPES, 0.38 mM NaHPO4, pH 7.4",no,"yes - Table 5 tabulates DSF Kd against reported serum/plasma elimination half-lives in human, cow, pig and rat",Table 2
Starnes et al.,2024,38518100,10.1093/toxsci/kfae028,PFOS,8,sulfonate,human serum albumin (HSA),human,"differential scanning fluorimetry (DSF), molecular-rotor dye, nonlinear regression of dTm",,,0.69,mM,,,,,,0-1000,uM,thermal ramp (Kd is not a fixed-temperature value),"HEPES-buffered saline, 140 mM NaCl, 25 mM HEPES, 0.38 mM NaHPO4, pH 7.4",no,"yes - Table 5 tabulates DSF Kd against reported serum/plasma elimination half-lives in human, cow, pig and rat",Table 2
Starnes et al.,2024,38518100,10.1093/toxsci/kfae028,PFOS,8,sulfonate,bovine serum albumin (BSA),bovine,"differential scanning fluorimetry (DSF), molecular-rotor dye, nonlinear regression of dTm",,,0.86,mM,,,,,,0-1000,uM,thermal ramp (Kd is not a fixed-temperature value),"HEPES-buffered saline, 140 mM NaCl, 25 mM HEPES, 0.38 mM NaHPO4, pH 7.4",no,"yes - Table 5 tabulates DSF Kd against reported serum/plasma elimination half-lives in human, cow, pig and rat",Table 2
Starnes et al.,2024,38518100,10.1093/toxsci/kfae028,PFOS,8,sulfonate,porcine serum albumin (PSA),porcine,"differential scanning fluorimetry (DSF), molecular-rotor dye, nonlinear regression of dTm",,,0.38,mM,,,,,,0-1000,uM,thermal ramp (Kd is not a fixed-temperature value),"HEPES-buffered saline, 140 mM NaCl, 25 mM HEPES, 0.38 mM NaHPO4, pH 7.4",no,"yes - Table 5 tabulates DSF Kd against reported serum/plasma elimination half-lives in human, cow, pig and rat",Table 2
Starnes et al.,2024,38518100,10.1093/toxsci/kfae028,PFOS,8,sulfonate,rat serum albumin (RSA),rat,"differential scanning fluorimetry (DSF), molecular-rotor dye, nonlinear regression of dTm",,,0.42,mM,,,,,,0-1000,uM,thermal ramp (Kd is not a fixed-temperature value),"HEPES-buffered saline, 140 mM NaCl, 25 mM HEPES, 0.38 mM NaHPO4, pH 7.4",no,"yes - Table 5 tabulates DSF Kd against reported serum/plasma elimination half-lives in human, cow, pig and rat",Table 2
Starnes et al.,2024,38518100,10.1093/toxsci/kfae028,HFPO-DA (GenX),4,ether carboxylate,human serum albumin (HSA),human,"differential scanning fluorimetry (DSF), molecular-rotor dye, nonlinear regression of dTm",,,1.57,mM,,,,,,0-1000,uM,thermal ramp (Kd is not a fixed-temperature value),"HEPES-buffered saline, 140 mM NaCl, 25 mM HEPES, 0.38 mM NaHPO4, pH 7.4",no,"yes - Table 5 tabulates DSF Kd against reported serum/plasma elimination half-lives in human, cow, pig and rat",Table 2
Starnes et al.,2024,38518100,10.1093/toxsci/kfae028,HFPO-DA (GenX),4,ether carboxylate,bovine serum albumin (BSA),bovine,"differential scanning fluorimetry (DSF), molecular-rotor dye, nonlinear regression of dTm",,,2.55,mM,,,,,,0-1000,uM,thermal ramp (Kd is not a fixed-temperature value),"HEPES-buffered saline, 140 mM NaCl, 25 mM HEPES, 0.38 mM NaHPO4, pH 7.4",no,"yes - Table 5 tabulates DSF Kd against reported serum/plasma elimination half-lives in human, cow, pig and rat",Table 2
Starnes et al.,2024,38518100,10.1093/toxsci/kfae028,HFPO-DA (GenX),4,ether carboxylate,porcine serum albumin (PSA),porcine,"differential scanning fluorimetry (DSF), molecular-rotor dye, nonlinear regression of dTm",,,2.12,mM,,,,,,0-1000,uM,thermal ramp (Kd is not a fixed-temperature value),"HEPES-buffered saline, 140 mM NaCl, 25 mM HEPES, 0.38 mM NaHPO4, pH 7.4",no,"yes - Table 5 tabulates DSF Kd against reported serum/plasma elimination half-lives in human, cow, pig and rat",Table 2
Starnes et al.,2024,38518100,10.1093/toxsci/kfae028,HFPO-DA (GenX),4,ether carboxylate,rat serum albumin (RSA),rat,"differential scanning fluorimetry (DSF), molecular-rotor dye, nonlinear regression of dTm",,,1.64,mM,,,,,,0-1000,uM,thermal ramp (Kd is not a fixed-temperature value),"HEPES-buffered saline, 140 mM NaCl, 25 mM HEPES, 0.38 mM NaHPO4, pH 7.4",no,"yes - Table 5 tabulates DSF Kd against reported serum/plasma elimination half-lives in human, cow, pig and rat",Table 2
Starnes et al.,2024,38518100,10.1093/toxsci/kfae028,6:2 FTSA,6,fluorotelomer sulfonate,human serum albumin (HSA),human,"differential scanning fluorimetry (DSF), molecular-rotor dye, nonlinear regression of dTm",,,0.41,mM,,,,,,0-1000,uM,thermal ramp (Kd is not a fixed-temperature value),"HEPES-buffered saline, 140 mM NaCl, 25 mM HEPES, 0.38 mM NaHPO4, pH 7.4",no,"yes - Table 5 tabulates DSF Kd against reported serum/plasma elimination half-lives in human, cow, pig and rat",Table 2
Starnes et al.,2024,38518100,10.1093/toxsci/kfae028,6:2 FTSA,6,fluorotelomer sulfonate,bovine serum albumin (BSA),bovine,"differential scanning fluorimetry (DSF), molecular-rotor dye, nonlinear regression of dTm",,,1.39,mM,,,,,,0-1000,uM,thermal ramp (Kd is not a fixed-temperature value),"HEPES-buffered saline, 140 mM NaCl, 25 mM HEPES, 0.38 mM NaHPO4, pH 7.4",no,"yes - Table 5 tabulates DSF Kd against reported serum/plasma elimination half-lives in human, cow, pig and rat",Table 2
Starnes et al.,2024,38518100,10.1093/toxsci/kfae028,6:2 FTSA,6,fluorotelomer sulfonate,porcine serum albumin (PSA),porcine,"differential scanning fluorimetry (DSF), molecular-rotor dye, nonlinear regression of dTm",,,0.52,mM,,,,,,0-1000,uM,thermal ramp (Kd is not a fixed-temperature value),"HEPES-buffered saline, 140 mM NaCl, 25 mM HEPES, 0.38 mM NaHPO4, pH 7.4",no,"yes - Table 5 tabulates DSF Kd against reported serum/plasma elimination half-lives in human, cow, pig and rat",Table 2
Starnes et al.,2024,38518100,10.1093/toxsci/kfae028,6:2 FTSA,6,fluorotelomer sulfonate,rat serum albumin (RSA),rat,"differential scanning fluorimetry (DSF), molecular-rotor dye, nonlinear regression of dTm",,,0.33,mM,,,,,,0-1000,uM,thermal ramp (Kd is not a fixed-temperature value),"HEPES-buffered saline, 140 mM NaCl, 25 mM HEPES, 0.38 mM NaHPO4, pH 7.4",no,"yes - Table 5 tabulates DSF Kd against reported serum/plasma elimination half-lives in human, cow, pig and rat",Table 2
Starnes et al.,2024,38518100,10.1093/toxsci/kfae028,6:2 FTOH,6,fluorotelomer alcohol (neutral),human serum albumin (HSA),human,"differential scanning fluorimetry (DSF), molecular-rotor dye, nonlinear regression of dTm",,,nonbinding,mM,,,,,,0-1000,uM,thermal ramp (Kd is not a fixed-temperature value),"HEPES-buffered saline, 140 mM NaCl, 25 mM HEPES, 0.38 mM NaHPO4, pH 7.4",no,"yes - Table 5 tabulates DSF Kd against reported serum/plasma elimination half-lives in human, cow, pig and rat",Table 2
Starnes et al.,2024,38518100,10.1093/toxsci/kfae028,6:2 FTOH,6,fluorotelomer alcohol (neutral),bovine serum albumin (BSA),bovine,"differential scanning fluorimetry (DSF), molecular-rotor dye, nonlinear regression of dTm",,,nonbinding,mM,,,,,,0-1000,uM,thermal ramp (Kd is not a fixed-temperature value),"HEPES-buffered saline, 140 mM NaCl, 25 mM HEPES, 0.38 mM NaHPO4, pH 7.4",no,"yes - Table 5 tabulates DSF Kd against reported serum/plasma elimination half-lives in human, cow, pig and rat",Table 2
Starnes et al.,2024,38518100,10.1093/toxsci/kfae028,6:2 FTOH,6,fluorotelomer alcohol (neutral),porcine serum albumin (PSA),porcine,"differential scanning fluorimetry (DSF), molecular-rotor dye, nonlinear regression of dTm",,,nonbinding,mM,,,,,,0-1000,uM,thermal ramp (Kd is not a fixed-temperature value),"HEPES-buffered saline, 140 mM NaCl, 25 mM HEPES, 0.38 mM NaHPO4, pH 7.4",no,"yes - Table 5 tabulates DSF Kd against reported serum/plasma elimination half-lives in human, cow, pig and rat",Table 2
Starnes et al.,2024,38518100,10.1093/toxsci/kfae028,6:2 FTOH,6,fluorotelomer alcohol (neutral),rat serum albumin (RSA),rat,"differential scanning fluorimetry (DSF), molecular-rotor dye, nonlinear regression of dTm",,,nonbinding,mM,,,,,,0-1000,uM,thermal ramp (Kd is not a fixed-temperature value),"HEPES-buffered saline, 140 mM NaCl, 25 mM HEPES, 0.38 mM NaHPO4, pH 7.4",no,"yes - Table 5 tabulates DSF Kd against reported serum/plasma elimination half-lives in human, cow, pig and rat",Table 2
Alesio & Bothun,2024,38499613,10.1038/s41598-024-57140-9,PFOA,7,carboxylate,bovine serum albumin (BSA),bovine,differential scanning fluorimetry (label-free intrinsic Trp fluorescence); Ka from thermal-unfolding fit,2.44e4,M^-1,,,,,,,,,,"61 (Ka reported at the melting transition, not 37)",,no,"partly - framed as rapid screening for risk assessment and fate/transport modelling, incl. excretion into milk",Table 2
Alesio & Bothun,2024,38499613,10.1038/s41598-024-57140-9,PFNA,8,carboxylate,bovine serum albumin (BSA),bovine,differential scanning fluorimetry (label-free intrinsic Trp fluorescence); Ka from thermal-unfolding fit,9.66e5,M^-1,,,,,,,,,,"61 (Ka reported at the melting transition, not 37)",,no,"partly - framed as rapid screening for risk assessment and fate/transport modelling, incl. excretion into milk",Table 2
Alesio & Bothun,2024,38499613,10.1038/s41598-024-57140-9,PFDA,9,carboxylate,bovine serum albumin (BSA),bovine,differential scanning fluorimetry (label-free intrinsic Trp fluorescence); Ka from thermal-unfolding fit,3.3e3,M^-1,,,,,,,,,,"61 (Ka reported at the melting transition, not 37)",,no,"partly - framed as rapid screening for risk assessment and fate/transport modelling, incl. excretion into milk",Table 2
Alesio & Bothun,2024,38499613,10.1038/s41598-024-57140-9,HFPO-DA (GenX),4,ether carboxylate,bovine serum albumin (BSA),bovine,differential scanning fluorimetry (label-free intrinsic Trp fluorescence); Ka from thermal-unfolding fit,1.98e4,M^-1,,,,,,,,,,"61 (Ka reported at the melting transition, not 37)",,no,"partly - framed as rapid screening for risk assessment and fate/transport modelling, incl. excretion into milk",Table 2
Alesio & Bothun,2024,38499613,10.1038/s41598-024-57140-9,PFBS,4,sulfonate,bovine serum albumin (BSA),bovine,differential scanning fluorimetry (label-free intrinsic Trp fluorescence); Ka from thermal-unfolding fit,2.08e4,M^-1,,,,,,,,,,"61 (Ka reported at the melting transition, not 37)",,no,"partly - framed as rapid screening for risk assessment and fate/transport modelling, incl. excretion into milk",Table 2
Alesio & Bothun,2024,38499613,10.1038/s41598-024-57140-9,PFHxS,6,sulfonate,bovine serum albumin (BSA),bovine,differential scanning fluorimetry (label-free intrinsic Trp fluorescence); Ka from thermal-unfolding fit,9.40e4,M^-1,,,,,,,,,,"61 (Ka reported at the melting transition, not 37)",,no,"partly - framed as rapid screening for risk assessment and fate/transport modelling, incl. excretion into milk",Table 2
Alesio & Bothun,2024,38499613,10.1038/s41598-024-57140-9,PFOS,8,sulfonate,bovine serum albumin (BSA),bovine,differential scanning fluorimetry (label-free intrinsic Trp fluorescence); Ka from thermal-unfolding fit,2.73e4,M^-1,,,,,,,,,,"61 (Ka reported at the melting transition, not 37)",,no,"partly - framed as rapid screening for risk assessment and fate/transport modelling, incl. excretion into milk",Table 2
Alesio & Bothun,2024,38499613,10.1038/s41598-024-57140-9,octanoic acid (reference ligand),,carboxylate,bovine serum albumin (BSA),bovine,differential scanning fluorimetry (label-free intrinsic Trp fluorescence); Ka from thermal-unfolding fit,7.7e3,M^-1,,,,,,,,,,"61 (Ka reported at the melting transition, not 37)",,no,"partly - framed as rapid screening for risk assessment and fate/transport modelling, incl. excretion into milk",Table 2
Alesio & Bothun,2024,38499613,10.1038/s41598-024-57140-9,nonanoic acid (reference ligand),,carboxylate,bovine serum albumin (BSA),bovine,differential scanning fluorimetry (label-free intrinsic Trp fluorescence); Ka from thermal-unfolding fit,2.93e6,M^-1,,,,,,,,,,"61 (Ka reported at the melting transition, not 37)",,no,"partly - framed as rapid screening for risk assessment and fate/transport modelling, incl. excretion into milk",Table 2
Alesio & Bothun,2024,38499613,10.1038/s41598-024-57140-9,decanoic acid (reference ligand),,carboxylate,bovine serum albumin (BSA),bovine,differential scanning fluorimetry (label-free intrinsic Trp fluorescence); Ka from thermal-unfolding fit,3.62e4,M^-1,,,,,,,,,,"61 (Ka reported at the melting transition, not 37)",,no,"partly - framed as rapid screening for risk assessment and fate/transport modelling, incl. excretion into milk",Table 2
Alesio & Bothun,2024,38499613,10.1038/s41598-024-57140-9,warfarin (Sudlow site I control),,,bovine serum albumin (BSA),bovine,differential scanning fluorimetry (label-free intrinsic Trp fluorescence); Ka from thermal-unfolding fit,9.37e4,M^-1,,,,,,,,,,"61 (Ka reported at the melting transition, not 37)",,no,"partly - framed as rapid screening for risk assessment and fate/transport modelling, incl. excretion into milk",Table 2
Peng et al.,2024,38250999,10.3390/toxics12010043,PFNA,8,carboxylate,human serum albumin (HSA),human,"fluorescence quenching (static; Kb from modified Stern-Volmer / double-log plot) with warfarin, ibuprofen and lidocaine site-marker competition",9.9e4,L/mol (= M^-1),,,1.10,Sudlow site I (subdomain IIA) dominant: warfarin reduced Kb by 93-99.6%; ibuprofen (site II) 14-43%; lidocaine 8-49%,,,,,,37 (310 K); also reported at 298 and 304 K,,no,partly - discussed as driver of bioaccumulation/transport; no explicit half-life or Vd linkage,Tables 2 and 3
Peng et al.,2024,38250999,10.3390/toxics12010043,PFNA,8,carboxylate,human serum albumin (HSA),human,"fluorescence quenching (static; Kb from modified Stern-Volmer / double-log plot) with warfarin, ibuprofen and lidocaine site-marker competition",7.81e6,L/mol (= M^-1),,,,Sudlow site I dominant (warfarin competition),,,,,,25 (298 K),,no,partly - discussed as driver of bioaccumulation/transport; no explicit half-life or Vd linkage,Tables 2 and 3
Peng et al.,2024,38250999,10.3390/toxics12010043,HFPO-TA,8,ether carboxylate,human serum albumin (HSA),human,"fluorescence quenching (static; Kb from modified Stern-Volmer / double-log plot) with warfarin, ibuprofen and lidocaine site-marker competition",2.31e9,L/mol (= M^-1),,,2.09,Sudlow site I (subdomain IIA) dominant: warfarin reduced Kb by 93-99.6%; ibuprofen (site II) 14-43%; lidocaine 8-49%,,,,,,37 (310 K); also reported at 298 and 304 K,,no,partly - discussed as driver of bioaccumulation/transport; no explicit half-life or Vd linkage,Tables 2 and 3
Peng et al.,2024,38250999,10.3390/toxics12010043,HFPO-TA,8,ether carboxylate,human serum albumin (HSA),human,"fluorescence quenching (static; Kb from modified Stern-Volmer / double-log plot) with warfarin, ibuprofen and lidocaine site-marker competition",3.7e6,L/mol (= M^-1),,,,Sudlow site I dominant (warfarin competition),,,,,,25 (298 K),,no,partly - discussed as driver of bioaccumulation/transport; no explicit half-life or Vd linkage,Tables 2 and 3
Peng et al.,2024,38250999,10.3390/toxics12010043,PFOA,7,carboxylate,human serum albumin (HSA),human,"fluorescence quenching (static; Kb from modified Stern-Volmer / double-log plot) with warfarin, ibuprofen and lidocaine site-marker competition",1.98e6,L/mol (= M^-1),,,1.47,Sudlow site I (subdomain IIA) dominant: warfarin reduced Kb by 93-99.6%; ibuprofen (site II) 14-43%; lidocaine 8-49%,,,,,,37 (310 K); also reported at 298 and 304 K,,no,partly - discussed as driver of bioaccumulation/transport; no explicit half-life or Vd linkage,Tables 2 and 3
Peng et al.,2024,38250999,10.3390/toxics12010043,PFOA,7,carboxylate,human serum albumin (HSA),human,"fluorescence quenching (static; Kb from modified Stern-Volmer / double-log plot) with warfarin, ibuprofen and lidocaine site-marker competition",2.27e5,L/mol (= M^-1),,,,Sudlow site I dominant (warfarin competition),,,,,,25 (298 K),,no,partly - discussed as driver of bioaccumulation/transport; no explicit half-life or Vd linkage,Tables 2 and 3
Peng et al.,2024,38250999,10.3390/toxics12010043,"PFO3DA (perfluoro-3,6,9-trioxadecanoic acid)",6,ether carboxylate,human serum albumin (HSA),human,"fluorescence quenching (static; Kb from modified Stern-Volmer / double-log plot) with warfarin, ibuprofen and lidocaine site-marker competition",2.99e4,L/mol (= M^-1),,,1.10,Sudlow site I (subdomain IIA) dominant: warfarin reduced Kb by 93-99.6%; ibuprofen (site II) 14-43%; lidocaine 8-49%,,,,,,37 (310 K); also reported at 298 and 304 K,,no,partly - discussed as driver of bioaccumulation/transport; no explicit half-life or Vd linkage,Tables 2 and 3
Peng et al.,2024,38250999,10.3390/toxics12010043,"PFO3DA (perfluoro-3,6,9-trioxadecanoic acid)",6,ether carboxylate,human serum albumin (HSA),human,"fluorescence quenching (static; Kb from modified Stern-Volmer / double-log plot) with warfarin, ibuprofen and lidocaine site-marker competition",1.59e5,L/mol (= M^-1),,,,Sudlow site I dominant (warfarin competition),,,,,,25 (298 K),,no,partly - discussed as driver of bioaccumulation/transport; no explicit half-life or Vd linkage,Tables 2 and 3
Peng et al.,2024,38250999,10.3390/toxics12010043,PFHpA,6,carboxylate,human serum albumin (HSA),human,"fluorescence quenching (static; Kb from modified Stern-Volmer / double-log plot) with warfarin, ibuprofen and lidocaine site-marker competition",7.47e5,L/mol (= M^-1),,,1.50,Sudlow site I (subdomain IIA) dominant: warfarin reduced Kb by 93-99.6%; ibuprofen (site II) 14-43%; lidocaine 8-49%,,,,,,37 (310 K); also reported at 298 and 304 K,,no,partly - discussed as driver of bioaccumulation/transport; no explicit half-life or Vd linkage,Tables 2 and 3
Peng et al.,2024,38250999,10.3390/toxics12010043,PFHpA,6,carboxylate,human serum albumin (HSA),human,"fluorescence quenching (static; Kb from modified Stern-Volmer / double-log plot) with warfarin, ibuprofen and lidocaine site-marker competition",4.53e3,L/mol (= M^-1),,,,Sudlow site I dominant (warfarin competition),,,,,,25 (298 K),,no,partly - discussed as driver of bioaccumulation/transport; no explicit half-life or Vd linkage,Tables 2 and 3
Peng et al.,2024,38250999,10.3390/toxics12010043,DFSA (dodecafluorosuberic acid),6,di-carboxylate,human serum albumin (HSA),human,"fluorescence quenching (static; Kb from modified Stern-Volmer / double-log plot) with warfarin, ibuprofen and lidocaine site-marker competition",2.07e4,L/mol (= M^-1),,,1.13,Sudlow site I (subdomain IIA) dominant: warfarin reduced Kb by 93-99.6%; ibuprofen (site II) 14-43%; lidocaine 8-49%,,,,,,37 (310 K); also reported at 298 and 304 K,,no,partly - discussed as driver of bioaccumulation/transport; no explicit half-life or Vd linkage,Tables 2 and 3
Peng et al.,2024,38250999,10.3390/toxics12010043,DFSA (dodecafluorosuberic acid),6,di-carboxylate,human serum albumin (HSA),human,"fluorescence quenching (static; Kb from modified Stern-Volmer / double-log plot) with warfarin, ibuprofen and lidocaine site-marker competition",1.52e3,L/mol (= M^-1),,,,Sudlow site I dominant (warfarin competition),,,,,,25 (298 K),,no,partly - discussed as driver of bioaccumulation/transport; no explicit half-life or Vd linkage,Tables 2 and 3
Wu et al.,2024,38251003,10.3390/toxics12010046,PFOA,7,carboxylate,human serum albumin (HSA),human,fluorescence quenching (double-logarithmic plot; no inner-filter/Trp correction reported),103.3,"M^-1 (as printed, 'binding constant KA'; 10^1-10^2 range - orders of magnitude below other FQ studies)",,,0.681,,,,,,,,,no,partly,Tables 4-6
Wu et al.,2024,38251003,10.3390/toxics12010046,PFOS,8,sulfonate,human serum albumin (HSA),human,fluorescence quenching (double-logarithmic plot; no inner-filter/Trp correction reported),394.6,"M^-1 (as printed, 'binding constant KA'; 10^1-10^2 range - orders of magnitude below other FQ studies)",,,0.869,,,,,,,,,no,partly,Tables 4-6
Wu et al.,2024,38251003,10.3390/toxics12010046,PFHxS,6,sulfonate,human serum albumin (HSA),human,fluorescence quenching (double-logarithmic plot; no inner-filter/Trp correction reported),157.9,"M^-1 (as printed, 'binding constant KA'; 10^1-10^2 range - orders of magnitude below other FQ studies)",,,0.733,,,,,,,,,no,partly,Tables 4-6
Wu et al.,2024,38251003,10.3390/toxics12010046,PFPrS,3,sulfonate,human serum albumin (HSA),human,fluorescence quenching (double-logarithmic plot; no inner-filter/Trp correction reported),79.45,"M^-1 (as printed, 'binding constant KA'; 10^1-10^2 range - orders of magnitude below other FQ studies)",,,0.649,,,,,,,,,no,partly,Tables 4-6
Wu et al.,2024,38251003,10.3390/toxics12010046,PFBS,4,sulfonate,human serum albumin (HSA),human,fluorescence quenching (double-logarithmic plot; no inner-filter/Trp correction reported),116.5,"M^-1 (as printed, 'binding constant KA'; 10^1-10^2 range - orders of magnitude below other FQ studies)",,,0.699,,,,,,,,,no,partly,Tables 4-6
Wu et al.,2024,38251003,10.3390/toxics12010046,PFBA,3,carboxylate,human serum albumin (HSA),human,fluorescence quenching (double-logarithmic plot; no inner-filter/Trp correction reported),20.37,"M^-1 (as printed, 'binding constant KA'; 10^1-10^2 range - orders of magnitude below other FQ studies)",,,0.469,,,,,,,,,no,partly,Tables 4-6
Wu et al.,2024,38251003,10.3390/toxics12010046,"9Cl-PF3ONS (F-53B, 6:2 Cl-PFESA)",8,chlorinated ether sulfonate,human serum albumin (HSA),human,fluorescence quenching (double-logarithmic plot; no inner-filter/Trp correction reported),117.1,"M^-1 (as printed, 'binding constant KA'; 10^1-10^2 range - orders of magnitude below other FQ studies)",,,0.724,,,,,,,,,no,partly,Tables 4-6
Wu et al.,2024,38251003,10.3390/toxics12010046,11Cl-PF3OUdS (8:2 Cl-PFESA),10,chlorinated ether sulfonate,human serum albumin (HSA),human,fluorescence quenching (double-logarithmic plot; no inner-filter/Trp correction reported),127.6,"M^-1 (as printed, 'binding constant KA'; 10^1-10^2 range - orders of magnitude below other FQ studies)",,,0.710,,,,,,,,,no,partly,Tables 4-6
Wu et al.,2024,38251003,10.3390/toxics12010046,HFPO-DA (GenX),4,ether carboxylate,human serum albumin (HSA),human,fluorescence quenching (double-logarithmic plot; no inner-filter/Trp correction reported),58.99,"M^-1 (as printed, 'binding constant KA'; 10^1-10^2 range - orders of magnitude below other FQ studies)",,,0.621,,,,,,,,,no,partly,Tables 4-6
Wu et al.,2024,38251003,10.3390/toxics12010046,NaDONA (ADONA),6,ether carboxylate,human serum albumin (HSA),human,fluorescence quenching (double-logarithmic plot; no inner-filter/Trp correction reported),93.09,"M^-1 (as printed, 'binding constant KA'; 10^1-10^2 range - orders of magnitude below other FQ studies)",,,0.672,,,,,,,,,no,partly,Tables 4-6
Wu et al.,2024,38251003,10.3390/toxics12010046,PFOA,7,carboxylate,human serum albumin (HSA),human,molecular docking (AutoDock); binding energy kcal/mol,,,-7.6,"kcal/mol docking binding energy (COMPUTATIONAL, not a measured Kd)",,docked contact residue(s): MET548,,,,,,,,yes,no,Table 7
Wu et al.,2024,38251003,10.3390/toxics12010046,PFOS,8,sulfonate,human serum albumin (HSA),human,molecular docking (AutoDock); binding energy kcal/mol,,,-8.3,"kcal/mol docking binding energy (COMPUTATIONAL, not a measured Kd)",,docked contact residue(s): ASN405,,,,,,,,yes,no,Table 7
Wu et al.,2024,38251003,10.3390/toxics12010046,PFHxS,6,sulfonate,human serum albumin (HSA),human,molecular docking (AutoDock); binding energy kcal/mol,,,-7.5,"kcal/mol docking binding energy (COMPUTATIONAL, not a measured Kd)",,"docked contact residue(s): ASN405, TYR401",,,,,,,,yes,no,Table 7
Wu et al.,2024,38251003,10.3390/toxics12010046,PFBA,3,carboxylate,human serum albumin (HSA),human,molecular docking (AutoDock); binding energy kcal/mol,,,-6.2,"kcal/mol docking binding energy (COMPUTATIONAL, not a measured Kd)",,docked contact residue(s): ARG117,,,,,,,,yes,no,Table 7
Wu et al.,2024,38251003,10.3390/toxics12010046,PFBS,4,sulfonate,human serum albumin (HSA),human,molecular docking (AutoDock); binding energy kcal/mol,,,-6.4,"kcal/mol docking binding energy (COMPUTATIONAL, not a measured Kd)",,docked contact residue(s): LYS137,,,,,,,,yes,no,Table 7
Wu et al.,2024,38251003,10.3390/toxics12010046,PFPrS,3,sulfonate,human serum albumin (HSA),human,molecular docking (AutoDock); binding energy kcal/mol,,,-6.2,"kcal/mol docking binding energy (COMPUTATIONAL, not a measured Kd)",,"docked contact residue(s): LEU14, ASN18",,,,,,,,yes,no,Table 7
Wu et al.,2024,38251003,10.3390/toxics12010046,NaDONA (ADONA),6,ether carboxylate,human serum albumin (HSA),human,molecular docking (AutoDock); binding energy kcal/mol,,,-7.3,"kcal/mol docking binding energy (COMPUTATIONAL, not a measured Kd)",,docked contact residue(s): LEU155,,,,,,,,yes,no,Table 7
Wu et al.,2024,38251003,10.3390/toxics12010046,HFPO-DA (GenX),4,ether carboxylate,human serum albumin (HSA),human,molecular docking (AutoDock); binding energy kcal/mol,,,-7.0,"kcal/mol docking binding energy (COMPUTATIONAL, not a measured Kd)",,docked contact residue(s): SER287,,,,,,,,yes,no,Table 7
Wu et al.,2024,38251003,10.3390/toxics12010046,9Cl-PF3ONS (F-53B),8,chlorinated ether sulfonate,human serum albumin (HSA),human,molecular docking (AutoDock); binding energy kcal/mol,,,-7.8,"kcal/mol docking binding energy (COMPUTATIONAL, not a measured Kd)",,"docked contact residue(s): ARG410, ALA406",,,,,,,,yes,no,Table 7
Wu et al.,2024,38251003,10.3390/toxics12010046,11Cl-PF3OUdS,10,chlorinated ether sulfonate,human serum albumin (HSA),human,molecular docking (AutoDock); binding energy kcal/mol,,,-7.9,"kcal/mol docking binding energy (COMPUTATIONAL, not a measured Kd)",,docked contact residue(s): ARG410,,,,,,,,yes,no,Table 7
Moro et al.,2022,36148994,10.1021/acs.chemrestox.2c00211,C6O4,3,branched ether carboxylate,defatted human serum albumin (dhSA),human,isothermal titration calorimetry (ITC),,,2.4,uM,1.6,,,,,,,25 (298 K),,no,partly - discussed for absorption/distribution of short-chain alternatives,Table 1
Moro et al.,2022,36148994,10.1021/acs.chemrestox.2c00211,C6O4,3,branched ether carboxylate,defatted human serum albumin (dhSA),human,isothermal titration calorimetry (ITC),,,5.4,uM,1.5,,,,,,,37 (310 K),,no,partly - discussed for absorption/distribution of short-chain alternatives,Table 1
Moro et al.,2022,36148994,10.1021/acs.chemrestox.2c00211,PFHxA,5,carboxylate,defatted human serum albumin (dhSA),human,isothermal titration calorimetry (ITC),,,4.5,uM,1.02,,,,,,,25 (298 K),,no,partly - discussed for absorption/distribution of short-chain alternatives,Table 1
Moro et al.,2022,36148994,10.1021/acs.chemrestox.2c00211,PFHxA,5,carboxylate,defatted human serum albumin (dhSA),human,isothermal titration calorimetry (ITC),,,5.9,uM,1.03,,,,,,,37 (310 K),,no,partly - discussed for absorption/distribution of short-chain alternatives,Table 1
Moro et al.,2022,36148994,10.1021/acs.chemrestox.2c00211,HFPO-DA (GenX),4,ether carboxylate,defatted human serum albumin (dhSA),human,isothermal titration calorimetry (ITC),,,19.0 (KD1); 84.2 (KD2),uM,sequential two-site model,,,,,,,25 (298 K),,no,partly - discussed for absorption/distribution of short-chain alternatives,Table 1
Moro et al.,2022,36148994,10.1021/acs.chemrestox.2c00211,HFPO-DA (GenX),4,ether carboxylate,defatted human serum albumin (dhSA),human,isothermal titration calorimetry (ITC),,,9.9 (KD1); 27.0 (KD2),uM,sequential two-site model,,,,,,,37 (310 K),,no,partly - discussed for absorption/distribution of short-chain alternatives,Table 1
Moro et al.,2022,36148994,10.1021/acs.chemrestox.2c00211,PFOA,7,carboxylate,defatted human serum albumin (dhSA),human,isothermal titration calorimetry (ITC),,,0.4 (high-affinity set); 29.7 (low-affinity set),uM,0.89 (high-affinity); 4.5 (low-affinity),,,,,,,25 (298 K),,no,partly - discussed for absorption/distribution of short-chain alternatives,Table 1
Moro et al.,2022,36148994,10.1021/acs.chemrestox.2c00211,PFOA,7,carboxylate,defatted human serum albumin (dhSA),human,isothermal titration calorimetry (ITC),,,39.3 (high-affinity set); 46.0 (low-affinity set),uM,0.95 (high-affinity); 9.5 (low-affinity),,,,,,,37 (310 K),,no,partly - discussed for absorption/distribution of short-chain alternatives,Table 1
Chen & Guo,2009,18854981,10.1007/s00204-008-0359-x,PFOA,7,carboxylate,human serum albumin (HSA),human,fluorescence quenching of Trp-214 (no inner-filter correction reported),2.7e5,M^-1,,,,region near Trp214,,,,,,,,no,partly - compared with fatty acids to judge toxicological potential,abstract
Chen & Guo,2009,18854981,10.1007/s00204-008-0359-x,PFOS,8,sulfonate,human serum albumin (HSA),human,fluorescence quenching of Trp-214 (no inner-filter correction reported),2.2e4,M^-1,,,,region near Trp214,,,,,,,,no,partly - compared with fatty acids to judge toxicological potential,abstract
Chen & Guo,2009,18854981,10.1007/s00204-008-0359-x,PFBA,3,carboxylate,human serum albumin (HSA),human,fluorescence displacement of dansylamide (Sudlow site I probe),1.0e6,M^-1,,,,Sudlow site I,,,,,,,,no,partly - compared with fatty acids to judge toxicological potential,abstract
Chen & Guo,2009,18854981,10.1007/s00204-008-0359-x,PFBS,4,sulfonate,human serum albumin (HSA),human,fluorescence displacement of dansylamide (Sudlow site I probe),2.2e6,M^-1,,,,Sudlow site I,,,,,,,,no,partly - compared with fatty acids to judge toxicological potential,abstract
Chen & Guo,2009,18854981,10.1007/s00204-008-0359-x,PFBS,4,sulfonate,human serum albumin (HSA),human,fluorescence displacement of dansyl-L-proline (Sudlow site II probe),6.5e6,M^-1,,,,Sudlow site II,,,,,,,,no,partly - compared with fatty acids to judge toxicological potential,abstract
Chen & Guo,2009,18854981,10.1007/s00204-008-0359-x,PFDoA,11,carboxylate,human serum albumin (HSA),human,fluorescence displacement of dansyl-L-proline (Sudlow site II probe),1.2e6,M^-1,,,,Sudlow site II,,,,,,,,no,partly - compared with fatty acids to judge toxicological potential,abstract
Chen & Guo,2009,18854981,10.1007/s00204-008-0359-x,PFBA,3,carboxylate,human serum albumin (HSA),human,fluorescence displacement of dansyl-L-proline (Sudlow site II probe),no binding detected,M^-1,,,,Sudlow site II - PFBA did not bind,,,,,,,,no,partly - compared with fatty acids to judge toxicological potential,abstract
Chen & Guo,2009,18854981,10.1007/s00204-008-0359-x,PFBA / PFBS,3 / 4,carboxylate / sulfonate,human serum albumin (HSA),human,fluorescence quenching of Trp-214,not determinable - no fluorescence change,M^-1,,,,,,,,,,,,no,partly - compared with fatty acids to judge toxicological potential,abstract (negative result)
Bischel et al.,2010,20540534,10.1021/es101334s,PFOA,7,carboxylate,bovine serum albumin (BSA),bovine,equilibrium dialysis,~1e6 (primary association constant),M^-1,,,1-3 primary sites,,,,,wide range of PFAA:albumin mole ratios (low ratios emphasised),mol/mol,,,no,yes - serum protein association constant proposed as a descriptor of bioaccumulative potential and in vivo bioavailability,abstract
Bischel et al.,2010,20540534,10.1021/es101334s,PFNA,8,carboxylate,bovine serum albumin (BSA),bovine,equilibrium dialysis,~1e6 (primary association constant),M^-1,,,1-3 primary sites,,<0.001 (>99.9% bound to BSA or HSA at a physiological PFAA:albumin mole ratio of ~4),,,wide range of PFAA:albumin mole ratios,mol/mol,,,no,yes - serum protein association constant proposed as a descriptor of bioaccumulative potential and in vivo bioavailability,abstract
Bischel et al.,2010,20540534,10.1021/es101334s,PFOA,7,carboxylate,bovine serum albumin (BSA),bovine,nanoelectrospray ionization mass spectrometry (nanoESI-MS),~1e5,M^-1,,,up to 8 occupied sites at 4:1 PFAA:albumin,,,,,4:1 PFAA:albumin and lower,mol/mol,,,no,yes - serum protein association constant proposed as a descriptor of bioaccumulative potential and in vivo bioavailability,abstract
Bischel et al.,2010,20540534,10.1021/es101334s,PFNA,8,carboxylate,bovine serum albumin (BSA),bovine,nanoelectrospray ionization mass spectrometry (nanoESI-MS),~1e5,M^-1,,,up to 8 occupied sites at 4:1 PFAA:albumin,,,,,4:1 PFAA:albumin and lower,mol/mol,,,no,yes - serum protein association constant proposed as a descriptor of bioaccumulative potential and in vivo bioavailability,abstract
Bischel et al.,2010,20540534,10.1021/es101334s,PFDA,9,carboxylate,bovine serum albumin (BSA),bovine,nanoelectrospray ionization mass spectrometry (nanoESI-MS),~1e4,M^-1,,,up to 8 occupied sites at 4:1 PFAA:albumin,,,,,4:1 PFAA:albumin and lower,mol/mol,,,no,yes - serum protein association constant proposed as a descriptor of bioaccumulative potential and in vivo bioavailability,abstract
Bischel et al.,2010,20540534,10.1021/es101334s,PFOS,8,sulfonate,bovine serum albumin (BSA),bovine,nanoelectrospray ionization mass spectrometry (nanoESI-MS),~1e4,M^-1,,,up to 8 occupied sites at 4:1 PFAA:albumin,,,,,4:1 PFAA:albumin and lower,mol/mol,,,no,yes - serum protein association constant proposed as a descriptor of bioaccumulative potential and in vivo bioavailability,abstract
Bischel et al.,2011,21842491,10.1002/etc.647,C4-C12 PFCAs and C4/C6/C8 PFSAs (range across 15 congeners),3-11 (PFCA C4-C12),carboxylate and sulfonate,bovine serum albumin (BSA),bovine,equilibrium dialysis + nanoESI-MS + fluorescence spectroscopy,log K_protein-water = 3.3-4.3,"log K_PW (protein-water distribution coefficient), L/kg",,,,,,,,low PFAA:albumin mole ratios; several solution conditions (pH varied),mol/mol,,,no,yes - argues physiological implications of strong albumin binding may matter for short-chain PFAAs too,abstract
Bischel et al.,2011,21842491,10.1002/etc.647,PFBS,4,sulfonate,bovine serum albumin (BSA),bovine,equilibrium dialysis,~1e6,M^-1,,,,,,,,,,,,no,yes - argues physiological implications of strong albumin binding may matter for short-chain PFAAs too,abstract
Bischel et al.,2011,21842491,10.1002/etc.647,PFPeA,4,carboxylate,bovine serum albumin (BSA),bovine,equilibrium dialysis,~1e6,M^-1,,,,,,,,,,,,no,yes - argues physiological implications of strong albumin binding may matter for short-chain PFAAs too,abstract
MacManus-Spencer et al.,2010,20039637,10.1021/ac902238u,"C8-C11 PFCAs (PFOA, PFNA, PFDA, PFUnDA)",7-10,carboxylate,human and bovine serum albumin,human; bovine,19F NMR titration,1e2-1e4 (secondary association constants),M^-1,,,,,,,,high PFCA:albumin mole ratios (mM PFCA required by the method),mol/mol,,,no,partly - methodological critique; concludes fluorescence gives the most complete picture,abstract
MacManus-Spencer et al.,2010,20039637,10.1021/ac902238u,"C8-C11 PFCAs (PFOA, PFNA, PFDA, PFUnDA)",7-10,carboxylate,human and bovine serum albumin,human; bovine,fluorescence spectroscopy (two binding classes),~1e5 (class 1) and ~1e2 (class 2),M^-1,,,two binding classes,,,,,"low ratios, up to 5:1 PFCA:albumin",mol/mol,,,no,partly - methodological critique; concludes fluorescence gives the most complete picture,abstract
MacManus-Spencer et al.,2010,20039637,10.1021/ac902238u,C8-C11 PFCAs,7-10,carboxylate,human and bovine serum albumin,human; bovine,surface tension titration,qualitative only - complex formation seen only at mM PFCA,,,,,,,,,,,,,no,partly - methodological critique; concludes fluorescence gives the most complete picture,abstract
Hebert & MacManus-Spencer,2010,20590160,10.1021/ac100721e,"PFHpA, PFOA, PFNA, PFDA, PFUnDA, PFHxS, PFOS (medium/long chain); PFHxA, PFBS (short chain)",5-10,carboxylate and sulfonate,human serum albumin (HSA),human,fluorescence quenching with a purpose-built binding model (native Trp fluorescence),~1e4,M^-1,,,at least 2-3 PFAAs per protein,,,,,,,,,no,yes - notes measured PFAA Ka is only ~10% (possibly 2-3% after protein-concentration correction) of fatty acids of similar chain length,abstract
Allendorf et al.,2019,31475719,10.1039/C9EM00290A,"7 PFCAs, 3 PFSAs, plus HFPO-DA (GenX), DONA/ADONA, 9Cl-PF3ONS (F-53B), PFECHS",range across 14 congeners,"carboxylate, sulfonate, ether carboxylate, chlorinated ether sulfonate, cyclic sulfonate",bovine serum albumin (BSA),bovine,equilibrium dialysis in a physiologically representative system; LC-MS/MS with mass-balance,log K_BSA/w = 2.8-4.8 across the 10 classical PFAAs,log L_water/kg_albumin,,,,competition with medium- and long-chain fatty acids investigated,,,,,,,,no,yes - albumin/water partition coefficient framed as the descriptor of bioaccumulative behaviour; alternatives are NOT lower than legacy PFAAs,abstract (per-congener values not retrieved)
Ebert et al.,2020,32212724,10.1021/acs.est.0c00175,"6 PFCAs, 3 PFSAs, 4 alternatives",range across 13 congeners,"carboxylate, sulfonate, alternatives",phospholipid bilayer membrane (not a protein),model lipid bilayer,dialysis (K_mem/w) and planar lipid bilayer permeability (P_ion),K_mem/w measured; predicted well by COSMO-RS (log RMSE 0.61),L_water/kg_membrane,,,,,,,,,,,,"no (experimental, with COSMO-RS prediction alongside)",yes - P_ion high enough to explain cellular uptake by passive diffusion without invoking active transport; relevant to Vd,abstract (per-congener values not retrieved)
Han et al.,2003,12807361,10.1021/tx034005w,PFOA,7,carboxylate,rat serum albumin (RSA),rat,19F NMR,,,~0.3,mM,,,,,,,,,,no,yes - concludes >90% of PFOA would be albumin-bound in both rat and human blood at physiological albumin,abstract
Han et al.,2003,12807361,10.1021/tx034005w,PFOA,7,carboxylate,rat serum albumin (RSA),rat,microdesalting column separation (size exclusion),,,0.3-0.4,mM,6-9,,<0.10 (i.e. >90% bound at physiological albumin),,,,,,,no,yes - concludes >90% of PFOA would be albumin-bound in both rat and human blood at physiological albumin,abstract
Han et al.,2003,12807361,10.1021/tx034005w,PFOA,7,carboxylate,human serum albumin (HSA),human,microdesalting column separation (size exclusion),,,0.3-0.4,mM,6-9,,<0.10 (i.e. >90% bound at physiological albumin),,,,,,,no,yes - concludes >90% of PFOA would be albumin-bound in both rat and human blood at physiological albumin,abstract
Han et al.,2003,12807361,10.1021/tx034005w,PFOA,7,carboxylate,"rat plasma proteins (whole plasma, size-exclusion + ligand blotting)",rat,size-exclusion chromatography + ligand blotting,,,,,,serum albumin identified as the primary PFOA-binding plasma protein in both sexes,,,,,,,,no,yes - concludes >90% of PFOA would be albumin-bound in both rat and human blood at physiological albumin,abstract
Han et al.,2004,15573471,10.1081/dct-200039725,PFOA,7,carboxylate,"alpha2u-globulin, liver form (A2U-L)",rat,ligand blotting + ESI-MS + fluorescence competitive binding assay,,,~1e-3 (10^-3 M range),M,,PFOA and a fluorescent-labelled fatty acid share the same binding site,,,,,,,,no,"yes - explicitly concludes binding is too weak to explain the sex difference in rat PFOA elimination, and unlikely to cause alpha2u nephropathy",abstract
Han et al.,2004,15573471,10.1081/dct-200039725,PFOA,7,carboxylate,"alpha2u-globulin, kidney form (A2U-K)",rat,ligand blotting + ESI-MS + fluorescence competitive binding assay,,,~1e-3 (10^-3 M range),M,,PFOA and a fluorescent-labelled fatty acid share the same binding site,,,,,,,,no,"yes - explicitly concludes binding is too weak to explain the sex difference in rat PFOA elimination, and unlikely to cause alpha2u nephropathy",abstract
Beesoon & Martin,2015,25826685,10.1021/es505399w,linear PFOS (n-PFOS),8,sulfonate,human serum albumin (HSA),human,ultrafiltration,1.25e7 (= 1/Kd),M^-1,8e-8 (+/-4e-8),M,,,,,,,,,,no,yes - offered as the mechanistic explanation for the longer biological half-life of linear vs branched isomers,abstract
Beesoon & Martin,2015,25826685,10.1021/es505399w,branched PFOS isomers (range),8,sulfonate,human serum albumin (HSA),human,ultrafiltration,,,8e-5 (+/-1e-5) to 4e-4 (+/-2e-4),M,,,,,,,,,,no,yes - offered as the mechanistic explanation for the longer biological half-life of linear vs branched isomers,abstract
Beesoon & Martin,2015,25826685,10.1021/es505399w,linear PFOA (n-PFOA),7,carboxylate,human serum albumin (HSA),human,ultrafiltration,,,1e-4 (+/-0.9e-4),M,,,,,,,,,,no,yes - offered as the mechanistic explanation for the longer biological half-life of linear vs branched isomers,abstract
Beesoon & Martin,2015,25826685,10.1021/es505399w,branched PFOA isomers (range),7,carboxylate,human serum albumin (HSA),human,ultrafiltration,,,3e-4 (+/-2e-4) to 4e-4 (+/-2e-4),M,,,,,,,,,,no,yes - offered as the mechanistic explanation for the longer biological half-life of linear vs branched isomers,abstract
Beesoon & Martin,2015,25826685,10.1021/es505399w,PFOS and PFOA technical mixtures,7-8,carboxylate and sulfonate,total serum protein in whole calf serum and whole human serum,bovine; human,ultrafiltration of technical mixtures spiked into whole serum,,,"linear isomers more strongly bound than branched (confirmatory, no Kd reported in abstract)",,,,,,,,,,,no,yes,abstract
Luo et al.,2012,22482699,10.1021/tx300112p,PFOS,8,sulfonate,human serum albumin (HSA),human,X-ray crystallography of the HSA-PFOS complex (PDB 4E99),,,,,2 PFOS per HSA (2:1 molar ratio in the crystal),fatty-acid sites FA3/FA4 and FA5 (site assignment as reported by Li et al. 2021 when redocking to PDB 4E99),,,,,,,,no,yes - framed as the structural mechanism for retention of surfactants in human serum; PFOS binding makes HSA more compact,abstract + PDB 4E99 site assignment quoted in Li et al. 2021 (PMC8002870) body text
Maso et al.,2021,33550662,10.1002/pro.4036,PFOA,7,carboxylate,"human serum albumin (hSA), co-crystallised with a medium-chain fatty acid",human,X-ray crystallography + solution binding studies + competition with known hSA-binding drugs,,,,,4 PFOA per hSA (4:1); 8 distinct sites total in the crystal (4 PFOA + 4 fatty acid); one high-affinity and three low-affinity sites in solution,high-affinity site located in subdomain IIIA (= Sudlow site II region) by drug competition,,,,,,,,no,yes - framed as a better assessment of in vivo absorption and elimination mechanisms,abstract
Zhang et al.,2009,19239717,10.1186/1471-2199-10-16,PFOS,8,sulfonate,serum albumin,not specified in abstract,equilibrium dialysis (Langmuir two-step sequential model) + ITC + fluorescence quenching + circular dichroism,,,,,45 PFOS per albumin molecule at saturation,static quenching indicates PFOS binds near the Trp residue; CD shows conformational change,,,,up to 1.2 mmol/L PFOS (concentration at which vitamin-binding ratio was reduced),mM,,,no,"partly - framed as molecular toxicity, not toxicokinetics","abstract. NOTE: 45 sites per albumin is a saturation count at mM ligand, ~4-5 orders of magnitude above physiological PFOS:albumin ratios"
Chen et al.,2015,25497588,10.1016/j.chemosphere.2014.11.040,PFOA,7,carboxylate,bovine serum albumin (BSA),bovine,fluorescence quenching (static) + UV-Vis + FT-IR + site-marker displacement + molecular docking,2.44e5 to 7.51e5 (range reported across PFOA and PFOS in this study),M^-1,,,,Sudlow site I (subdomain IIA),,,,,,,,no,no - framed as toxic mechanism/conformational change,abstract for site assignment; Ka range from Starnes & Belcher 2026 Table 1
Chen et al.,2015,25497588,10.1016/j.chemosphere.2014.11.040,PFOS,8,sulfonate,bovine serum albumin (BSA),bovine,fluorescence quenching (static) + UV-Vis + FT-IR + site-marker displacement + molecular docking,2.44e5 to 7.51e5 (range reported across PFOA and PFOS in this study),M^-1,,,,"mainly Sudlow site II (subdomain IIIA), partially site I",,,,,,,,no,no,abstract for site assignment; Ka range from Starnes & Belcher 2026 Table 1
Chi et al.,2018,29425944,10.1016/j.chemosphere.2018.01.152,PFOA and PFOS,7-8,carboxylate and sulfonate,human and bovine serum albumin,human; bovine,native electrospray ionization mass spectrometry (ESI-MS) + fluorescence + circular dichroism + molecular docking,0.52e5-9.90e5,M^-1,,,up to 8 PFOA or PFOS molecules per albumin at high mole ratios,hydrophobic pocket proximate to Trp214 in HSA is one dominant site; more than one pocket occupied,,,,,,,,no,no,abstract; Ka range from Starnes & Belcher 2026 Table 1
Fedorenko et al.,2021,33297081,10.1016/j.chemosphere.2020.128083,"PFOA, PFNA, PFHxS, PFOS",7-8,carboxylate and sulfonate,bovine serum albumin (BSA),bovine,19F NMR (headgroup-adjacent CF2 and terminal CF3 resonances),0.17e5-3.57e5,M^-1,,,,hydrophobic tail shows greater affinity than the headgroup,,,,well below the reported critical micelle concentrations,,temperature series,phosphate-buffered saline,no,yes - binding is dominantly entropic; framed for predictive models of PFAS distribution/accumulation,abstract; Ka range from Starnes & Belcher 2026 Table 1
Qin et al.,2010,20397730,10.1021/jf100412q,"PFOA and PFDA (PFPeA tested, little effect)","7, 9 (and 4)",carboxylate,bovine serum albumin (BSA),bovine,fluorescence quenching + synchronous fluorescence + circular dichroism,0.22e5-6.85e5,M^-1,,,,alpha-helix content reduced; van der Waals and hydrogen bonding dominant,,,,,,,,no,no,abstract; Ka range from Starnes & Belcher 2026 Table 1. PFPeA (C5 PFCA) had little effect on BSA
Weiss-Errico et al.,2018,29589912,10.1021/acs.chemrestox.8b00002,PFOA,7,carboxylate,human serum albumin (HSA),human,19F NMR + circular dichroism + fluorescence emission and Trp fluorescence lifetime,,,,,multiple sites: one strong-affinity plus several low-affinity,"changes in the single Trp residue lifetime; CD shows structural change, reversed by beta-cyclodextrin",,,,,,,,no,"yes - beta-cyclodextrin reverses PFOA-HSA binding, proposed as a therapeutic/remediation route (implies a route to accelerate elimination)",abstract (no numeric Ka or Kd given in the abstract)
Wang et al.,2016,27031195,10.1016/j.jphotobiol.2016.03.024,PFOS,8,sulfonate,bovine serum albumin (BSA),bovine,fluorescence/spectroscopy of conformation and activity + molecular modelling,,,,,more than one possible binding site,"polar interaction, hydrogen bonds and hydrophobic forces; alpha-helix decreased; Trp/Tyr microenvironment more hydrophobic",,,,,,,,no,no - conformation/activity endpoint only,abstract (no numeric Ka or Kd given in the abstract). PFOS increased BSA thermal stability
Crisalli et al.,2023,37001030,10.1021/acs.chemrestox.3c00011,"PFBA, PFHxA, PFHpA, PFOA, HFPO-DA (GenX)","3-7, 4",carboxylate and ether carboxylate,human serum albumin (HSA),human,isothermal titration calorimetry (ITC) + spectroscopy,4e0 to 9.32e6 (spans >6 orders of magnitude across these five congeners),M^-1,,,,,,,,,,,,no,partly - bioaccumulation framing,secondary (Starnes & Belcher 2026 Table 1); primary full text not obtained
Li et al.,2021,33803062,10.3390/toxics9030063,PFPrS (perfluoropropane sulfonate),3,sulfonate,human serum albumin (HSA),human,equilibrium dialysis + HPLC-QTOF-MS; one-site and Langmuir isotherm fits,log Ka = 4.1 +/- 0.2,log M^-1,,,,,,,,,,,,no,yes - bioaccumulation potential screening of AFFF components,body text. Companion docking to PDB 1E7G and 1AO6 reported separately (computational)
Li et al.,2021,33803062,10.3390/toxics9030063,26 PFAS standards from a 1999 3M AFFF (range across congeners),range,"mixed (carboxylate, sulfonate, sulfonamide, hydrocarbon surfactants)",human serum albumin (HSA),human,equilibrium dialysis + HPLC-QTOF-MS,0.10e5-3.16e5,M^-1,,,,,,,,,,,,no,yes,secondary (Starnes & Belcher 2026 Table 1); the per-congener SI table was not retrieved. At least 5 PFAS (incl. 3 with <5 perfluorocarbons) stayed bound to the precipitated HSA pellet after extensive solvent washing
Li et al.,2021,33803062,10.3390/toxics9030063,62 ligands (26 PFAS targets + 18 qualified AFFF PFAS + 18 hydrocarbon surfactants),range,mixed,human serum albumin (HSA),human,"molecular docking (AutoDock Vina) to PDB 1E7G (myristate-bound) and 1AO6 (unliganded); 6 binding pockets, 100 repeats",,,,,,redocking of PFOS to PDB 4E99 reproduced FA3/4 and FA5 placement with RMSD < 2 Angstrom,,,,,,,,yes,partly,Methods section 2.9
Jackson et al.,2021,34495656,10.1021/acs.est.1c01200,"24 PFAS from 6 chemical classes (PFBA, PFPeA, PFHxA, PFHpA, PFOA, PFNA, PFDA, PFUnDA, PFDoA, PFBS, PFHxS, PFOS, E1, GenX, Nafion byproduct 2, PFO3DoDA, 4:2 FTOH, 6:2 FTOH, 3:3/5:3/6:3/8:3 FTCA, 4:2/6:2 FTSA)",3-11 and ether/telomer analogues,"carboxylate, sulfonate, ether carboxylate, fluorotelomer alcohol, fluorotelomer carboxylate, fluorotelomer sulfonate",human serum albumin (HSA),human,differential scanning fluorimetry (DSF),0.38e3-2.13e3,M^-1,~0.47-2.6 (equivalent to the Ka range),mM,,,,,,,,thermal ramp,,no,yes - positioned as a NAM to fill PFAS toxicokinetic data gaps,secondary (Starnes & Belcher 2026 Table 1); primary full text not obtained
Starnes et al.,2025,39298512,10.1093/toxsci/kfae124,65 structurally diverse PFAS from 20 chemical classes,range,"mixed, incl. amines, amides, esters, diols, crotonates, sulfonates, trifluoromethanesulfonates",human serum albumin (HSA),human,"differential scanning fluorimetry (DSF) + machine learning (7 classifiers, 9 regressors)",non-binding to 4.17e3,M^-1,,,,,,,,,,thermal ramp,"HEPES-buffered saline pH 7.4 (140 mM NaCl, 50 mM HEPES, 0.38 mM Na2HPO4); HSA stock 1 mM",no (experimental DSF; the ML models built on it are computational),yes,"Table 1 for binary binding calls; Ka range from Starnes & Belcher 2026 Table 1. Best classifier (logistic regression) AUROC 0.936. Within single chemical classes some congeners bound and some did not (e.g. EtFOSA bound, EtFOSE did not)"
Alesio et al.,2022,34450368,10.1016/j.chemosphere.2021.131979,"PFOA, PFNA, PFDA, PFBS, PFHxS, PFOS, HFPO-DA (GenX)",3-9,"carboxylate, sulfonate, ether carboxylate",bovine serum albumin (BSA),bovine,"fluorescence quenching analysed three ways: Stern-Volmer, modified Stern-Volmer, and Hill equation",0.07e6-6.16e6,M^-1,,,,Hill analysis shows binding cooperativity varies with the number of fluorinated carbons,,,,,,,,no,yes - explicitly motivated by the need for accurate binding constants in predictive physiological models,secondary (Starnes & Belcher 2026 Table 1); primary full text not obtained. KEY METHODOLOGICAL POINT: the three fitting models applied to the same fluorescence data give different Ka
Klevens & Ellenbogen,1954,,10.1039/df9541800277,PFOA,7,carboxylate,bovine serum albumin (BSA),bovine,equilibrium dialysis,3.22e2,M^-1,,,,,,,,,,,,no,no,secondary (Starnes & Belcher 2026 Table 1); primary not retrieved - earliest reported value and the lowest in the literature
Wu et al.,2009,,10.1186/1472-6807-9-31,PFOA,7,carboxylate,human serum albumin (HSA),human,equilibrium dialysis,3.12e4,M^-1,,,,,,,,,,,,no,no,secondary (Starnes & Belcher 2026 Table 1); primary not retrieved
Gao et al.,2019,,,"PFBA, PFPeA, PFHxA, PFHpA, PFOA, PFNA, PFDA, PFUnDA, PFDoA, PFTrDA, PFBS, PFHxS, PFOS, 6:2 Cl-PFESA (F-53B)",3-12,"carboxylate, sulfonate, chlorinated ether sulfonate",human serum albumin (HSA),human,equilibrium dialysis,0.24e4-2.63e4,M^-1,,,,,,,,,,,,no,yes - dissociation constants of serum protein-PFAS complexes correlated with placental transfer efficiency,"secondary (Starnes & Belcher 2026 Table 1, ref 55); primary not retrieved and DOI not verified"
Sheng et al.,2020,32423201,10.1021/acs.chemrestox.0c00075,PFOS and 6:2 Cl-PFESA (F-53B),8,"sulfonate, chlorinated ether sulfonate",human serum albumin (HSA),human,filtration centrifugation,3.26e4-5.99e4,M^-1,,,,,,,,,,,,no,partly,secondary (Starnes & Belcher 2026 Table 1); primary full text not obtained
Chen et al.,2020,32085632,10.3390/ijerph17041319,PFOA and PFDA,"7, 9",carboxylate,human serum albumin (HSA),human,fluorescence quenching,0.45e4-2.68e4,M^-1,,,,,,,,,,,,no,no,secondary (Starnes & Belcher 2026 Table 1); full text saved but numeric table not isolated
Peng et al.,2025,,10.1016/j.jes.2024.02.011,"PFHxA, PFOA, PFNA, PFDA, PFHxS, PFOS, HFPO-DA (GenX)","5-9, 4","carboxylate, sulfonate, ether carboxylate",human and bovine serum albumin,human; bovine,fluorescence quenching,0.14e5-2.92e5,M^-1,,,,,,,,,,,,no,partly,secondary (Starnes & Belcher 2026 Table 1); primary not retrieved
Jia et al.,2022,35436088,10.1021/acs.est.1c08493,"HFPO-DA (GenX), HFPO-TA, HFPO-TeA, PFEESA, 8:2 Cl-PFESA",4-10,"ether carboxylate, ether sulfonate, chlorinated ether sulfonate",human serum albumin (HSA),human,microscale thermophoresis (MST),0.09e4-3.23e4,M^-1,,,,,,,,,,,,no,yes - liver:serum partition coefficients of 11 PFAS in CD-1 mice correlated better with log Kd(hL-FABP)/log Kd(HSA) than with log Kd(hL-FABP) alone; used to predict human liver concentrations,secondary (Starnes & Belcher 2026 Table 1) for HSA Ka range + abstract for the competitive-binding conclusion. Per-compound Kd to hL-FABP and HSA NOT retrieved (ACS returned HTTP 403)
Luebker et al.,2002,12093614,10.1016/s0300-483x(02)00081-1,"DAUDA (11-(dansylamino)undecanoic acid, reference ligand)",,fluorescent fatty acid probe,liver fatty acid-binding protein (L-FABP),rat,fluorescence (direct binding),,,0.47,nM,,,,,,,,,,no,partly - interference with endogenous fatty acid binding; peroxisome proliferation link,abstract
Luebker et al.,2002,12093614,10.1016/s0300-483x(02)00081-1,"PFOS, N-EtFOSA, Wyeth-14643, N-EtFOSE, PFOA",8,"sulfonate, sulfonamide, sulfonamido ethanol, carboxylate",liver fatty acid-binding protein (L-FABP),rat,competitive displacement of DAUDA (fluorescence); IC50 ranking,,,rank order of inhibition by IC50: PFOS > N-EtFOSA > Wyeth-14643 > N-EtFOSE = PFOA (numeric IC50s not in abstract),IC50,,,,,,,,,,no,partly,abstract
Zhang et al.,2013,24006842,10.1021/es4026722,"17 structurally diverse PFCs: 12 PFCAs (C4-C14+), 3 PFSAs, 2 fluorotelomer alcohols",3-13,"carboxylate, sulfonate, fluorotelomer alcohol",liver fatty acid binding protein (L-FABP),human,fluorescence displacement assay + circular dichroism + molecular docking,,,,,,affinity rises with PFCA carbon number from C4 to C11 then declines slightly above C11; the three PFSAs have comparable affinity; the two fluorotelomer alcohols do not bind. Driving forces hydrophobic + hydrogen bonding; geometry depends on PFC size and rigidity,,,,,,,,no (docking component computational),yes - assessed the possibility of disruption of fatty acid binding at realistic exposures,abstract (per-congener binding constants NOT retrieved)
Sheng et al.,2016,25370009,10.1007/s00204-014-1391-7,"PFOA, PFNA",7-8,carboxylate,liver fatty acid-binding protein (hL-FABP),human,isothermal titration calorimetry (ITC) + fluorescence displacement + molecular simulation,,,moderate affinity (numeric Kd not in abstract),,1:1 molar ratio,electrostatic attraction and hydrogen bonding; Asn111 critical for initial binding at the outer binding site; Arg122 also implicated,,,,,,,,no,yes - liver as target organ,abstract
Sheng et al.,2016,25370009,10.1007/s00204-014-1391-7,PFHxS,6,sulfonate,liver fatty acid-binding protein (hL-FABP),human,isothermal titration calorimetry (ITC),,,weak binding (numeric Kd not in abstract),,,,,,,,,,,no,yes,abstract
Sheng et al.,2016,25370009,10.1007/s00204-014-1391-7,PFHxA,5,carboxylate,liver fatty acid-binding protein (hL-FABP),human,isothermal titration calorimetry (ITC),,,no binding detected,,,,,,,,,,,no,yes,abstract
Sheng et al.,2018,28864880,10.1007/s00204-017-2055-1,"6:2 FTCA, 6:2 FTSA, HFPO-DA (GenX), PFOA, PFOS, 6:2 Cl-PFESA (F-53B), HFPO-TA",4-8,"fluorotelomer carboxylate, fluorotelomer sulfonate, ether carboxylate, carboxylate, sulfonate, chlorinated ether sulfonate",liver fatty acid-binding protein (hL-FABP),human,binding affinity assay (mode and affinity); cytotoxicity in HL-7702 cells alongside,,,affinity rank order: 6:2 FTCA < 6:2 FTSA < HFPO-DA < PFOA < PFOS = 6:2 Cl-PFESA = HFPO-TA (numeric values not in abstract),rank order,,,,,,,,,,no,yes - safety assessment of replacement chemicals,abstract
Han et al.,2021,34133149,10.1021/acs.est.1c00509,PFOS,8,sulfonate,liver fatty acid-binding protein (L-FABP),multiple species compared (interspecies variation),"quantitative interspecies thermal shift assay (QITSA), quantitative chemical proteomics, in situ in cell and tissue",,,,,,interspecies variation in binding schemes,,,,,,,,no,yes - framed for interspecies extrapolation in hazard assessment,abstract
Weiss et al.,2009,19293372,10.1093/toxsci/kfp055,24 poly- and perfluorinated compounds; most potent were PFHxS > PFOS = PFOA > PFHpA > sodium perfluoro-1-octanesulfinate > PFNA,range,"sulfonate, carboxylate, sulfinate",transthyretin (TTR),human,radioligand (125I-T4) competitive binding assay,,,binding potency 12.5-50x lower than T4 for the most potent PFCs; >100x lower for lower-molecular-weight analogues (per-compound IC50 values NOT retrieved),relative to T4 (IC50 ratio),,T4 binding site of TTR (competition with thyroxine),,,,,,,,no,yes - notes median human blood levels of the most potent TTR-binding PFCs are 1-2 orders of magnitude below the IC50 values,abstract; attempted WebFetch of the OUP article page returned abstract-level content only
Ren et al.,2016,27528273,10.1016/j.tox.2016.08.011,16 PFASs (most bound TTR; fluorotelomer alcohols did not),range,"carboxylate, sulfonate, fluorotelomer alcohol",transthyretin (TTR),human,fluorescence displacement assay,,,relative potency 3e-4 to 0.24 vs thyroxine,relative potency vs T4,,T4 site; PFASs with medium chain length and a sulfonate head group are optimal; >12 carbons disfavoured,,,,,,,,no,yes - estimated that T4 displacement from TTR by PFOS/PFOA would be significant for occupationally exposed workers but not the general population,abstract
Ren et al.,2016,27528273,10.1016/j.tox.2016.08.011,PFTrDA and PFTeDA (only these two of 16 bound TBG),12-13,carboxylate,thyroxine-binding globulin (TBG),human,fluorescence displacement assay,,,relative potency 2e-4 vs thyroxine,relative potency vs T4,,,,,,,,,,no,yes,abstract. No absolute Ka/Kd for TBG was found in the literature searched
Ren et al.,2015,24819616,10.1007/s00204-014-1258-y,"16 structurally diverse perfluoroalkyl compounds (incl. PFOS, perfluorohexadecanoic acid, perfluorooctadecanoic acid)","range, up to C18",carboxylate and sulfonate,thyroid hormone receptor (TR),human,fluorescence competitive binding assay; TH-responsive cell proliferation; molecular docking,,,relative binding potency 0.0003-0.05 vs triiodothyronine (T3),relative potency vs T3,,T3 ligand-binding pocket (docking); fluorinated chain longer than 10 carbons plus an acid end group optimal,,,,,,,,no (docking component computational),"no - toxicodynamic (TR-mediated thyroid disruption), not toxicokinetic",abstract
Ishibashi et al.,2019,30649875,10.1021/acs.est.8b07273,"PFOS > PFDA > PFNA > PFUnDA > PFOA > PFHxS > PFHpA > PFHxA (6 PFCAs, 2 PFSAs)",5-10,carboxylate and sulfonate,peroxisome proliferator-activated receptor alpha (PPARalpha) ligand-binding domain,Baikal seal (Pusa sibirica) and human,in vitro competitive binding assay with recombinant LBD protein; in silico homology modelling,,,"relative binding affinities (RBA), dose-dependent; seal and human RBAs significantly positively correlated (numeric RBAs not in abstract)",relative binding affinity,,"two ligand-binding pockets predicted in both seal and human PPARalpha LBD; potency depends on pocket cavity volume, hydrogen bonds, number of perfluorinated carbons and hydrophobicity",,,,,,,,no (homology modelling component computational),"no - toxicodynamic receptor target, not a transport protein",abstract
Wilson et al.,2026,41748002,10.1016/j.envres.2026.124118,PFDA,9,carboxylate,beta-lactoglobulin (BLG),bovine (milk protein),spectroscopy + retinol-binding kinetics + molecular docking and MD,,,3.2 (approx.),uM,,retinol (vitamin A) binding calyx - PFDA competes with retinol; salt-bridge plus interactions with both the fluoroalkyl tail and the polar head group,,,,,,,,no (docking/MD component computational),partly - milk/dietary transfer and vitamin A transport interference,abstract. Reported dG = -7.5 kcal/mol
Forsthuber et al.,2020,32109724,10.1016/j.envint.2019.105324,"PFOS, PFOA, PFHxS, PFNA, PFDA (11 PFAS measured)",6-9,carboxylate and sulfonate,native human plasma protein and lipoprotein fractions (albumin vs lipoproteins),human,"Cohn-method protein size separation and fractionation + serial ultracentrifugation, HPLC-MS/MS of fractions",,,,,,albumin is the most important carrier protein for all five; these five have very little or no affinity for lipoproteins,,native plasma (undiluted),,endogenous (background) plasma concentrations - no spiking,,,,no,yes - stated as important for the epidemiology of PFAS,"abstract. Only n = 4 donors (2 women, 2 men, 23-31 y); authors call for verification in a larger sample"
Ryu et al.,2024,39161261,10.1021/acs.est.4c04050,16 PFAS with 3-13 perfluorinated carbons and several head groups,3-13,"carboxylate, sulfonate and others","whole tissue homogenate (liver, lung, kidney, heart, brain) - total protein + phospholipid binding",human; mouse (C57BL/6 and CD-1); rat (Wistar Han),rapid equilibrium dialysis (HTD 96 device) + LC-MS/MS,,,,,,,decreases with increasing perfluorinated chain length and hydrophobicity; binding greatest in brain > liver = kidney = heart > lungs (per-congener f_unbound values are in figures/SI and were not extracted),,,5,uM (1% DMSO),,Dulbecco's PBS,no,yes - f_unbound and K_tissue/w offered directly as PBTK input parameters; rat liver identified as a surrogate for human tissue f_unbound (R2 >= 0.98),Table 1 (scaling equations); per-congener f_unbound not extracted
Sanchez Garcia et al.,2018,29248446,10.1016/j.cbi.2017.12.021,"PFOS, PFOA, PFHxA, PFBS",3-8,carboxylate and sulfonate,cellular phospholipids / membranes (lung epithelial NCI-H292 cells and 3T3-L1K adipocytes),human cell line; mouse cell line,"cellular accumulation and retention assay with lipid binding, benchmarked against cationic amphiphilic drugs",,,,,,phospholipid/membrane binding rather than storage-lipid partitioning,,,,,,,,no,"yes - mechanism of bioaccumulation, relevant to volume of distribution",abstract (no numeric partition coefficient in the abstract)
Ng & Hungerbuhler,2013,23734664,10.1021/es400981a,perfluoroalkyl acids (model compounds),range,carboxylate and sulfonate,"serum albumin, liver FABP and organic anion transporters (as model compartments)","fish (rainbow trout, common carp)",mechanistic protein-binding bioconcentration model (COMPUTATIONAL; parameterised from in vitro binding data),,,,,,,,,,,,,,yes,"yes - model couples albumin binding in circulatory/extracellular space, FABP binding in liver, and OAT-facilitated renal elimination and reabsorption",abstract
Ng & Hungerbuhler,2014,24762048,10.1021/es404008g,perfluoroalkyl acids,range,carboxylate and sulfonate,"serum albumin, L-FABP, organic anion transporters vs membrane phospholipids",multiple,review and comparison of two competing mechanistic models (phospholipid partitioning vs protein interaction),,,,,,,,,,,,,,yes,"yes - concludes protein interactions are needed to explain tissue distribution patterns, the chain-length relationship, and species- and sex-specific elimination half-lives; the two models are not mutually exclusive",abstract
Khazaee & Ng,2018,29265128,10.1039/c7em00474e,PFOA,7,carboxylate,"serum albumin, FABP, OATs (PBPK parameters)",zebrafish,PBPK model adaptation + systematic literature review of parameter availability (COMPUTATIONAL),,,,,,,,,,,,,,yes,yes - documents which protein-binding parameters are and are not available for PBPK; first zebrafish model to include hepatobiliary circulation,abstract
Fischer et al.,2025,,10.1021/acs.est.5c05473,9 PFAA with 4-10 perfluorinated carbons (incl. PFOS in knockout mice),4-10,carboxylate and sulfonate,albumin and tissue proteins plus phospholipids (PBTK compartments),mouse (C57BL/6J and CD-1),"physiologically based toxicokinetic model parameterised from in vitro binding, permeability and transporter data (COMPUTATIONAL)",,,,,,,,,,,,,,yes,"yes - sensitivity analysis: permeability and phospholipid binding dominate elimination and distribution of long-chain PFAA (npfc >= 7), whereas elimination of short-chain PFAA (npfc <= 6) is more sensitive to renal transporters and albumin binding",Abstract and sensitivity analysis; file on disk at literature/fulltext/Fischer 2025.txt
