agency,document,year,chemical,species,sex,parameter,value,units,ci_low,ci_high,model,primary_source_cited,assumptions,page_or_table,url,jurisdiction_level,country,standard_type
Minnesota Department of Health (MDH),Toxicological Summary for: Perfluorooctanoate (PFOA) - Health-Based Guidance for Water,2025,PFOA,human,M+F,serum elimination half-life - ADOPTED central tendency (RME scenario),902,days,,,one-compartment TK model with placental + breastmilk transfer (Goeden 2019; Greene 2024),"Li et al. 2022 (Ronneby, Sweden) - overall mean",Overall mean used for Reasonable Maximum Exposure scenario; model runs birth to ~50 y; MDH notes critical lifestage is <4 y of age for which no serum half-life information is available; equivalent 2.47 years,"p. PFOA-3, 'Summary of TK Model Parameter Values' table, row Half-life",https://www.health.state.mn.us/communities/environment/risk/docs/guidance/gw/pfoa.pdf,US state,United States,"Health Risk Limit (HRL, drinking water, promulgated as rule Aug 2025)"
Minnesota Department of Health (MDH),Toxicological Summary for: Perfluorooctanoate (PFOA) - Health-Based Guidance for Water,2025,PFOA,human,M+F,serum elimination half-life - 95th percentile (upper-bounding sensitivity scenario),5.4,years,,,"one-compartment TK model, upper-bounding scenario (all parameters at upper percentile)",Li et al. 2022,"Used only in the upper-bounding TK-variability scenario, which produced maternal/peak-infant/lifetime serum <3-fold above the RME scenario; this was MDH's basis for NOT applying a human-TK uncertainty factor","p. PFOA-3, Half-life row; footnote # on p. PFOA-2",https://www.health.state.mn.us/communities/environment/risk/docs/guidance/gw/pfoa.pdf,US state,United States,"Health Risk Limit (HRL, drinking water)"
Minnesota Department of Health (MDH),Toxicological Summary for: Perfluorooctanoate (PFOA) - Health-Based Guidance for Water,2025,PFOA,human,M+F,clearance rate (CL) - input used to back-calculate Vd,0.28,mL/kg-day,,,steady-state one-compartment; CL taken from CalEPA OEHHA,California EPA OEHHA 2023 (PFOA/PFOS PHG technical support document),"MDH ADOPTED OEHHA's empirically regressed human clearance (0.28 mL/kg-d = 2.8e-4 L/kg-d) rather than deriving CL from Vd x ln2/t-half; it then INVERTED the usual relation to obtain Vd. This is a measured/regressed clearance, not a Vd-derived one.","p. PFOA-5, 'Volume of Distribution' row of TK parameter table",https://www.health.state.mn.us/communities/environment/risk/docs/guidance/gw/pfoa.pdf,US state,United States,"Health Risk Limit (HRL, drinking water)"
Minnesota Department of Health (MDH),Toxicological Summary for: Perfluorooctanoate (PFOA) - Health-Based Guidance for Water,2025,PFOA,human,M+F,volume of distribution (Vd) - ADOPTED central tendency,0.36,L/kg,,,Vd = CL / (ln2 / t-half); REVERSE of the usual EPA direction,CalEPA OEHHA 2023 clearance (0.28 mL/kg-d) combined with Li et al. 2022 half-life (902 d),"Explicit arithmetic given: 0.28 mL/kg-d / (ln2/902 d) = 364 mL/kg, rounded to 0.36 L/kg. MDH therefore does NOT use the Thompson 2010 Vd of 0.17 L/kg that US EPA adopted; its Vd is ~2.1-fold larger because it is derived from OEHHA's clearance and Li 2022's longer half-life.","p. PFOA-5, 'Volume of Distribution (L/kg)' row",https://www.health.state.mn.us/communities/environment/risk/docs/guidance/gw/pfoa.pdf,US state,United States,"Health Risk Limit (HRL, drinking water)"
Minnesota Department of Health (MDH),Toxicological Summary for: Perfluorooctanoate (PFOA) - Health-Based Guidance for Water,2025,PFOA,human,F (maternal-fetal),placental transfer factor (cord serum / maternal serum) - ADOPTED central tendency,0.83,ratio (unitless),,,maternal steady-state serum x placental transfer factor = infant day-0 serum,mean of mean values from 25 studies (MDH compilation; detailed in Greene 2024),Simulated infants begin life with a pre-existing body burden from placental transfer; mother assumed at steady state at delivery using TWA 95th-percentile intake birth-to-30 y; transferred mass is subtracted from maternal concentration on day 0 (a change from Goeden 2019),"p. PFOA-3, 'Placental transfer' row",https://www.health.state.mn.us/communities/environment/risk/docs/guidance/gw/pfoa.pdf,US state,United States,"Health Risk Limit (HRL, drinking water)"
Minnesota Department of Health (MDH),Toxicological Summary for: Perfluorooctanoate (PFOA) - Health-Based Guidance for Water,2025,PFOA,human,F (maternal-fetal),placental transfer factor - upper-end value (upper-bounding scenario),1.39,ratio (unitless),,,"one-compartment TK, upper-bounding scenario",mean upper percentile value across the same 25-study compilation,Cord serum exceeding maternal serum (ratio >1) is treated as plausible at the upper end,"p. PFOA-3, 'Placental transfer' row",https://www.health.state.mn.us/communities/environment/risk/docs/guidance/gw/pfoa.pdf,US state,United States,"Health Risk Limit (HRL, drinking water)"
Minnesota Department of Health (MDH),Toxicological Summary for: Perfluorooctanoate (PFOA) - Health-Based Guidance for Water,2025,PFOA,human,F (lactating),breastmilk transfer factor (milk / maternal serum) - ADOPTED central tendency,0.068,ratio (unitless),,,breastmilk conc = maternal serum conc x breastmilk transfer factor; lactation phased in over first 4 days (Neville 1991),95% upper confidence limit of the mean from 7 studies (MDH compilation; Greene 2024),MDH deliberately chose the 95% UCL rather than the overall mean of the 7 studies (0.046) because validation testing against measured breastfed-infant serum showed the mean UNDERESTIMATED infant serum while the 95% UCL did not. This is the single most consequential parameter: it drives the HRL from 1.0 ng/L (formula-fed) down to 0.24 ng/L (breastfed).,"p. PFOA-3/4, 'Breastmilk transfer' row",https://www.health.state.mn.us/communities/environment/risk/docs/guidance/gw/pfoa.pdf,US state,United States,"Health Risk Limit (HRL, drinking water)"
Minnesota Department of Health (MDH),Toxicological Summary for: Perfluorooctanoate (PFOA) - Health-Based Guidance for Water,2025,PFOA,human,F (lactating),breastmilk transfer factor - overall mean of 7 studies (REJECTED),0.046,ratio (unitless),,,one-compartment TK,overall mean of 7 breastmilk studies,Explicitly rejected: model validation showed it underestimated breastfed infant serum levels,"p. PFOA-4, 'Breastmilk transfer' row",https://www.health.state.mn.us/communities/environment/risk/docs/guidance/gw/pfoa.pdf,US state,United States,"Health Risk Limit (HRL, drinking water)"
Minnesota Department of Health (MDH),Toxicological Summary for: Perfluorooctanoate (PFOA) - Health-Based Guidance for Water,2025,PFOA,human,F (lactating),breastmilk transfer factor - upper-end value (upper-bounding scenario),0.12,ratio (unitless),,,"one-compartment TK, upper-bounding scenario",MDH compilation of 7 breastmilk studies,Used with 5.4-y half-life and 1.39 placental transfer in the combined worst-case scenario,"p. PFOA-4, 'Breastmilk transfer' row",https://www.health.state.mn.us/communities/environment/risk/docs/guidance/gw/pfoa.pdf,US state,United States,"Health Risk Limit (HRL, drinking water)"
Minnesota Department of Health (MDH),Toxicological Summary for: Perfluorooctanoate (PFOA) - Health-Based Guidance for Water,2025,PFOA,human,M+F (infant),"breastmilk intake rate, upper percentile, >birth to <1 month",220,mL/kg-day,,,exposure input to MDH TK model (exclusively breastfed infant scenario),"US EPA 2011 Exposure Factors Handbook, Table 15-1","Body weight 4.3 kg for this age bin; birth body weight set at 3.38 kg (Donahue 2010); 'exclusively breastfed' per EPA 2011 definition (milk only from breastmilk, other foods not excluded after ~6 mo)","p. PFOA-4, 'Breastmilk Intake Rate' table",https://www.health.state.mn.us/communities/environment/risk/docs/guidance/gw/pfoa.pdf,US state,United States,"Health Risk Limit (HRL, drinking water)"
Minnesota Department of Health (MDH),Toxicological Summary for: Perfluorooctanoate (PFOA) - Health-Based Guidance for Water,2025,PFOA,human,M+F (infant),"breastmilk intake rate, upper percentile, 1 to <3 / 3 to <6 / 6 to <12 months",190 / 150 / 130,mL/kg-day,,,exposure input to MDH TK model,"US EPA 2011 Exposure Factors Handbook, Table 15-1",Corresponding body weights 5.2 / 6.7 / 7.7 kg (back-calculated as mL/day divided by mL/kg-day),"p. PFOA-4, 'Breastmilk Intake Rate' table",https://www.health.state.mn.us/communities/environment/risk/docs/guidance/gw/pfoa.pdf,US state,United States,"Health Risk Limit (HRL, drinking water)"
Minnesota Department of Health (MDH),Toxicological Summary for: Perfluorooctanoate (PFOA) - Health-Based Guidance for Water,2025,PFOA,human,M+F (infant),"breastfeeding duration (RME, exclusive)",12,months,,,exposure scenario definition,CDC Breastfeeding Report Card for 2022,"Upper percentile; cited basis is ~70% of Minnesota mothers breastfeeding at 6 months and 36.5% exclusively breastfeeding at 6 months. 12 months is the RME choice, followed by lifetime drinking-water consumption.","p. PFOA-4, 'Duration (months) of Breastfeeding' row",https://www.health.state.mn.us/communities/environment/risk/docs/guidance/gw/pfoa.pdf,US state,United States,"Health Risk Limit (HRL, drinking water)"
Minnesota Department of Health (MDH),Toxicological Summary for: Perfluorooctanoate (PFOA) - Health-Based Guidance for Water,2025,PFOA,human,"M+F (infant, formula-fed)","drinking-water intake rate, 95th percentile, 1 to <3 months (peak)",290,mL/kg-day,,,exposure input to MDH TK model (formula-fed infant scenario),"US EPA 2019 Exposure Factors Handbook update, Table 3-5 (formula-fed infants <2 y), Table 3-1 (>2 y), Table 3-3 (lactating women)",Body weight 3.8 kg; <1 month = 240 mL/kg-d at 3.6 kg; the drop from 290 to 186 mL/kg-d at 3-6 months (BW 3.8 to 7.0 kg) produces the visible dip in predicted infant serum,"p. PFOA-4, 'Water Intake Rate' table",https://www.health.state.mn.us/communities/environment/risk/docs/guidance/gw/pfoa.pdf,US state,United States,"Health Risk Limit (HRL, drinking water)"
Minnesota Department of Health (MDH),Toxicological Summary for: Perfluorooctanoate (PFOA) - Health-Based Guidance for Water,2025,PFOA,human,F (maternal),"time-weighted-average 95th percentile drinking-water intake, birth to 30 years (used for maternal steady state)",48,mL/kg-day,,,steady-state maternal serum = intake / clearance,"US EPA 2019 Exposure Factors Handbook Tables 3-1, 3-3, 3-5",30 years taken as sufficient time to attain steady state for PFOA,"p. PFOA-4, note under 'Water Intake Rate' table",https://www.health.state.mn.us/communities/environment/risk/docs/guidance/gw/pfoa.pdf,US state,United States,"Health Risk Limit (HRL, drinking water)"
Minnesota Department of Health (MDH),Toxicological Summary for: Perfluorooctanoate (PFOA) - Health-Based Guidance for Water,2025,PFOA,human,M+F,reference serum concentration (POD / total UF) - the dose metric replacing an RfD,0.93,ng/mL serum,,,serum-based POD; no animal-to-human DAF or HED applied,"POD 2.8 ng/mL from CalEPA OEHHA 2023, BMDL5 for decreased Haemophilus influenzae type B antibody titre from Abraham et al. 2020",Total UF = 3 (database UF only). No toxicodynamic-variability UF because POD is already in a sensitive lifestage (young infants). No toxicokinetic-variability UF because TK variability was judged covered by the exposure scenario and parameter choices. Serum chosen over administered dose because of bioaccumulation and maternal transfer.,"p. PFOA-2, 'Reference Serum Concentration' block",https://www.health.state.mn.us/communities/environment/risk/docs/guidance/gw/pfoa.pdf,US state,United States,"Health Risk Limit (HRL, drinking water)"
Minnesota Department of Health (MDH),Toxicological Summary for: Perfluorooctanoate (PFOA) - Health-Based Guidance for Water,2025,PFOA,human,M+F,resulting noncancer Health Risk Limit - formula-fed infant scenario,0.0010,ug/L (1.0 ng/L),,,"MDH TK model, formula-fed infant, RSC 20%",Goeden 2019; Greene 2024,Water concentration that keeps the drinking-water-attributable serum fraction below 20% of 0.93 ng/mL for life,"p. PFOA-5, Figure 1",https://www.health.state.mn.us/communities/environment/risk/docs/guidance/gw/pfoa.pdf,US state,United States,"Health Risk Limit (HRL, drinking water)"
Minnesota Department of Health (MDH),Toxicological Summary for: Perfluorooctanoate (PFOA) - Health-Based Guidance for Water,2025,PFOA,human,M+F,"resulting noncancer Health Risk Limit - breastfed infant scenario (ADOPTED, all durations)",0.00024,ug/L (0.24 ng/L),,,"MDH TK model, 12-month exclusively breastfed infant of a chronically exposed mother, RSC 20%",Goeden 2019; Greene 2024,4.2-fold lower than the formula-fed value purely because of breastmilk transfer; RSC fixed at the 20% floor for all life stages because CDC NHANES geometric mean (1.42 ng/mL) and 95th percentile (3.77 ng/mL) general-population serum already exceed the 0.93 ng/mL reference serum concentration,"p. PFOA-1 and PFOA-6, Figure 2",https://www.health.state.mn.us/communities/environment/risk/docs/guidance/gw/pfoa.pdf,US state,United States,"Health Risk Limit (HRL, drinking water)"
Minnesota Department of Health (MDH),Toxicological Summary for: Perfluorooctane sulfonate (PFOS) - Health-Based Guidance for Water,2025,PFOS,human,M+F,serum elimination half-life - ADOPTED central tendency (RME scenario),996,days,,,one-compartment TK model with placental + breastmilk transfer (Goeden 2019; Greene 2024),"Li et al. 2022 (Ronneby, Sweden) - overall mean","2.73 years. Overall mean used for the RME scenario; model runs birth to ~50 y; MDH notes critical lifestage is <4 y for which no serum half-life data exist. Note MDH's PFOS half-life (2.73 y) is far SHORTER than EPA OW 2024's choice and shorter than ATSDR/EFSA-era values, because it comes from the Ronneby high-exposure cohort of Li 2022.","p. PFOS-3, 'Summary of TK Model Parameter Values' table, Half-life row",https://www.health.state.mn.us/communities/environment/risk/docs/guidance/gw/pfos.pdf,US state,United States,"Health Risk Limit (HRL, drinking water, promulgated as rule Aug 2025)"
Minnesota Department of Health (MDH),Toxicological Summary for: Perfluorooctane sulfonate (PFOS) - Health-Based Guidance for Water,2025,PFOS,human,M+F,serum elimination half-life - 95th percentile (upper-bounding sensitivity scenario),4.75,years,,,one-compartment TK model with placental + breastmilk transfer (Goeden 2019; Greene 2024),Li et al. 2022,"Used only in the upper-bounding TK-variability scenario; result was <3x the RME scenario, which MDH cited as justification for omitting a human-TK uncertainty factor","p. PFOS-3, Half-life row",https://www.health.state.mn.us/communities/environment/risk/docs/guidance/gw/pfos.pdf,US state,United States,"Health Risk Limit (HRL, drinking water, promulgated as rule Aug 2025)"
Minnesota Department of Health (MDH),Toxicological Summary for: Perfluorooctane sulfonate (PFOS) - Health-Based Guidance for Water,2025,PFOS,human,M+F,clearance rate (CL) - input used to back-calculate Vd,0.39,mL/kg-day,,,steady-state one-compartment; CL taken from CalEPA OEHHA,California EPA OEHHA 2023 (PFOA/PFOS PHG technical support document); OEHHA in turn derived it from Li et al. 2018 (Ronneby) and Silva et al. 2020,"MDH ADOPTED OEHHA's regressed/steady-state human clearance (0.39 mL/kg-d = 3.9e-4 L/kg-d) and INVERTED the usual relation to obtain Vd. This is a measured/observational clearance, not Vd x ln2/t-half.","p. PFOS-5, 'Volume of Distribution' row",https://www.health.state.mn.us/communities/environment/risk/docs/guidance/gw/pfos.pdf,US state,United States,"Health Risk Limit (HRL, drinking water, promulgated as rule Aug 2025)"
Minnesota Department of Health (MDH),Toxicological Summary for: Perfluorooctane sulfonate (PFOS) - Health-Based Guidance for Water,2025,PFOS,human,M+F,volume of distribution (Vd) - ADOPTED central tendency,0.56,L/kg,,,Vd = CL / (ln2 / t-half); REVERSE of the usual EPA direction,CalEPA OEHHA 2023 clearance (0.39 mL/kg-d) with Li et al. 2022 half-life (996 d),Explicit arithmetic: 0.39 mL/kg-d / (ln2/996 d) = 560 mL/kg = 0.56 L/kg. This is ~3.2x the Thompson 2010 PFOS Vd of 0.23 L/kg that US EPA and several other agencies adopt - the single largest Vd divergence found among the agencies surveyed.,"p. PFOS-5, 'Volume of Distribution (L/kg)' row",https://www.health.state.mn.us/communities/environment/risk/docs/guidance/gw/pfos.pdf,US state,United States,"Health Risk Limit (HRL, drinking water, promulgated as rule Aug 2025)"
Minnesota Department of Health (MDH),Toxicological Summary for: Perfluorooctane sulfonate (PFOS) - Health-Based Guidance for Water,2025,PFOS,human,F (maternal-fetal),placental transfer factor (cord/maternal serum) - ADOPTED central tendency,0.39,ratio (unitless),,,one-compartment TK model with placental + breastmilk transfer (Goeden 2019; Greene 2024),mean of mean values from 27 studies (MDH compilation; Greene 2024),Less than half the PFOA value (0.83): MDH treats PFOS as substantially less placenta-permeable than PFOA. Transferred mass subtracted from maternal day-0 concentration.,"p. PFOS-3, 'Placental transfer' row",https://www.health.state.mn.us/communities/environment/risk/docs/guidance/gw/pfos.pdf,US state,United States,"Health Risk Limit (HRL, drinking water, promulgated as rule Aug 2025)"
Minnesota Department of Health (MDH),Toxicological Summary for: Perfluorooctane sulfonate (PFOS) - Health-Based Guidance for Water,2025,PFOS,human,F (maternal-fetal),placental transfer factor - upper-end value (upper-bounding scenario),0.74,ratio (unitless),,,one-compartment TK model with placental + breastmilk transfer (Goeden 2019; Greene 2024),mean upper percentile across the same 27-study compilation,Upper-bounding scenario only,"p. PFOS-3, 'Placental transfer' row",https://www.health.state.mn.us/communities/environment/risk/docs/guidance/gw/pfos.pdf,US state,United States,"Health Risk Limit (HRL, drinking water, promulgated as rule Aug 2025)"
Minnesota Department of Health (MDH),Toxicological Summary for: Perfluorooctane sulfonate (PFOS) - Health-Based Guidance for Water,2025,PFOS,human,F (lactating),breastmilk transfer factor (milk/maternal serum) - ADOPTED central tendency,0.03,ratio (unitless),,,breastmilk conc = maternal serum x transfer factor; lactation phased in over first 4 days (Neville 1991),95% upper confidence limit of the mean from 8 studies (MDH compilation; Greene 2024),"Chosen over the overall mean of the 8 studies (0.020) because validation against measured breastfed-infant serum showed the mean underestimated infant serum. Roughly 2.3x lower than the PFOA factor (0.068), consistent with lower milk partitioning of the sulfonate.","p. PFOS-4, 'Breastmilk transfer' row",https://www.health.state.mn.us/communities/environment/risk/docs/guidance/gw/pfos.pdf,US state,United States,"Health Risk Limit (HRL, drinking water, promulgated as rule Aug 2025)"
Minnesota Department of Health (MDH),Toxicological Summary for: Perfluorooctane sulfonate (PFOS) - Health-Based Guidance for Water,2025,PFOS,human,F (lactating),breastmilk transfer factor - overall mean of 8 studies (REJECTED),0.020,ratio (unitless),,,one-compartment TK model with placental + breastmilk transfer (Goeden 2019; Greene 2024),overall mean of 8 breastmilk studies,Explicitly rejected after model validation showed it underestimated breastfed infant serum,"p. PFOS-4, 'Breastmilk transfer' row",https://www.health.state.mn.us/communities/environment/risk/docs/guidance/gw/pfos.pdf,US state,United States,"Health Risk Limit (HRL, drinking water, promulgated as rule Aug 2025)"
Minnesota Department of Health (MDH),Toxicological Summary for: Perfluorooctane sulfonate (PFOS) - Health-Based Guidance for Water,2025,PFOS,human,F (lactating),breastmilk transfer factor - upper-end value (upper-bounding scenario),0.065,ratio (unitless),,,one-compartment TK model with placental + breastmilk transfer (Goeden 2019; Greene 2024),MDH compilation of 8 breastmilk studies,Upper-bounding scenario only,"p. PFOS-4, 'Breastmilk transfer' row",https://www.health.state.mn.us/communities/environment/risk/docs/guidance/gw/pfos.pdf,US state,United States,"Health Risk Limit (HRL, drinking water, promulgated as rule Aug 2025)"
Minnesota Department of Health (MDH),Toxicological Summary for: Perfluorooctane sulfonate (PFOS) - Health-Based Guidance for Water,2025,PFOS,human,M+F (infant),"breastmilk intake rate, upper percentile (>birth-<1mo / 1-<3mo / 3-<6mo / 6-<12mo)",220 / 190 / 150 / 130,mL/kg-day,,,exposure input to MDH TK model (exclusively breastfed infant scenario),"US EPA 2019 Exposure Factors Handbook, Table 15-1",Upper percentile = 2 standard deviations above mean. Corresponding body weights 4.3 / 5.2 / 6.7 / 7.7 kg; birth weight 3.38 kg (Donahue 2010). Identical intake schedule used for PFOA.,"p. PFOS-4, 'Breastmilk Intake Rate' table",https://www.health.state.mn.us/communities/environment/risk/docs/guidance/gw/pfos.pdf,US state,United States,"Health Risk Limit (HRL, drinking water, promulgated as rule Aug 2025)"
Minnesota Department of Health (MDH),Toxicological Summary for: Perfluorooctane sulfonate (PFOS) - Health-Based Guidance for Water,2025,PFOS,human,"M+F (infant, formula-fed)","drinking-water intake rate, 95th percentile (<1mo / 1-<3mo / 3-<6mo / 6-<12mo)",240 / 290 / 186 / 151,mL/kg-day,,,exposure input to MDH TK model (formula-fed infant scenario),"US EPA 2019 Exposure Factors Handbook, Table 3-5 (formula-fed <2 y), Table 3-1 (>2 y), Table 3-3 (lactating women)",Body weights 3.6 / 3.8 / 7.0 / 8.9 kg. Adult bins run 31-47 mL/kg-d. Identical schedule used for PFOA.,"p. PFOS-4, 'Water Intake Rate' table",https://www.health.state.mn.us/communities/environment/risk/docs/guidance/gw/pfos.pdf,US state,United States,"Health Risk Limit (HRL, drinking water, promulgated as rule Aug 2025)"
Minnesota Department of Health (MDH),Toxicological Summary for: Perfluorooctane sulfonate (PFOS) - Health-Based Guidance for Water,2025,PFOS,human,F (maternal),"TWA 95th percentile drinking-water intake, birth to 30 years (maternal steady state)",48,mL/kg-day,,,steady-state maternal serum = intake / clearance,"US EPA 2019 Exposure Factors Handbook Tables 3-1, 3-3, 3-5",30 years assumed sufficient to attain PFOS steady state,"p. PFOS-4, note under Water Intake Rate table",https://www.health.state.mn.us/communities/environment/risk/docs/guidance/gw/pfos.pdf,US state,United States,"Health Risk Limit (HRL, drinking water, promulgated as rule Aug 2025)"
Minnesota Department of Health (MDH),Toxicological Summary for: Perfluorooctane sulfonate (PFOS) - Health-Based Guidance for Water,2025,PFOS,human,M+F,reference serum concentration (POD / total UF),2.6,ng/mL serum,,,serum-based POD; no animal-to-human DAF or HED applied,"POD 7.7 ng/mL from US EPA 2023a,b, BMDL5 for decreased birth weight from Wikstrom et al. 2020","Total UF = 3 (database UF only). No toxicodynamic UF because POD is in a sensitive lifestage (neonates). No toxicokinetic UF - TK variability judged covered by exposure scenario and parameter choices. NOTE: for PFOS MDH took EPA's POD but OEHHA's clearance, and for PFOA it took OEHHA's POD and OEHHA's clearance - an explicit mix-and-match across federal/state assessments.","p. PFOS-1/2, 'Reference Serum Concentration' block",https://www.health.state.mn.us/communities/environment/risk/docs/guidance/gw/pfos.pdf,US state,United States,"Health Risk Limit (HRL, drinking water, promulgated as rule Aug 2025)"
Minnesota Department of Health (MDH),Toxicological Summary for: Perfluorooctane sulfonate (PFOS) - Health-Based Guidance for Water,2025,PFOS,human,M+F,resulting noncancer Health Risk Limit - formula-fed infant scenario,0.0043,ug/L (4.3 ng/L),,,"MDH TK model, formula-fed infant, RSC 20%",Goeden 2019; Greene 2024,Water concentration keeping drinking-water-attributable serum below 20% of 2.6 ng/mL for life,p. PFOS-7 text and Figure 1,https://www.health.state.mn.us/communities/environment/risk/docs/guidance/gw/pfos.pdf,US state,United States,"Health Risk Limit (HRL, drinking water, promulgated as rule Aug 2025)"
Minnesota Department of Health (MDH),Toxicological Summary for: Perfluorooctane sulfonate (PFOS) - Health-Based Guidance for Water,2025,PFOS,human,M+F,"resulting noncancer Health Risk Limit - breastfed infant scenario (ADOPTED, all durations)",0.0023,ug/L (2.3 ng/L),,,"MDH TK model, 12-month exclusively breastfed infant of a chronically exposed mother, RSC 20%",Goeden 2019; Greene 2024,"1.9-fold lower than the formula-fed value because of breastmilk transfer (vs 4.2-fold for PFOA, tracking the lower PFOS milk transfer factor). RSC fixed at the 20% floor for all life stages. Historical MDH PFOS series: 1 ug/L (2002) -> 0.3 -> 0.027 -> 0.015 (2018) -> 0.0023 (2024/2025).","p. PFOS-1 and PFOS-8, Figure 2; revision history p. PFOS-11",https://www.health.state.mn.us/communities/environment/risk/docs/guidance/gw/pfos.pdf,US state,United States,"Health Risk Limit (HRL, drinking water, promulgated as rule Aug 2025)"
Minnesota Department of Health (MDH),Toxicological Summary for: Perfluorooctane sulfonate (PFOS) - Health-Based Guidance for Water,2025,PFOS,human,M+F,cancer Health Risk Limit (cHRL),0.0076,ug/L (7.6 ng/L),,,ADAF-weighted lifetime cancer slope-factor calculation at 1e-5 additional lifetime risk,MDH 2008 methodology Section IV.E.2; US EPA 2019 Exposure Factors Handbook Tables 3-1/3-3/3-5,MDH revised its PFOS cancer classification to 'likely to be carcinogenic to humans'; the noncancer HRL (2.3 ng/L) is lower and therefore governs,p. PFOS-8/9,https://www.health.state.mn.us/communities/environment/risk/docs/guidance/gw/pfos.pdf,US state,United States,"Health Risk Limit (HRL, drinking water, promulgated as rule Aug 2025)"
Minnesota Department of Health (MDH),Toxicological Summary for: Perfluorohexane sulfonate (PFHxS) - Health-Based Guidance for Water,2023,PFHxS,non-human primate (cynomolgus monkey) applied to human,M+F (average),volume of distribution (Vd) - ADOPTED for human clearance,0.25,L/kg,0.213,0.287,one-compartment TK model with placental + breastmilk transfer and age-varying Vd (Goeden 2019 framework),Sundstrom et al. 2012 (cynomolgus monkey),Average of male (0.287 L/kg) and female (0.213 L/kg) nonhuman-primate Vd. MDH uses a MONKEY Vd as the human Vd because no human PFHxS Vd exists - a different choice from EPA's PFHxS IRIS review. The 1.35-fold male/female monkey difference is averaged away rather than carried as a sex-specific value.,"p. PFHxS-3, RME Scenario Model Parameters table, 'Volume of distribution' row",https://www.health.state.mn.us/communities/environment/risk/docs/guidance/gw/pfhxs.pdf,US state,United States,"Health Risk Limit (HRL, drinking water, adopted as rule Nov 2023)"
Minnesota Department of Health (MDH),Toxicological Summary for: Perfluorohexane sulfonate (PFHxS) - Health-Based Guidance for Water,2023,PFHxS,human (infant/child),M+F,Vd age adjustment factor (age 1-30 days),2.1,multiplier on adult Vd,,,one-compartment TK model with placental + breastmilk transfer and age-varying Vd (Goeden 2019 framework),Friis-Hansen 1961 (body water compartments by age),UNIQUE AMONG THE AGENCIES SURVEYED: MDH scales Vd upward in neonates because extracellular water fraction is higher. Declines to 1.2 at age 5-10 y and 1.0 after age 10 y. No other state or national agency found in this survey applies an age-dependent Vd.,"p. PFHxS-3, 'Vd Age Adjustment Factor' row",https://www.health.state.mn.us/communities/environment/risk/docs/guidance/gw/pfhxs.pdf,US state,United States,"Health Risk Limit (HRL, drinking water, adopted as rule Nov 2023)"
Minnesota Department of Health (MDH),Toxicological Summary for: Perfluorohexane sulfonate (PFHxS) - Health-Based Guidance for Water,2023,PFHxS,human (child 5-10 y),M+F,Vd age adjustment factor (age 5-10 years),1.2,multiplier on adult Vd,,,one-compartment TK model with placental + breastmilk transfer and age-varying Vd (Goeden 2019 framework),Friis-Hansen 1961,Interpolated between the 2.1 neonatal value and 1.0 after age 10,"p. PFHxS-3, 'Vd Age Adjustment Factor' row",https://www.health.state.mn.us/communities/environment/risk/docs/guidance/gw/pfhxs.pdf,US state,United States,"Health Risk Limit (HRL, drinking water, adopted as rule Nov 2023)"
Minnesota Department of Health (MDH),Toxicological Summary for: Perfluorohexane sulfonate (PFHxS) - Health-Based Guidance for Water,2023,PFHxS,human,M+F (all ages),serum elimination half-life - ADOPTED,1935,days,1095,3358,one-compartment TK model with placental + breastmilk transfer and age-varying Vd (Goeden 2019 framework),"Li et al. 2018 (Ronneby, Sweden)",Mean value for all ages; stated 5th-95th percentile range 1095-3358 days (3.0-9.2 y). 5.3 years central. Converges with US EPA on Li 2018 as the PFHxS half-life source.,"p. PFHxS-3, 'Half-life' row",https://www.health.state.mn.us/communities/environment/risk/docs/guidance/gw/pfhxs.pdf,US state,United States,"Health Risk Limit (HRL, drinking water, adopted as rule Nov 2023)"
Minnesota Department of Health (MDH),Toxicological Summary for: Perfluorohexane sulfonate (PFHxS) - Health-Based Guidance for Water,2023,PFHxS,human,M+F,clearance rate (CL) - ADOPTED as the Dose Adjustment Factor (DAF),0.000090,L/kg-day (0.090 mL/kg-day),,,CL = Vd x (ln2 / t-half); FORWARD direction (opposite of MDH's PFOA/PFOS treatment),Vd from Sundstrom et al. 2012 (monkey); half-life from Li et al. 2018 (human),"Explicit arithmetic: 0.25 L/kg x (0.693/1935 d) = 0.000090 L/kg-d. Used directly as the DAF converting the rat serum POD to a human equivalent dose. Note MDH computes PFHxS clearance FROM Vd and half-life, but for PFOA/PFOS it does the reverse (takes OEHHA clearance and back-calculates Vd) - the method is not internally consistent across chemicals.","p. PFHxS-2, 'Dose Adjustment Factor (DAF)' block",https://www.health.state.mn.us/communities/environment/risk/docs/guidance/gw/pfhxs.pdf,US state,United States,"Health Risk Limit (HRL, drinking water, adopted as rule Nov 2023)"
Minnesota Department of Health (MDH),Toxicological Summary for: Perfluorohexane sulfonate (PFHxS) - Health-Based Guidance for Water,2023,PFHxS,rat (Sprague-Dawley) to human,M (rat),point of departure - internal serum concentration (male rat),32.4,ug/mL (mg/L) serum,,,serum-based POD with clearance-based animal-to-human conversion,NTP 2018 28-day study; BMDL20% modelled by MDH,MALE rats chosen. HED = 32.4 mg/L x 0.000090 L/kg-d = 0.00292 mg/kg-d. RfD = HED/300 = 9.7 ng/kg-d; corresponding human serum 0.108 ug/mL. Critical effect decreased free T4. UF 300 = 3 interspecies TOXICODYNAMIC only (TK handled by the clearance DAF) x 10 intraspecies x 10 database.,"p. PFHxS-1/2, POD and RfD blocks",https://www.health.state.mn.us/communities/environment/risk/docs/guidance/gw/pfhxs.pdf,US state,United States,"Health Risk Limit (HRL, drinking water, adopted as rule Nov 2023)"
Minnesota Department of Health (MDH),Toxicological Summary for: Perfluorohexane sulfonate (PFHxS) - Health-Based Guidance for Water,2023,PFHxS,human,F (maternal-fetal),placental transfer factor (cord/maternal serum) - ADOPTED,70,% of maternal serum,43,95,one-compartment TK model with placental + breastmilk transfer and age-varying Vd (Goeden 2019 framework),"mean of median paired maternal:cord blood ratios reported in the literature (MDH compilation; references include Gutzkow et al. 2012, Yang et al. 2016a)",Range of MEAN values across studies 43-95%; mean 95th-percentile value 110% (range 69-168%). The 95th-percentile value exceeding 100% means cord serum can exceed maternal serum.,"p. PFHxS-3, 'Placental transfer factor' row",https://www.health.state.mn.us/communities/environment/risk/docs/guidance/gw/pfhxs.pdf,US state,United States,"Health Risk Limit (HRL, drinking water, adopted as rule Nov 2023)"
Minnesota Department of Health (MDH),Toxicological Summary for: Perfluorohexane sulfonate (PFHxS) - Health-Based Guidance for Water,2023,PFHxS,human,F (lactating),breastmilk transfer factor (milk/maternal serum) - ADOPTED,1.4,% of maternal serum,0.8,2.0,one-compartment TK model with placental + breastmilk transfer and age-varying Vd (Goeden 2019 framework),mean of mean paired maternal serum:breastmilk ratios reported in the literature (MDH compilation),"Range of mean values 0.8-2%. MDH notes NO 95th percentile values are reported in the literature, so no upper-bound breastmilk scenario could be run for PFHxS.","p. PFHxS-3, 'Breastmilk transfer factor' row",https://www.health.state.mn.us/communities/environment/risk/docs/guidance/gw/pfhxs.pdf,US state,United States,"Health Risk Limit (HRL, drinking water, adopted as rule Nov 2023)"
Minnesota Department of Health (MDH),Toxicological Summary for: Perfluorohexane sulfonate (PFHxS) - Health-Based Guidance for Water,2023,PFHxS,human,M+F,relative source contribution (RSC) applied to peak infant serum,0.5,fraction (50%),,,MDH TK model; RSC applied to the peak infant serum concentration rather than to the adult steady state,US EPA 2000 Exposure Decision Tree; CDC biomonitoring (accessed Feb 2019); MDH 2008 Section IV.E.1,Higher RSC than PFOA/PFOS (which sit at the 20% floor) because PFHxS general-population serum levels do not exceed the reference serum concentration. MDH notes the 50% RSC during infancy results in chronic steady-state serum attributable to water that is a much smaller fraction of the reference value.,p. PFHxS-1 footnote ** and p. PFHxS-4,https://www.health.state.mn.us/communities/environment/risk/docs/guidance/gw/pfhxs.pdf,US state,United States,"Health Risk Limit (HRL, drinking water, adopted as rule Nov 2023)"
Minnesota Department of Health (MDH),Toxicological Summary for: Perfluorohexane sulfonate (PFHxS) - Health-Based Guidance for Water,2023,PFHxS,human,M+F,"resulting noncancer Health Risk Limit (single value, all durations)",0.047,ug/L (47 ng/L),,,"MDH TK model, breastfed-infant limiting scenario",MDH 2019/2023 derivation,"A single HRL covers short-term, subchronic and chronic because of bioaccumulation and maternal transfer. Breastfed-infant scenario is limiting.",p. PFHxS-1,https://www.health.state.mn.us/communities/environment/risk/docs/guidance/gw/pfhxs.pdf,US state,United States,"Health Risk Limit (HRL, drinking water, adopted as rule Nov 2023)"
Minnesota Department of Health (MDH),Toxicological Summary for: Perfluorohexanoate (PFHxA) - Health-Based Guidance for Water,2023,PFHxA,human,M+F,serum elimination half-life - ADOPTED (denominator of DAF),768,hours (32 days),,,standard HRL equation with half-life-ratio DAF; MDH TK model explicitly NOT used,MDH-selected human PFHxA half-life (used in both short-term and subchronic DAFs),"32 days. Unlike PFOA/PFOS/PFHxS, MDH used a half-life RATIO rather than a clearance/Vd calculation for PFHxA, because PFHxA is short-lived enough that the standard HRL equation applies.",p. PFHxA-1 (short-term DAF) and p. PFHxA-2 (subchronic DAF),https://www.health.state.mn.us/communities/environment/risk/docs/guidance/gw/pfhxa.pdf,US state,United States,"Health Risk Limit (HRL, drinking water, adopted as rule Nov 2023)"
Minnesota Department of Health (MDH),Toxicological Summary for: Perfluorohexanoate (PFHxA) - Health-Based Guidance for Water,2023,PFHxA,rat,M,"serum elimination half-life, male rat (numerator of short-term DAF)",2.87,hours,,,standard HRL equation with half-life-ratio DAF; MDH TK model explicitly NOT used,"NTP 2019 (28-day rat study, the short-term critical study)",Study-specific: MDH uses the half-life measured in the same study and sex that gave the POD. Male rat chosen.,"p. PFHxA-1, 'Dose Adjustment Factor' block",https://www.health.state.mn.us/communities/environment/risk/docs/guidance/gw/pfhxa.pdf,US state,United States,"Health Risk Limit (HRL, drinking water, adopted as rule Nov 2023)"
Minnesota Department of Health (MDH),Toxicological Summary for: Perfluorohexanoate (PFHxA) - Health-Based Guidance for Water,2023,PFHxA,rat,M,"serum elimination half-life, male rat (numerator of subchronic DAF)",1.5,hours,,,standard HRL equation with half-life-ratio DAF; MDH TK model explicitly NOT used,"Loveless et al. (subchronic rat study, the subchronic critical study)",A DIFFERENT male-rat half-life from the short-term DAF (1.5 vs 2.87 h) because MDH matches the half-life to the specific critical study - 'Chemical and Study-Specific Toxicokinetic Adjustment'. This is a methodological choice no other agency surveyed makes.,"p. PFHxA-2, subchronic 'Dose Adjustment Factor' block",https://www.health.state.mn.us/communities/environment/risk/docs/guidance/gw/pfhxa.pdf,US state,United States,"Health Risk Limit (HRL, drinking water, adopted as rule Nov 2023)"
Minnesota Department of Health (MDH),Toxicological Summary for: Perfluorohexanoate (PFHxA) - Health-Based Guidance for Water,2023,PFHxA,rat to human,M (rat),"dose adjustment factor (DAF), short-term = t-half(male rat)/t-half(human)",0.0037,unitless ratio,,,standard HRL equation with half-life-ratio DAF; MDH TK model explicitly NOT used,NTP 2019 rat half-life 2.87 h; MDH human half-life 768 h,"POD 25.9 mg/kg-d (administered-dose BMDL1SD, NTP 2019) x 0.0037 = HED 0.0958 mg/kg-d; RfD = HED/300 = 0.00032 mg/kg-d. UF 300.","p. PFHxA-1, DAF/HED/RfD blocks",https://www.health.state.mn.us/communities/environment/risk/docs/guidance/gw/pfhxa.pdf,US state,United States,"Health Risk Limit (HRL, drinking water, adopted as rule Nov 2023)"
Minnesota Department of Health (MDH),Toxicological Summary for: Perfluorohexanoate (PFHxA) - Health-Based Guidance for Water,2023,PFHxA,rat to human,M (rat),"dose adjustment factor (DAF), subchronic = t-half(male rat)/t-half(human)",0.0020,unitless ratio,,,standard HRL equation with half-life-ratio DAF; MDH TK model explicitly NOT used,Loveless et al. rat half-life 1.5 h; MDH human half-life 768 h,"POD 22.5 mg/kg-d (administered-dose BMDL10%, Loveless et al.) x 0.0020 = HED 0.045 mg/kg-d; RfD = 0.00015 mg/kg-d. UF 300.","p. PFHxA-2, subchronic DAF/HED/RfD blocks",https://www.health.state.mn.us/communities/environment/risk/docs/guidance/gw/pfhxa.pdf,US state,United States,"Health Risk Limit (HRL, drinking water, adopted as rule Nov 2023)"
Minnesota Department of Health (MDH),Toxicological Summary for: Perfluorohexanoate (PFHxA) - Health-Based Guidance for Water,2023,PFHxA,human,M+F (infant),MDH TK model applicability - EXPLICITLY NOT USED for PFHxA,not used,n/a,,,standard HRL equation with half-life-ratio DAF; MDH TK model explicitly NOT used,MDH internal judgement,"MDH states the TK model was evaluated because PFHxA crosses the placenta and is found in breastmilk, but was NOT used because of data gaps - specifically a lack of a reliable breastmilk:maternal serum ratio and limited information on half-life. This is a documented refusal to model breast-milk transfer for a short-chain PFAS.","p. PFHxA-3, paragraph following the HRL derivations (approx. line 135-137 of extracted text)",https://www.health.state.mn.us/communities/environment/risk/docs/guidance/gw/pfhxa.pdf,US state,United States,"Health Risk Limit (HRL, drinking water, adopted as rule Nov 2023)"
Minnesota Department of Health (MDH),Toxicological Summary for: Perfluorohexanoate (PFHxA) - Health-Based Guidance for Water,2023,PFHxA,human,M+F,relative source contribution (RSC),0.2,fraction (20%),,,standard HRL equation with half-life-ratio DAF; MDH TK model explicitly NOT used,US EPA 2000 Exposure Decision Tree,20% used for PFHxA,p. PFHxA-1 footnote *,https://www.health.state.mn.us/communities/environment/risk/docs/guidance/gw/pfhxa.pdf,US state,United States,"Health Risk Limit (HRL, drinking water, adopted as rule Nov 2023)"
Minnesota Department of Health (MDH),Toxicological Summary for: Perfluorohexanoate (PFHxA) - Health-Based Guidance for Water,2023,PFHxA,human,M+F,resulting noncancer HRL (short-term = subchronic = chronic),0.2,ug/L (200 ng/L),,,standard HRL equation with half-life-ratio DAF; MDH TK model explicitly NOT used,MDH 2023 derivation,"Chronic calculated RfD was HIGHER than short-term, so the chronic and subchronic HRLs are set equal to the short-term value of 0.2 ug/L for protectiveness","p. PFHxA-1, PFHxA-2, PFHxA-3",https://www.health.state.mn.us/communities/environment/risk/docs/guidance/gw/pfhxa.pdf,US state,United States,"Health Risk Limit (HRL, drinking water, adopted as rule Nov 2023)"
Minnesota Department of Health (MDH),Toxicological Summary for: Perfluorobutane sulfonate (PFBS) - Health-Based Guidance for Water,2023,PFBS,rat (Hsd:Sprague Dawley),F,"serum elimination half-life, FEMALE rat (numerator of DAF)",1.3,hours,,,standard HRL equation with chemical- and study-specific half-life-ratio DAF,"MDH analysis of Huang, Dzierlenga et al. 2019","MDH explicitly uses the FEMALE rat half-life, matching the sex in which the critical thyroid effect was observed. This is one of only two instances found in this survey where a state agency selected a female-rodent half-life rather than defaulting to male - MDH labels the method 'Chemical- and Study-Specific Toxicokinetic Adjustment'. Female rats clear PFBS faster than males, so using the female value yields a SMALLER DAF and hence a LOWER (more protective) HED.","p. PFBS-1, 'Dose Adjustment Factor (DAF)' block",https://www.health.state.mn.us/communities/environment/risk/docs/guidance/gw/pfbssummary.pdf,US state,United States,"Health Risk Limit (HRL, drinking water, adopted as rule Nov 2023)"
Minnesota Department of Health (MDH),Toxicological Summary for: Perfluorobutane sulfonate (PFBS) - Health-Based Guidance for Water,2023,PFBS,human,M+F,"serum elimination half-life, human (denominator of DAF)",1050,hours (43.75 days),,,standard HRL equation with chemical- and study-specific half-life-ratio DAF,"Xu, Fletcher et al. 2020 (Ronneby/Arvidsjaur short-chain PFAS half-lives)",43.75 days. MDH chose a community-exposure human half-life rather than the occupational 3M worker value. Compare EPA 2021 PFBS assessment which used a shorter human half-life.,"p. PFBS-1, 'Dose Adjustment Factor (DAF)' block",https://www.health.state.mn.us/communities/environment/risk/docs/guidance/gw/pfbssummary.pdf,US state,United States,"Health Risk Limit (HRL, drinking water, adopted as rule Nov 2023)"
Minnesota Department of Health (MDH),Toxicological Summary for: Perfluorobutane sulfonate (PFBS) - Health-Based Guidance for Water,2023,PFBS,rat to human,F (rat),dose adjustment factor (DAF) = t-half(female rat)/t-half(human),0.0012,unitless ratio,,,standard HRL equation with chemical- and study-specific half-life-ratio DAF,"Huang, Dzierlenga et al. 2019 (rat); Xu, Fletcher et al. 2020 (human)","1.3 hr / 1050 hr = 0.0012. POD 6.97 mg/kg-d (administered-dose BMDL1SD, NTP 2019) x 0.0012 = HED 0.0084 mg/kg-d; RfD = HED/100 = 0.000084 mg/kg-d. UF 100 = 3 interspecies toxicodynamic x 10 intraspecies x 3 database. Critical effect decreased total T4.","p. PFBS-1, DAF/HED/RfD blocks",https://www.health.state.mn.us/communities/environment/risk/docs/guidance/gw/pfbssummary.pdf,US state,United States,"Health Risk Limit (HRL, drinking water, adopted as rule Nov 2023)"
Minnesota Department of Health (MDH),Toxicological Summary for: Perfluorobutane sulfonate (PFBS) - Health-Based Guidance for Water,2023,PFBS,human,M+F,"resulting noncancer HRL (short-term, adopted for all durations)",0.1,ug/L (100 ng/L),,,standard HRL equation with chemical- and study-specific half-life-ratio DAF,"MDH 2022 derivation, adopted as rule 2023","Calculated subchronic RfD (0.00054 mg/kg-d) and chronic RfD (0.00018 mg/kg-d) were both HIGHER than the short-term RfD (0.000084 mg/kg-d), so the short-term RfD was substituted for all durations; the subchronic and chronic equations yielded 0.2 and 0.4 ug/L respectively but were overridden down to 0.1 ug/L. No TK model (placental/breastmilk) was applied to PFBS.",p. PFBS-1 to PFBS-3,https://www.health.state.mn.us/communities/environment/risk/docs/guidance/gw/pfbssummary.pdf,US state,United States,"Health Risk Limit (HRL, drinking water, adopted as rule Nov 2023)"
Minnesota Department of Health (MDH),Toxicological Summary for: Perfluorobutyrate (PFBA) - Health-Based Guidance for Water,2018,PFBA,human,M,"serum elimination half-life, human (numerator of DAF)",72,hours (3 days),,,"standard HRL equation with chemical-specific half-life-ratio DAF (note: DAF defined as t-half(human)/t-half(rat), a DIVISOR not a multiplier)","Olsen et al. 2007b (four 3M male workers, serum PFBA elimination)","Mean human half-life of 3 days. MDH notes this is short enough that steady state is reached in ~9-15 days, which is why no acute HRL could be derived (the HED method presumes steady state). Occupational male-worker data used for the human value.","p. PFBA-1, 'Dose Adjustment Factor (DAF)' block and footnote * on p. PFBA-1",https://www.health.state.mn.us/communities/environment/risk/docs/guidance/gw/pfba2summ.pdf,US state,United States,"Health Risk Limit (HRL, drinking water, adopted as rule Aug 2018)"
Minnesota Department of Health (MDH),Toxicological Summary for: Perfluorobutyrate (PFBA) - Health-Based Guidance for Water,2018,PFBA,rat,M,"serum elimination half-life, MALE rat (denominator of DAF)",9.22,hours,,,"standard HRL equation with chemical-specific half-life-ratio DAF (note: DAF defined as t-half(human)/t-half(rat), a DIVISOR not a multiplier)",Chang et al. 2008,MALE rat chosen for PFBA (contrast with MDH's female-rat choice for PFBS). Note PFBA is one of the PFAS with a large male/female rat difference.,"p. PFBA-1, 'Dose Adjustment Factor (DAF)' block",https://www.health.state.mn.us/communities/environment/risk/docs/guidance/gw/pfba2summ.pdf,US state,United States,"Health Risk Limit (HRL, drinking water, adopted as rule Aug 2018)"
Minnesota Department of Health (MDH),Toxicological Summary for: Perfluorobutyrate (PFBA) - Health-Based Guidance for Water,2018,PFBA,rat to human,M,dose adjustment factor (DAF) = t-half(human)/t-half(male rat),8,unitless ratio (used as a DIVISOR),,,"standard HRL equation with chemical-specific half-life-ratio DAF (note: DAF defined as t-half(human)/t-half(rat), a DIVISOR not a multiplier)",Olsen et al. 2007b (human 72 h); Chang et al. 2008 (male rat 9.22 h),"72/9.22 = 7.8, rounded to 8. HED = POD/DAF. Short-term: POD 3.01 mg/kg-d (BMDL1SD calculated by Butenhoff 2007 from NOTOX 2007a) / 8 = HED 0.38 mg/kg-d; RfD = 0.38/100 = 0.0038 mg/kg-d (UF 100 = 3 interspecies TD x 10 intraspecies x 3 database). Subchronic and chronic: POD 6.9 mg/kg-d (NOAEL, NOTOX 2007b) / 8 = HED 0.86 mg/kg-d; RfD = 0.86/300 = 0.0029 mg/kg-d (UF 300). Critical effect decreased cholesterol.","p. PFBA-1 (short-term), PFBA-2 (subchronic), PFBA-3 (chronic)",https://www.health.state.mn.us/communities/environment/risk/docs/guidance/gw/pfba2summ.pdf,US state,United States,"Health Risk Limit (HRL, drinking water, adopted as rule Aug 2018)"
Minnesota Department of Health (MDH),Toxicological Summary for: Perfluorobutyrate (PFBA) - Health-Based Guidance for Water,2018,PFBA,human,M+F,resulting noncancer HRL (short-term = subchronic = chronic),7,ug/L (7000 ng/L),,,"standard HRL equation with chemical-specific half-life-ratio DAF (note: DAF defined as t-half(human)/t-half(rat), a DIVISOR not a multiplier)","MDH 2008 derivation; HRL promulgated 2011, re-adopted 2018","Same value 7 ug/L first promulgated 2011. Subchronic and chronic HRLs set equal to the short-term value. No TK (placental/breastmilk) model applied. PFBA is MDH's highest PFAS HRL by ~29,000-fold relative to PFOA (0.00024 ug/L).","p. PFBA-1, PFBA-2, PFBA-3; revision history p. PFBA-4",https://www.health.state.mn.us/communities/environment/risk/docs/guidance/gw/pfba2summ.pdf,US state,United States,"Health Risk Limit (HRL, drinking water, adopted as rule Aug 2018)"
"New Jersey Drinking Water Quality Institute (DWQI), Health Effects Subcommittee",Health-based Maximum Contaminant Level Support Document: Perfluorooctanoic Acid (PFOA) - Appendix A,2017,PFOA,human,M+F,clearance factor (CL) - ADOPTED for serum-to-dose conversion,1.4e-4,L/kg-day (0.14 mL/kg-day),,,one-compartment steady state: CL = Vd x (ln2 / t-half); Dose(ng/kg/d) = Serum(ng/mL) x CL(mL/kg/d),Lorber & Egeghy 2011 (model); Vd from Thompson et al. 2010; half-life from Bartell et al. 2010a (C8 Health Study),NJ DWQI adopted exactly the same CL as US EPA Office of Water 2016 (1.4e-4 L/kg-d). NJ explicitly notes 2.3 y is the SHORTEST human half-life in the literature and that any other literature value would give a LOWER CL and so a higher predicted serum level from a given dose - i.e. NJ knowingly used the least-protective half-life and compensated with uncertainty factors.,p. 57-58 (Pharmacokinetic modeling section); Abstract p. 1; extracted lines 2558-2612,https://www.nj.gov/dep/watersupply/pdf/pfoa-appendixa.pdf,US state,United States,Health-based MCL (14 ng/L; promulgated as NJ MCL)
"New Jersey Drinking Water Quality Institute (DWQI), Health Effects Subcommittee",Health-based Maximum Contaminant Level Support Document: Perfluorooctanoic Acid (PFOA) - Appendix A,2017,PFOA,human,M+F,volume of distribution (Vd) - ADOPTED,0.17,L/kg (170 mL/kg),,,one-compartment steady state,Thompson et al. 2010 (Australian population exposed via drinking water),Same Vd as US EPA OW 2016 and 2024. NJ emphasises the Thompson model was 'calibrated with human data'.,"p. 57, extracted line 2563",https://www.nj.gov/dep/watersupply/pdf/pfoa-appendixa.pdf,US state,United States,Health-based MCL (14 ng/L; promulgated as NJ MCL)
"New Jersey Drinking Water Quality Institute (DWQI), Health Effects Subcommittee",Health-based Maximum Contaminant Level Support Document: Perfluorooctanoic Acid (PFOA) - Appendix A,2017,PFOA,human,M+F,serum elimination half-life - ADOPTED (basis of elimination rate),2.3,years,,,first-order elimination; rate constant 0.0008 /day,"Bartell et al. 2010a (C8 Health Study, 200 adults after drinking-water treatment began in two WV water districts)","Elimination rate 0.0008 day-1. NJ notes Bartell's second-year follow-up showed slower decline (9% and 15%), suggesting continued non-water exposure or non-first-order kinetics (Bartell et al. 2010b). NJ chose 2.3 y over Olsen 2007's 3.8 y (retired workers), Brede 2010's 3.3 y and Seals 2011's 2.9-10.1 y.",p. 57; half-life compilation Table 4 p. 45-46,https://www.nj.gov/dep/watersupply/pdf/pfoa-appendixa.pdf,US state,United States,Health-based MCL (14 ng/L; promulgated as NJ MCL)
"New Jersey Drinking Water Quality Institute (DWQI), Health Effects Subcommittee",Health-based Maximum Contaminant Level Support Document: Perfluorooctanoic Acid (PFOA) - Appendix A,2017,PFOA,human,M+F,"predicted serum:drinking-water ratio, mean water ingestion (0.016 L/kg-d)",114,"ratio (ng/mL serum per ug/L water), i.e. 114:1",,,ratio = water ingestion rate / clearance factor = 0.016 / 1.4e-4,"derived; cross-checked against Emmett et al. 2006a (Little Hocking, median 105:1, IQR 62:1-162:1), Post et al. 2009a, Hoffman et al. 2011 (robust regression 141:1, 95% CI 135-148:1)","NJ uses the empirical community ratios as an INDEPENDENT VALIDATION of the clearance factor - a validation step no other agency surveyed performs this explicitly. NJ flags Holzer et al. 2008 (Germany) at ~50:1 as an outlier and offers three explanations (bottled-water substitution, uncertain exposure duration, different consumption patterns).","p. 56-58, extracted lines 2505-2612",https://www.nj.gov/dep/watersupply/pdf/pfoa-appendixa.pdf,US state,United States,Health-based MCL (14 ng/L; promulgated as NJ MCL)
"New Jersey Drinking Water Quality Institute (DWQI), Health Effects Subcommittee",Health-based Maximum Contaminant Level Support Document: Perfluorooctanoic Acid (PFOA) - Appendix A,2017,PFOA,human,M+F,"predicted serum:drinking-water ratio, upper-percentile ingestion (0.029 L/kg-d)",207,ratio (207:1),,,ratio = 0.029 / 1.4e-4,derived,"Upper-percentile exposure factors (2 L/day water, 70 kg BW) used to set the Health-based MCL. Each 10 ng/L in water predicted to raise serum by 1.2 ng/mL (mean ingestion) or 2.0 ng/mL (upper percentile).","p. 58-59, Table 5",https://www.nj.gov/dep/watersupply/pdf/pfoa-appendixa.pdf,US state,United States,Health-based MCL (14 ng/L; promulgated as NJ MCL)
"New Jersey Drinking Water Quality Institute (DWQI), Health Effects Subcommittee",Health-based Maximum Contaminant Level Support Document: Perfluorooctanoic Acid (PFOA) - Appendix A,2017,PFOA,rat,F,"serum half-life, female rat",2-4,hours,2,4,species-selection rationale,Johnson et al. 1979; Kemper & Jepson 2003,"NJ uses this to DISQUALIFY the rat as a developmental model: 'Because of its rapid excretion, PFOA is not continuously present in female rats dosed once daily, and the fetuses are thus not exposed continuously... the rat is not an ideal model for evaluation of developmental effects of PFOA.' ~98.7% of an oral dose to pregnant rats excreted in urine within 24 h (Gibson & Johnson 1983).","Table 4 p. 45; rat-vs-mouse discussion p. 49, extracted lines 2239-2260",https://www.nj.gov/dep/watersupply/pdf/pfoa-appendixa.pdf,US state,United States,Health-based MCL (14 ng/L; promulgated as NJ MCL)
"New Jersey Drinking Water Quality Institute (DWQI), Health Effects Subcommittee",Health-based Maximum Contaminant Level Support Document: Perfluorooctanoic Acid (PFOA) - Appendix A,2017,PFOA,rat,M,"serum half-life, male rat",4-6,days,4,6,species-selection rationale,Johnson et al. 1979; Kemper & Jepson 2003,"Male/female rat ratio ~30-70x. NJ attributes it to testosterone-controlled renal OAT expression (Oatp1a1 reabsorption in male rats; OAT4 and URAT1 in humans, per Han et al. 2012). Kudo et al. 2002: female-rat PFOA clearance 15 mL/min/kg EXCEEDS GFR (10 mL/min/kg), implying active tubular secretion; male-rat renal clearance only 0.6 mL/min/kg. Castration raises male clearance to female levels; testosterone reverses it. The sex difference develops between 3 and 5 weeks of age (Hinderliter et al. 2006).","Table 4 p. 45; p. 46 hormonal-control discussion, extracted lines 2239-2275",https://www.nj.gov/dep/watersupply/pdf/pfoa-appendixa.pdf,US state,United States,Health-based MCL (14 ng/L; promulgated as NJ MCL)
"New Jersey Drinking Water Quality Institute (DWQI), Health Effects Subcommittee",Health-based Maximum Contaminant Level Support Document: Perfluorooctanoic Acid (PFOA) - Appendix A,2017,PFOA,mouse,F / M,"serum half-life, mouse (both sexes similar)",17 (F) / 19 (M),days,,,species-selection rationale,Lau et al. 2005,"NJ's decisive argument for the MOUSE over the rat: 'In contrast to female rats, PFOA is slowly excreted in female mice... Therefore, the fetus is continuously exposed when pregnant mice are dosed once daily. Because PFOA is persistent in humans, the mouse is a preferable model for evaluation of PFOA's developmental effects than the rat.' All NJ PODs for PFOA come from mouse studies.","Table 4 p. 45; p. 49-50, extracted lines 2271-2290",https://www.nj.gov/dep/watersupply/pdf/pfoa-appendixa.pdf,US state,United States,Health-based MCL (14 ng/L; promulgated as NJ MCL)
"New Jersey Drinking Water Quality Institute (DWQI), Health Effects Subcommittee",Health-based Maximum Contaminant Level Support Document: Perfluorooctanoic Acid (PFOA) - Appendix A,2017,PFOA,rat (pregnant) / mouse (pregnant),F,milk:maternal-serum and fetal:maternal-serum ratios in rodents,rat milk ~0.1 of maternal serum; rat fetal plasma ~0.5; mouse pup serum ~1.5x maternal on PND1,ratio,,,rodent lactational/placental transfer,Hinderliter et al. 2005 (rat); Fenton et al. 2009 (CD-1 mouse),Rat: GD21 fetal plasma ~half of dam; milk ~10-fold lower than maternal serum; pup plasma ~4-fold lower on PND3 and ~10-fold lower later. Mouse: amniotic fluid ~half of maternal serum on GD18; whole-pup GD18 similar to maternal serum; PND1 pup serum ~1.5x maternal. NJ cautions rat comparisons are confounded because maternal plasma was sampled near its daily peak (2 h post-dose).,"p. 49-50, extracted lines 2252-2290",https://www.nj.gov/dep/watersupply/pdf/pfoa-appendixa.pdf,US state,United States,Health-based MCL (14 ng/L; promulgated as NJ MCL)
"New Jersey Drinking Water Quality Institute (DWQI), Health Effects Subcommittee",Health-based Maximum Contaminant Level Support Document: Perfluorooctanoic Acid (PFOA) - Appendix A,2017,PFOA,human,F (lactating),breast-milk:maternal-serum ratio assumed for PFOA,<=0.01,ratio (<=1:100),,,"static ratio argument, not a dynamic model",Tao et al. 2008a; Kim et al. 2011; Liu et al. 2011,NJ pairs the <=1:100 milk:serum ratio with the >=100:1 serum:water ratio to conclude the initial PFOA concentration in breast milk is of the same order as the drinking-water concentration. NJ does NOT build a dynamic infant TK model (contrast MDH).,"p. 52, extracted lines 2377-2378",https://www.nj.gov/dep/watersupply/pdf/pfoa-appendixa.pdf,US state,United States,Health-based MCL (14 ng/L; promulgated as NJ MCL)
"New Jersey Drinking Water Quality Institute (DWQI), Health Effects Subcommittee",Health-based Maximum Contaminant Level Support Document: Perfluorooctanoic Acid (PFOA) - Appendix A,2017,PFOA,human,M+F,Target Human Serum Level (serum-basis RfD) - increased relative liver weight (ADOPTED basis),14.5,ng/mL serum,,,serum-level BMD modelling; UF applied to internal dose,"Loveless et al. 2006, male mice, 14-day branched/linear PFOA; serum BMDL10 for relative liver weight 4350 ng/mL",Total UF 300 = 10 intra-human x 3 animal-to-human TOXICODYNAMIC x 10 to protect more sensitive effects. NJ explicitly states 'The typical UF of 3 for toxicokinetic variability between species is not included because the risk assessment is based on comparison of internal dose (serum levels) rather than administered dose.' No duration UF because liver-weight effect does not grow past 14 days.,"p. 15-16, extracted lines 875-905",https://www.nj.gov/dep/watersupply/pdf/pfoa-appendixa.pdf,US state,United States,Health-based MCL (14 ng/L; promulgated as NJ MCL)
"New Jersey Drinking Water Quality Institute (DWQI), Health Effects Subcommittee",Health-based Maximum Contaminant Level Support Document: Perfluorooctanoic Acid (PFOA) - Appendix A,2017,PFOA,human,M+F,Reference Dose derived from Target Human Serum Level via clearance factor (ADOPTED),2,ng/kg-day,,,RfD = Target Human Serum Level x CL = 14.5 ng/mL x 1.4e-4 L/kg-d,Loveless et al. 2006 POD; Lorber & Egeghy 2011 / US EPA 2016 CL,"Health-based MCL 14 ng/L from RfD 2 ng/kg-d with 2 L/day, 70 kg, RSC 20%. Cancer slope factor 0.021 (mg/kg/d)-1 from rat testicular tumours gave an identical 14 ng/L at 1e-6 risk.",p. 16; Abstract p. 1,https://www.nj.gov/dep/watersupply/pdf/pfoa-appendixa.pdf,US state,United States,Health-based MCL (14 ng/L; promulgated as NJ MCL)
"New Jersey Drinking Water Quality Institute (DWQI), Health Effects Subcommittee",Health-based Maximum Contaminant Level Support Document: Perfluorooctanoic Acid (PFOA) - Appendix A,2017,PFOA,human,M+F,"Target Human Serum Level and RfD - delayed mammary gland development (calculated, NOT adopted)",0.8 ng/mL serum; RfD 0.11 ng/kg-day,ng/mL serum / ng/kg-day,,,serum-level BMDL with UF 30,mouse mammary-gland studies; serum BMDL for decreased terminal end buds 22.9 ng/mL (developmental score BMDL 24.9 ng/mL),"UF 30 = 10 intra-human x 3 animal-to-human toxicodynamic (again no interspecies TK UF, internal-dose basis). NJ declined to base the MCL on this endpoint because the science was 'currently developing', but used it to justify the extra 10x 'sensitive endpoint' UF in the liver-weight derivation. Note the resulting 0.8 ng/mL target serum is BELOW the US general-population median of 2.1 ng/mL.","p. 15, extracted lines 860-873; Abstract p. 1",https://www.nj.gov/dep/watersupply/pdf/pfoa-appendixa.pdf,US state,United States,Health-based MCL (14 ng/L; promulgated as NJ MCL)
"New Jersey Drinking Water Quality Institute (DWQI), Health Effects Subcommittee",Appendix A: Health-based Maximum Contaminant Level Support Document: Perfluorooctane Sulfonate (PFOS),2018,PFOS,human,M+F,clearance factor (CL) - ADOPTED for serum-to-dose conversion,8.1e-5,L/kg-day (0.081 mL/kg-day),,,CL = Vd x (ln2 / t-half),"US EPA 2016b derivation; Vd from Thompson et al. 2010a,b; half-life from Olsen et al. 2007 (retired 3M workers)",Explicit arithmetic: Vd 0.23 L/kg x (0.693 / 1971 d) where 1971 d = 5.4 y. NJ adopted EPA OW 2016's value unchanged. This is 4.8x LOWER than OEHHA's/MDH's adopted PFOS clearance of 3.9e-4 L/kg-d - the single biggest PFOS clearance divergence among US agencies.,"p. 24, extracted lines 1973-1990; Appendix 3 p. 316",https://www.nj.gov/dep/watersupply/pdf/pfos-recommendation-appendix-a.pdf,US state,United States,Health-based MCL (13 ng/L; promulgated as NJ MCL)
"New Jersey Drinking Water Quality Institute (DWQI), Health Effects Subcommittee",Appendix A: Health-based Maximum Contaminant Level Support Document: Perfluorooctane Sulfonate (PFOS),2018,PFOS,human,M+F,volume of distribution (Vd) - ADOPTED,0.23,L/kg,,,one-compartment steady state,"Thompson et al. 2010a,b, who took the human-calibrated PFOA Vd of 0.17 L/kg and scaled it up by 35% on the basis of Andersen et al. 2006 (monkey PFOS Vd 20-50% greater than PFOA)","NJ explicitly flags the chain of inference as a weakness: 'the use of the PFOA Vd as a surrogate measure of Vd for PFOS and the adjustment of the PFOA Vd on the basis of a cross-species analogy are sources of uncertainty in its derivation.' Supported by Egeghy & Lorber 2011, whose low bounding Vd of 0.2 L/kg (vs high 3 L/kg) best reproduced exposure-pathway intake estimates.","p. 24-25, extracted lines 1993-2008; Appendix 3 p. 316, extracted lines 15364-15371",https://www.nj.gov/dep/watersupply/pdf/pfos-recommendation-appendix-a.pdf,US state,United States,Health-based MCL (13 ng/L; promulgated as NJ MCL)
"New Jersey Drinking Water Quality Institute (DWQI), Health Effects Subcommittee",Appendix A: Health-based Maximum Contaminant Level Support Document: Perfluorooctane Sulfonate (PFOS),2018,PFOS,human,M+F,serum elimination half-life - ADOPTED,5.4,years (1971 days),,,,Olsen et al. 2007 (retired 3M workers),"NJ notes this is 'in reasonable agreement' with Li et al. 2018 (Ronneby), which was published while the document was in preparation but was not substituted. Occupational-cohort value retained.",p. 24; cross-reference at extracted line 1798,https://www.nj.gov/dep/watersupply/pdf/pfos-recommendation-appendix-a.pdf,US state,United States,Health-based MCL (13 ng/L; promulgated as NJ MCL)
"New Jersey Drinking Water Quality Institute (DWQI), Health Effects Subcommittee",Appendix A: Health-based Maximum Contaminant Level Support Document: Perfluorooctane Sulfonate (PFOS),2018,PFOS,human,M+F,ALTERNATIVE measured clearance factor (Vd-free derivation; cross-check only),0.11,mL/kg-day (1.1e-4 L/kg-day),,,"CL = total daily intake / geometric-mean serum concentration (no Vd, no half-life required)",Egeghy & Lorber 2011 total intake 160 ng/day; NHANES 2000-2008 average geometric-mean adult serum PFOS 20.6 ng/mL,"Explicit arithmetic: (160 ng/d / 70 kg = 2.3 ng/kg-d) / 20.6 ng/mL = 0.11 mL/kg-d, 36% higher than the adopted 0.081. NJ DWQI is one of the few agencies to present a MEASURED/OBSERVATIONAL clearance alongside the Vd x ln2/t-half value and to state the two agree. NJ lists its own uncertainties: media-based intake estimates, and declining NHANES serum trends since 1999.","Appendix 3, 'Clearance factor developed with alternative approach', p. 316-317, extracted lines 15380-15425",https://www.nj.gov/dep/watersupply/pdf/pfos-recommendation-appendix-a.pdf,US state,United States,Health-based MCL (13 ng/L; promulgated as NJ MCL)
"New Jersey Drinking Water Quality Institute (DWQI), Health Effects Subcommittee",Appendix A: Health-based Maximum Contaminant Level Support Document: Perfluorooctane Sulfonate (PFOS),2018,PFOS,human,M+F,"predicted serum:drinking-water ratio, mean ingestion (0.016 L/kg-d)",197,ratio (197:1),,,ratio = 0.016 / 8.1e-5,derived,Each 10 ng/L water predicted to raise serum PFOS by 2.0 ng/mL at mean ingestion. Compared against the NHANES 2013-14 median of 5.2 ng/mL.,"p. 25, extracted lines 2013-2035; Table 5 p. 25-26",https://www.nj.gov/dep/watersupply/pdf/pfos-recommendation-appendix-a.pdf,US state,United States,Health-based MCL (13 ng/L; promulgated as NJ MCL)
"New Jersey Drinking Water Quality Institute (DWQI), Health Effects Subcommittee",Appendix A: Health-based Maximum Contaminant Level Support Document: Perfluorooctane Sulfonate (PFOS),2018,PFOS,human,M+F,"predicted serum:drinking-water ratio, upper-percentile ingestion (0.029 L/kg-d)",358,ratio (358:1),,,ratio = 0.029 / 8.1e-5,derived,"Upper-percentile ingestion (2 L/day, 70 kg) used for the MCL; each 10 ng/L raises serum by 3.6 ng/mL","p. 25, extracted line 2030",https://www.nj.gov/dep/watersupply/pdf/pfos-recommendation-appendix-a.pdf,US state,United States,Health-based MCL (13 ng/L; promulgated as NJ MCL)
"New Jersey Drinking Water Quality Institute (DWQI), Health Effects Subcommittee",Appendix A: Health-based Maximum Contaminant Level Support Document: Perfluorooctane Sulfonate (PFOS),2018,PFOS,human,F (lactating),breast-milk:maternal-serum ratio assumed for PFOS,>=200:1 serum:water paired with low milk:serum ratio,ratio,,,static ratio argument,"NJ DWQI compilation (see p. 48, extracted line 1885)","As for PFOA, a static ratio argument rather than a dynamic infant TK model",extracted line 1885 (p. ~48),https://www.nj.gov/dep/watersupply/pdf/pfos-recommendation-appendix-a.pdf,US state,United States,Health-based MCL (13 ng/L; promulgated as NJ MCL)
"New Jersey Drinking Water Quality Institute (DWQI), Health Effects Subcommittee",Appendix A: Health-based Maximum Contaminant Level Support Document: Perfluorooctane Sulfonate (PFOS),2018,PFOS,mouse,M,Target Human Serum Level (serum-basis RfD) - ADOPTED,23,ng/mL serum,,,serum NOAEL with total UF 30,"Dong et al. 2009, adult MALE mice, 60-day PFOS exposure, decreased plaque-forming-cell (antibody) response; serum NOAEL 674 ng/mL","Total UF 30 (10 intra-human x 3 animal-to-human toxicodynamic). NJ again omits the interspecies TK UF because the comparison is internal-dose. Mouse used, consistent with its PFOA reasoning. RfD = 23 ng/mL x 8.1e-5 L/kg-d = 1.8 ng/kg-d; Health-based MCL 13 ng/L with 2 L/d, 70 kg, RSC 20%.","Abstract p. 1-2, extracted lines 277-291",https://www.nj.gov/dep/watersupply/pdf/pfos-recommendation-appendix-a.pdf,US state,United States,Health-based MCL (13 ng/L; promulgated as NJ MCL)
"New Jersey Drinking Water Quality Institute (DWQI), Health Effects Subcommittee",Appendix A: Health-based Maximum Contaminant Level Support Document: Perfluorooctane Sulfonate (PFOS),2018,PFOS,human,M+F,Reference Dose derived from Target Human Serum Level,1.8,ng/kg-day,,,RfD = 23 ng/mL x 8.1e-5 L/kg-day,Dong et al. 2009 POD; US EPA 2016b CL,"Health-based MCL 13 ng/L. Cancer risk (liver tumours in FEMALE rats) judged too uncertain to drive the MCL, but the estimated lifetime risk at 13 ng/L is close to NJ's 1e-6 goal.",Abstract p. 1-2,https://www.nj.gov/dep/watersupply/pdf/pfos-recommendation-appendix-a.pdf,US state,United States,Health-based MCL (13 ng/L; promulgated as NJ MCL)
"New Jersey Drinking Water Quality Institute (DWQI), Health Effects Subcommittee",Health-based Maximum Contaminant Level Support Document: Perfluorononanoic Acid (PFNA),2015,PFNA,human,M+F,serum:drinking-water ratio - ADOPTED IN PLACE OF A CLEARANCE FACTOR,200,ratio (200:1),,,"empirical ratio approach; NO Vd, NO clearance factor, NO half-life estimate used in the quantitative step","extrapolated from the PFOA ratio (>=100:1, Emmett et al. 2006a; Post et al. 2009a) by doubling, justified by the PFNA:PFOA half-life ratio","UNIQUE METHOD among documents reviewed: because no human PFNA half-life from serum decline exists, NJ doubled the PFOA serum:water ratio. Justification: rodent PFNA half-lives are 2-30x longer than PFOA, and Zhang et al. 2013a renal-clearance-derived human half-lives give PFNA:PFOA median and geometric-mean ratios of 2.06 and 2.67 in men and older women. NJ states '200:1 for PFNA is not overly stringent'. NJ lists this as an explicit uncertainty: 'There is uncertainty about the serum:drinking water ratio of 200:1 for PFNA.'","p. 15-16, extracted lines 898-940; uncertainty statement extracted line 3772",https://www.nj.gov/dep/watersupply/pdf/pfna-health-effects.pdf,US state,United States,"Health-based MCL (13 ng/L; promulgated as NJ MCL, the first PFNA MCL in the US)"
"New Jersey Drinking Water Quality Institute (DWQI), Health Effects Subcommittee",Health-based Maximum Contaminant Level Support Document: Perfluorononanoic Acid (PFNA),2015,PFNA,human,M+F,dose per unit serum increase (reciprocal of the adopted ratio),0.08,(ng/kg-day)/(ng/mL),,,"derived: 200 ng/mL serum per (1 ng/mL water x 16 mL/kg-day) = 12.5 ng/mL serum per ng/kg-day, i.e. 0.08 (ng/kg-d)/(ng/mL)",US EPA 2011 Exposure Factors Handbook water intake 16 mL/kg-day,This 0.08 (ng/kg-d)/(ng/mL) plays the role a clearance factor plays in NJ's PFOA/PFOS documents. It is numerically equivalent to a clearance of 8.0e-5 L/kg-day - essentially identical to the PFOS CL of 8.1e-5 by coincidence of construction.,"p. 16, extracted lines 936-945",https://www.nj.gov/dep/watersupply/pdf/pfna-health-effects.pdf,US state,United States,"Health-based MCL (13 ng/L; promulgated as NJ MCL, the first PFNA MCL in the US)"
"New Jersey Drinking Water Quality Institute (DWQI), Health Effects Subcommittee",Health-based Maximum Contaminant Level Support Document: Perfluorononanoic Acid (PFNA),2015,PFNA,human,M (and women >=50),human half-life from renal clearance (the only human PFNA data available),0.34-20,"years (range of individual estimates, n=50)",0.34,20,renal clearance from paired urine and serum,"Zhang et al. 2013a (86 Chinese general-population adults, median serum PFNA 0.37 ng/mL)","PFNA:PFOA half-life ratio 2.06 (medians) and 2.67 (geometric means). NJ states 'no such data are available' for PFNA from serum-decline studies - the renal-clearance route is the only human basis. In women <50 the PFNA range was 0.38-7.7 y and the PFNA:PFOA ratio approached 1, which NJ considers more uncertain because menstrual blood loss was modelled rather than measured.","p. 12-13, Table 4; extracted lines 726-775",https://www.nj.gov/dep/watersupply/pdf/pfna-health-effects.pdf,US state,United States,"Health-based MCL (13 ng/L; promulgated as NJ MCL, the first PFNA MCL in the US)"
"New Jersey Drinking Water Quality Institute (DWQI), Health Effects Subcommittee",Health-based Maximum Contaminant Level Support Document: Perfluorononanoic Acid (PFNA),2015,PFNA,rat,F vs M,qualitative sex difference in rat PFNA elimination,much shorter in female than male rats,qualitative,,,species- and sex-selection rationale,"NJ DWQI compilation, Table 3","NJ reasoning: 'As expected from the rapid excretion of PFNA in female rats, higher administered doses were required to cause toxicity in female rats than in male rats. Similarly, reproductive and developmental effects occurred at higher administered doses in rats than in mice, a species in which females excrete PFNA slowly. Because of the large differences in excretion rates in species and genders, quantitative risk assessment and extrapolation to human exposure levels are most appropriately based on internal dose (serum level) rather than administered dose.' This is the clearest statement of the rat-vs-mouse / female-rat problem found in any state document.","p. 63, extracted lines 3011-3022",https://www.nj.gov/dep/watersupply/pdf/pfna-health-effects.pdf,US state,United States,"Health-based MCL (13 ng/L; promulgated as NJ MCL, the first PFNA MCL in the US)"
"New Jersey Drinking Water Quality Institute (DWQI), Health Effects Subcommittee",Health-based Maximum Contaminant Level Support Document: Perfluorononanoic Acid (PFNA),2015,PFNA,mouse,F,"serum half-life, female mouse",34-69,days,34,69,,NJ DWQI compilation (used to interpret Das et al. 2015),"Used to argue the day-17 serum concentration in Das et al. 2015 is the MAXIMUM during dosing, so attributing the liver-weight effect to that peak is NON-CONSERVATIVE (the effect may have arisen at lower time-averaged exposure). An unusual explicit acknowledgement that the POD metric choice biases the result upward.","p. 73, extracted lines 3506-3511",https://www.nj.gov/dep/watersupply/pdf/pfna-health-effects.pdf,US state,United States,"Health-based MCL (13 ng/L; promulgated as NJ MCL, the first PFNA MCL in the US)"
"New Jersey Drinking Water Quality Institute (DWQI), Health Effects Subcommittee",Health-based Maximum Contaminant Level Support Document: Perfluorononanoic Acid (PFNA),2015,PFNA,mouse,F (pregnant),point of departure - internal serum concentration,4.9,ug/mL (4900 ng/mL) serum,,,average of BMDL values from Exponential model 5 (4.43 ug/mL) and Hill model (5.43 ug/mL) for 10% increased liver weight,"Das et al. 2015, pregnant mice dosed 17 days",Total UF 1000 = 10 human variation x 3 animal-to-human TOXICODYNAMIC x 10 duration (17 d used to protect chronic). NJ again states 'The typical uncertainty factor of 3 for toxicokinetic variability between species is not included because the risk assessment is based on comparison of internal dose (serum levels) rather than administered dose.' Target human serum level = 4900/1000 = 4.9 ng/mL.,"Table 10 p. 73-74; UF discussion p. 74-75, extracted lines 3500-3570",https://www.nj.gov/dep/watersupply/pdf/pfna-health-effects.pdf,US state,United States,"Health-based MCL (13 ng/L; promulgated as NJ MCL, the first PFNA MCL in the US)"
Michigan PFAS Action Response Team (MPART) Science Advisory Workgroup,Health-Based Drinking Water Value Recommendations for PFAS in Michigan,2019,PFNA,human,M+F (population average),serum elimination half-life - ADOPTED,1417,days (3.9 years),,,"HED = TWA serum x Ke x Vd, with Ke = ln2/t-half",Zhang et al. 2013 (renal-clearance-based human half-lives),"MPART AVERAGED Zhang's two subgroup means: 913 d (2.5 y) for females <=50 y and 1570 d (4.3 y) for females >50 y and all males, giving 1417 d, 'as it would better represent the entire population'. Michigan is the only agency surveyed to explicitly average a menstruating-female half-life with a non-menstruating one to make a single population value. Contrast NJ DWQI, which used the SAME Zhang 2013 data but converted it to a doubled serum:water ratio instead.","p. 10, Chemical Summary for PFNA, HED row",https://www.michigan.gov/-/media/Project/Websites/PFAS-Response/Reports/2019-Health-Based-Drinking-Water-Value-Recommendations-PFAS-MI.pdf,US state,United States,"Health-Based Value (HBV) recommendation, basis for Michigan MCLs promulgated 2020"
Michigan PFAS Action Response Team (MPART) Science Advisory Workgroup,Health-Based Drinking Water Value Recommendations for PFAS in Michigan,2019,PFNA,human,M+F,elimination rate constant (Ke) - ADOPTED,4.89e-4,per day,,,Ke = ln2 / 1417 d,Zhang et al. 2013,Reported as 0.000489165,"p. 10, HED row",https://www.michigan.gov/-/media/Project/Websites/PFAS-Response/Reports/2019-Health-Based-Drinking-Water-Value-Recommendations-PFAS-MI.pdf,US state,United States,"Health-Based Value (HBV) recommendation, basis for Michigan MCLs promulgated 2020"
Michigan PFAS Action Response Team (MPART) Science Advisory Workgroup,Health-Based Drinking Water Value Recommendations for PFAS in Michigan,2019,PFNA,human,M+F,volume of distribution (Vd) - ADOPTED,0.2,L/kg,,,HED = TWA serum x Ke x Vd,ATSDR 2018; Ohmori et al. 2003,"Michigan took the ATSDR default PFNA Vd, which traces to a RAT study (Ohmori et al. 2003). PFNA is the one chemical where Michigan could not use a human-derived Vd.","p. 10, HED row",https://www.michigan.gov/-/media/Project/Websites/PFAS-Response/Reports/2019-Health-Based-Drinking-Water-Value-Recommendations-PFAS-MI.pdf,US state,United States,"Health-Based Value (HBV) recommendation, basis for Michigan MCLs promulgated 2020"
Michigan PFAS Action Response Team (MPART) Science Advisory Workgroup,Health-Based Drinking Water Value Recommendations for PFAS in Michigan,2019,PFNA,human,M+F,implied clearance (Vd x ln2/t-half),9.78e-5,L/kg-day,,,derived from the reported Vd and Ke: 0.2 L/kg x 4.89e-4 /d,Zhang et al. 2013 (t-half); Ohmori et al. 2003 via ATSDR 2018 (Vd),"Not stated as a clearance in the document; computed here from the two inputs Michigan reports, for comparability with agencies that report CL directly.","p. 10, HED row (derived)",https://www.michigan.gov/-/media/Project/Websites/PFAS-Response/Reports/2019-Health-Based-Drinking-Water-Value-Recommendations-PFAS-MI.pdf,US state,United States,"Health-Based Value (HBV) recommendation, basis for Michigan MCLs promulgated 2020"
Michigan PFAS Action Response Team (MPART) Science Advisory Workgroup,Health-Based Drinking Water Value Recommendations for PFAS in Michigan,2019,PFNA,mouse,F (dam),point of departure - internal TWA serum at NOAEL,6.8,mg/L serum,,,empirical clearance model of Wambaugh et al. 2013 used to convert the 1 mg/kg-day mouse NOAEL to a time-weighted-average serum concentration,"Das et al. 2015 (mouse, GD1-17 gavage); Wambaugh et al. 2013 (PK model)","HED = 6.8 mg/L x 4.89e-4 /d x 0.2 L/kg = 0.000665 mg/kg-day. Total UF 300 (1 LOAEL-to-NOAEL, 10 human variability, 3 animal-to-human, 1 subchronic-to-chronic, 10 database). Toxicity value 2.2 ng/kg-day, corresponding to a target serum of 0.023 mg/L. Developmental endpoints (delayed eye opening, preputial separation, vaginal opening) preferred over liver endpoints.","p. 10, POD/HED/UF/Toxicity value rows",https://www.michigan.gov/-/media/Project/Websites/PFAS-Response/Reports/2019-Health-Based-Drinking-Water-Value-Recommendations-PFAS-MI.pdf,US state,United States,"Health-Based Value (HBV) recommendation, basis for Michigan MCLs promulgated 2020"
Michigan PFAS Action Response Team (MPART) Science Advisory Workgroup,Health-Based Drinking Water Value Recommendations for PFAS in Michigan,2019,PFNA,human,F (maternal-fetal),placental transfer factor - ADOPTED in the Goeden infant model,69,% of maternal serum,,,"Goeden et al. 2019 (MDH) breastfed-infant TK model, adopted wholesale by Michigan",MDHHS 2019,Michigan ADOPTED the Minnesota (Goeden 2019) model structure and exposure factors but substituted Michigan-specific chemical parameters supplied by MDHHS.,"p. 11, Exposure parameters row",https://www.michigan.gov/-/media/Project/Websites/PFAS-Response/Reports/2019-Health-Based-Drinking-Water-Value-Recommendations-PFAS-MI.pdf,US state,United States,"Health-Based Value (HBV) recommendation, basis for Michigan MCLs promulgated 2020"
Michigan PFAS Action Response Team (MPART) Science Advisory Workgroup,Health-Based Drinking Water Value Recommendations for PFAS in Michigan,2019,PFNA,human,F (lactating),breastmilk transfer factor - ADOPTED,3.2,% of maternal serum,,,Goeden et al. 2019 breastfed-infant TK model,MDHHS 2019,Breastfed-infant scenario taken as protective of the formula-fed infant. Resulting HBV 6 ng/L with RSC 50%.,"p. 11, Exposure parameters row",https://www.michigan.gov/-/media/Project/Websites/PFAS-Response/Reports/2019-Health-Based-Drinking-Water-Value-Recommendations-PFAS-MI.pdf,US state,United States,"Health-Based Value (HBV) recommendation, basis for Michigan MCLs promulgated 2020"
Michigan PFAS Action Response Team (MPART) Science Advisory Workgroup,Health-Based Drinking Water Value Recommendations for PFAS in Michigan,2019,PFNA,human,M+F,resulting drinking-water Health-Based Value,6,ng/L,,,Goeden et al. 2019 breastfed-infant TK model with RSC 50%,Goeden et al. 2019; CDC NHANES 2019 95th percentiles,RSC 50% based on NHANES 95th percentiles for ages 3-11 (2013-14) and >12 y (2015-16). Michigan is the ONLY state besides Minnesota to run a breastfed-infant TK model for all four long-chain PFAS it regulated.,"p. 11, Drinking water HBV row",https://www.michigan.gov/-/media/Project/Websites/PFAS-Response/Reports/2019-Health-Based-Drinking-Water-Value-Recommendations-PFAS-MI.pdf,US state,United States,"Health-Based Value (HBV) recommendation, basis for Michigan MCLs promulgated 2020"
Michigan PFAS Action Response Team (MPART) Science Advisory Workgroup,Health-Based Drinking Water Value Recommendations for PFAS in Michigan,2019,PFOA,human,M+F,serum elimination half-life - ADOPTED,840,days (2.3 years),,,HED = TWA serum x Ke x Vd,"Bartell et al. 2010 (C8 Health Study, 200 individuals: 100 men, 100 women, drinking-water exposure)",Michigan chose 840 d over occupational values because it is 'more relevant for exposure to the general population'. Same primary study as NJ DWQI and US EPA OW 2016. Ke = 8.25e-4 /day.,"p. 12, HED row",https://www.michigan.gov/-/media/Project/Websites/PFAS-Response/Reports/2019-Health-Based-Drinking-Water-Value-Recommendations-PFAS-MI.pdf,US state,United States,"Health-Based Value (HBV) recommendation, basis for Michigan MCLs promulgated 2020"
Michigan PFAS Action Response Team (MPART) Science Advisory Workgroup,Health-Based Drinking Water Value Recommendations for PFAS in Michigan,2019,PFOA,human,M+F,volume of distribution (Vd) - ADOPTED,0.17,L/kg,,,HED = TWA serum x Ke x Vd,Thompson et al. 2010,"Michigan states a general principle: 'The Workgroup selected the volume of distribution based on human data, when available.' Converges with US EPA, NJ DWQI, ATSDR.","p. 12, HED row",https://www.michigan.gov/-/media/Project/Websites/PFAS-Response/Reports/2019-Health-Based-Drinking-Water-Value-Recommendations-PFAS-MI.pdf,US state,United States,"Health-Based Value (HBV) recommendation, basis for Michigan MCLs promulgated 2020"
Michigan PFAS Action Response Team (MPART) Science Advisory Workgroup,Health-Based Drinking Water Value Recommendations for PFAS in Michigan,2019,PFOA,human,M+F,implied clearance (Vd x ln2/t-half),1.40e-4,L/kg-day,,,derived: 0.17 L/kg x 8.25e-4 /d,Thompson et al. 2010 (Vd); Bartell et al. 2010 (t-half),"Identical to the US EPA OW and NJ DWQI clearance factor of 1.4e-4 L/kg-day, reached by the same two inputs. Michigan, NJ and EPA therefore form one convergent cluster, while OEHHA/MDH form a second (2.8e-4 L/kg-day), a 2.0-fold split for PFOA.","p. 12, HED row (derived)",https://www.michigan.gov/-/media/Project/Websites/PFAS-Response/Reports/2019-Health-Based-Drinking-Water-Value-Recommendations-PFAS-MI.pdf,US state,United States,"Health-Based Value (HBV) recommendation, basis for Michigan MCLs promulgated 2020"
Michigan PFAS Action Response Team (MPART) Science Advisory Workgroup,Health-Based Drinking Water Value Recommendations for PFAS in Michigan,2019,PFOA,mouse,M+F,point of departure - internal TWA serum at LOAEL,8.29,mg/L serum,,,"three-compartment PK model of Wambaugh et al. 2013 with animal species-, strain- and sex-specific parameters",Onishchenko et al. 2011 and Koskela et al. 2016 (mouse); ATSDR 2018 critical-study selection; Wambaugh et al. 2013 (PK model),"HED = 8.29 mg/L x 8.25e-4 /d x 0.17 L/kg = 0.001163 mg/kg-day. Total UF 300 (3 LOAEL-to-NOAEL, 10 human variability, 3 animal-to-human, 1 subchronic-to-chronic, 3 database for endocrine deficiencies). Toxicity value 3.9 ng/kg-day = target serum 0.028 mg/L. Note Michigan adopted the ATSDR critical studies rather than EPA's. Michigan explicitly notes mammary-gland effects 'may signal a concern for other low dose endocrine effects', justifying its 3x database UF.","p. 12-13, POD/HED/UF/Toxicity value rows",https://www.michigan.gov/-/media/Project/Websites/PFAS-Response/Reports/2019-Health-Based-Drinking-Water-Value-Recommendations-PFAS-MI.pdf,US state,United States,"Health-Based Value (HBV) recommendation, basis for Michigan MCLs promulgated 2020"
Michigan PFAS Action Response Team (MPART) Science Advisory Workgroup,Health-Based Drinking Water Value Recommendations for PFAS in Michigan,2019,PFOA,human,F (maternal-fetal),placental transfer factor - ADOPTED,87,% of maternal serum,,,Goeden et al. 2019 breastfed-infant TK model,MDH 2017,Michigan used MDH's 2017-vintage parameter (87%). MDH's own 2025 value is 83% (mean of 25 studies) - the state-to-state difference is purely a matter of vintage.,"p. 13, Exposure parameters row",https://www.michigan.gov/-/media/Project/Websites/PFAS-Response/Reports/2019-Health-Based-Drinking-Water-Value-Recommendations-PFAS-MI.pdf,US state,United States,"Health-Based Value (HBV) recommendation, basis for Michigan MCLs promulgated 2020"
Michigan PFAS Action Response Team (MPART) Science Advisory Workgroup,Health-Based Drinking Water Value Recommendations for PFAS in Michigan,2019,PFOA,human,F (lactating),breastmilk transfer factor - ADOPTED,5.2,% of maternal serum,,,Goeden et al. 2019 breastfed-infant TK model,MDH 2017,"Michigan's 5.2% vs MDH's own 2025 value of 6.8% (95% UCL of 7 studies). Again a vintage difference, and it makes Michigan slightly less protective of the breastfed infant than current MDH.","p. 13, Exposure parameters row",https://www.michigan.gov/-/media/Project/Websites/PFAS-Response/Reports/2019-Health-Based-Drinking-Water-Value-Recommendations-PFAS-MI.pdf,US state,United States,"Health-Based Value (HBV) recommendation, basis for Michigan MCLs promulgated 2020"
Michigan PFAS Action Response Team (MPART) Science Advisory Workgroup,Health-Based Drinking Water Value Recommendations for PFAS in Michigan,2019,PFOA,human,M+F,resulting drinking-water Health-Based Value,8,ng/L,,,"Goeden et al. 2019 breastfed-infant TK model, RSC 50%",Goeden et al. 2019,"33x higher than MDH's current PFOA HRL of 0.24 ng/L. The gap is driven by (a) a serum-based animal POD rather than an epidemiological POD, (b) RSC 50% vs 20%, and (c) the 2.0-fold clearance difference.","p. 13, Drinking water HBV row",https://www.michigan.gov/-/media/Project/Websites/PFAS-Response/Reports/2019-Health-Based-Drinking-Water-Value-Recommendations-PFAS-MI.pdf,US state,United States,"Health-Based Value (HBV) recommendation, basis for Michigan MCLs promulgated 2020"
Michigan PFAS Action Response Team (MPART) Science Advisory Workgroup,Health-Based Drinking Water Value Recommendations for PFAS in Michigan,2019,PFHxA,rat to human,F (rat),dosimetric adjustment factor - BW^(3/4) ALLOMETRIC SCALING (no half-life used),3.65,unitless divisor,,,DAF = (80 kg / 0.45 kg)^(1/4) = 3.65; POD_HED = BMDL10 / 3.65,Luz et al. 2019 BMDL10 of 90.4 mg/kg-day for renal tubular degeneration and renal papillary necrosis in FEMALE rats (Klaunig et al. 2015 chronic study),"UNIQUE: for PFHxA Michigan used BW^(3/4) allometric scaling rather than a half-life ratio, stating 'The Workgroup took into consideration the available serum half-life data presented in Russell et al. (2013) and concluded that, unlike most PFAS, allometric scaling could be supported.' Contrast MDH, which used a male-rat/human half-life ratio for the same chemical. POD_HED 24.8 mg/kg-day; total UF 300; toxicity value 83,000 ng/kg-day; HBV 400,000 ng/L (400 ug/L). FEMALE rat POD.","p. 14, HED row and Exposure parameters row",https://www.michigan.gov/-/media/Project/Websites/PFAS-Response/Reports/2019-Health-Based-Drinking-Water-Value-Recommendations-PFAS-MI.pdf,US state,United States,"Health-Based Value (HBV) recommendation, basis for Michigan MCLs promulgated 2020"
Michigan PFAS Action Response Team (MPART) Science Advisory Workgroup,Health-Based Drinking Water Value Recommendations for PFAS in Michigan,2019,PFHxA,human,M+F (adult),exposure factors used for the HBV (no TK model),"3.353 L/day water, 80 kg BW, RSC 20%",mixed,,,standard HBV equation (no placental/breastmilk model),US EPA 2019 Exposure Factors Handbook Table 3-1; US EPA 2011b Table 8-1; US EPA 2000 RSC guidance,"95th percentile consumers-only adult intake. Michigan did NOT apply the Goeden infant model to PFHxA because no human serum data were available to characterise non-water exposure, so a default 20% RSC was used instead of 50%.","p. 14, Exposure parameters row",https://www.michigan.gov/-/media/Project/Websites/PFAS-Response/Reports/2019-Health-Based-Drinking-Water-Value-Recommendations-PFAS-MI.pdf,US state,United States,"Health-Based Value (HBV) recommendation, basis for Michigan MCLs promulgated 2020"
Michigan PFAS Action Response Team (MPART) Science Advisory Workgroup,Health-Based Drinking Water Value Recommendations for PFAS in Michigan,2019,PFOS,human,M+F,serum elimination half-life - ADOPTED,1241,days (3.4 years),,,HED = TWA serum x Ke x Vd; Ke = 5.59e-4 /day,"Li et al. 2018 (Ronneby, Sweden - non-occupationally exposed drinking-water community)","Michigan's stated rationale: 'The Workgroup selected the serum half-life from a non-occupationally exposed population as it is closer to the general population's exposure.' This is an EARLY state adoption of Li 2018 over Olsen 2007's 5.4 y - NJ DWQI, published the same year, kept Olsen. Document text reports 1241 days as '3.2 years' (1241/365 = 3.40 y).","p. 16, HED row",https://www.michigan.gov/-/media/Project/Websites/PFAS-Response/Reports/2019-Health-Based-Drinking-Water-Value-Recommendations-PFAS-MI.pdf,US state,United States,"Health-Based Value (HBV) recommendation, basis for Michigan MCLs promulgated 2020"
Michigan PFAS Action Response Team (MPART) Science Advisory Workgroup,Health-Based Drinking Water Value Recommendations for PFAS in Michigan,2019,PFOS,human,M+F,elimination rate constant (Ke) - ADOPTED,5.59e-4,per day,,,Ke = ln2/1241 d,Li et al. 2018,Reported as 0.000558539,"p. 16, HED row",https://www.michigan.gov/-/media/Project/Websites/PFAS-Response/Reports/2019-Health-Based-Drinking-Water-Value-Recommendations-PFAS-MI.pdf,US state,United States,"Health-Based Value (HBV) recommendation, basis for Michigan MCLs promulgated 2020"
Michigan PFAS Action Response Team (MPART) Science Advisory Workgroup,Health-Based Drinking Water Value Recommendations for PFAS in Michigan,2019,PFOS,human,M+F,volume of distribution (Vd) - ADOPTED,0.23,L/kg,,,HED = TWA serum x Ke x Vd,Thompson et al. 2010,Same Thompson Vd as US EPA and NJ DWQI (itself the PFOA Vd scaled up 35% from monkey data),"p. 16, HED row",https://www.michigan.gov/-/media/Project/Websites/PFAS-Response/Reports/2019-Health-Based-Drinking-Water-Value-Recommendations-PFAS-MI.pdf,US state,United States,"Health-Based Value (HBV) recommendation, basis for Michigan MCLs promulgated 2020"
Michigan PFAS Action Response Team (MPART) Science Advisory Workgroup,Health-Based Drinking Water Value Recommendations for PFAS in Michigan,2019,PFOS,human,M+F,implied clearance (Vd x ln2/t-half),1.29e-4,L/kg-day,,,derived: 0.23 L/kg x 5.59e-4 /d,Thompson et al. 2010 (Vd); Li et al. 2018 (t-half),Michigan's implied PFOS clearance sits BETWEEN the EPA/NJ value (8.1e-5) and the OEHHA/MDH value (3.9e-4): 1.6x above EPA/NJ and 3.0x below OEHHA/MDH. The whole spread traces to the half-life (5.4 y vs 3.4 y vs 2.73 y) and to whether CL is derived from Vd or measured.,"p. 16, HED row (derived)",https://www.michigan.gov/-/media/Project/Websites/PFAS-Response/Reports/2019-Health-Based-Drinking-Water-Value-Recommendations-PFAS-MI.pdf,US state,United States,"Health-Based Value (HBV) recommendation, basis for Michigan MCLs promulgated 2020"
Michigan PFAS Action Response Team (MPART) Science Advisory Workgroup,Health-Based Drinking Water Value Recommendations for PFAS in Michigan,2019,PFOS,mouse,M,point of departure - internal serum at NOAEL,0.674,mg/L serum,,,serum-based POD; conversion per ATSDR 2018 method,"Dong et al. 2009 (male mice, suppression of plaque-forming-cell response and increased liver mass; 0.5 mg/kg total administered dose)","HED = 0.674 mg/L x 5.59e-4 /d x 0.23 L/kg = 0.0000866 mg/kg-day. Total UF only 30 (1, 10 human variability, 3 animal-to-human toxicodynamic, 1, 1 database). Michigan cut MDH's database UF to 1, citing agreement among EPA 2016, NJDEP 2018, ATSDR 2018 and New Hampshire 2019 on the immunotoxicity endpoint. Toxicity value 2.89 ng/kg-day = target serum 0.022 ug/mL. Same POD as NJ DWQI (Dong 2009, serum 674 ng/mL) but a 1.6x different clearance, giving RfD 2.89 vs 1.8 ng/kg-day. Michigan notes the Dong 2009 serum levels 'were well below both the NOAEL and LOAEL serum concentrations measured from several other studies as described by Pachkowski et al. (2019) and may be an outlier in the database.'","p. 16, POD/HED/UF/Toxicity value rows",https://www.michigan.gov/-/media/Project/Websites/PFAS-Response/Reports/2019-Health-Based-Drinking-Water-Value-Recommendations-PFAS-MI.pdf,US state,United States,"Health-Based Value (HBV) recommendation, basis for Michigan MCLs promulgated 2020"
Michigan PFAS Action Response Team (MPART) Science Advisory Workgroup,Health-Based Drinking Water Value Recommendations for PFAS in Michigan,2019,PFOS,human,F (maternal-fetal),placental transfer factor - ADOPTED,43,% of maternal serum,,,Goeden et al. 2019 breastfed-infant TK model,MDHHS 2019,Close to MDH's own current 39%. Both agencies treat PFOS placental transfer as roughly half of PFOA's.,"p. 17, Exposure parameters row",https://www.michigan.gov/-/media/Project/Websites/PFAS-Response/Reports/2019-Health-Based-Drinking-Water-Value-Recommendations-PFAS-MI.pdf,US state,United States,"Health-Based Value (HBV) recommendation, basis for Michigan MCLs promulgated 2020"
Michigan PFAS Action Response Team (MPART) Science Advisory Workgroup,Health-Based Drinking Water Value Recommendations for PFAS in Michigan,2019,PFOS,human,F (lactating),breastmilk transfer factor - ADOPTED,1.3,% of maternal serum,,,Goeden et al. 2019 breastfed-infant TK model,MDHHS 2019,Lower than MDH's current 3.0% (95% UCL of 8 studies) and close to MDH's rejected overall mean of 2.0%. Michigan therefore models LESS breastmilk transfer than current MDH.,"p. 17, Exposure parameters row",https://www.michigan.gov/-/media/Project/Websites/PFAS-Response/Reports/2019-Health-Based-Drinking-Water-Value-Recommendations-PFAS-MI.pdf,US state,United States,"Health-Based Value (HBV) recommendation, basis for Michigan MCLs promulgated 2020"
Michigan PFAS Action Response Team (MPART) Science Advisory Workgroup,Health-Based Drinking Water Value Recommendations for PFAS in Michigan,2019,PFOS,human,M+F,resulting drinking-water Health-Based Value,16,ng/L,,,"Goeden et al. 2019 breastfed-infant TK model, RSC 50%",Goeden et al. 2019,7x higher than MDH's current 2.3 ng/L. Promulgated as Michigan's PFOS MCL in 2020.,"p. 17, Drinking water HBV row",https://www.michigan.gov/-/media/Project/Websites/PFAS-Response/Reports/2019-Health-Based-Drinking-Water-Value-Recommendations-PFAS-MI.pdf,US state,United States,"Health-Based Value (HBV) recommendation, basis for Michigan MCLs promulgated 2020"
Michigan PFAS Action Response Team (MPART) Science Advisory Workgroup,Health-Based Drinking Water Value Recommendations for PFAS in Michigan,2019,PFHxS,human,M+F,clearance rate (CL) - ADOPTED as toxicokinetic adjustment,0.000090,L/kg-day,,,CL = Vd x ln2/t-half; POD x CL = HED,Sundstrom et al. 2012 (monkey Vd 0.25 L/kg); Li et al. 2018 (human half-life 1935 days),"Michigan adopted MDH's PFHxS clearance unchanged, including the MONKEY-derived Vd. Rationale given: 'The Workgroup selected the human serum half-life from Li et al. (2018) as it was a non-occupational population drinking water with elevated PFAS.' HED 0.00292 mg/kg-day. This is the single clearest instance of two states converging on an identical TK value because one copied the other.","p. 18, HED row",https://www.michigan.gov/-/media/Project/Websites/PFAS-Response/Reports/2019-Health-Based-Drinking-Water-Value-Recommendations-PFAS-MI.pdf,US state,United States,"Health-Based Value (HBV) recommendation, basis for Michigan MCLs promulgated 2020"
Michigan PFAS Action Response Team (MPART) Science Advisory Workgroup,Health-Based Drinking Water Value Recommendations for PFAS in Michigan,2019,PFHxS,human,M+F,serum elimination half-life - ADOPTED,1935,days (5.3 years),,,CL = Vd x ln2/t-half,Li et al. 2018 (Ronneby),Identical to MDH's choice,"p. 18-19, HED row and Exposure parameters row",https://www.michigan.gov/-/media/Project/Websites/PFAS-Response/Reports/2019-Health-Based-Drinking-Water-Value-Recommendations-PFAS-MI.pdf,US state,United States,"Health-Based Value (HBV) recommendation, basis for Michigan MCLs promulgated 2020"
Michigan PFAS Action Response Team (MPART) Science Advisory Workgroup,Health-Based Drinking Water Value Recommendations for PFAS in Michigan,2019,PFHxS,non-human primate applied to human,M+F (average),volume of distribution (Vd) - ADOPTED,0.25,L/kg,,,CL = Vd x ln2/t-half,"Sundstrom et al. 2012 (cynomolgus monkey), via MDH 2019",Michigan notes the source as 'MDH [2019] based on Sundstrom et al. [2012]' - i.e. it adopted Minnesota's derivation rather than making its own. Michigan did NOT adopt MDH's age-dependent Vd adjustment factor (2.1 in neonates).,"p. 19, Exposure parameters row",https://www.michigan.gov/-/media/Project/Websites/PFAS-Response/Reports/2019-Health-Based-Drinking-Water-Value-Recommendations-PFAS-MI.pdf,US state,United States,"Health-Based Value (HBV) recommendation, basis for Michigan MCLs promulgated 2020"
Michigan PFAS Action Response Team (MPART) Science Advisory Workgroup,Health-Based Drinking Water Value Recommendations for PFAS in Michigan,2019,PFHxS,rat (Sprague-Dawley),M,point of departure - internal serum concentration,32.4,mg/L serum,,,BMDL20 modelled by MDH (BMR 20% chosen for thyroid-hormone decrements),"NTP 2018 TOX-96 short-term rat study; BMD modelling by MDH (HRA Toxicology Review Worksheet for PFHxS, rev. 3/8/2019)","Identical POD to MDH. MALE rats. Total UF 300 (1, 10, 3 animal-to-human toxicodynamic, 1, 10 database for early-life sensitivity and lack of 2-generation/immunotoxicity studies). Toxicity value 9.7 ng/kg-day = target serum 0.11 ug/mL - identical to MDH's RfD. Michigan notes the serum concentration at the Chang et al. 2018 NOAEL was equivalent to the selected POD.","p. 18, POD/HED/UF/Toxicity value rows",https://www.michigan.gov/-/media/Project/Websites/PFAS-Response/Reports/2019-Health-Based-Drinking-Water-Value-Recommendations-PFAS-MI.pdf,US state,United States,"Health-Based Value (HBV) recommendation, basis for Michigan MCLs promulgated 2020"
Michigan PFAS Action Response Team (MPART) Science Advisory Workgroup,Health-Based Drinking Water Value Recommendations for PFAS in Michigan,2019,PFHxS,human,F (maternal-fetal),placental transfer factor - ADOPTED,80,% of maternal serum,,,Goeden et al. 2019 breastfed-infant TK model,MDHHS 2019,Higher than MDH's own 70% (mean of medians across the literature). MDH's mean 95th-percentile value is 110%.,"p. 19, Exposure parameters row",https://www.michigan.gov/-/media/Project/Websites/PFAS-Response/Reports/2019-Health-Based-Drinking-Water-Value-Recommendations-PFAS-MI.pdf,US state,United States,"Health-Based Value (HBV) recommendation, basis for Michigan MCLs promulgated 2020"
Michigan PFAS Action Response Team (MPART) Science Advisory Workgroup,Health-Based Drinking Water Value Recommendations for PFAS in Michigan,2019,PFHxS,human,F (lactating),breastmilk transfer factor - ADOPTED,1.2,% of maternal serum,,,Goeden et al. 2019 breastfed-infant TK model,MDHHS 2019,Close to MDH's 1.4% (range of study means 0.8-2%),"p. 19, Exposure parameters row",https://www.michigan.gov/-/media/Project/Websites/PFAS-Response/Reports/2019-Health-Based-Drinking-Water-Value-Recommendations-PFAS-MI.pdf,US state,United States,"Health-Based Value (HBV) recommendation, basis for Michigan MCLs promulgated 2020"
Michigan PFAS Action Response Team (MPART) Science Advisory Workgroup,Health-Based Drinking Water Value Recommendations for PFAS in Michigan,2019,PFHxS,human,M+F,resulting drinking-water Health-Based Value,51,ng/L,,,"Goeden et al. 2019 breastfed-infant TK model, RSC 50%",Goeden et al. 2019,"Nearly identical to MDH's 47 ng/L despite the different RSC, because the TK parameters and POD are the same. Michigan and Minnesota are in closest agreement for PFHxS of any chemical.","p. 19, Drinking water HBV row",https://www.michigan.gov/-/media/Project/Websites/PFAS-Response/Reports/2019-Health-Based-Drinking-Water-Value-Recommendations-PFAS-MI.pdf,US state,United States,"Health-Based Value (HBV) recommendation, basis for Michigan MCLs promulgated 2020"
Michigan PFAS Action Response Team (MPART) Science Advisory Workgroup,Health-Based Drinking Water Value Recommendations for PFAS in Michigan,2019,PFBS,mouse,F,"serum elimination half-life, FEMALE mouse (numerator of DAF)",2.1,hours,,,half-life-ratio DAF,MDH 2017 compilation,"Michigan uses a FEMALE MOUSE half-life for PFBS - the only agency in this survey to use mouse rather than rat for a PFBS TK adjustment. Critical effect was decreased serum total T4 in newborn (PND 1) mice (Feng et al. 2017), so the sex and species match the critical study.","p. 20-21, HED row",https://www.michigan.gov/-/media/Project/Websites/PFAS-Response/Reports/2019-Health-Based-Drinking-Water-Value-Recommendations-PFAS-MI.pdf,US state,United States,"Health-Based Value (HBV) recommendation, basis for Michigan MCLs promulgated 2020"
Michigan PFAS Action Response Team (MPART) Science Advisory Workgroup,Health-Based Drinking Water Value Recommendations for PFAS in Michigan,2019,PFBS,human,M+F,"serum elimination half-life, human (denominator of DAF)",665,hours (27.7 days),,,half-life-ratio DAF,MDH 2017,"Michigan used MDH's 2017-vintage human PFBS half-life of 665 h. MDH itself later (2022/2023) revised this to 1050 h on the basis of Xu, Fletcher et al. 2020 - a 1.58-fold upward revision that would lower Michigan's HBV if applied.","p. 21, HED row",https://www.michigan.gov/-/media/Project/Websites/PFAS-Response/Reports/2019-Health-Based-Drinking-Water-Value-Recommendations-PFAS-MI.pdf,US state,United States,"Health-Based Value (HBV) recommendation, basis for Michigan MCLs promulgated 2020"
Michigan PFAS Action Response Team (MPART) Science Advisory Workgroup,Health-Based Drinking Water Value Recommendations for PFAS in Michigan,2019,PFBS,mouse to human,F (mouse),dose adjustment factor (DAF) = t-half(human)/t-half(female mouse),316,unitless divisor,,,POD_HED = BMDL20 / DAF,MDH 2017 (665 h / 2.1 h = 316),"BMDL20 28.19 mg/kg-day (back-calculated by Michigan from the draft US EPA 2018 PFBS POD_HED of 4.2 mg/kg-day divided by EPA's example allometric DAF of 0.149). BMDL20-HED = 0.0892 mg/kg-day. Michigan EXPLICITLY PREFERRED the half-life-ratio DAF over EPA's allometric scaling: 'As that allowed conversion of the point of departure to a human equivalent dose using chemical-specific information, the Workgroup selected this approach over the allometric scaling used in the draft USEPA (2018) PFBS toxicity assessment.' Total UF 300; toxicity value 300 ng/kg-day; HBV 420 ng/L using INFANT exposure factors (1.106 L/day, 7.8 kg) and RSC 20%.","p. 20-21, HED/UF/Toxicity value/Exposure parameters rows",https://www.michigan.gov/-/media/Project/Websites/PFAS-Response/Reports/2019-Health-Based-Drinking-Water-Value-Recommendations-PFAS-MI.pdf,US state,United States,"Health-Based Value (HBV) recommendation, basis for Michigan MCLs promulgated 2020"
Michigan PFAS Action Response Team (MPART) Science Advisory Workgroup,Health-Based Drinking Water Value Recommendations for PFAS in Michigan,2019,GenX (HFPO dimer acid ammonium salt),mouse to human,M (mouse),dosimetric adjustment factor - BW^(3/4) ALLOMETRIC SCALING (no TK data available),0.15,unitless multiplier,,,DAF = (BW_animal / BW_human)^(1/4) with BW_a 0.0372 kg (mean F0 male mouse control) and BW_h 80 kg; POD_HED = BMDL10 x DAF,"US EPA 2018 draft GenX assessment; DuPont-18405-1037 (2010) OECD TG 421 mouse study, BMDL10 0.15 mg/kg-day for liver single-cell necrosis in parental males","EXPLICIT GAP STATEMENT - the most valuable GenX TK finding here: 'The Workgroup noted that a toxicokinetic adjustment from the point of departure to human equivalent dose would provide a chemical-specific conversion. However, no chemical-specific data on human serum half-life was available that would allow this conversion. Allometric scaling, per USEPA (2011a) guidance, was used.' POD_HED 0.023 mg/kg-day. Total UF 300 (1, 10, 3 animal-to-human, 3 subchronic-to-chronic, 3 database). Toxicity value 77 ng/kg-day; HBV 370 ng/L with adult factors (3.353 L/day, 80 kg) and RSC 20%. No infant TK model because no human half-life exists.","p. 22-23, POD/HED/UF/Toxicity value/Exposure parameters rows",https://www.michigan.gov/-/media/Project/Websites/PFAS-Response/Reports/2019-Health-Based-Drinking-Water-Value-Recommendations-PFAS-MI.pdf,US state,United States,"Health-Based Value (HBV) recommendation, basis for Michigan MCLs promulgated 2020"
Michigan PFAS Action Response Team (MPART) Science Advisory Workgroup,Health-Based Drinking Water Value Recommendations for PFAS in Michigan,2019,GenX (HFPO dimer acid ammonium salt),mouse,M+F,PPAR-alpha relevance judgement affecting the animal-to-human step,liver single-cell necrosis treated as human-relevant,qualitative,,,mode-of-action argument,Hall et al. 2012 (Hall criteria); DeWitt & Belcher 2018; US EPA 2018,"Michigan reasoning: 'While some liver effects in rodents are mediated through PPARalpha and may be less relevant to humans, available information indicates that liver single cell necrosis may be mediated by a number of processes and pathways. In PPARalpha-mediated rodent hepatocarcinogenesis, liver necrosis is not a key event.' This is the only explicit rodent-to-human mode-of-action discrimination found in the state documents surveyed.","p. 22, POD row rationale column",https://www.michigan.gov/-/media/Project/Websites/PFAS-Response/Reports/2019-Health-Based-Drinking-Water-Value-Recommendations-PFAS-MI.pdf,US state,United States,"Health-Based Value (HBV) recommendation, basis for Michigan MCLs promulgated 2020"
New Hampshire Department of Environmental Services (NHDES),"Technical Background Report for the June 2019 Proposed Maximum Contaminant Levels (MCLs) and Ambient Groundwater Quality Standards (AGQSs) for PFOS, PFOA, PFNA and PFHxS (report R-WD-19-29, with peer review by S.M. Roberts)",2019,PFOA,human,M+F,dosimetric adjustment factor (DAF) = clearance - ADOPTED,1.40e-1,mL/kg-day (1.40e-4 L/kg-day),,,DAF = Vd x (ln2 / t-half); RfD = (POD serum / total UF) x DAF,Thompson et al. 2010 and US EPA 2016a (Vd 170 mL/kg); Bartell et al. 2010 (half-life 840 d = 2.3 y),"Explicit arithmetic: 170 mL/kg x (ln2/840 d) = 1.40e-1 mL/kg-d. Identical to the US EPA OW / NJ DWQI / Michigan clearance. RfD = (4.351 ng/mL / 100) x 1.40e-1 mL/kg-d = 6.1 ng/kg-day. NHDES explicitly CHANGED from its own initially proposed 2.7-y half-life (Li et al. 2018) to Bartell's 2.3 y, acknowledging this is 'slightly less conservative' and justifying it by the higher exposures and larger sample size in Bartell.","p. 7-8, 'Estimation of a human equivalent oral dose' for PFOA",https://www.des.nh.gov/sites/g/files/ehbemt341/files/documents/r-wd-19-29-final.pdf,US state,United States,MCL and Ambient Groundwater Quality Standard (promulgated 2019/2020)
New Hampshire Department of Environmental Services (NHDES),"Technical Background Report for the June 2019 Proposed Maximum Contaminant Levels (MCLs) and Ambient Groundwater Quality Standards (AGQSs) for PFOS, PFOA, PFNA and PFHxS (report R-WD-19-29, with peer review by S.M. Roberts)",2019,PFOA,human,M+F,serum elimination half-life - ADOPTED,840,days (2.3 years),,,DAF = Vd x ln2/t-half,"Bartell et al. 2010 (200 Mid-Ohio Valley residents, DuPont-contaminated drinking water)",NHDES rejected its own earlier choice of Li et al. 2018 (2.7 y) for PFOA. Reason given: Bartell's population had 'significantly higher exposure specific to PFOA' and a 'larger sample size than that in Li et al. (2018)'. This is a documented reversal in half-life choice between a draft and final state rule.,"p. 7-8 and p. 26-27, 'Human half-life and Vd assumptions'",https://www.des.nh.gov/sites/g/files/ehbemt341/files/documents/r-wd-19-29-final.pdf,US state,United States,MCL and Ambient Groundwater Quality Standard (promulgated 2019/2020)
New Hampshire Department of Environmental Services (NHDES),"Technical Background Report for the June 2019 Proposed Maximum Contaminant Levels (MCLs) and Ambient Groundwater Quality Standards (AGQSs) for PFOS, PFOA, PFNA and PFHxS (report R-WD-19-29, with peer review by S.M. Roberts)",2019,PFOA,human,M+F,volume of distribution (Vd) - ADOPTED,0.170,L/kg (170 mL/kg),,,DAF = Vd x ln2/t-half,Thompson et al. 2010; US EPA 2016a,Unchanged between draft and final proposals,p. 7; Table 3 p. 27,https://www.des.nh.gov/sites/g/files/ehbemt341/files/documents/r-wd-19-29-final.pdf,US state,United States,MCL and Ambient Groundwater Quality Standard (promulgated 2019/2020)
New Hampshire Department of Environmental Services (NHDES),"Technical Background Report for the June 2019 Proposed Maximum Contaminant Levels (MCLs) and Ambient Groundwater Quality Standards (AGQSs) for PFOS, PFOA, PFNA and PFHxS (report R-WD-19-29, with peer review by S.M. Roberts)",2019,PFOA,human,M+F,Reference Dose (RfD) and resulting MCL,RfD 6.1 ng/kg-day; MCL 12 ng/L,ng/kg-day / ng/L,,,"target serum (POD/UF) x DAF, then Goeden et al. 2019 transgenerational model to convert to a water concentration",rodent hepatotoxicity POD serum 4.351 ng/mL(*1000 scale as reported); total UF 100,"NHDES notes its RfD is numerically close to NJ DWQI's 2.0 ng/kg-d for PFOA but the MCLs differ: 'Differences in the final MCL are due to NH's use of the transgenerational exposure model for breastfeeding (Goeden et al., 2019).' NHDES applied only a PARTIAL interspecies UF because the DAF already handled the TK component.",Table 1 p. 3; p. 7-8; p. 20-21,https://www.des.nh.gov/sites/g/files/ehbemt341/files/documents/r-wd-19-29-final.pdf,US state,United States,MCL and Ambient Groundwater Quality Standard (promulgated 2019/2020)
New Hampshire Department of Environmental Services (NHDES),"Technical Background Report for the June 2019 Proposed Maximum Contaminant Levels (MCLs) and Ambient Groundwater Quality Standards (AGQSs) for PFOS, PFOA, PFNA and PFHxS (report R-WD-19-29, with peer review by S.M. Roberts)",2019,PFOA,human,F (maternal-fetal),placental transfer ratio - ADOPTED in Goeden model,0.72,ratio (cord/maternal serum),,,Goeden et al. 2019 transgenerational TK model,NHDES review of 19 placental-transfer studies (Fei 2007; Midasch 2007; Monroy 2008; Fromme 2010; Beesoon 2011; Kim 2011; Liu 2011; Needham 2011; Lee 2013; Porpora 2013; Zhang 2013; Kato 2014; Cariou 2015; Manzano-Salgado 2015; Fisher 2016; Yang 2016; Chen 2017; Mamsen 2019),"Central-tendency value. Differs from Michigan's 0.87 and MDH's 0.83 for the same chemical - a 1.2-fold three-state spread on an identically-defined parameter, reflecting different study-inclusion choices rather than different data.","Table 3, 'Exposure Model Parameters', p. 27-28",https://www.des.nh.gov/sites/g/files/ehbemt341/files/documents/r-wd-19-29-final.pdf,US state,United States,MCL and Ambient Groundwater Quality Standard (promulgated 2019/2020)
New Hampshire Department of Environmental Services (NHDES),"Technical Background Report for the June 2019 Proposed Maximum Contaminant Levels (MCLs) and Ambient Groundwater Quality Standards (AGQSs) for PFOS, PFOA, PFNA and PFHxS (report R-WD-19-29, with peer review by S.M. Roberts)",2019,PFOA,human,F (lactating),breastmilk transfer ratio - ADOPTED in Goeden model,0.050,ratio (milk/maternal serum),,,Goeden et al. 2019 transgenerational TK model,NHDES review of 6 breastmilk studies (Karrman 2007; Haug 2011; Kim 2011; Liu 2011; Cariou 2015; Gyllenhammar 2018),Central tendency. Compare Michigan 0.052 and MDH 0.068 (95% UCL) / 0.046 (mean). NHDES's 0.050 sits close to MDH's rejected mean.,Table 3 p. 27-28,https://www.des.nh.gov/sites/g/files/ehbemt341/files/documents/r-wd-19-29-final.pdf,US state,United States,MCL and Ambient Groundwater Quality Standard (promulgated 2019/2020)
New Hampshire Department of Environmental Services (NHDES),"Technical Background Report for the June 2019 Proposed Maximum Contaminant Levels (MCLs) and Ambient Groundwater Quality Standards (AGQSs) for PFOS, PFOA, PFNA and PFHxS (report R-WD-19-29, with peer review by S.M. Roberts)",2019,PFOS,human,M+F,dosimetric adjustment factor (DAF) = clearance - ADOPTED,1.28e-1,mL/kg-day (1.28e-4 L/kg-day),,,DAF = Vd x (ln2 / t-half),"Thompson et al. 2010 (Vd 230 mL/kg); Li et al. 2018 (half-life 1241 d = 3.4 y, average across men and women)","Explicit arithmetic: 230 mL/kg x (ln2/1241 d) = 1.28e-1 mL/kg-d. RfD = (2.360 ng/mL / 100) x 1.28e-1 = 3.0 ng/kg-day. NHDES explicitly REJECTED Olsen et al. 2007's longer retired-worker half-life: 'NHDES considered the longer half-life values reported for retired fluorochemical workers (Olsen et al. 2007), and deemed these to be inappropriately conservative given the use of the Minnesota transgenerational model for exposure assessment which emphasizes early-life and breastfeeding exposures.' Essentially identical to Michigan's implied 1.29e-4 L/kg-d.","p. 11-12, 'Estimation of a human equivalent oral dose' for PFOS",https://www.des.nh.gov/sites/g/files/ehbemt341/files/documents/r-wd-19-29-final.pdf,US state,United States,MCL and Ambient Groundwater Quality Standard (promulgated 2019/2020)
New Hampshire Department of Environmental Services (NHDES),"Technical Background Report for the June 2019 Proposed Maximum Contaminant Levels (MCLs) and Ambient Groundwater Quality Standards (AGQSs) for PFOS, PFOA, PFNA and PFHxS (report R-WD-19-29, with peer review by S.M. Roberts)",2019,PFOS,human,M+F (average of men and women),serum elimination half-life - ADOPTED,1241,days (3.4 years),,,DAF = Vd x ln2/t-half,"Li et al. 2018 (Ronneby, Sweden; n=106 exposed via AFFF-contaminated drinking water)",Average across men and women. NHDES describes Li 2018 as 'more representative of the general population' than occupational cohorts.,p. 11-12 and p. 26-27; Table 3 p. 27,https://www.des.nh.gov/sites/g/files/ehbemt341/files/documents/r-wd-19-29-final.pdf,US state,United States,MCL and Ambient Groundwater Quality Standard (promulgated 2019/2020)
New Hampshire Department of Environmental Services (NHDES),"Technical Background Report for the June 2019 Proposed Maximum Contaminant Levels (MCLs) and Ambient Groundwater Quality Standards (AGQSs) for PFOS, PFOA, PFNA and PFHxS (report R-WD-19-29, with peer review by S.M. Roberts)",2019,PFOS,human,M+F,volume of distribution (Vd) - ADOPTED,0.230,L/kg (230 mL/kg),,,DAF = Vd x ln2/t-half,Thompson et al. 2010,"Same Thompson value as EPA, NJ, Michigan",p. 11; Table 3 p. 27,https://www.des.nh.gov/sites/g/files/ehbemt341/files/documents/r-wd-19-29-final.pdf,US state,United States,MCL and Ambient Groundwater Quality Standard (promulgated 2019/2020)
New Hampshire Department of Environmental Services (NHDES),"Technical Background Report for the June 2019 Proposed Maximum Contaminant Levels (MCLs) and Ambient Groundwater Quality Standards (AGQSs) for PFOS, PFOA, PFNA and PFHxS (report R-WD-19-29, with peer review by S.M. Roberts)",2019,PFOS,mouse,M,Reference Dose (RfD) and resulting MCL,RfD 3.0 ng/kg-day; MCL 15 ng/L,ng/kg-day / ng/L,,,target serum 23.60 ng/mL (POD serum / UF 100) x DAF; then Goeden model for the MCL,Dong et al. 2011 (suppressed IgM response in mice); NHDES agreed with the NJ DWQI / ATSDR / Pachkowski et al. 2019 / MDH assessments of the serum NOAEL,"NHDES, NJ DWQI, ATSDR and MDH all land on the same mouse immunotoxicity POD; the divergence between their final numbers is the clearance and the exposure model, not the toxicology.",Table 1 p. 3; p. 11-12,https://www.des.nh.gov/sites/g/files/ehbemt341/files/documents/r-wd-19-29-final.pdf,US state,United States,MCL and Ambient Groundwater Quality Standard (promulgated 2019/2020)
New Hampshire Department of Environmental Services (NHDES),"Technical Background Report for the June 2019 Proposed Maximum Contaminant Levels (MCLs) and Ambient Groundwater Quality Standards (AGQSs) for PFOS, PFOA, PFNA and PFHxS (report R-WD-19-29, with peer review by S.M. Roberts)",2019,PFOS,human,F (maternal-fetal),placental transfer ratio - ADOPTED,0.40,ratio,,,Goeden et al. 2019,NHDES review of the same 19 placental-transfer studies,Essentially the same as MDH (0.39) and close to Michigan (0.43). The three states agree closely on PFOS placental transfer while disagreeing on PFOA's.,Table 3 p. 27-28,https://www.des.nh.gov/sites/g/files/ehbemt341/files/documents/r-wd-19-29-final.pdf,US state,United States,MCL and Ambient Groundwater Quality Standard (promulgated 2019/2020)
New Hampshire Department of Environmental Services (NHDES),"Technical Background Report for the June 2019 Proposed Maximum Contaminant Levels (MCLs) and Ambient Groundwater Quality Standards (AGQSs) for PFOS, PFOA, PFNA and PFHxS (report R-WD-19-29, with peer review by S.M. Roberts)",2019,PFOS,human,F (lactating),breastmilk transfer ratio - ADOPTED,0.017,ratio,,,Goeden et al. 2019,NHDES review of 6 breastmilk studies,Between MDH's rejected mean (0.020) and Michigan's 0.013; lower than MDH's adopted 95% UCL of 0.030,Table 3 p. 27-28,https://www.des.nh.gov/sites/g/files/ehbemt341/files/documents/r-wd-19-29-final.pdf,US state,United States,MCL and Ambient Groundwater Quality Standard (promulgated 2019/2020)
New Hampshire Department of Environmental Services (NHDES),"Technical Background Report for the June 2019 Proposed Maximum Contaminant Levels (MCLs) and Ambient Groundwater Quality Standards (AGQSs) for PFOS, PFOA, PFNA and PFHxS (report R-WD-19-29, with peer review by S.M. Roberts)",2019,PFNA,human,M and women >50 y (the more conservative subgroup),dosimetric adjustment factor (DAF) = clearance - ADOPTED,8.83e-2,mL/kg-day (8.83e-5 L/kg-day),,,DAF = Vd x (ln2 / t-half),"Vd 200 mL/kg (ATSDR 2018, from Ohmori et al. 2003 rat data); half-life 1570 d (4.3 y) from Zhang et al. 2013 (urinary/renal clearance, Chinese population n=86)","Explicit arithmetic: 200 mL/kg x (ln2/1570 d) = 8.83e-2 mL/kg-d. RfD = (4900 ng/mL / 100) x 8.83e-2 = 4.3 ng/kg-day. CONTRAST WITH MICHIGAN: Michigan AVERAGED Zhang's 913-d (young women) and 1570-d (men and older women) estimates to 1417 d; NHDES instead took the LONGER 1570-d subgroup value as 'the more conservative half-life of PFNA derived for men and older women'. Having done so, NHDES then REMOVED the 3x partial uncertainty factor it had previously applied for 'the absence of a serum-derived human half-life estimate' - an explicit trade of a UF against a TK choice.","p. 15-16, 'Estimation of a human equivalent oral dose' for PFNA",https://www.des.nh.gov/sites/g/files/ehbemt341/files/documents/r-wd-19-29-final.pdf,US state,United States,MCL and Ambient Groundwater Quality Standard (promulgated 2019/2020)
New Hampshire Department of Environmental Services (NHDES),"Technical Background Report for the June 2019 Proposed Maximum Contaminant Levels (MCLs) and Ambient Groundwater Quality Standards (AGQSs) for PFOS, PFOA, PFNA and PFHxS (report R-WD-19-29, with peer review by S.M. Roberts)",2019,PFNA,human,M and women >50 y,serum elimination half-life - ADOPTED,1570,days (4.3 years),,,DAF = Vd x ln2/t-half,"Zhang et al. 2013 (urine-based renal clearance estimate, Chinese general population n=86)","NHDES states explicitly that it would prefer serum-decline data: it 'would utilize more reliable serum half-life estimates for PFNA instead of the urinary-derived estimates reported by [Zhang]... Should [serum-based estimates] be published, NHDES will review... the PFNA RfD.' No serum-based human PFNA half-life existed as of June 2019.",p. 15-16; Table 3 p. 27,https://www.des.nh.gov/sites/g/files/ehbemt341/files/documents/r-wd-19-29-final.pdf,US state,United States,MCL and Ambient Groundwater Quality Standard (promulgated 2019/2020)
New Hampshire Department of Environmental Services (NHDES),"Technical Background Report for the June 2019 Proposed Maximum Contaminant Levels (MCLs) and Ambient Groundwater Quality Standards (AGQSs) for PFOS, PFOA, PFNA and PFHxS (report R-WD-19-29, with peer review by S.M. Roberts)",2019,PFNA,rat (via ATSDR) applied to human,M+F,volume of distribution (Vd) - ADOPTED,0.200,L/kg (200 mL/kg),,,DAF = Vd x ln2/t-half,"ATSDR 2018, originally Ohmori et al. 2003 (rat)",Same value Michigan used. No human PFNA Vd exists; the rat value is used as a surrogate.,p. 15; Table 3 p. 27,https://www.des.nh.gov/sites/g/files/ehbemt341/files/documents/r-wd-19-29-final.pdf,US state,United States,MCL and Ambient Groundwater Quality Standard (promulgated 2019/2020)
New Hampshire Department of Environmental Services (NHDES),"Technical Background Report for the June 2019 Proposed Maximum Contaminant Levels (MCLs) and Ambient Groundwater Quality Standards (AGQSs) for PFOS, PFOA, PFNA and PFHxS (report R-WD-19-29, with peer review by S.M. Roberts)",2019,PFNA,mouse,F (pregnant),Reference Dose (RfD) and resulting MCL,RfD 4.3 ng/kg-day; MCL 11 ng/L,ng/kg-day / ng/L,,,target serum 49.0 ng/mL (4900 ng/mL POD serum / UF 100) x DAF; then Goeden model,Das et al. 2015 mouse POD serum 4900 ng/mL (same POD as NJ DWQI),"NHDES explicitly contrasts its approach with NJ DWQI's: 'NJDWQI... did not [derive] a RfD as a part of the MCL development, as a ratio method was used instead of a DAF with water ingestion rate to convert the target serum level to a corresponding water concentration. NHDES did not arrive at the same MCL because NHDES opted to derive a RfD consistent with the other PFAS evaluated.' Two states, same POD and same primary study, different conversion machinery (DAF vs 200:1 ratio) and different MCLs (11 vs 13 ng/L).",Table 1 p. 3; p. 15-16; p. 22-23,https://www.des.nh.gov/sites/g/files/ehbemt341/files/documents/r-wd-19-29-final.pdf,US state,United States,MCL and Ambient Groundwater Quality Standard (promulgated 2019/2020)
New Hampshire Department of Environmental Services (NHDES),"Technical Background Report for the June 2019 Proposed Maximum Contaminant Levels (MCLs) and Ambient Groundwater Quality Standards (AGQSs) for PFOS, PFOA, PFNA and PFHxS (report R-WD-19-29, with peer review by S.M. Roberts)",2019,PFNA,human,F (maternal-fetal) / F (lactating),placental and breastmilk transfer ratios - ADOPTED,placental 0.69; breastmilk 0.032,ratio,,,Goeden et al. 2019,NHDES literature review (same study sets),Identical to Michigan's 69% and 3.2% - both states used the MDHHS/MDH-supplied PFNA parameters,Table 3 p. 27-28,https://www.des.nh.gov/sites/g/files/ehbemt341/files/documents/r-wd-19-29-final.pdf,US state,United States,MCL and Ambient Groundwater Quality Standard (promulgated 2019/2020)
New Hampshire Department of Environmental Services (NHDES),"Technical Background Report for the June 2019 Proposed Maximum Contaminant Levels (MCLs) and Ambient Groundwater Quality Standards (AGQSs) for PFOS, PFOA, PFNA and PFHxS (report R-WD-19-29, with peer review by S.M. Roberts)",2019,PFHxS,human (female-specific),F,"dosimetric adjustment factor (DAF) = clearance - ADOPTED, FEMALE-SPECIFIC",8.61e-2,mL/kg-day (8.61e-5 L/kg-day),,,DAF = Vd(female) x (ln2 / t-half(female)),Sundstrom et al. 2012 FEMALE cynomolgus monkey Vd 213 mL/kg; Li et al. 2018 FEMALE average half-life 1716 days (4.7 y),"THE CLEAREST SEX-SPECIFIC TK CHOICE IN THE WHOLE SURVEY. Explicit arithmetic: 213 mL/kg x (ln2/1716 d) = 8.61e-2 mL/kg-d. NHDES states: 'NHDES has changed both the Vd and half-life estimate for PFHxS to reflect the female-specific health impact utilized as the basis of the RfD. The Vd for PFHxS was reduced from 287 to 213 mL/kg which reflects a female-specific Vd value for PFHxS (Sundstrom et al., 2012)... NHDES adjusted the half-life value from 5.3 to the female-specific estimate of 4.7 years.' Contrast MDH and Michigan, which AVERAGED the male (0.287) and female (0.213) monkey Vd to 0.25 L/kg and used Li 2018's all-ages 5.3-y half-life. The resulting NHDES clearance (8.61e-5 L/kg-d) is 1.04x MDH's (9.0e-5) - nearly identical by coincidence, because the lower Vd and the shorter half-life move in opposite directions.","p. 19-20, 'Estimation of a human equivalent oral dose' for PFHxS",https://www.des.nh.gov/sites/g/files/ehbemt341/files/documents/r-wd-19-29-final.pdf,US state,United States,MCL and Ambient Groundwater Quality Standard (promulgated 2019/2020)
New Hampshire Department of Environmental Services (NHDES),"Technical Background Report for the June 2019 Proposed Maximum Contaminant Levels (MCLs) and Ambient Groundwater Quality Standards (AGQSs) for PFOS, PFOA, PFNA and PFHxS (report R-WD-19-29, with peer review by S.M. Roberts)",2019,PFHxS,"non-human primate (cynomolgus monkey, FEMALE) applied to human",F,"volume of distribution (Vd) - ADOPTED, FEMALE-SPECIFIC",0.213,L/kg (213 mL/kg),,,DAF = Vd x ln2/t-half,"Sundstrom et al. 2012 (cynomolgus monkey, female)","NHDES is explicit about the species substitution: 'Sundstrom et al. (2012) reports the volume of distribution for cynomolgus monkeys, not humans, and no human Vd is currently available for PFHxS. Similar to ATSDR (2018b) and other agencies (MDH 2019b; MIDHHS 2019), NHDES used the non-human primate value as an estimate for the human volume of distribution.' NHDES's earlier draft had used the MALE monkey value, 287 mL/kg.",p. 19-20; Table 3 p. 27,https://www.des.nh.gov/sites/g/files/ehbemt341/files/documents/r-wd-19-29-final.pdf,US state,United States,MCL and Ambient Groundwater Quality Standard (promulgated 2019/2020)
New Hampshire Department of Environmental Services (NHDES),"Technical Background Report for the June 2019 Proposed Maximum Contaminant Levels (MCLs) and Ambient Groundwater Quality Standards (AGQSs) for PFOS, PFOA, PFNA and PFHxS (report R-WD-19-29, with peer review by S.M. Roberts)",2019,PFHxS,human,F,"serum elimination half-life - ADOPTED, FEMALE-SPECIFIC",1716,days (4.7 years),,,DAF = Vd x ln2/t-half,"Li et al. 2018 (Ronneby), female average","NHDES lists the alternatives it rejected: 8.5 y (Olsen et al. 2007, men), 7.4 y (Li et al. 2018, men), and 7.7-35 y (Zhang et al. 2013, women by age band). It concedes 'use of this average half-life estimate for women is less conservative than longer average half-life estimates' but argues the sex-specific POD justifies it. The 4.7 y vs 35 y range across available PFHxS human estimates is the widest half-life uncertainty acknowledged in any state document reviewed.",p. 19-20; Table 3 p. 27,https://www.des.nh.gov/sites/g/files/ehbemt341/files/documents/r-wd-19-29-final.pdf,US state,United States,MCL and Ambient Groundwater Quality Standard (promulgated 2019/2020)
New Hampshire Department of Environmental Services (NHDES),"Technical Background Report for the June 2019 Proposed Maximum Contaminant Levels (MCLs) and Ambient Groundwater Quality Standards (AGQSs) for PFOS, PFOA, PFNA and PFHxS (report R-WD-19-29, with peer review by S.M. Roberts)",2019,PFHxS,rat,F,Reference Dose (RfD) and resulting MCL,RfD 4.0 ng/kg-day; MCL 18 ng/L,ng/kg-day / ng/L,,,serum POD / UF x female-specific DAF; then Goeden model,"a then-unpublished analysis, 'Ali et al. in review', developed by NHDES with external collaborators; critical effect impaired female-specific endpoint","NHDES notes its PFHxS RfD rests on work 'currently under peer-review with a scientific journal (Ali et al. in review)' and commits to revisiting the MCL if the published version differs - the only state value in this survey resting on an unpublished manuscript. For comparison NHDES cites MDH's PFHxS RfD of 9.7 ng/kg-d (thyroid follicular cell damage in rats, ATSDR 2018b), i.e. NHDES is 2.4x more stringent than MDH/Michigan.",Table 1 p. 3; p. 17-20,https://www.des.nh.gov/sites/g/files/ehbemt341/files/documents/r-wd-19-29-final.pdf,US state,United States,MCL and Ambient Groundwater Quality Standard (promulgated 2019/2020)
New Hampshire Department of Environmental Services (NHDES),"Technical Background Report for the June 2019 Proposed Maximum Contaminant Levels (MCLs) and Ambient Groundwater Quality Standards (AGQSs) for PFOS, PFOA, PFNA and PFHxS (report R-WD-19-29, with peer review by S.M. Roberts)",2019,PFHxS,human,F (maternal-fetal) / F (lactating),placental and breastmilk transfer ratios - ADOPTED,placental 0.70; breastmilk 0.014,ratio,,,Goeden et al. 2019,NHDES literature review,Identical to MDH's 70% and 1.4%,Table 3 p. 27-28,https://www.des.nh.gov/sites/g/files/ehbemt341/files/documents/r-wd-19-29-final.pdf,US state,United States,MCL and Ambient Groundwater Quality Standard (promulgated 2019/2020)
New Hampshire Department of Environmental Services (NHDES),"Technical Background Report for the June 2019 Proposed Maximum Contaminant Levels (MCLs) and Ambient Groundwater Quality Standards (AGQSs) for PFOS, PFOA, PFNA and PFHxS (report R-WD-19-29, with peer review by S.M. Roberts)",2019,"PFOA, PFOS, PFNA, PFHxS (all four)",human,M+F (infant),duration of EXCLUSIVE breastfeeding - ADOPTED (upper-tendency),12,months,,,Goeden et al. 2019 transgenerational TK model,CDC 2018a National Immunization Survey; CDC 2018b Breastfeeding Report Card; WHO eLENA 2019 definition of exclusive breastfeeding,"NHDES states 'A central tendency assumption for the duration of exclusive breastfeeding would be 6 months, but NHDES selected a more conservative modeling parameter of 12 months.' It records the criticism received ('argued by some to be overly conservative') and the supporting data: nationally 24.9% +/- 1.2 of infants exclusively breastfed at 6 months, 35.9% +/- 1.3 receiving breastmilk at 12 months; New Hampshire 30.2% +/- 5.8 and 45.6% +/- 6.5. NHDES also reports MDH's sensitivity finding that 'the duration of breastfeeding, along with breastmilk intake rates and water concentration, are the most sensitive parameters of the model (MDH 2017)'. Same 12-month choice as MDH and Michigan.","'Duration of breastfeeding' subsection, p. 28-29",https://www.des.nh.gov/sites/g/files/ehbemt341/files/documents/r-wd-19-29-final.pdf,US state,United States,MCL and Ambient Groundwater Quality Standard (promulgated 2019/2020)
New Hampshire Department of Environmental Services (NHDES),"Technical Background Report for the June 2019 Proposed Maximum Contaminant Levels (MCLs) and Ambient Groundwater Quality Standards (AGQSs) for PFOS, PFOA, PFNA and PFHxS (report R-WD-19-29, with peer review by S.M. Roberts)",2019,"PFOA, PFOS, PFNA, PFHxS (all four)",human,"M+F (infant, formula-fed)","drinking-water ingestion rate, upper percentile (birth-<1mo / 1-<3mo / 3-<6mo / 6-<11mo)",224 / 267 / 158 / 133,mL/kg-day,,,Goeden et al. 2019 exposure inputs,"US EPA Exposure Factors Handbook, 2019 update","Slightly different from MDH's 240/290/186/151 for the same age bins, despite citing the same EPA handbook - NHDES's values are 5-15% lower. Adult (21+) rate 44 mL/kg-d; lactating woman 47 mL/kg-d; 1-<2 y 57 and 2-<3 y 67 (note the non-monotonic order as printed).","Table 3 p. 27-28, 'Water Ingestion Rates' block",https://www.des.nh.gov/sites/g/files/ehbemt341/files/documents/r-wd-19-29-final.pdf,US state,United States,MCL and Ambient Groundwater Quality Standard (promulgated 2019/2020)
New Hampshire Department of Environmental Services (NHDES),"Technical Background Report for the June 2019 Proposed Maximum Contaminant Levels (MCLs) and Ambient Groundwater Quality Standards (AGQSs) for PFOS, PFOA, PFNA and PFHxS (report R-WD-19-29, with peer review by S.M. Roberts)",2019,"PFOA, PFOS, PFNA, PFHxS (all four)",human,M+F (infant),"breastmilk ingestion rate, upper percentile (birth-<1mo / 1-<3mo / 3-<6mo / 6-<12mo)",220 / 190 / 150 / 130,mL/kg-day,,,Goeden et al. 2019 exposure inputs,"US EPA Exposure Factors Handbook 2011, Table 15-1",Identical to MDH's and Michigan's breastmilk schedule - all three states use the same EPA 2011 Table 15-1 upper-percentile values,"Table 3 p. 27-28, 'Breastmilk Ingestion Rates' block",https://www.des.nh.gov/sites/g/files/ehbemt341/files/documents/r-wd-19-29-final.pdf,US state,United States,MCL and Ambient Groundwater Quality Standard (promulgated 2019/2020)
New Hampshire Department of Environmental Services (NHDES),"Technical Background Report for the June 2019 Proposed Maximum Contaminant Levels (MCLs) and Ambient Groundwater Quality Standards (AGQSs) for PFOS, PFOA, PFNA and PFHxS (report R-WD-19-29, with peer review by S.M. Roberts)",2019,"PFOA, PFOS, PFNA, PFHxS (all four)",human,M+F,relative source contribution (RSC) - ADOPTED,50,% (0.50),,,Goeden et al. 2019,NHDES determination,"50% for all four, same as Michigan and twice MDH's 20% floor for PFOA/PFOS. NHDES's rationale for using the Goeden model at all is TK: 'the transfer of PFAS into breastmilk combined with the relatively high breastmilk and water ingestion rates of infants results in a prolonged elevation of serum levels throughout childhood... this elevation throughout childhood into late adolescence limits the RSC allotment for exposure to other sources'.",Table 3 p. 27; 'Consideration of the Relative Source Contribution (RSC)' p. 30,https://www.des.nh.gov/sites/g/files/ehbemt341/files/documents/r-wd-19-29-final.pdf,US state,United States,MCL and Ambient Groundwater Quality Standard (promulgated 2019/2020)
"Texas Commission on Environmental Quality (TCEQ), Toxicology Division",Per- and Poly-fluoroalkyl Substances (PFAS) - Reference Dose (RfD) and Reference Concentration (RfC) Values for 16 PFAS,2023,PFOA,mouse to human,F (mouse dam),toxicokinetic interspecies data-derived extrapolation factor (DDEF),81,unitless divisor,,,"TK DDEF; TCEQ states that because 'data support using the same volumes of distribution for rodents and humans (per EPA), the equations to calculate the TK interspecies factor can be simplified to: human half-life / animal half-life'","US EPA 2009 provisional PFOA assessment, which derived the factor of 81 from a human half-life in years vs a mouse half-life of ~17 days","KEY SIMPLIFYING ASSUMPTION: TCEQ assumes Vd is IDENTICAL in rodents and humans, so the entire interspecies TK adjustment collapses to a half-life ratio. No Vd, clearance, or serum POD is used anywhere in the TCEQ PFAS document. Final PFOA RfD = 0.3 mg/kg-day (LOAEL, increased offspring relative liver weight, Macon et al. 2011 CD-1 mouse full-gestation study) / (81 x 1 TD x 30 x 10 x 1) = 1.2e-5 mg/kg-day. Note TCEQ took a MOUSE study and a mouse-based DDEF.","p. 2-5 ('Oral Toxicity Factors - PFOA'), extracted lines 61-182; summary Table 1 p. 1",https://www.tceq.texas.gov/downloads/toxicology/pfc/pfcs.pdf,US state,United States,oral RfD and inhalation RfC for site-specific risk assessment (Texas Risk Reduction Program)
"Texas Commission on Environmental Quality (TCEQ), Toxicology Division",Per- and Poly-fluoroalkyl Substances (PFAS) - Reference Dose (RfD) and Reference Concentration (RfC) Values for 16 PFAS,2023,PFOS,rat to human,F (pregnant rat),toxicokinetic interspecies DDEF - ADOPTED (rat-based),263,unitless divisor,,,"DDEF = human half-life / rat half-life, with equal Vd assumed","human PFOS half-life 1,971 days (same as US EPA, i.e. Olsen et al. 2007's 5.4 y); rat PFOS half-life 7.5 days (ATSDR 2009; Cui et al. 2011)","Explicit arithmetic 1971/7.5 = 263. TCEQ ALSO reports EPA 2009's monkey-based DDEF of 13 (from the Seacat et al. 2002 cynomolgus monkey NOAEL of 0.03 mg/kg-day), which would give an RfD of 7.7e-5 mg/kg-day. TCEQ chose the RAT route instead: 'protection against thyroid effects may not adequately protect against neurological development effects due to in utero exposure'. Final PFOS RfD = 0.6 mg/kg-day (Zeng et al. 2011, hippocampal synapse structure in rat offspring) / (263 x 1 x 10 LOAEL-to-NOAEL x 10 x 1) = 2.3e-5 mg/kg-day. The two candidate DDEFs differ 20-fold (13 vs 263) purely because of the test species.","p. 6-8 ('PFOS'), extracted lines 185-249",https://www.tceq.texas.gov/downloads/toxicology/pfc/pfcs.pdf,US state,United States,oral RfD and inhalation RfC for site-specific risk assessment (Texas Risk Reduction Program)
"Texas Commission on Environmental Quality (TCEQ), Toxicology Division",Per- and Poly-fluoroalkyl Substances (PFAS) - Reference Dose (RfD) and Reference Concentration (RfC) Values for 16 PFAS,2023,PFOS,monkey to human,M+F,"toxicokinetic interspecies DDEF - monkey-based ALTERNATIVE (reported, not adopted)",13,unitless divisor,,,DDEF = human half-life / monkey half-life,"US EPA 2009, from Seacat et al. 2002 (cynomolgus monkey)","Would have given a PFOS RfD of 7.7e-5 mg/kg-day, 3.4x higher (less stringent) than the rat route TCEQ adopted. Recorded here to document the magnitude of the species choice.","p. 6-7, extracted lines 192-232",https://www.tceq.texas.gov/downloads/toxicology/pfc/pfcs.pdf,US state,United States,oral RfD and inhalation RfC for site-specific risk assessment (Texas Risk Reduction Program)
"Texas Commission on Environmental Quality (TCEQ), Toxicology Division",Per- and Poly-fluoroalkyl Substances (PFAS) - Reference Dose (RfD) and Reference Concentration (RfC) Values for 16 PFAS,2023,PFBA,rat to human,M (rat),toxicokinetic adjustment - ratio of SERUM CLEARANCE values between rats and humans,ratio of rat:human serum clearance (value not restated by TCEQ),unitless,,,POD_HED = POD x (clearance ratio) x (MW free acid / MW ammonium salt),"US EPA 2022a IRIS PFBA toxicological review; Butenhoff et al. 2012 90-day rat study, NOAEL 6 mg/kg-day PFBA ammonium salt for liver hypertrophy and for decreased T4 in ADULT MALE rats","TCEQ adopted EPA's IRIS RfD wholesale. Distinctive: for PFBA (and PFHxA) the method is a CLEARANCE ratio, not a half-life ratio - because EPA IRIS supplies it that way. POD_HED 1.15 mg/kg-day (liver hypertrophy) and 1.27 mg/kg-day (decreased T4); composite UF 1000 (UFA 3 for RESIDUAL TK and TD uncertainty after the clearance adjustment, UFH 10, UFS 10, UFD 3). RfD 1.0e-3 mg/kg-day.","p. 8-9 ('PFBA'), extracted lines 252-272; Table 1 p. 1",https://www.tceq.texas.gov/downloads/toxicology/pfc/pfcs.pdf,US state,United States,oral RfD and inhalation RfC for site-specific risk assessment (Texas Risk Reduction Program)
"Texas Commission on Environmental Quality (TCEQ), Toxicology Division",Per- and Poly-fluoroalkyl Substances (PFAS) - Reference Dose (RfD) and Reference Concentration (RfC) Values for 16 PFAS,2023,PFBS,rat to human,M (rat),toxicokinetic interspecies factor - ADOPTED FROM MINNESOTA MDH,142,unitless divisor,,,TK interspecies factor for extrapolation of male rats to humans,Minnesota Department of Health (earlier subchronic PFBS RfD); rat 90-day NOAEL 60 mg/kg-day for decreased haemoglobin/haematocrit and kidney histology (Leider et al. 2009; York 2003),"TCEQ flags that the derivation is opaque: 'The human equivalent dose of 0.42 mg/kg-day was obtained by the Minnesota Department of Health using a TK interspecies factor of 142 (for extrapolation of male rats to humans, detailed calculation was not provided by the Minnesota Department of Health).' Texas therefore carries forward an unverifiable Minnesota TK factor. Note MDH's own current PFBS DAF uses the FEMALE rat (1.3 h) and a human 1050 h, giving 1/0.0012 = 833, nearly 6x larger than 142. RfD 1.4e-3 mg/kg-day.","p. 9 ('PFBS'), extracted lines 275-286",https://www.tceq.texas.gov/downloads/toxicology/pfc/pfcs.pdf,US state,United States,oral RfD and inhalation RfC for site-specific risk assessment (Texas Risk Reduction Program)
"Texas Commission on Environmental Quality (TCEQ), Toxicology Division",Per- and Poly-fluoroalkyl Substances (PFAS) - Reference Dose (RfD) and Reference Concentration (RfC) Values for 16 PFAS,2023,PFNA,rat/mouse to human,M and F rat (averaged),toxicokinetic interspecies DDEF - READ ACROSS FROM PFOA,81,unitless divisor,,,read-across: the human-to-rodent half-life RATIO is assumed the same as PFOA's,"Tatum-Gibbs et al. 2011 sex-specific rat PFNA half-lives (30 days males, 1.4-2.4 days females, averaging ~16 days); ATSDR 2009; US EPA 2009 PFOA DDEF of 81","EXPLICIT READ-ACROSS WITH A SEX-AVERAGED RAT HALF-LIFE: TCEQ averages the 30-day male and 1.4-2.4-day female rat PFNA half-lives to ~16 days, notes this is 'very similar to the 17 days used by EPA for PFOA in mice', then assumes 'the relative half-lives for rats/mice and humans are assumed to be the same for PFNA as for PFOA'. No human PFNA half-life was used at all. The male:female rat ratio is 12-21x and is averaged away. RfD = 1 mg/kg-day (rat NOAEL, spleen apoptosis) / (81 x 1 x 10 x 10 x 10) = 1.2e-5 mg/kg-day.","p. 10-11 ('PFNA'), extracted lines 299-347",https://www.tceq.texas.gov/downloads/toxicology/pfc/pfcs.pdf,US state,United States,oral RfD and inhalation RfC for site-specific risk assessment (Texas Risk Reduction Program)
"Texas Commission on Environmental Quality (TCEQ), Toxicology Division",Per- and Poly-fluoroalkyl Substances (PFAS) - Reference Dose (RfD) and Reference Concentration (RfC) Values for 16 PFAS,2023,PFDA,rat/mouse to human,M+F,toxicokinetic interspecies DDEF - READ ACROSS FROM PFOA (conservative-surrogate rule),81,unitless divisor,,,read-across by chain length; the PFOA DDEF is treated as the most conservative available surrogate,ATSDR 2009; US EPA 2009 PFOA DDEF,"TCEQ names three uncertainties: no chemical-specific half-life; a decreasing elimination rate with chain length in rats; and that 'the elimination of PFDA in male-female rats is estimated to be about 7-140 times slower than PFOA (ATSDR 2009)'. Despite that 7-140x slowing, TCEQ still uses PFOA's 81 because, under its rule, PFOA's DDEF is 'the most conservative surrogate value'. RfD 1.5e-5 mg/kg-day from a rat subacute NOAEL of 1.2 mg/kg-day (Kawashima et al. 1995); the alternative mouse developmental LOAEL (Harris & Birnbaum 1989, 0.1 mg/kg-day) would have given 4.1e-6.","p. 12-13 ('PFDA'), extracted lines 350-404",https://www.tceq.texas.gov/downloads/toxicology/pfc/pfcs.pdf,US state,United States,oral RfD and inhalation RfC for site-specific risk assessment (Texas Risk Reduction Program)
"Texas Commission on Environmental Quality (TCEQ), Toxicology Division",Per- and Poly-fluoroalkyl Substances (PFAS) - Reference Dose (RfD) and Reference Concentration (RfC) Values for 16 PFAS,2023,PFHxS,rat to human,M (rat),toxicokinetic interspecies DDEF - READ ACROSS FROM PFOS,263,unitless divisor,,,read-across: the human-to-rat half-life ratio for PFHxS is assumed equal to PFOS's,"ATSDR 2009 Tables 3-8: human PFOS half-life range 1,053-2,701 days and human PFHxS half-life 2,662 days","TCEQ's justification is a half-life SIMILARITY argument between chemicals, not within a species pair: 'the human half-life for PFOS (1,053-2,701 days) is most similar to that for PFHxS (2,662 days) among PFAS with reported human half-lives'. Note TCEQ thereby uses a human PFHxS half-life of 2,662 d (7.3 y) implicitly - FAR longer than MDH/Michigan's 1,935 d (Li 2018) and NHDES's 1,716 d female value. RfD = 0.3 mg/kg-day (male-rat haematology LOAEL) / (263 x 1 x 3 x 10 x 10) = 3.8e-6 mg/kg-day, making TCEQ's PFHxS RfD 2.5x more stringent than MDH/Michigan's 9.7e-6 mg/kg-day.","p. 13-14 ('PFHxS'), extracted lines 407-437",https://www.tceq.texas.gov/downloads/toxicology/pfc/pfcs.pdf,US state,United States,oral RfD and inhalation RfC for site-specific risk assessment (Texas Risk Reduction Program)
"Texas Commission on Environmental Quality (TCEQ), Toxicology Division",Per- and Poly-fluoroalkyl Substances (PFAS) - Reference Dose (RfD) and Reference Concentration (RfC) Values for 16 PFAS,2023,PFDoA,rat to human,M (rat),toxicokinetic interspecies DDEF - READ ACROSS FROM PFOA,81,unitless divisor,,,read-across by the 'most conservative available surrogate' rule,ATSDR 2009; US EPA 2009 PFOA DDEF,"Assumes 'the PFDoA half-lives for both humans and rats are assumed to be increased by the same factor over those for PFOA, maintaining the human-to-rat half life ratio of approximately 81'. RfD = 1 mg/kg-day (rat 14-day NOAEL for reduced body weight; Shi et al. 2007 also saw decreased serum testosterone and estradiol) / (81 x 1 x 10 x 10 x 10) = 1.2e-5 mg/kg-day.","p. 14-15 ('PFDoA'), extracted lines 440-458",https://www.tceq.texas.gov/downloads/toxicology/pfc/pfcs.pdf,US state,United States,oral RfD and inhalation RfC for site-specific risk assessment (Texas Risk Reduction Program)
"Texas Commission on Environmental Quality (TCEQ), Toxicology Division",Per- and Poly-fluoroalkyl Substances (PFAS) - Reference Dose (RfD) and Reference Concentration (RfC) Values for 16 PFAS,2023,PFHxA,rat to human,F (rat),toxicokinetic adjustment - ratio of clearance between FEMALE rats and humans,POD_HED/POD = 0.048/10.62 = 4.5e-3 (implied combined clearance-ratio + MW factor),unitless,,,POD_HED = BMDL5RD x (female-rat:human clearance ratio) x (MW free acid / MW sodium salt),"US EPA 2022b draft IRIS PFHxA review; Loveless et al. 2009 decreased offspring body weight in neonatal mice, BMDL5RD 10.62 mg/kg-day PFHxA sodium salt","TCEQ adopted EPA's draft IRIS RfD after a TCEQ staff member (J.T. Haney) served on the external peer-review panel. FEMALE rat clearance used. POD_HED 0.048 mg/kg-day; composite UF 100 (UFA 3, UFH 10, UFD 3); RfD 5e-4 mg/kg-day. Note the POD is a MOUSE endpoint but the clearance ratio is FEMALE RAT:human - a species mismatch between POD and TK adjustment carried over from EPA.","p. 15-16 ('PFHxA'), extracted lines 461-478",https://www.tceq.texas.gov/downloads/toxicology/pfc/pfcs.pdf,US state,United States,oral RfD and inhalation RfC for site-specific risk assessment (Texas Risk Reduction Program)
"Texas Commission on Environmental Quality (TCEQ), Toxicology Division",Per- and Poly-fluoroalkyl Substances (PFAS) - Reference Dose (RfD) and Reference Concentration (RfC) Values for 16 PFAS,2023,PFOSA (perfluorooctane sulfonamide),n/a,n/a,toxicity value by whole-RfD read-across from PFOA (no TK data),1.2e-5,mg/kg-day,,,surrogate RfD; no TK adjustment of its own,rodent oral LD50 >172 mg/kg (RTECS) compared with PFOA LD50 189 mg/kg,TCEQ used the PFOA RfD directly because 'The RfD for PFOA has a more scientifically defensible basis than using an uncertain LD50 value'. Chain-length/LD50 similarity is the only basis.,"p. 9-10 ('PFOSA'), extracted lines 289-296",https://www.tceq.texas.gov/downloads/toxicology/pfc/pfcs.pdf,US state,United States,oral RfD and inhalation RfC for site-specific risk assessment (Texas Risk Reduction Program)
"Texas Commission on Environmental Quality (TCEQ), Toxicology Division",Per- and Poly-fluoroalkyl Substances (PFAS) - Reference Dose (RfD) and Reference Concentration (RfC) Values for 16 PFAS,2023,"PFPeA, PFHpA, PFDS, PFUnA, PFTrDA, PFTeDA (6 PFAS with no toxicity data)",n/a,n/a,toxicity values assigned by whole-RfD read-across from a chain-length-adjacent PFAS,"PFPeA = PFHxA RfD 5.0e-4; PFHpA = PFOS RfD 2.3e-5; PFDS, PFUnA, PFTrDA, PFTeDA = PFDoA RfD 1.2e-5",mg/kg-day,,,whole-RfD surrogacy; no chemical-specific TK at all,TCEQ internal read-across rule,"For PFTrDA (13 C) and PFTeDA (14 C) TCEQ notes there is no longer-chain PFAS with data, so the 12-carbon PFDoA value is used as the nearest conservative surrogate. Six of TCEQ's 16 PFAS therefore have NO chemical-specific toxicokinetic basis whatsoever - the largest reliance on read-across of any agency in this survey.","p. 16 ('PFAS with no toxicity data'), extracted lines 481-496; Table 1 p. 1",https://www.tceq.texas.gov/downloads/toxicology/pfc/pfcs.pdf,US state,United States,oral RfD and inhalation RfC for site-specific risk assessment (Texas Risk Reduction Program)
"Texas Commission on Environmental Quality (TCEQ), Toxicology Division",Per- and Poly-fluoroalkyl Substances (PFAS) - Reference Dose (RfD) and Reference Concentration (RfC) Values for 16 PFAS,2023,PFOA (inhalation),rat to human,M+F,toxicokinetic interspecies DDEF applied to an inhalation RfC,81,unitless divisor,,,RfC = POD / (DDEF x UFs); same half-life-ratio DDEF reused for the inhalation route,US EPA 2009 PFOA DDEF; inhalation POD 1 mg/m3,"RfC = 1 mg/m3 / (81 x 3 x 10 x 10 x 10) = 4.1e-6 mg/m3. TCEQ applies an ORAL serum-half-life-derived TK factor to an INHALATION reference concentration - the only agency in this survey to do so. PFOSA RfC set equal. For PFBA, PFBS, PFHxS, PFOS, PFDS and PFDoA, RfCs were instead route-extrapolated from the oral RfD (e.g. PFBA RfC = 1.0e-3 mg/kg-day x 70 kg / 20 m3-day = 3.5e-3 mg/m3).","p. 17-19 (inhalation section), extracted lines 501-556; Table 1 p. 1",https://www.tceq.texas.gov/downloads/toxicology/pfc/pfcs.pdf,US state,United States,oral RfD and inhalation RfC for site-specific risk assessment (Texas Risk Reduction Program)
New York State Department of Health (NYS DOH),"Regulatory Impact Statement for amendments to 10 NYCRR Subpart 5-1 - MCLs and Notification Levels for PFAS and emerging contaminants (in the Public Health and Health Planning Council full council agenda packet, 8 December 2022)",2022,PFOA,mouse to human,F (pregnant mouse),chemical-specific clearance value - ADOPTED (NY's own),0.092,mL/kg-day (9.2e-5 L/kg-day),,,HED = serum POD x clearance; RfD = HED / total UF,"Macon et al. 2011 (increased liver weight in offspring of mice exposed during pregnancy); serum LOEL 4,980 ng/mL","NY's PFOA clearance of 0.092 mL/kg-d is DISTINCT from the EPA/NJ/Michigan/NHDES cluster value of 0.14 mL/kg-d - about 1.5x lower, implying a longer effective half-life (with Vd 0.17 L/kg it corresponds to ~3.5 y). HED = 4,980 ng/mL x 0.092 mL/kg-d = 460 ng/kg-day; total UF 300 (10 sensitive humans, 3 interspecies, 3 LOEL use, 3 database) gives RfD 1.5 ng/kg-day. Derived by NYS DOH and presented to the Drinking Water Quality Council on 17 October 2018.",Regulatory Impact Statement p. 52-53 of the RIS (extracted lines 7317-7342 of the 343-page packet),https://health.ny.gov/facilities/public_health_and_health_planning_council/meetings/2022-12-08/docs/full_council_agenda.pdf,US state,United States,MCL (10 ng/L individual) and Notification Levels (30 ng/L and 100 ng/L group sums)
New York State Department of Health (NYS DOH),"Regulatory Impact Statement for amendments to 10 NYCRR Subpart 5-1 - MCLs and Notification Levels for PFAS and emerging contaminants (in the Public Health and Health Planning Council full council agenda packet, 8 December 2022)",2022,PFHxS,mouse to human,F (mouse),chemical-specific clearance value - ADOPTED FROM NEW HAMPSHIRE,0.086,mL/kg-day (8.6e-5 L/kg-day),,,HED = benchmark serum level x clearance,"NH DES 2019 (which derived it as female-specific Vd 213 mL/kg x ln2/1716 d); Chang et al. 2018 decreased litter size in mice exposed before mating and through gestation; benchmark serum 13,900 ng/mL","NY adopted NHDES's FEMALE-SPECIFIC PFHxS clearance unchanged, thereby inheriting the female monkey Vd and female human half-life. HED = 1,200 ng/kg-day; total UF 300 (10 human variability, 3 interspecies, 3 duration, 3 database) gives RfD 4.0 ng/kg-day. NY's stated reason for preferring NHDES's value: 'it was based on an effect that occurred at the lowest dose identified in a high-quality animal study.'",RIS p. 50-51 (extracted lines 7255-7271),https://health.ny.gov/facilities/public_health_and_health_planning_council/meetings/2022-12-08/docs/full_council_agenda.pdf,US state,United States,MCL (10 ng/L individual) and Notification Levels (30 ng/L and 100 ng/L group sums)
New York State Department of Health (NYS DOH),"Regulatory Impact Statement for amendments to 10 NYCRR Subpart 5-1 - MCLs and Notification Levels for PFAS and emerging contaminants (in the Public Health and Health Planning Council full council agenda packet, 8 December 2022)",2022,PFNA,mouse to human,F (pregnant mouse),chemical-specific clearance value - ADOPTED FROM MICHIGAN,0.098,mL/kg-day (9.8e-5 L/kg-day),,,HED = serum NOAEL x clearance,"MI SAW 2019 (Vd 0.2 L/kg from ATSDR 2018/Ohmori et al. 2003 x ln2/1417 d from Zhang et al. 2013); Das et al. 2015 mouse GD1-17, serum NOAEL 6,800 ng/mL","NY adopted Michigan's PFNA clearance unchanged. HED = 665 ng/kg-day; total UF 300 (10 human variability, 3 interspecies, 10 database) gives RfD 2.2 ng/kg-day. This confirms Michigan's implied clearance of 9.78e-5 L/kg-day computed from its reported Vd and Ke.",RIS p. 51-52 (extracted lines 7285-7303),https://health.ny.gov/facilities/public_health_and_health_planning_council/meetings/2022-12-08/docs/full_council_agenda.pdf,US state,United States,MCL (10 ng/L individual) and Notification Levels (30 ng/L and 100 ng/L group sums)
New York State Department of Health (NYS DOH),"Regulatory Impact Statement for amendments to 10 NYCRR Subpart 5-1 - MCLs and Notification Levels for PFAS and emerging contaminants (in the Public Health and Health Planning Council full council agenda packet, 8 December 2022)",2022,PFHpA,n/a,n/a,"toxicity value by whole-RfD read-across from PFOA, justified on HUMAN HALF-LIFE similarity",PFOA RfD 1.5 ng/kg-day applied to PFHpA,ng/kg-day,,,structural and half-life read-across; no PFHpA-specific TK,Zhang et al. 2013 (PFHpA human half-life 1.1-1.5 years); Bartell et al. 2010 and Olsen et al. 2007 (PFOA 2-3.5 years),"NY's read-across test is explicitly toxicokinetic: it compares the PFHpA human half-life (1.1-1.5 y) with PFOA's (2-3.5 y) and concludes similar potency. Note PFHpA's half-life is actually ~2x SHORTER, which would make the read-across conservative. NY notes the same read-across practice is used by Massachusetts, Maine, Rhode Island, Vermont and Connecticut (MA DEP 2019, ME DHHS 2021, RI 2021, VT DOH 2018, CT DPH 2020).",RIS p. 52 (extracted lines 7310-7342),https://health.ny.gov/facilities/public_health_and_health_planning_council/meetings/2022-12-08/docs/full_council_agenda.pdf,US state,United States,MCL (10 ng/L individual) and Notification Levels (30 ng/L and 100 ng/L group sums)
New York State Department of Health (NYS DOH),"Regulatory Impact Statement for amendments to 10 NYCRR Subpart 5-1 - MCLs and Notification Levels for PFAS and emerging contaminants (in the Public Health and Health Planning Council full council agenda packet, 8 December 2022)",2022,PFDA,n/a,n/a,"toxicity value by whole-RfD read-across from PFNA, justified on HUMAN HALF-LIFE similarity",PFNA RfD 2.2 ng/kg-day applied to PFDA,ng/kg-day,,,"structural, half-life and comparative-toxicity read-across",Zhang et al. 2013 (PFDA human half-life 4-12 years; PFNA 2.5-4.4 years); NTP 2018b comparative toxicity study,"NY notes PFDA's human half-life (4-12 y) is LONGER than PFNA's (2.5-4.4 y) - so unlike the PFHpA case, this read-across is NOT conservative on TK grounds. NY instead rests the case on NTP 2018b showing comparable liver and thyroid toxicity at comparable exposure levels.",RIS p. 53 (extracted lines 7344-7358),https://health.ny.gov/facilities/public_health_and_health_planning_council/meetings/2022-12-08/docs/full_council_agenda.pdf,US state,United States,MCL (10 ng/L individual) and Notification Levels (30 ng/L and 100 ng/L group sums)
New York State Department of Health (NYS DOH),"Regulatory Impact Statement for amendments to 10 NYCRR Subpart 5-1 - MCLs and Notification Levels for PFAS and emerging contaminants (in the Public Health and Health Planning Council full council agenda packet, 8 December 2022)",2022,19-23 emerging PFAS (notification-level categorisation),human,M+F,HUMAN HALF-LIFE used as an explicit tiering criterion for notification levels,long estimated human half-life -> 30 ng/L (lower) category; short half-life -> 100 ng/L (higher) category,ng/L notification level,,,"half-life-based hazard tiering, not a dose-response calculation",NYS DOH compilation; ECHA 2020 for 6:2 FTS rat urinary excretion (20-24 h); Zhang et al. 2013 for several human half-lives,"NY is the only agency in this survey to use HUMAN HALF-LIFE DIRECTLY as a regulatory tiering criterion rather than only as a dose-conversion input. Worked examples from the RIS: PFHpS has no liver effect level but a long estimated human half-life, so it goes in the prioritized lower-NL category; PFDoA has no human half-life estimate but a liver effect level similar to the long-half-life PFUnA, so it is also prioritized; GenX 'has a short estimated human half-life, but a low effect level for liver toxicity' and received its own 10 ng/L notification level; PFPeS data 'suggest a half-life approaching one year, rather than multiple years' and so goes in the 100 ng/L category; for 6:2 FTS no human half-life exists and NY fell back on rat urinary excretion times of 20-24 h; 11Cl-PF3OUdS was assigned to the prioritized category because its half-life 'is expected to be longer than the structurally similar 9Cl-PF3ONS'.",RIS p. 2-14 of the emerging-contaminants section (extracted lines 6630-6850); Tables 4 and 5,https://health.ny.gov/facilities/public_health_and_health_planning_council/meetings/2022-12-08/docs/full_council_agenda.pdf,US state,United States,MCL (10 ng/L individual) and Notification Levels (30 ng/L and 100 ng/L group sums)
"North Carolina Secretaries' Science Advisory Board (SAB) on Toxic Air Pollutants, reviewing NC DHHS",North Carolina Department of Environmental Quality and Department of Health and Human Services Science Advisory Board review of the drinking water provisional health goal for GenX,2018,GenX (HFPO-DA / hexafluoropropylene oxide dimer acid ammonium salt),mouse to human,M+F,interspecies uncertainty factor used IN PLACE OF a toxicokinetic adjustment,10,unitless UF,,,NOAEL/UF approach with NO dosimetric adjustment at all,NC DHHS 2017 assessment; NOAEL 0.1 mg/kg-day for liver toxicity from two subchronic mouse studies (28-day study and a reproductive screen),"THE CENTRAL GenX TK FINDING: NC DHHS applied the FULL default interspecies UF of 10 because no human GenX half-life exists. Verbatim: 'There is a large interspecies difference in half-life of legacy PFAS such as PFOS and PFOA, but there is not enough information to determine if this large interspecies variability would also occur with GenX. In the absence of data on the human half-life for GenX, DHHS used the default interspecies uncertainty factor of 10.' The SAB appendix then records that DHHS 'was recently made aware' of EPA's BW^(3/4) allometric default guidance, which 'uses a dosimetric adjustment factor and a reduced interspecies uncertainty factor to replace the former default interspecies uncertainty factor of 10' - i.e. NC had not applied EPA's own default method. RfD = 0.1 / (10 UFS x 10 UFA x 10 UFH) = 0.0001 mg/kg-day. No modifying factor applied.","p. 12-13 (RfD derivation) and Appendix A section ii 'Interspecies UF', p. 24-25; extracted lines 395-430 and 820-845",https://files.nc.gov/ncdeq/GenX/SAB/SAB-GenX-Report-draft-08-29-2018.pdf,US state,United States,"provisional health goal (PHG) for drinking water, 140 ng/L"
"North Carolina Secretaries' Science Advisory Board (SAB) on Toxic Air Pollutants, reviewing NC DHHS",North Carolina Department of Environmental Quality and Department of Health and Human Services Science Advisory Board review of the drinking water provisional health goal for GenX,2018,GenX (HFPO-DA / hexafluoropropylene oxide dimer acid ammonium salt),human (infant),M+F,exposure parameters for the provisional health goal - BOTTLE-FED INFANT scenario,BW 7.8 kg; water intake 1.1 L/day; RSC 0.2,mixed,,,PHG = RfD x BW_infant / IR_infant x 1e6 x RSC,"US EPA default RSC of 0.2; NC DHHS exposure assumptions for a bottle-fed infant, birth to 12 months","Explicit arithmetic: 140 ng/L = (0.0001 mg/kg-d x 7.8 kg) / 1.1 L/d x 1e6 ng/mg x 0.2. NC chose the bottle-fed infant as 'the population group with the highest water intake per body weight' but did NOT model breast-milk transfer or a maternal body burden - unlike Minnesota, Michigan and New Hampshire. The SAB separately computed that an adult at 140 ng/L (70 kg, 2 L/day, 100% from water) receives 4e-6 mg/kg-day, i.e. 1/25th of the RfD, which it characterised as 'an additional margin of safety'.",p. 12 (PHG equation) and p. 13 (adult margin calculation); extracted lines 487-530,https://files.nc.gov/ncdeq/GenX/SAB/SAB-GenX-Report-draft-08-29-2018.pdf,US state,United States,"provisional health goal (PHG) for drinking water, 140 ng/L"
"North Carolina Secretaries' Science Advisory Board (SAB) on Toxic Air Pollutants, reviewing NC DHHS",North Carolina Department of Environmental Quality and Department of Health and Human Services Science Advisory Board review of the drinking water provisional health goal for GenX,2018,GenX (HFPO-DA / hexafluoropropylene oxide dimer acid ammonium salt),monkey to human,M+F,"RIVM (Netherlands) GenX toxicokinetic adjustment factor - PFOA human:monkey half-life ratio, reported for comparison",ratio of PFOA elimination half-life in humans to monkeys (value not numerically restated by the SAB),unitless,,,read-across TK adjustment: the PFOA human:monkey half-life ratio applied to GenX,"Netherlands Institute for Public Health and the Environment (RIVM), presented to the NC SAB on 29 January 2018; chronic rat study LOAEL 0.1 mg/kg-day for liver effects, changes in albumin and albumin/globulin ratio","THE ONLY GenX TK ADJUSTMENT FOUND IN ANY AGENCY DOCUMENT IN THIS SURVEY. RIVM 'applied an additional safety factor to adjust for possible toxicokinetic differences between humans and the GenX study test species, as to reflect difference reported for PFOA. The toxicokinetics adjustment factor was calculated as the difference in the elimination half-life of PFOA in humans to monkeys.' RIVM's justification: chemical similarity of PFOA and GenX, similar toxicological effects, and evidence of interspecies half-life differences for other PFAS. RIVM also applied 10 for human variability and a 20% water allocation (2 L/day, 70 kg), arriving at a 150 ng/L water quality standard - within 7% of NC's 140 ng/L despite completely different machinery (RIVM: chronic rat LOAEL + PFOA-derived TK factor + adult; NC: subchronic mouse NOAEL + default UF 10 + bottle-fed infant).",p. 12-13; extracted lines 505-525,https://files.nc.gov/ncdeq/GenX/SAB/SAB-GenX-Report-draft-08-29-2018.pdf,US state,United States,"provisional health goal (PHG) for drinking water, 140 ng/L"
"Connecticut Department of Public Health (CT DPH), Environmental Health and Drinking Water Branch","CT DPH Drinking Water Action Levels for six PFAS, set July 2023 (Fields C. and Che X., presented at the Northeast Conference on the Science of PFAS, 2 April 2024)",2024,GenX (HFPO-DA),mouse to human,F (mouse),dosimetric adjustment factor (DAF) - BW^(3/4) ALLOMETRIC (no TK data),0.14,unitless multiplier,,,DAF = (BW_human / BW_female mouse)^(-1/4) = (80 kg / 0.0349 kg)^(-1/4) = 0.14,DuPont 2010 study with NTP 2019 reanalysis; BMDL10ER 0.09 mg/kg-day for liver effects in FEMALE mice (administered dose),"CT DPH used allometric scaling for GenX because no TK data exist, same choice as Michigan. The summary table explicitly leaves Vd and human half-life BLANK for GenX ('-'). RfD = 0.09 x (MW GenX acid / MW GenX ammonium salt) x 0.14 / 3000 = 4 ng/kg-day. Total UF 3000 (3 rodent-vs-human sensitivity, 10 human variation, 1 LOAEL, 10 short duration, 10 database). Action Level 19 ng/L using the LACTATING WOMAN as the sensitive receptor (3.061 L/day, 73 kg, 0.042 L/kg-day) and RSC 20%.",slide 22 'CT DPH Chemical-Specific Derivation - GenX'; summary table slides 19-20,https://www.newmoa.org/wp-content/uploads/2024/10/FieldsCheToxicologyApril2024.pdf,US state,United States,drinking water Action Level (non-regulatory guidance)
"Connecticut Department of Public Health (CT DPH), Environmental Health and Drinking Water Branch","CT DPH Drinking Water Action Levels for six PFAS, set July 2023 (Fields C. and Che X., presented at the Northeast Conference on the Science of PFAS, 2 April 2024)",2024,PFHxA,rat to human,not specified (rat pups),dosimetric adjustment factor (DAF) = ratio of human to animal CLEARANCE,0.0048,unitless multiplier,,,DAF = clearance_human / clearance_animal = 0.00184 L/kg-h / 0.383 L/kg-h,"Loveless et al. 2009 decreased body weight in rat pups, BMDL5RD 10.6 mg/kg-day (administered dose)","CT DPH reports the MEASURED animal clearance (0.383 L/kg-h) and a human clearance of 0.00184 L/kg-h directly - a clearance RATIO rather than a half-life ratio. The summary table reports human Vd 0.73 L/kg and human half-life 11.5 days for PFHxA, which check out: 0.693 x 0.73 / (11.5 x 24 h) = 0.00183 L/kg-h. Note CT DPH's PFHxA human Vd of 0.73 L/kg is by far the LARGEST human PFAS Vd adopted by any agency in this survey - 4.3x the PFOA Vd of 0.17. RfD 1.7e-4 mg/kg-day; total UF 300; Action Level 240 ng/L (infant 0-1 y receptor).",slide 23 'PFHxA'; summary table slides 19-20,https://www.newmoa.org/wp-content/uploads/2024/10/FieldsCheToxicologyApril2024.pdf,US state,United States,drinking water Action Level (non-regulatory guidance)
"Connecticut Department of Public Health (CT DPH), Environmental Health and Drinking Water Branch","CT DPH Drinking Water Action Levels for six PFAS, set July 2023 (Fields C. and Che X., presented at the Northeast Conference on the Science of PFAS, 2 April 2024)",2024,PFHxA,human,M+F,volume of distribution (Vd) and human half-life underlying the human clearance,Vd 0.73 L/kg; t-half 11.5 days,L/kg / days,,,clearance_human = ln2 x Vd / t-half = 0.00184 L/kg-h,CT DPH compilation (summary table),CT DPH's 11.5-day human PFHxA half-life is far SHORTER than MDH's 768 h (32 days); the two states differ 2.8-fold on the same parameter. Combined with the much larger Vd (0.73 vs the implied MDH value) the resulting clearances are not directly comparable.,"summary table 'Summary Key Decision Points_Tox values', slides 19-20",https://www.newmoa.org/wp-content/uploads/2024/10/FieldsCheToxicologyApril2024.pdf,US state,United States,drinking water Action Level (non-regulatory guidance)
"Connecticut Department of Public Health (CT DPH), Environmental Health and Drinking Water Branch","CT DPH Drinking Water Action Levels for six PFAS, set July 2023 (Fields C. and Che X., presented at the Northeast Conference on the Science of PFAS, 2 April 2024)",2024,PFBS,mouse to human,not specified (mouse pups),dosimetric adjustment factor (DAF) = ratio of human to animal CLEARANCE,0.0027,unitless multiplier,,,DAF = (ln2 x human Vd / human t-half) / clearance_animal = (0.693 x 0.23 L/kg / 1051.2 h) / 0.056 L/kg-h,"Feng et al. 2017 decreased serum total T4 in mouse pups, BMDL0.5SD 22.5 mg/kg-day (administered dose)","Explicit arithmetic visible in the slide. Human PFBS Vd taken as 0.23 L/kg - CT DPH REUSES THE PFOS Vd for PFBS, a cross-chemical substitution no other agency surveyed makes for this chemical. Human half-life 1051.2 h = 43.8 days, which matches MDH's 1050 h (Xu, Fletcher et al. 2020). Animal clearance 0.056 L/kg-h. RfD 5.4e-4 mg/kg-day; total UF 100; Action Level 760 ng/L (infant receptor).",slide 24 'PFBS'; summary table slides 19-20,https://www.newmoa.org/wp-content/uploads/2024/10/FieldsCheToxicologyApril2024.pdf,US state,United States,drinking water Action Level (non-regulatory guidance)
"Connecticut Department of Public Health (CT DPH), Environmental Health and Drinking Water Branch","CT DPH Drinking Water Action Levels for six PFAS, set July 2023 (Fields C. and Che X., presented at the Northeast Conference on the Science of PFAS, 2 April 2024)",2024,PFBA,rat to human,M (rat),dosimetric adjustment factor (DAF) = ratio of human to animal CLEARANCE,0.23,unitless multiplier,,,DAF = (ln2 x human Vd / human t-half) / clearance_animal = (0.693 x 0.4845 L/kg / 67.9 h) / 0.02161 L/kg-h,"Butenhoff et al. 2012 decreased serum total T4 in MALE rats, NOAEL 6 mg/kg-day (administered dose)","Human PFBA Vd 0.4845 L/kg and human half-life 67.9 h (2.8 days). The Vd of 0.4845 L/kg is the second-largest human PFAS Vd in this survey; the 2.8-day half-life matches MDH's 72 h (Olsen et al. 2007b). Animal clearance 0.02161 L/kg-h. RfD 1.3e-3 mg/kg-day; total UF 1000; Action Level 1800 ng/L (infant receptor). MALE rat POD, as at MDH.",slide 25 'PFBA'; summary table slides 19-20,https://www.newmoa.org/wp-content/uploads/2024/10/FieldsCheToxicologyApril2024.pdf,US state,United States,drinking water Action Level (non-regulatory guidance)
"Connecticut Department of Public Health (CT DPH), Environmental Health and Drinking Water Branch","CT DPH Drinking Water Action Levels for six PFAS, set July 2023 (Fields C. and Che X., presented at the Northeast Conference on the Science of PFAS, 2 April 2024)",2024,6:2 Cl-PFESA (F-53B major component),human,M+F,serum elimination half-life - ADOPTED; the LONGEST human PFAS half-life adopted by any agency in this survey,5585,days (15.3 years),,,clearance = Vd x ln2/t-half,CT DPH literature compilation; slide states '6:2 Cl-PFESA has the longest human half-life (15.3 years) of any PFAS',15.3 years is 5.6x the PFOS half-life MDH uses (2.73 y) and 2.8x the Olsen 2007 PFOS value (5.4 y). It is the single largest half-life value in the entire state/international dataset assembled here and drives CT's Action Level of 2 ng/L.,slides 11 ('Cl-PFESAs: Human Exposure') and 26; summary table slides 19-20,https://www.newmoa.org/wp-content/uploads/2024/10/FieldsCheToxicologyApril2024.pdf,US state,United States,drinking water Action Level (non-regulatory guidance)
"Connecticut Department of Public Health (CT DPH), Environmental Health and Drinking Water Branch","CT DPH Drinking Water Action Levels for six PFAS, set July 2023 (Fields C. and Che X., presented at the Northeast Conference on the Science of PFAS, 2 April 2024)",2024,6:2 Cl-PFESA (F-53B major component),mouse to human,M (mouse),clearance factor - ADOPTED (POD is an internal serum dose),0.0000285,L/kg-day (reported rounded to 0.000029),,,clearance = Vd x (ln2/t-half) = 0.23 L/kg x (0.693/5585 d),"Zhang et al. 2018 liver effects in male mice, NOAEL 18.9 mg/L INTERNAL (serum) dose; human half-life 5585 d from CT DPH compilation","CT DPH SUBSTITUTES THE PFOS Vd (0.23 L/kg) for 6:2 Cl-PFESA, for which no Vd exists. The resulting clearance of 2.85e-5 L/kg-day is the LOWEST clearance adopted by any agency in this survey - 4.9x lower than EPA/NJ's PFOS value and 13.7x lower than OEHHA/MDH's. RfD = 18.9 mg/L x (MW acid / MW ammonium salt) x 2.85e-5 L/kg-d / 3000 = 1.7e-7 mg/kg-day = 0.2 ng/kg-day. Action Level computed as 0.85 ng/L, raised to 2 ng/L because that is the method reporting limit. ADULT receptor (0.040 L/kg-day).",slide 26 '6:2 chloropolyfluoroether sulfonic acid (6:2 Cl-PFESA)'; summary table slides 19-20,https://www.newmoa.org/wp-content/uploads/2024/10/FieldsCheToxicologyApril2024.pdf,US state,United States,drinking water Action Level (non-regulatory guidance)
"Connecticut Department of Public Health (CT DPH), Environmental Health and Drinking Water Branch","CT DPH Drinking Water Action Levels for six PFAS, set July 2023 (Fields C. and Che X., presented at the Northeast Conference on the Science of PFAS, 2 April 2024)",2024,8:2 Cl-PFESA,mouse to human,M (mouse),toxicity value by read-across - SURROGATE DATA FROM 6:2 Cl-PFESA,RfD 0.219 ng/kg-day (6:2 Cl-PFESA clearance and POD reused),ng/kg-day,,,"whole-derivation read-across from 6:2 Cl-PFESA, including its 15.3-y half-life and 0.23 L/kg PFOS-borrowed Vd",CT DPH: 'Based on surrogate data for 6:2 Cl-PFESA',"Double read-across: 8:2 Cl-PFESA borrows 6:2 Cl-PFESA's entire derivation, which itself borrowed PFOS's Vd. Action Level computed <1 ng/L and raised to the method reporting limit of 5 ng/L. CT DPH also reports measured placental transfer rates: 8:2 Cl-PFESA 0.62 > 6:2 Cl-PFESA 0.44 > PFOS 0.43 - i.e. the Cl-PFESAs cross the placenta MORE readily than PFOS.",summary tables slides 19-21,https://www.newmoa.org/wp-content/uploads/2024/10/FieldsCheToxicologyApril2024.pdf,US state,United States,drinking water Action Level (non-regulatory guidance)
"Connecticut Department of Public Health (CT DPH), Environmental Health and Drinking Water Branch","CT DPH Drinking Water Action Levels for six PFAS, set July 2023 (Fields C. and Che X., presented at the Northeast Conference on the Science of PFAS, 2 April 2024)",2024,6:2 Cl-PFESA and 8:2 Cl-PFESA,human,F (maternal-fetal),"placental transfer rate (cord/maternal serum) - measured, cited",8:2 Cl-PFESA 0.62; 6:2 Cl-PFESA 0.44; PFOS 0.43 (for comparison),ratio,,,observational; cited but NOT used quantitatively in the Action Level derivation,CT DPH literature compilation (Cl-PFESAs: Human Exposure slide),"CT DPH notes Cl-PFESAs are detected in human blood, cord blood, PLACENTA and BREAST MILK, and cross the blood-brain barrier, but it uses an ADULT receptor for the Cl-PFESA Action Levels and models no maternal transfer. NHANES 2017-18 6:2 Cl-PFESA serum: total population <LOD at the 50th-90th percentile and 0.1 ug/L at the 95th; non-Hispanic Asian participants 0.2 (75th), 1.3 (90th) and 2.5 ug/L (95th) - a 25-fold subgroup difference.",slides 11-12,https://www.newmoa.org/wp-content/uploads/2024/10/FieldsCheToxicologyApril2024.pdf,US state,United States,drinking water Action Level (non-regulatory guidance)
"Connecticut Department of Public Health (CT DPH), Environmental Health and Drinking Water Branch","CT DPH Drinking Water Action Levels for six PFAS, set July 2023 (Fields C. and Che X., presented at the Northeast Conference on the Science of PFAS, 2 April 2024)",2024,6:2 Cl-PFESA,rat,M,"serum elimination half-life, male rat (the only Cl-PFESA animal TK datum)",4.1,days,,,observational,Yi et al. 2022,"CT DPH states 'Toxicokinetic study: half-life 4.1 d in male rats (Yi 2022), no TK info in mice' - yet the POD comes from a MOUSE study (Zhang et al. 2018). CT DPH sidestepped the species mismatch by using an INTERNAL (serum) mouse POD and converting it with the human clearance only, so no animal clearance was needed. This is a clean illustration of why serum-based PODs are preferred when animal TK is missing for the POD species.",slide 12 'Cl-PFESAs: Toxicity Data',https://www.newmoa.org/wp-content/uploads/2024/10/FieldsCheToxicologyApril2024.pdf,US state,United States,drinking water Action Level (non-regulatory guidance)
"Connecticut Department of Public Health (CT DPH), Environmental Health and Drinking Water Branch","CT DPH Drinking Water Action Levels for six PFAS, set July 2023 (Fields C. and Che X., presented at the Northeast Conference on the Science of PFAS, 2 April 2024)",2024,"GenX, PFHxA, PFBS, PFBA, 6:2 Cl-PFESA, 8:2 Cl-PFESA (all six)",human,M+F / F (lactating),exposure assumptions and sensitive receptor by chemical,infant 1.106 L/d at 7.8 kg = 0.142 L/kg-d; lactating woman 3.061 L/d at 73 kg = 0.042 L/kg-d; adult 21-<80 y 3.192 L/d at 80 kg = 0.040 L/kg-d; RSC 20% for all six,L/kg-day / %,,,Action Level = RfD x RSC / water ingestion rate,US EPA Exposure Factors Handbook 2011 (upper-percentile consumers-only intakes; central-tendency body weights); ATSDR 2021,"CT DPH selects a DIFFERENT sensitive receptor per chemical: lactating woman for GenX; infant 0-1 y for PFHxA, PFBS and PFBA; adult for both Cl-PFESAs. It does not run a maternal-transfer TK model; the 'lactating woman' choice is purely a high-water-intake adult scenario, not a breast-milk pathway. Resulting Action Levels: GenX 19, PFHxA 240, PFBS 760, PFBA 1800, 6:2 Cl-PFESA 2 (MRL-limited), 8:2 Cl-PFESA 5 ng/L (MRL-limited).",slides 17-18 ('Key Decision Points for Exposure Assumptions') and 20-21,https://www.newmoa.org/wp-content/uploads/2024/10/FieldsCheToxicologyApril2024.pdf,US state,United States,drinking water Action Level (non-regulatory guidance)
Washington State Department of Health (WA DOH),"Recommended State Action Levels for Per- and Polyfluoroalkyl Substances (PFAS) in Drinking Water: Approach, Methods, and Supporting Information (DOH 331-673, revised 1 November 2021)",2021,PFOA,human,M+F,serum elimination half-life - ADOPTED in the MDH model,2.3,years,2.3,3.9,"MDH (Goeden) transgenerational TK model, re-run with WA-modified exposure inputs",MDH model inputs (reference 17 of the WA document); the document separately cites a literature range of 2.3-3.9 years with 'very little difference reported between sexes',"WA retained MDH's half-life, Vd and lactational transfer ratios unchanged and modified only the exposure inputs. SAL 10 ng/L, based on the ATSDR 2021 MRL of 3 ng/kg-day (developmental effects in mice), RSC 50%.",Table 3 p. 23; half-life ranges p. 9 (extracted lines 318-330); SAL table p. 25,https://doh.wa.gov/sites/default/files/2022-02/331-673.pdf,US state,United States,"State Action Level (SAL) for Group A public water supplies, WAC 246-290"
Washington State Department of Health (WA DOH),"Recommended State Action Levels for Per- and Polyfluoroalkyl Substances (PFAS) in Drinking Water: Approach, Methods, and Supporting Information (DOH 331-673, revised 1 November 2021)",2021,PFOA,human,M+F,volume of distribution (Vd) - ADOPTED,0.17,L/kg,,,MDH transgenerational model,MDH model inputs (ultimately Thompson et al. 2010),Converges with EPA/NJ/Michigan/NHDES,Table 3 p. 23,https://doh.wa.gov/sites/default/files/2022-02/331-673.pdf,US state,United States,"State Action Level (SAL) for Group A public water supplies, WAC 246-290"
Washington State Department of Health (WA DOH),"Recommended State Action Levels for Per- and Polyfluoroalkyl Substances (PFAS) in Drinking Water: Approach, Methods, and Supporting Information (DOH 331-673, revised 1 November 2021)",2021,PFOA,human,F (maternal-fetal) / F (lactating),placental and breastmilk transfer ratios - ADOPTED,placental 0.87; breastmilk 0.052,ratio,,,MDH transgenerational model,MDH model inputs 'developed based on review of empirical epidemiological studies',"Identical to MICHIGAN's values (0.87, 0.052), i.e. the 2017-vintage MDH parameters, not MDH's current 0.83/0.068. WA, Michigan and NHDES therefore all use slightly different PFOA transfer ratios (0.87/0.052, 0.87/0.052, 0.72/0.050) while all citing 'the MDH model'.",Table 3 p. 23,https://doh.wa.gov/sites/default/files/2022-02/331-673.pdf,US state,United States,"State Action Level (SAL) for Group A public water supplies, WAC 246-290"
Washington State Department of Health (WA DOH),"Recommended State Action Levels for Per- and Polyfluoroalkyl Substances (PFAS) in Drinking Water: Approach, Methods, and Supporting Information (DOH 331-673, revised 1 November 2021)",2021,PFOS,human,M+F,serum elimination half-life - ADOPTED,3.4,years,3.3,4.6,MDH transgenerational model,MDH model inputs; document cites a literature range of 3.3-4.6 years (references 17 and 24),"Same 3.4 y as Michigan and NHDES (Li et al. 2018). SAL 15 ng/L from the MDH/NHDES RfD of 3 ng/kg-day (immune effects in mice), with an UNUSUAL SPLIT RSC: 20% for adults and 50% for children.",Table 3 p. 23; SAL table p. 25,https://doh.wa.gov/sites/default/files/2022-02/331-673.pdf,US state,United States,"State Action Level (SAL) for Group A public water supplies, WAC 246-290"
Washington State Department of Health (WA DOH),"Recommended State Action Levels for Per- and Polyfluoroalkyl Substances (PFAS) in Drinking Water: Approach, Methods, and Supporting Information (DOH 331-673, revised 1 November 2021)",2021,PFOS,human,M+F,"volume of distribution (Vd), placental and breastmilk transfer ratios - ADOPTED",Vd 0.230 L/kg; placental 0.40; breastmilk 0.017,L/kg / ratio,,,MDH transgenerational model,MDH model inputs,"Transfer ratios identical to NHDES's (0.40, 0.017)",Table 3 p. 23,https://doh.wa.gov/sites/default/files/2022-02/331-673.pdf,US state,United States,"State Action Level (SAL) for Group A public water supplies, WAC 246-290"
Washington State Department of Health (WA DOH),"Recommended State Action Levels for Per- and Polyfluoroalkyl Substances (PFAS) in Drinking Water: Approach, Methods, and Supporting Information (DOH 331-673, revised 1 November 2021)",2021,PFHxS,human,M+F,serum elimination half-life - ADOPTED,5.3,years,5.3,7.1,MDH transgenerational model,MDH model inputs (Li et al. 2018); document cites a range of 5.3-7.1 years,"WA used the ALL-AGES 5.3 y value (as MDH and Michigan did), NOT the female-specific 4.7 y NHDES used. SAL 65 ng/L from MDH's 2019 RfD of 9.7 ng/kg-day (reduced T4 in rats), RSC 50%.",Table 3 p. 23; SAL table p. 25,https://doh.wa.gov/sites/default/files/2022-02/331-673.pdf,US state,United States,"State Action Level (SAL) for Group A public water supplies, WAC 246-290"
Washington State Department of Health (WA DOH),"Recommended State Action Levels for Per- and Polyfluoroalkyl Substances (PFAS) in Drinking Water: Approach, Methods, and Supporting Information (DOH 331-673, revised 1 November 2021)",2021,PFHxS,non-human primate applied to human,M+F (averaged),"volume of distribution (Vd), placental and breastmilk transfer ratios - ADOPTED",Vd 0.25 L/kg; placental 0.70; breastmilk 0.014,L/kg / ratio,,,MDH transgenerational model,"MDH model inputs (Vd from Sundstrom et al. 2012 monkey, male/female average)",Identical to MDH and NHDES transfer ratios; Vd is the sex-averaged monkey value as at MDH and Michigan,Table 3 p. 23,https://doh.wa.gov/sites/default/files/2022-02/331-673.pdf,US state,United States,"State Action Level (SAL) for Group A public water supplies, WAC 246-290"
Washington State Department of Health (WA DOH),"Recommended State Action Levels for Per- and Polyfluoroalkyl Substances (PFAS) in Drinking Water: Approach, Methods, and Supporting Information (DOH 331-673, revised 1 November 2021)",2021,PFNA,human,M+F,serum elimination half-life - ADOPTED; WA's OWN SUBSTITUTION of a newer study,3.5,years,,,"MDH model structure with MDHHS (Michigan) chemical inputs, but WA's own half-life",Yu et al. 2021 - mean serum half-life over three annual serum measurements in 68 highly exposed participants after PFNA was removed from a community drinking water system,"THE ONLY STATE IN THIS SURVEY TO SUBSTITUTE A NEWER PFNA HALF-LIFE. WA replaced the Zhang et al. 2013 renal-clearance-derived values that Michigan (1417 d = 3.9 y) and NHDES (1570 d = 4.3 y) used with a SERUM-DECLINE estimate of 3.5 y from a drinking-water community. WA applied the same substitution to the ATSDR MRL, modifying it from 3 to 2.5 ng/kg-day, and this is why the WA PFNA SAL fell from 14 to 9 ng/L on revision. Literature range quoted elsewhere in the document: 2.5-4.3 years (references 25, 26).",Table 3 p. 23 and footnotes c and d; SAL table p. 25 footnotes; revision note p. 6 (extracted lines 151-153),https://doh.wa.gov/sites/default/files/2022-02/331-673.pdf,US state,United States,"State Action Level (SAL) for Group A public water supplies, WAC 246-290"
Washington State Department of Health (WA DOH),"Recommended State Action Levels for Per- and Polyfluoroalkyl Substances (PFAS) in Drinking Water: Approach, Methods, and Supporting Information (DOH 331-673, revised 1 November 2021)",2021,PFNA,human,M+F,"volume of distribution (Vd), placental and breastmilk transfer ratios - ADOPTED FROM MICHIGAN",Vd 0.20 L/kg; placental 0.69; breastmilk 0.032,L/kg / ratio,,,MDH model with MDHHS inputs,Michigan Department of Health and Human Services (MDHHS) 2019 inputs; Vd ultimately ATSDR 2018/Ohmori et al. 2003 (rat),"WA notes 'MDH did not derive drinking water advice for PFNA. For PFNA we used the model inputs developed by the Michigan Department of Health and Human Services, with the exception of a more recent half-life estimate from Yu et al., 2021.'",Table 3 p. 23 footnote b,https://doh.wa.gov/sites/default/files/2022-02/331-673.pdf,US state,United States,"State Action Level (SAL) for Group A public water supplies, WAC 246-290"
Washington State Department of Health (WA DOH),"Recommended State Action Levels for Per- and Polyfluoroalkyl Substances (PFAS) in Drinking Water: Approach, Methods, and Supporting Information (DOH 331-673, revised 1 November 2021)",2021,"PFOA, PFOS, PFHxS, PFNA (all four modelled)",human (infant/child),M+F,Vd AGE ADJUSTMENT FACTOR applied to the chemical-specific Vd,"2.4 for newborns, declining to 1.0 for children over one year old",multiplier on adult Vd,,,MDH transgenerational model as implemented by WA,MDH model; rationale is 'differences in the extracellular water content in children as a percentage of their body weight',"WA reports the age adjustment running from 2.4 (newborn) to 1.0 (>1 y). NOTE THIS DIFFERS FROM MDH'S OWN PUBLISHED PFHxS FIGURES (2.1 at 1-30 days, 1.2 at 5-10 y, 1.0 after age 10, from Friis-Hansen 1961): WA states a higher newborn factor (2.4) and a much earlier return to 1.0 (age 1 vs age 10). WA and MDH are the only two agencies in this survey that age-adjust Vd at all, and they do not agree on the adjustment.","p. 21-22, model description bullet list (extracted lines 809-812)",https://doh.wa.gov/sites/default/files/2022-02/331-673.pdf,US state,United States,"State Action Level (SAL) for Group A public water supplies, WAC 246-290"
Washington State Department of Health (WA DOH),"Recommended State Action Levels for Per- and Polyfluoroalkyl Substances (PFAS) in Drinking Water: Approach, Methods, and Supporting Information (DOH 331-673, revised 1 November 2021)",2021,"PFOA, PFOS, PFHxS, PFNA (all four modelled)",human,M+F (infant),duration of EXCLUSIVE breastfeeding - WA's DEPARTURE from MDH/Michigan/NHDES,"6 months exclusive, then a 6-month phase-out",months,,,MDH transgenerational model with WA-modified nutrition schedule,American Academy of Pediatrics recommendation; CDC Breastfeeding Report Card for Washington State infants born in 2017,"WA REJECTED the 12-month exclusive-breastfeeding assumption used by MDH, Michigan and NHDES. Its data: 58% of Washington mothers reported exclusive breastfeeding through 3 months and 29% through 6 months, so '71 percent of Washington infants are not exclusively breastfed through six months'. WA instead models 6 months exclusive followed by a 6-month phase-out in which breastmilk intake declines from 150 mL/kg-day to 0 while tap-water intake rises, holding combined liquid intake at the 95th-percentile 133 mL/kg-day for that age group. Because breastfeeding duration is (per MDH) among the model's most sensitive parameters, this single choice makes WA's SALs materially less stringent than they would be on MDH's schedule.","p. 22 ('Duration of exclusive breastfeeding') and Table 3 p. 23-24 (extracted lines 817-833, 896-905)",https://doh.wa.gov/sites/default/files/2022-02/331-673.pdf,US state,United States,"State Action Level (SAL) for Group A public water supplies, WAC 246-290"
Washington State Department of Health (WA DOH),"Recommended State Action Levels for Per- and Polyfluoroalkyl Substances (PFAS) in Drinking Water: Approach, Methods, and Supporting Information (DOH 331-673, revised 1 November 2021)",2021,"PFOA, PFOS, PFHxS, PFNA (all four modelled)",human,M+F,drinking-water ingestion percentile - WA's SECOND DEPARTURE (90th instead of 95th after age 1),95th percentile to age 1 (224/267/158/133 mL/kg-d); 90th percentile thereafter (49/51/39/31/25/25 mL/kg-d by age band; adults 21-<50 y 35 mL/kg-d); 95th retained for lactating women (47) and formula-fed infants,mL/kg-day,,,MDH transgenerational model with WA-modified intake percentiles,"US EPA Exposure Factors Handbook 2019 update, Chapter 3 Tables 3-1, 3-3, 3-21, 3-63","WA's methodological argument against the 95th percentile is explicitly about chronic vs acute intake: the EPA survey values are 'a measure of high-end consumption by individuals on any given day in a population but do not represent consumption over long periods by an individual who represents the 95th percentile for chronic intake. EPA prefers the 90th percentile to represent upper-end consumption over long periods of time.' So WA uses the 90th percentile after age 1, including for women of childbearing age before pregnancy (35 mL/kg-day). Compare MDH's 95th-percentile adult values of 42-47 mL/kg-day.",p. 22-23 ('Estimate of high-end drinking water ingestion rate') and Table 3 p. 23-24,https://doh.wa.gov/sites/default/files/2022-02/331-673.pdf,US state,United States,"State Action Level (SAL) for Group A public water supplies, WAC 246-290"
Washington State Department of Health (WA DOH),"Recommended State Action Levels for Per- and Polyfluoroalkyl Substances (PFAS) in Drinking Water: Approach, Methods, and Supporting Information (DOH 331-673, revised 1 November 2021)",2021,PFBS,mouse to human,not specified,MDH transgenerational model NOT USED - infant water intake only,EPA 2021 RfD 300 ng/kg-day; infant birth-to-1-year 95th percentile intake 0.174 L/kg-day; RSC 20%; SAL 345 ng/L,mixed,,,standard SAL equation (no TK model),US EPA 2021 PFBS RfD (reduced T4 in mice); US EPA Exposure Factors Handbook 2019 Table 3-3,"WA states 'We did not use the MDH model for PFBS because we had insufficient information to model infant lactational exposures.' Reported human PFBS half-life range elsewhere in the document: 27 to 44 days (references 27, 28) - bracketing both Michigan's 665 h (27.7 d) and MDH's/CT's 1050 h (43.8 d), which is exactly where the two states' PFBS values diverge.",p. 23 and SAL table p. 25; half-life range p. 9,https://doh.wa.gov/sites/default/files/2022-02/331-673.pdf,US state,United States,"State Action Level (SAL) for Group A public water supplies, WAC 246-290"
Washington State Department of Health (WA DOH),"Recommended State Action Levels for Per- and Polyfluoroalkyl Substances (PFAS) in Drinking Water: Approach, Methods, and Supporting Information (DOH 331-673, revised 1 November 2021)",2021,PFOA (cross-agency comparison compiled by WA),human,M+F,"clearance / dosimetric adjustment factors other agencies used, as tabulated by WA",US EPA 0.00014 L/kg-day; NJ DWQI 0.000139 L/kg-day; NHDES 0.000149 L/kg-day; CA OEHHA 0.00014 L/kg-day,L/kg-day,,,comparison table of other agencies' serum-to-dose conversions,"WA DOH compilation of US EPA, NJ DWQI, NHDES and CA OEHHA derivations","Useful cross-check of the PFOA clearance cluster. WA records: NJ's target serum 0.0145 mg/L x 0.000139 L/kg-day = 0.000002 mg/kg-day; NHDES's target serum 0.0435 mg/L x 0.000149 L/kg-day = 6.1 ng/kg-day; OEHHA's target human serum 3.2 ug/L (= 0.97 mg/L / 300 UF) x 0.00014 L/kg-day = 0.45 ng/kg-day ADD. NOTE: WA attributes 0.00014 L/kg-day to OEHHA, i.e. OEHHA's EARLIER (2021 draft) use of EPA's clearance factor, not the 2.8e-4 L/kg-day that OEHHA finally adopted in 2024. WA also records that ATSDR used a PFOA Vd of 0.2 L/kg with a 3.8-y half-life (Olsen et al. 2007), giving an HED of 0.0053 mg/kg-day - a third distinct PFOA Vd value.","Table 5 and its footnotes d-g, p. 30-32 (extracted lines 1147-1168); ATSDR inputs p. 34 (extracted lines 1229-1230)",https://doh.wa.gov/sites/default/files/2022-02/331-673.pdf,US state,United States,"State Action Level (SAL) for Group A public water supplies, WAC 246-290"
Drexel PFAS Advisory Group (DPAG) under contract to Pennsylvania DEP,Maximum Contaminant Level Goal Drinking Water Recommendations for Per- and Polyfluoroalkyl Substances (PFAS) in the Commonwealth of Pennsylvania (January 2021),2021,PFOA,human,M+F,dosimetric adjustment factor (DAF) = clearance,1.4e-4,L/kg-day,,,"DAF = Ke x Vd, with Ke = ln2/840 d = 8.25e-4 /day",Bartell et al. 2010 (half-life 840 days = 2.3 y); Thompson et al. 2010 (Vd 0.17 L/kg),DPAG states it 'used the volume of distribution (Vd = 0.17 L/kg) selected by MDHHS and MDH' and notes the same inputs were used by EPA in 2016 to derive 'a PFOA clearance of 1.4 x 10-4 L/kg/d'. Identical to EPA/NJ/Michigan/NHDES. Target Human Serum Value (THSV) 0.028 mg/L; RSC 50%; Goeden model gives MCLG 8 ng/L. Animal-to-human UF reduced to 3 'based on application of DAF'.,"Section 4 (PFOA), p. 29-32 and Table 3; extracted lines 1143-1236",https://files.dep.state.pa.us/PublicParticipation/Public%20Participation%20Center/PubPartCenterPortalFiles/Environmental%20Quality%20Board/2021/June%2015/03_PFAS%20Petition/01a_App%201%20Drexel%20PFAS%20Report%20January%202021.pdf,US state,United States,MCLG recommendation to the PA Environmental Quality Board
Drexel PFAS Advisory Group (DPAG) under contract to Pennsylvania DEP,Maximum Contaminant Level Goal Drinking Water Recommendations for Per- and Polyfluoroalkyl Substances (PFAS) in the Commonwealth of Pennsylvania (January 2021),2021,PFOA,human,F (maternal-fetal) / F (lactating) / infant,Goeden-model transfer parameters and receptor - ADOPTED,placental transfer 87%; breastmilk transfer 5.2%; 12 months exclusive breastfeeding; RSC 50%,% / months,,,Goeden et al. 2019 transgenerational TK model,MDH 2020 PFOA parameters,"Receptor defined as 'Infant exposure via breastmilk for 1 year, from mother chronically exposed via water' and explicitly 'also protective of formula fed infant'. Same 87%/5.2% pair as Michigan and Washington - the MDH 2020-vintage values.","Table 3 (Development of Non-Cancer MCLG for PFOA), p. 32; extracted lines 1204-1225",https://files.dep.state.pa.us/PublicParticipation/Public%20Participation%20Center/PubPartCenterPortalFiles/Environmental%20Quality%20Board/2021/June%2015/03_PFAS%20Petition/01a_App%201%20Drexel%20PFAS%20Report%20January%202021.pdf,US state,United States,MCLG recommendation to the PA Environmental Quality Board
Drexel PFAS Advisory Group (DPAG) under contract to Pennsylvania DEP,Maximum Contaminant Level Goal Drinking Water Recommendations for Per- and Polyfluoroalkyl Substances (PFAS) in the Commonwealth of Pennsylvania (January 2021),2021,PFOS,human,M+F,dosimetric adjustment factor (DAF) = clearance,0.00013,L/kg-day (1.3e-4),,,DAF = Vd x (ln2 / half-life) = 0.23 L/kg x (0.693/1241 d),Li et al. 2018 (half-life 1241 days = 3.4 y); Vd 0.23 L/kg attributed to EPA / Thompson et al. 2010; POD from Dong et al. 2011,"DPAG states it 'followed the approach adopted by MDH and MDHHS and applied the PFOS specific clearance rate of 1241 days (Li 2018) and the EPA reported Vd of 0.23 L/kg'. Matches Michigan (1.29e-4) and NHDES (1.28e-4) to within rounding. POD 2.36 ug/mL (NOAEL, Dong et al. 2011 Table 1); total UF 100; THSV 0.024 mg/L; RSC 50% gives 0.012 mg/L for water; MCLG 14 ng/L. NOTE the DPAG text contains an internal inconsistency, stating in one place that the MCLG 'is recommended to be 8 ng/L (8PPT)' for PFOS while the figure caption and table give 14 ng/L; 14 ng/L is the value carried into the PA DEP rulemaking.","Section 5 (PFOS), p. 35-38, Table 4 and Figure 7; extracted lines 1390-1520",https://files.dep.state.pa.us/PublicParticipation/Public%20Participation%20Center/PubPartCenterPortalFiles/Environmental%20Quality%20Board/2021/June%2015/03_PFAS%20Petition/01a_App%201%20Drexel%20PFAS%20Report%20January%202021.pdf,US state,United States,MCLG recommendation to the PA Environmental Quality Board
Drexel PFAS Advisory Group (DPAG) under contract to Pennsylvania DEP,Maximum Contaminant Level Goal Drinking Water Recommendations for Per- and Polyfluoroalkyl Substances (PFAS) in the Commonwealth of Pennsylvania (January 2021),2021,PFOS,human,F (maternal-fetal) / F (lactating),Goeden-model transfer parameters - ADOPTED,placental transfer 40%; breastmilk transfer 1.7%,%,,,Goeden et al. 2019,MDH 2020 PFOS parameters,"Identical to NHDES's and Washington's PFOS values (0.40, 0.017)",PA DEP 2022 preamble Table for PFOS; DPAG Table 4,https://files.dep.state.pa.us/PublicParticipation/Public%20Participation%20Center/PubPartCenterPortalFiles/Environmental%20Quality%20Board/2021/June%2015/03_PFAS%20Petition/01a_App%201%20Drexel%20PFAS%20Report%20January%202021.pdf,US state,United States,MCLG recommendation to the PA Environmental Quality Board
Drexel PFAS Advisory Group (DPAG) under contract to Pennsylvania DEP,Maximum Contaminant Level Goal Drinking Water Recommendations for Per- and Polyfluoroalkyl Substances (PFAS) in the Commonwealth of Pennsylvania (January 2021),2021,PFNA,mouse to human,F (mouse dam),Target Human Serum Value and Goeden-model transfer parameters,THSV 0.023 mg/L (POD 6.8 mg/L / UF 300); placental transfer 69%,mg/L serum / %,,,"serum POD / UF, then Goeden model","Das et al. 2015 developmental toxicity study NOAEL 1 mg/kg-day; ATSDR provisional intermediate MRL analysis of Das 2015, Rogers 2014 and Wolf 2010; TWA dam serum 6.8 mg/L (control baseline 0.015 ug/mL)","Same 6.8 mg/L serum POD as Michigan, and the same 69% placental transfer. RSC 50% gives 0.0115 mg/L for water; MCLG 6 ng/L - identical to Michigan's PFNA HBV.","Section 6 (PFNA), p. 43-47, Table 5; extracted lines 1710-1745",https://files.dep.state.pa.us/PublicParticipation/Public%20Participation%20Center/PubPartCenterPortalFiles/Environmental%20Quality%20Board/2021/June%2015/03_PFAS%20Petition/01a_App%201%20Drexel%20PFAS%20Report%20January%202021.pdf,US state,United States,MCLG recommendation to the PA Environmental Quality Board
Drexel PFAS Advisory Group (DPAG) under contract to Pennsylvania DEP,Maximum Contaminant Level Goal Drinking Water Recommendations for Per- and Polyfluoroalkyl Substances (PFAS) in the Commonwealth of Pennsylvania (January 2021),2021,PFHxS,rat to human,M (rat),Internal Target Human Serum Level and TK parameters,ITHSL 0.046 mg/L (POD 13.9 mg/mL / UF 300); half-life 1935 days; Vd 0.25 L/kg; placental transfer 70%,mg/L serum / days / L/kg / %,,,"serum POD / UF with MDH's PFHxS clearance, then Goeden model",MDH 2019 PFHxS parameters (Li et al. 2018 half-life; Sundstrom et al. 2012 monkey Vd),"PA adopted MDH's PFHxS TK package unchanged (1935 d, 0.25 L/kg, 70% placental). RSC 50% gives 0.023 mg/L for water; MCLG 20 ng/L - between MDH's 47 and Michigan's 51, and above NHDES's 18. The POD is reported as 13.9 mg/mL, which appears to be a unit slip for 13.9 mg/L (the same benchmark serum level NY DOH attributes to NHDES as 13,900 ng/mL).","Section 7 (PFHxS), p. 53-57, Table 6; extracted lines 2060-2110",https://files.dep.state.pa.us/PublicParticipation/Public%20Participation%20Center/PubPartCenterPortalFiles/Environmental%20Quality%20Board/2021/June%2015/03_PFAS%20Petition/01a_App%201%20Drexel%20PFAS%20Report%20January%202021.pdf,US state,United States,MCLG recommendation to the PA Environmental Quality Board
Pennsylvania Department of Environmental Protection (DEP) / Environmental Quality Board,"Proposed Rulemaking, 25 Pa. Code Ch. 109 - Safe Drinking Water PFAS MCL Rule (preamble)",2022,PFOA,human,M+F,dosimetric adjustment factor (DAF) carried into the rulemaking,1.4e-4,L/kg-day,,,DAF = Ke x Vd; Ke = 8.25e-4 /day from an 840-day human half-life,Bartell et al. 2010; Thompson et al. 2010,"The regulatory preamble repeats DPAG's derivation verbatim, including 'Ke = 0.000825175 (8.2 x 10-4) based on a human serum half-life of 840 days (Bartell et al. 2010)' and 'Vd = 0.17 L/kg (Thompson et al. 2010)'. It also reports an alternative HED of 0.0053 mg/kg-day computed as 'POD x DAF' using a clearance rate expressed as 'Vd x (ln 2 / t-half)' - the same 0.0053 mg/kg-day figure Washington DOH attributes to ATSDR's PFOA derivation (Vd 0.2 L/kg, half-life 3.8 y). Animal-to-human UFA reduced to 3 because the DAF is applied. MCLG 8 ng/L; final promulgated MCL 14 ng/L.","preamble PFOA table (extracted lines 361-365, 519-562)",https://www.pacodeandbulletin.gov/Display/pabull?file=/secure/pabulletin/data/vol53/53-2/46.html,US state,United States,"proposed MCLG and MCL (final rule 2023: PFOA MCL 14 ng/L, PFOS MCL 18 ng/L)"
Pennsylvania Department of Environmental Protection (DEP) / Environmental Quality Board,"Proposed Rulemaking, 25 Pa. Code Ch. 109 - Safe Drinking Water PFAS MCL Rule (preamble)",2022,PFOS,human,M+F,dosimetric adjustment factor (DAF) carried into the rulemaking,0.00013,L/kg-day,,,DAF = Vd x (ln2/half-life) = 0.23 L/kg x (0.693/1241 days),Li et al. 2018; MDH 2020 PFOS,"Receptor: 'Infant exposure via breastmilk for 1 year, from mother chronically exposed via water'; 'upper percentile breastmilk intake rates (Table 15-1, USEPA 2019)'; placental transfer 40% and breastmilk transfer 1.7% (MDH 2020 PFOS); 95th percentile drinking-water intake consumers-only from birth to >21 y; TWA water ingestion birth to 30-35 y for the maternal serum at delivery. MCLG 14 ng/L; final promulgated MCL 18 ng/L.",preamble PFOS table (extracted lines 784-861),https://www.pacodeandbulletin.gov/Display/pabull?file=/secure/pabulletin/data/vol53/53-2/46.html,US state,United States,"proposed MCLG and MCL (final rule 2023: PFOA MCL 14 ng/L, PFOS MCL 18 ng/L)"
ITRC (Interstate Technology and Regulatory Council) census - value as reported by ITRC for the named agency,"ITRC PFAS Basis for PFOA and PFOS values in water (Excel companion to the ITRC PFAS Technical and Regulatory Guidance Document), March 2020",2020,PFOA,mouse to human,not stated,SECOND-HAND (ITRC-reported): Michigan DHHS 2019 screening-level clearance,0.000099,L/kg-day,,,"clearance = Vd x (ln2/t-half), first-order one-compartment","Bartell et al. 2010 half-life 840 days (2.3 y), per ITRC; POD 8.29 mg/L serum from Onishchenko et al. 2011 mouse, with TWA predicted by the Wambaugh et al. 2013 model as used in draft ATSDR 2018","LABELLED SECOND-HAND. ITRC reports Michigan DHHS's PFOA clearance as 9.9e-5 L/kg-day, which is 1.4x LOWER than the 1.4e-4 L/kg-day implied by Michigan's own 2019 MPART report (Vd 0.17 x ln2/840 d). 9.9e-5 with an 840-day half-life implies Vd = 0.12 L/kg. Either ITRC or the MDHHS screening-level document (which is a different document from the MPART Science Advisory Workgroup report) uses a different Vd. Flagged as an unresolved discrepancy; the MPART report's own arithmetic is the primary record. Michigan screening level 0.009 ug/L, breast-fed infant receptor, RSC 0.5, UFT 300.","sheet 'Water PFOA', row 10 (Michigan DHHS 2019)",https://pfas-1.itrcweb.org/external-data-tables/,US state (census),United States,screening level (DW)
ITRC (Interstate Technology and Regulatory Council) census - value as reported by ITRC for the named agency,"ITRC PFAS Basis for PFOA and PFOS values in water (Excel companion to the ITRC PFAS Technical and Regulatory Guidance Document), March 2020",2020,PFOS,rat to human,not stated,SECOND-HAND (ITRC-reported): Michigan DHHS 2019 screening-level clearance,0.0000699,L/kg-day,,,clearance = Vd x (ln2/t-half),"per ITRC, 't1/2 of 840 days (2.3 yrs) from Bartell et al. (2010)' - which is the PFOA half-life, evidently a transcription error in the ITRC table; POD 0.000515 mg/kg-day from an 84-day RAT study with TWA from Wambaugh et al. 2013","LABELLED SECOND-HAND AND INTERNALLY INCONSISTENT. 6.99e-5 L/kg-day cannot arise from Vd 0.23 L/kg and 840 days (that gives 1.9e-4). It is consistent with Vd 0.2 L/kg and a half-life near 1983 days. Recorded to document the inconsistency, not as a reliable value. Michigan screening level 0.008 ug/L; note the 2019 MPART report later adopted 1241 days (Li 2018) and a 16 ng/L HBV, so this screening level predates that.","sheet 'Water PFOS', row 10 (Michigan DHHS 2019)",https://pfas-1.itrcweb.org/external-data-tables/,US state (census),United States,screening level (DW)
ITRC (Interstate Technology and Regulatory Council) census - value as reported by ITRC for the named agency,"ITRC PFAS Basis for PFOA and PFOS values in water (Excel companion to the ITRC PFAS Technical and Regulatory Guidance Document), March 2020",2020,PFOA,monkey to human,not stated,SECOND-HAND (ITRC-reported): North Carolina DENR 2012 PBPK-derived extrapolation factor,0.12,ug ingestion/kg per ug/mL serum,,,PBPK-model-derived serum-to-intake extrapolation factor (not a Vd x ln2/t-half clearance),"Butenhoff et al. (cynomolgus monkey, 26 weeks / 182 days), increased relative (to brain) liver weight; PBPK model not named by ITRC","LABELLED SECOND-HAND. North Carolina's 2012 PFOA interim maximum allowable concentration (IMAC) of 1 ug/L in groundwater rests on a MONKEY study and a PBPK-derived factor - the only monkey-based PFOA value in the ITRC census. POD_HED expressed oddly as 336 ug/person-day; UFT only 30 (10 human variability x 3 animal-to-human); adult receptor, RSC 0.2. Numerically 0.12 ug/kg-day per ug/mL = 1.2e-4 L/kg-day, i.e. coincidentally close to the EPA clearance factor.","sheet 'Water PFOA', row 13 (North Carolina DENR 2012)",https://pfas-1.itrcweb.org/external-data-tables/,US state (census),United States,"IMAC (interim maximum allowable concentration, GW)"
ITRC (Interstate Technology and Regulatory Council) census - value as reported by ITRC for the named agency,"ITRC PFAS Basis for PFOA and PFOS values in water (Excel companion to the ITRC PFAS Technical and Regulatory Guidance Document), March 2020",2020,PFOA,rat to human,not stated,SECOND-HAND (ITRC-reported): Health Canada 2018 'AKUF' PBPK-based adjustment of the interspecies UF,AKUF (adjusted kinetic uncertainty factor) derived from PBPK-predicted steady-state plasma concentration ratios; total UF 25,unitless,,,UFA adjustment using ratios of PBPK-model-predicted dose metrics (steady-state plasma concentrations) rather than a clearance factor or half-life ratio,"Loccisano et al. 2011, 2012a, 2012b, 2013 PBPK models; 13-week (91-day) RAT study; administered dose used, not an internal serum POD","LABELLED SECOND-HAND (from ITRC, not from the Health Canada document itself). THIS IS A METHODOLOGICALLY DISTINCT APPROACH: Health Canada neither used a serum POD nor a clearance factor; it kept an administered-dose POD and replaced the default animal-to-human UF with a PBPK-derived kinetic adjustment, which ITRC labels 'AKUF'. POD_HED 0.000521 mg/kg-day; total UF 25; adult receptor; RSC 0.2; MAC 0.2 ug/L. Note ITRC mis-attributes the agency column as 'DEC/DOH'.","sheet 'Water PFOA', row 17 (Canada 2018 MAC)",https://pfas-1.itrcweb.org/external-data-tables/,national,Canada,"MAC (maximum allowable concentration, drinking water)"
ITRC (Interstate Technology and Regulatory Council) census - value as reported by ITRC for the named agency,"ITRC PFAS Basis for PFOA and PFOS values in water (Excel companion to the ITRC PFAS Technical and Regulatory Guidance Document), March 2020",2020,PFOS,rat to human,not stated,SECOND-HAND (ITRC-reported): Health Canada 2018 'AKUF' PBPK-based adjustment of the interspecies UF,AKUF derived from PBPK-predicted steady-state plasma concentration ratios; total UF 25,unitless,,,UFA adjustment using PBPK-predicted steady-state plasma concentrations; administered-dose POD,"Loccisano et al. 2011, 2012a, 2012b, 2013; 104-week (728-day) RAT study","LABELLED SECOND-HAND. POD_HED 0.0015 mg/kg-day; total UF 25; adult receptor; RSC 0.2; MAC 0.6 ug/L. Health Canada's PFOS MAC is 40x less stringent than US EPA's 2024 MCL of 4 ng/L, and the method difference (PBPK-adjusted UFA on an administered dose vs a clearance factor on a serum POD) is a large part of why.","sheet 'Water PFOS', row 16 (Canada 2018 MAC)",https://pfas-1.itrcweb.org/external-data-tables/,national,Canada,"MAC (maximum allowable concentration, drinking water)"
ITRC (Interstate Technology and Regulatory Council) census - value as reported by ITRC for the named agency,"ITRC PFAS Basis for PFOA and PFOS values in water (Excel companion to the ITRC PFAS Technical and Regulatory Guidance Document), March 2020",2020,PFOA,rat to human,not stated,SECOND-HAND (ITRC-reported): CA OEHHA 2019 cancer-value BW^(1/8) toxicodynamic adjustment alongside the clearance factor,clearance 0.00014 L/kg-day plus a BW^(1/8) adjustment,L/kg-day plus unitless,,,"clearance = Vd x (ln2/t-half) for the kinetic step, PLUS a body-weight-to-the-one-eighth adjustment 'used for toxicodynamic differences'","NTP 2018 rat pancreatic and liver tumours, 107 weeks; serum measured at 16 weeks assumed to represent steady state across the whole study","LABELLED SECOND-HAND. The BW^(1/8) step is notable: OEHHA split the usual BW^(3/4) allometric default into a kinetic half (handled by the clearance factor) and a residual toxicodynamic half (BW^(1/8)), rather than applying BW^(3/4) wholesale or a flat UFA of 3. Multisite human BMDL05 3.4e-4 mg/kg-day; cancer slope factor 143 (mg/kg-day)-1; notification-level reference level 0.010 ug/L. The noncancer arm used the same 0.00014 L/kg-day clearance with a mouse 28-day POD of 0.0032 mg/L and UFT 300, giving a reference level of 0.002 ug/L. NOTE these are OEHHA's 2019 notification-level values; OEHHA's 2024 PHG adopted a different, regression-derived clearance of 2.8e-4 L/kg-day.","sheet 'Water PFOA', rows 6-7 (California OEHHA 2019)",https://pfas-1.itrcweb.org/external-data-tables/,US state,United States,notification-level reference level (DW)
ITRC (Interstate Technology and Regulatory Council) census - value as reported by ITRC for the named agency,"ITRC PFAS Basis for PFOA and PFOS values in water (Excel companion to the ITRC PFAS Technical and Regulatory Guidance Document), March 2020",2020,PFOS,rat / mouse to human,not stated,SECOND-HAND (ITRC-reported): CA OEHHA 2019 PFOS clearance factor,0.00008 (cancer) / 0.000081 (noncancer),L/kg-day,,,clearance = Vd x (ln2/t-half); cancer arm adds a BW^(1/8) toxicodynamic adjustment,rat 105-week cancer study with TWA serum from AUC by linear interpolation; mouse 60-day noncancer study with serum measured at end of dosing,"LABELLED SECOND-HAND. OEHHA's 2019 PFOS clearance (8.0-8.1e-5 L/kg-day) matches US EPA OW 2016 and NJ DWQI, i.e. the Thompson Vd 0.23 L/kg with the Olsen 1971-day half-life. By 2024 OEHHA had moved to 3.9e-4 L/kg-day from the Ronneby data - a 4.8-fold change within one agency across five years, the largest single-agency revision in this dataset. Human BMDL05 0.0011 mg/kg-day (cancer); noncancer POD 0.022 mg/L with UFT 30.","sheet 'Water PFOS', rows 6-7 (California OEHHA 2019)",https://pfas-1.itrcweb.org/external-data-tables/,US state,United States,notification-level reference level (DW)
ITRC (Interstate Technology and Regulatory Council) census - value as reported by ITRC for the named agency,"ITRC PFAS Basis for PFOA and PFOS values in water (Excel companion to the ITRC PFAS Technical and Regulatory Guidance Document), March 2020",2020,PFOA,mouse to human,not stated,SECOND-HAND (ITRC-reported): Texas TCEQ 2016 interspecies extrapolation factor based on a human:MOUSE half-life ratio,81,unitless,,,"half-life ratio; administered dose used, no serum POD","Macon et al. 2011 mammary gland developmental effects, mouse, 17 days gestational exposure","LABELLED SECOND-HAND, but it resolves an ambiguity: ITRC states the 81 factor is 'based on estimated ratio of human to MOUSE half life', confirming the species pairing behind the factor TCEQ reused for PFOA, PFNA, PFDA and PFDoA in 2023. Tier 1 PCL 0.29 ug/L; UFT 300 including a 30x LOAEL-to-NOAEL factor; child 0-6 y receptor.","sheet 'Water PFOA', row 14 (Texas CEQ 2016)",https://pfas-1.itrcweb.org/external-data-tables/,US state,United States,Tier 1 Protective Concentration Level (GW)
ITRC (Interstate Technology and Regulatory Council) census - value as reported by ITRC for the named agency,"ITRC PFAS Basis for PFOA and PFOS values in water (Excel companion to the ITRC PFAS Technical and Regulatory Guidance Document), March 2020",2020,PFOS,rat to human,not stated,SECOND-HAND (ITRC-reported): Texas TCEQ 2016 interspecies extrapolation factor based on a human:RAT half-life ratio,263,unitless,,,half-life ratio; administered dose,"rat, 20 days gestational exposure (Zeng et al. 2011)",LABELLED SECOND-HAND; confirms the 263 factor and its rat basis as carried into the 2023 TCEQ document. Tier 1 PCL 0.56 ug/L; UFT 100.,"sheet 'Water PFOS', row 13 (Texas CEQ 2016)",https://pfas-1.itrcweb.org/external-data-tables/,US state,United States,Tier 1 Protective Concentration Level (GW)
ITRC (Interstate Technology and Regulatory Council) census - value as reported by ITRC for the named agency,"ITRC PFAS Basis for PFOA and PFOS values in water (Excel companion to the ITRC PFAS Technical and Regulatory Guidance Document), March 2020",2020,PFOA and PFOS,n/a,n/a,"SECOND-HAND (ITRC-reported): Massachusetts DEP 2019 - EPA-based with an ADDITIONAL uncertainty factor, LACTATING WOMEN receptor",ORS/GW-1 value 0.02 ug/L for each; total UF 100; RfD 5e-6 mg/kg-day (PFOA); RSC 0.2; normalized intake 0.054 L/kg-day,ug/L / mg/kg-day,,,US EPA 2016 assessment with an added UF; no independent TK derivation,"US EPA 2016 Health Advisory assessment; ITRC note: 'MassDEP used the USEPA 2016 assessment, however, added an additional [uncertainty factor]'",LABELLED SECOND-HAND. Massachusetts performed no independent toxicokinetic work; it inherited EPA's clearance factor implicitly via EPA's RfD and reduced the total UF from EPA's 300 to 100 while selecting LACTATING WOMEN (normalized intake 0.054 L/kg-day) as the receptor. Massachusetts therefore reaches a 20 ng/L value for the PFAS6 sum without any TK model.,sheet 'Water PFOA' row 9 and 'Water PFOS' row 9 (Massachusetts DEP 2019),https://pfas-1.itrcweb.org/external-data-tables/,US state,United States,MassDEP Office of Research and Standards value / GW-1 standard
ITRC (Interstate Technology and Regulatory Council) census - value as reported by ITRC for the named agency,"ITRC PFAS Basis for PFOA and PFOS values in water (Excel companion to the ITRC PFAS Technical and Regulatory Guidance Document), March 2020",2020,PFOA and PFOS,n/a,n/a,"SECOND-HAND (ITRC-reported): Vermont DEC/DOH 2018 - EPA-based, INFANT (0-1 year) receptor","health advisory 0.020 ug/L for PFOA, PFOS and their sum; RSC 0.2",ug/L,,,US EPA 2016 Health Advisory toxicity value with an infant receptor; no independent TK derivation,US EPA 2016 Health Advisory,"LABELLED SECOND-HAND. Vermont's TK content is entirely inherited from EPA; its distinguishing choice is the receptor (infant 0-1 year) rather than EPA's lactating woman. No half-life, Vd or clearance of its own. The value applies to individual PFOA and PFOS results and to their sum.",sheet 'Water PFOA' row 16 and 'Water PFOS' row 15 (Vermont DEC/DOH 2018),https://pfas-1.itrcweb.org/external-data-tables/,US state,United States,health advisory (DW)
ITRC (Interstate Technology and Regulatory Council) census - value as reported by ITRC for the named agency,"ITRC PFAS Basis for PFOA and PFOS values in water (Excel companion to the ITRC PFAS Technical and Regulatory Guidance Document), March 2020",2020,PFOA and PFOS,n/a,n/a,"SECOND-HAND (ITRC-reported): Alaska DEC 2016 and Maine DEP 2018 - EPA Health-Advisory-based, CHILD (0-6 y) receptor, RSC 1",0.4 ug/L for each (Alaska groundwater cleanup level; Maine remedial action guideline); ingestion 0.78 L/day at 15 kg = 0.052 L/kg-day; RSC 1,ug/L,,,US EPA Health Advisory toxicity value; no independent TK derivation,US EPA 2016 Health Effects Support Documents / Health Advisories,"LABELLED SECOND-HAND. Both states simply adopted EPA's toxicity value with a child 0-6 y residential receptor and NO source apportionment (RSC = 1), which is why their numbers (400 ng/L) are 20x higher than Massachusetts' and Vermont's (20 ng/L) from the same EPA toxicity value. This is the clearest demonstration in the census that exposure-factor and RSC choices, not toxicokinetics, drive much of the state-to-state spread for agencies that do not do their own TK.",sheet 'Water PFOA' rows 5 and 8; 'Water PFOS' rows 5 and 8,https://pfas-1.itrcweb.org/external-data-tables/,US state,United States,groundwater cleanup level (AK) / remedial action guideline (ME)
RIVM (Netherlands National Institute for Public Health and the Environment),Mixture exposure to PFAS: a Relative Potency Factor approach (RIVM Report 2018-0070),2018,"PFAS (all), method statement",rat to human,M+F,interspecies kinetic assessment factor - DEFAULT EXPLICITLY REJECTED AS INADEQUATE,default AF of maximally 4 rejected; chemical-specific kinetic differences used instead,unitless,,,statement of method,"EFSA 2008 (the default AF of 4 for interspecies kinetics); ATSDR 2015; NJDWQI 2016; US EPA 2016a,b; FSANZ 2017; RIVM 2016","RIVM's key methodological statement: 'Traditionally, an Assessment Factor (AF) of (maximally) 4 is incorporated to account for interspecies differences in kinetics, also on PFASs (EFSA, 2008). However, for some PFASs, interspecies differences in kinetics grossly exceed a factor of 4, mainly due to the much slower removal from the human body compared with removal from the animal body.' RIVM therefore joined ATSDR, NJDWQI, US EPA and FSANZ in taking PFOA/PFOS elimination-kinetic differences into account explicitly.","Section 3.2 'Health-Based Guidance Value (PFOA)', p. 23-24 (extracted lines 524-540)",https://www.rivm.nl/bibliotheek/rapporten/2018-0070.pdf,national,Netherlands,Relative Potency Factors and Health-Based Guidance Value (used for drinking water and soil risk limits)
RIVM (Netherlands National Institute for Public Health and the Environment),Mixture exposure to PFAS: a Relative Potency Factor approach (RIVM Report 2018-0070),2018,PFOA,rat to human,M+F,Health-Based Guidance Value (index compound for the RPF system),12.5,ng/kg bw/day,,,semi-chronic (90-day) rat liver toxicity NOAEL with explicit kinetic interspecies extrapolation,Zeilmaker et al. 2016 (RIVM); rat 90-day NOAEL 0.06 mg/kg bw/day for liver toxicity,"PFOA is the Index Compound for RIVM's whole RPF system, so this HBGV propagates to every other PFAS. Implied overall extrapolation factor from 0.06 mg/kg-d to 12.5 ng/kg-d is 4800.","Section 3.2, p. 23-24",https://www.rivm.nl/bibliotheek/rapporten/2018-0070.pdf,national,Netherlands,Relative Potency Factors and Health-Based Guidance Value (used for drinking water and soil risk limits)
RIVM (Netherlands National Institute for Public Health and the Environment),Mixture exposure to PFAS: a Relative Potency Factor approach (RIVM Report 2018-0070),2018,GenX (FRD-902/-903),rat to human,M+F,"relative potency factor (RPF) relative to PFOA, and the NOAELs behind it",RPF 0.06; NOAEL 0.1 mg/kg bw/day (serum albumin/globulin ratio) and 1 mg/kg bw/day (liver weight),unitless RPF / mg/kg bw/day,,,RPF from BMD analysis of rat liver toxicity; two-year chronic rat study with interim kills at one year,Beekman et al. 2016 (RIVM); Haas et al. 2009 subchronic study (basis of the RPF),"This is the RIVM GenX derivation the North Carolina SAB discussed. The NC SAB records that RIVM additionally applied a toxicokinetic adjustment equal to the PFOA human:MONKEY half-life ratio, plus 10 for human variability and a 20% water allocation, reaching a 150 ng/L water quality standard. That TK adjustment is NOT stated in this RIVM 2018 report, which presents only the RPF; it belongs to the earlier Beekman et al. 2016 derivation.","Section 4 'GenX product FRD-902/-903', p. 31; Figure 4.2",https://www.rivm.nl/bibliotheek/rapporten/2018-0070.pdf,national,Netherlands,Relative Potency Factors and Health-Based Guidance Value (used for drinking water and soil risk limits)
RIVM (Netherlands National Institute for Public Health and the Environment),Mixture exposure to PFAS: a Relative Potency Factor approach (RIVM Report 2018-0070),2018,"PFBS, PFBA, PFHxA, GenX",rat to human,M+F,basis for treating rat-derived RPFs as valid for humans - TOXICOKINETIC equipotency argument,"RPFs much lower than PFOA on an administered-dose basis, but EQUAL potency at equal serum level",unitless,,,serum-level equipotency; RPF difference attributed entirely to kinetics,Gomis et al. 2018; RIVM Annex II Table A2 half-life compilation,"RIVM's verbatim reasoning: 'In the case of PFBS, PFBA, PFHxA and GenX, this difference can be explained entirely by differences in toxicokinetics, with fast elimination kinetics leading to equipotency with PFOA at the level of the serum, i.e. equal serum levels of these compounds induce the same level of hepatic toxicity as PFOA (Gomis et al., 2018; note that this observation strongly suggests that the PFBS, PFBA, PFHxA, GenX and PFOS induce hepatic toxicity via one common mechanism). Because PFBS, PFBA and PFHxA in the rat as well as in humans are eliminated much more rapidly than and to the same extent as PFOA, it has been concluded that the derived RPFs of these compounds hold for humans too.' This is the strongest explicit claim in any agency document surveyed that the serum concentration is the causal dose metric across chain lengths.","'Interspecies extrapolation of animal RPFs', p. 32 (extracted lines 1211-1226)",https://www.rivm.nl/bibliotheek/rapporten/2018-0070.pdf,national,Netherlands,Relative Potency Factors and Health-Based Guidance Value (used for drinking water and soil risk limits)
RIVM (Netherlands National Institute for Public Health and the Environment),Mixture exposure to PFAS: a Relative Potency Factor approach (RIVM Report 2018-0070),2018,"PFHxS, PFOS, PFNA, PFUnDA, PFDoDA, PFTeDA",rat to human,M+F,basis for human applicability of rat RPFs - persistence parallelism argument,RPF similar to or higher than PFOA,unitless,,,read-across on the assumption that rat-human kinetic rank order is preserved,RIVM Annex II Table A2,"'This coincides with the even more persistent behaviour of these congeners in the rat when compared with PFOA. Because such kinetic characteristics are paralleled in man, it has been concluded that, as a first tier, the derived RPFs of these compounds hold for humans as well.' RIVM assumes rank-order conservation of half-life between rat and human without quantitative demonstration.",p. 32 (extracted lines 1228-1234),https://www.rivm.nl/bibliotheek/rapporten/2018-0070.pdf,national,Netherlands,Relative Potency Factors and Health-Based Guidance Value (used for drinking water and soil risk limits)
RIVM (Netherlands National Institute for Public Health and the Environment),Mixture exposure to PFAS: a Relative Potency Factor approach (RIVM Report 2018-0070),2018,PFHxDA and PFODA,rat to human,M+F,exception to the persistence argument - ABSORPTION rather than elimination governs,low RPF despite expected high persistence,unitless,,,absorption-limited read-across,RIVM BMD analysis (Annex IV),"'By analogy, a quite persistent behaviour, with correspondingly high RPF, is expected for PFHxDA and PFODA. However, the contrary was found to be the case, most probably due to the negligible absorption of these two congeners. Again, this is expected to hold for humans too.' The only place in this survey where an agency identifies ABSORPTION, not elimination, as the controlling kinetic step for the longest-chain PFAS.",p. 32-33 (extracted lines 1236-1243),https://www.rivm.nl/bibliotheek/rapporten/2018-0070.pdf,national,Netherlands,Relative Potency Factors and Health-Based Guidance Value (used for drinking water and soil risk limits)
RIVM (Netherlands National Institute for Public Health and the Environment),Mixture exposure to PFAS: a Relative Potency Factor approach (RIVM Report 2018-0070),2018,PFBS,rat,M and F where reported,kinetic terminal half-life (Annex II Table A2 compilation adopted by RIVM),4.51 h (males); 3.96 h (females),as stated,,,terminal-phase half-life compilation underpinning RIVM's interspecies RPF read-across,Olsen et al. 2009,"Compiled by RIVM from FSANZ 2017, NJDWQI 2016, US EPA 2016a/2016b and Zeilmaker et al. 2016. The table is the quantitative basis for RIVM's claim that rat-human kinetic rank order is preserved. Notable features: the sex difference REVERSES between species for PFOA (male rats slower, female monkeys slower) and for PFNA and PFDA (female rats slower); and the PIG is consistently the slowest-eliminating non-human species (PFHxS 713 d, PFOS 634 d, PFOA 236 d), closer to humans than monkeys are.","Annex II, Table A2 'Kinetic terminal half-lives for PFASs', p. 43-44",https://www.rivm.nl/bibliotheek/rapporten/2018-0070.pdf,national,Netherlands,Relative Potency Factors and Health-Based Guidance Value (used for drinking water and soil risk limits)
RIVM (Netherlands National Institute for Public Health and the Environment),Mixture exposure to PFAS: a Relative Potency Factor approach (RIVM Report 2018-0070),2018,PFBS,mouse,M and F where reported,kinetic terminal half-life (Annex II Table A2 compilation adopted by RIVM),4.51 h,as stated,,,terminal-phase half-life compilation underpinning RIVM's interspecies RPF read-across,Olsen et al. 2009,"Compiled by RIVM from FSANZ 2017, NJDWQI 2016, US EPA 2016a/2016b and Zeilmaker et al. 2016. The table is the quantitative basis for RIVM's claim that rat-human kinetic rank order is preserved. Notable features: the sex difference REVERSES between species for PFOA (male rats slower, female monkeys slower) and for PFNA and PFDA (female rats slower); and the PIG is consistently the slowest-eliminating non-human species (PFHxS 713 d, PFOS 634 d, PFOA 236 d), closer to humans than monkeys are.","Annex II, Table A2 'Kinetic terminal half-lives for PFASs', p. 43-44",https://www.rivm.nl/bibliotheek/rapporten/2018-0070.pdf,national,Netherlands,Relative Potency Factors and Health-Based Guidance Value (used for drinking water and soil risk limits)
RIVM (Netherlands National Institute for Public Health and the Environment),Mixture exposure to PFAS: a Relative Potency Factor approach (RIVM Report 2018-0070),2018,PFBS,pig,M and F where reported,kinetic terminal half-life (Annex II Table A2 compilation adopted by RIVM),43 d,as stated,,,terminal-phase half-life compilation underpinning RIVM's interspecies RPF read-across,Numata et al. 2014,"Compiled by RIVM from FSANZ 2017, NJDWQI 2016, US EPA 2016a/2016b and Zeilmaker et al. 2016. The table is the quantitative basis for RIVM's claim that rat-human kinetic rank order is preserved. Notable features: the sex difference REVERSES between species for PFOA (male rats slower, female monkeys slower) and for PFNA and PFDA (female rats slower); and the PIG is consistently the slowest-eliminating non-human species (PFHxS 713 d, PFOS 634 d, PFOA 236 d), closer to humans than monkeys are.","Annex II, Table A2 'Kinetic terminal half-lives for PFASs', p. 43-44",https://www.rivm.nl/bibliotheek/rapporten/2018-0070.pdf,national,Netherlands,Relative Potency Factors and Health-Based Guidance Value (used for drinking water and soil risk limits)
RIVM (Netherlands National Institute for Public Health and the Environment),Mixture exposure to PFAS: a Relative Potency Factor approach (RIVM Report 2018-0070),2018,PFBS,monkey,M and F where reported,kinetic terminal half-life (Annex II Table A2 compilation adopted by RIVM),4 d (males); 3.5 d (females),as stated,,,terminal-phase half-life compilation underpinning RIVM's interspecies RPF read-across,Olsen et al. 2009,"Compiled by RIVM from FSANZ 2017, NJDWQI 2016, US EPA 2016a/2016b and Zeilmaker et al. 2016. The table is the quantitative basis for RIVM's claim that rat-human kinetic rank order is preserved. Notable features: the sex difference REVERSES between species for PFOA (male rats slower, female monkeys slower) and for PFNA and PFDA (female rats slower); and the PIG is consistently the slowest-eliminating non-human species (PFHxS 713 d, PFOS 634 d, PFOA 236 d), closer to humans than monkeys are.","Annex II, Table A2 'Kinetic terminal half-lives for PFASs', p. 43-44",https://www.rivm.nl/bibliotheek/rapporten/2018-0070.pdf,national,Netherlands,Relative Potency Factors and Health-Based Guidance Value (used for drinking water and soil risk limits)
RIVM (Netherlands National Institute for Public Health and the Environment),Mixture exposure to PFAS: a Relative Potency Factor approach (RIVM Report 2018-0070),2018,PFBS,human,M and F where reported,kinetic terminal half-life (Annex II Table A2 compilation adopted by RIVM),GM 25.8 d (6 subjects),as stated,,,terminal-phase half-life compilation underpinning RIVM's interspecies RPF read-across,Olsen et al. 2009,"Compiled by RIVM from FSANZ 2017, NJDWQI 2016, US EPA 2016a/2016b and Zeilmaker et al. 2016. The table is the quantitative basis for RIVM's claim that rat-human kinetic rank order is preserved. Notable features: the sex difference REVERSES between species for PFOA (male rats slower, female monkeys slower) and for PFNA and PFDA (female rats slower); and the PIG is consistently the slowest-eliminating non-human species (PFHxS 713 d, PFOS 634 d, PFOA 236 d), closer to humans than monkeys are.","Annex II, Table A2 'Kinetic terminal half-lives for PFASs', p. 43-44",https://www.rivm.nl/bibliotheek/rapporten/2018-0070.pdf,national,Netherlands,Relative Potency Factors and Health-Based Guidance Value (used for drinking water and soil risk limits)
RIVM (Netherlands National Institute for Public Health and the Environment),Mixture exposure to PFAS: a Relative Potency Factor approach (RIVM Report 2018-0070),2018,PFHxS,rat,M and F where reported,kinetic terminal half-life (Annex II Table A2 compilation adopted by RIVM),29.1 d (males); 1.64 d (females) - a 17.7-fold male:female ratio,as stated,,,terminal-phase half-life compilation underpinning RIVM's interspecies RPF read-across,Sundstrom et al. 2012,"Compiled by RIVM from FSANZ 2017, NJDWQI 2016, US EPA 2016a/2016b and Zeilmaker et al. 2016. The table is the quantitative basis for RIVM's claim that rat-human kinetic rank order is preserved. Notable features: the sex difference REVERSES between species for PFOA (male rats slower, female monkeys slower) and for PFNA and PFDA (female rats slower); and the PIG is consistently the slowest-eliminating non-human species (PFHxS 713 d, PFOS 634 d, PFOA 236 d), closer to humans than monkeys are.","Annex II, Table A2 'Kinetic terminal half-lives for PFASs', p. 43-44",https://www.rivm.nl/bibliotheek/rapporten/2018-0070.pdf,national,Netherlands,Relative Potency Factors and Health-Based Guidance Value (used for drinking water and soil risk limits)
RIVM (Netherlands National Institute for Public Health and the Environment),Mixture exposure to PFAS: a Relative Potency Factor approach (RIVM Report 2018-0070),2018,PFHxS,mouse,M and F where reported,kinetic terminal half-life (Annex II Table A2 compilation adopted by RIVM),31 d (males); 25 d (females),as stated,,,terminal-phase half-life compilation underpinning RIVM's interspecies RPF read-across,Sundstrom et al. 2012,"Compiled by RIVM from FSANZ 2017, NJDWQI 2016, US EPA 2016a/2016b and Zeilmaker et al. 2016. The table is the quantitative basis for RIVM's claim that rat-human kinetic rank order is preserved. Notable features: the sex difference REVERSES between species for PFOA (male rats slower, female monkeys slower) and for PFNA and PFDA (female rats slower); and the PIG is consistently the slowest-eliminating non-human species (PFHxS 713 d, PFOS 634 d, PFOA 236 d), closer to humans than monkeys are.","Annex II, Table A2 'Kinetic terminal half-lives for PFASs', p. 43-44",https://www.rivm.nl/bibliotheek/rapporten/2018-0070.pdf,national,Netherlands,Relative Potency Factors and Health-Based Guidance Value (used for drinking water and soil risk limits)
RIVM (Netherlands National Institute for Public Health and the Environment),Mixture exposure to PFAS: a Relative Potency Factor approach (RIVM Report 2018-0070),2018,PFHxS,pig,M and F where reported,kinetic terminal half-life (Annex II Table A2 compilation adopted by RIVM),713 d,as stated,,,terminal-phase half-life compilation underpinning RIVM's interspecies RPF read-across,Numata et al. 2014,"Compiled by RIVM from FSANZ 2017, NJDWQI 2016, US EPA 2016a/2016b and Zeilmaker et al. 2016. The table is the quantitative basis for RIVM's claim that rat-human kinetic rank order is preserved. Notable features: the sex difference REVERSES between species for PFOA (male rats slower, female monkeys slower) and for PFNA and PFDA (female rats slower); and the PIG is consistently the slowest-eliminating non-human species (PFHxS 713 d, PFOS 634 d, PFOA 236 d), closer to humans than monkeys are.","Annex II, Table A2 'Kinetic terminal half-lives for PFASs', p. 43-44",https://www.rivm.nl/bibliotheek/rapporten/2018-0070.pdf,national,Netherlands,Relative Potency Factors and Health-Based Guidance Value (used for drinking water and soil risk limits)
RIVM (Netherlands National Institute for Public Health and the Environment),Mixture exposure to PFAS: a Relative Potency Factor approach (RIVM Report 2018-0070),2018,PFHxS,monkey,M and F where reported,kinetic terminal half-life (Annex II Table A2 compilation adopted by RIVM),141 d (males); 87 d (females),as stated,,,terminal-phase half-life compilation underpinning RIVM's interspecies RPF read-across,Sundstrom et al. 2012,"Compiled by RIVM from FSANZ 2017, NJDWQI 2016, US EPA 2016a/2016b and Zeilmaker et al. 2016. The table is the quantitative basis for RIVM's claim that rat-human kinetic rank order is preserved. Notable features: the sex difference REVERSES between species for PFOA (male rats slower, female monkeys slower) and for PFNA and PFDA (female rats slower); and the PIG is consistently the slowest-eliminating non-human species (PFHxS 713 d, PFOS 634 d, PFOA 236 d), closer to humans than monkeys are.","Annex II, Table A2 'Kinetic terminal half-lives for PFASs', p. 43-44",https://www.rivm.nl/bibliotheek/rapporten/2018-0070.pdf,national,Netherlands,Relative Potency Factors and Health-Based Guidance Value (used for drinking water and soil risk limits)
RIVM (Netherlands National Institute for Public Health and the Environment),Mixture exposure to PFAS: a Relative Potency Factor approach (RIVM Report 2018-0070),2018,PFHxS,human,M and F where reported,kinetic terminal half-life (Annex II Table A2 compilation adopted by RIVM),occupational workers: AM 8.5 y (males); GM 7.3 y (females),as stated,,,terminal-phase half-life compilation underpinning RIVM's interspecies RPF read-across,Olsen et al. 2007,"Compiled by RIVM from FSANZ 2017, NJDWQI 2016, US EPA 2016a/2016b and Zeilmaker et al. 2016. The table is the quantitative basis for RIVM's claim that rat-human kinetic rank order is preserved. Notable features: the sex difference REVERSES between species for PFOA (male rats slower, female monkeys slower) and for PFNA and PFDA (female rats slower); and the PIG is consistently the slowest-eliminating non-human species (PFHxS 713 d, PFOS 634 d, PFOA 236 d), closer to humans than monkeys are.","Annex II, Table A2 'Kinetic terminal half-lives for PFASs', p. 43-44",https://www.rivm.nl/bibliotheek/rapporten/2018-0070.pdf,national,Netherlands,Relative Potency Factors and Health-Based Guidance Value (used for drinking water and soil risk limits)
RIVM (Netherlands National Institute for Public Health and the Environment),Mixture exposure to PFAS: a Relative Potency Factor approach (RIVM Report 2018-0070),2018,PFHpS,pig,M and F where reported,kinetic terminal half-life (Annex II Table A2 compilation adopted by RIVM),411 d (the only PFHpS half-life in the table),as stated,,,terminal-phase half-life compilation underpinning RIVM's interspecies RPF read-across,Numata et al. 2014,"Compiled by RIVM from FSANZ 2017, NJDWQI 2016, US EPA 2016a/2016b and Zeilmaker et al. 2016. The table is the quantitative basis for RIVM's claim that rat-human kinetic rank order is preserved. Notable features: the sex difference REVERSES between species for PFOA (male rats slower, female monkeys slower) and for PFNA and PFDA (female rats slower); and the PIG is consistently the slowest-eliminating non-human species (PFHxS 713 d, PFOS 634 d, PFOA 236 d), closer to humans than monkeys are.","Annex II, Table A2 'Kinetic terminal half-lives for PFASs', p. 43-44",https://www.rivm.nl/bibliotheek/rapporten/2018-0070.pdf,national,Netherlands,Relative Potency Factors and Health-Based Guidance Value (used for drinking water and soil risk limits)
RIVM (Netherlands National Institute for Public Health and the Environment),Mixture exposure to PFAS: a Relative Potency Factor approach (RIVM Report 2018-0070),2018,PFOS,rat,M and F where reported,kinetic terminal half-life (Annex II Table A2 compilation adopted by RIVM),27.8 d (males); 24.8 d (females),as stated,,,terminal-phase half-life compilation underpinning RIVM's interspecies RPF read-across,Kim et al. 2016,"Compiled by RIVM from FSANZ 2017, NJDWQI 2016, US EPA 2016a/2016b and Zeilmaker et al. 2016. The table is the quantitative basis for RIVM's claim that rat-human kinetic rank order is preserved. Notable features: the sex difference REVERSES between species for PFOA (male rats slower, female monkeys slower) and for PFNA and PFDA (female rats slower); and the PIG is consistently the slowest-eliminating non-human species (PFHxS 713 d, PFOS 634 d, PFOA 236 d), closer to humans than monkeys are.","Annex II, Table A2 'Kinetic terminal half-lives for PFASs', p. 43-44",https://www.rivm.nl/bibliotheek/rapporten/2018-0070.pdf,national,Netherlands,Relative Potency Factors and Health-Based Guidance Value (used for drinking water and soil risk limits)
RIVM (Netherlands National Institute for Public Health and the Environment),Mixture exposure to PFAS: a Relative Potency Factor approach (RIVM Report 2018-0070),2018,PFOS,mouse,M and F where reported,kinetic terminal half-life (Annex II Table A2 compilation adopted by RIVM),42.8 d (males); 37.8 d (females),as stated,,,terminal-phase half-life compilation underpinning RIVM's interspecies RPF read-across,Chang et al. 2012,"Compiled by RIVM from FSANZ 2017, NJDWQI 2016, US EPA 2016a/2016b and Zeilmaker et al. 2016. The table is the quantitative basis for RIVM's claim that rat-human kinetic rank order is preserved. Notable features: the sex difference REVERSES between species for PFOA (male rats slower, female monkeys slower) and for PFNA and PFDA (female rats slower); and the PIG is consistently the slowest-eliminating non-human species (PFHxS 713 d, PFOS 634 d, PFOA 236 d), closer to humans than monkeys are.","Annex II, Table A2 'Kinetic terminal half-lives for PFASs', p. 43-44",https://www.rivm.nl/bibliotheek/rapporten/2018-0070.pdf,national,Netherlands,Relative Potency Factors and Health-Based Guidance Value (used for drinking water and soil risk limits)
RIVM (Netherlands National Institute for Public Health and the Environment),Mixture exposure to PFAS: a Relative Potency Factor approach (RIVM Report 2018-0070),2018,PFOS,pig,M and F where reported,kinetic terminal half-life (Annex II Table A2 compilation adopted by RIVM),634 d,as stated,,,terminal-phase half-life compilation underpinning RIVM's interspecies RPF read-across,Numata et al. 2014,"Compiled by RIVM from FSANZ 2017, NJDWQI 2016, US EPA 2016a/2016b and Zeilmaker et al. 2016. The table is the quantitative basis for RIVM's claim that rat-human kinetic rank order is preserved. Notable features: the sex difference REVERSES between species for PFOA (male rats slower, female monkeys slower) and for PFNA and PFDA (female rats slower); and the PIG is consistently the slowest-eliminating non-human species (PFHxS 713 d, PFOS 634 d, PFOA 236 d), closer to humans than monkeys are.","Annex II, Table A2 'Kinetic terminal half-lives for PFASs', p. 43-44",https://www.rivm.nl/bibliotheek/rapporten/2018-0070.pdf,national,Netherlands,Relative Potency Factors and Health-Based Guidance Value (used for drinking water and soil risk limits)
RIVM (Netherlands National Institute for Public Health and the Environment),Mixture exposure to PFAS: a Relative Potency Factor approach (RIVM Report 2018-0070),2018,PFOS,monkey,M and F where reported,kinetic terminal half-life (Annex II Table A2 compilation adopted by RIVM),132 d (males); 110 d (females),as stated,,,terminal-phase half-life compilation underpinning RIVM's interspecies RPF read-across,Chang et al. 2012,"Compiled by RIVM from FSANZ 2017, NJDWQI 2016, US EPA 2016a/2016b and Zeilmaker et al. 2016. The table is the quantitative basis for RIVM's claim that rat-human kinetic rank order is preserved. Notable features: the sex difference REVERSES between species for PFOA (male rats slower, female monkeys slower) and for PFNA and PFDA (female rats slower); and the PIG is consistently the slowest-eliminating non-human species (PFHxS 713 d, PFOS 634 d, PFOA 236 d), closer to humans than monkeys are.","Annex II, Table A2 'Kinetic terminal half-lives for PFASs', p. 43-44",https://www.rivm.nl/bibliotheek/rapporten/2018-0070.pdf,national,Netherlands,Relative Potency Factors and Health-Based Guidance Value (used for drinking water and soil risk limits)
RIVM (Netherlands National Institute for Public Health and the Environment),Mixture exposure to PFAS: a Relative Potency Factor approach (RIVM Report 2018-0070),2018,PFOS,human,M and F where reported,kinetic terminal half-life (Annex II Table A2 compilation adopted by RIVM),occupational workers: 5.4 y,as stated,,,terminal-phase half-life compilation underpinning RIVM's interspecies RPF read-across,Olsen et al. 2007,"Compiled by RIVM from FSANZ 2017, NJDWQI 2016, US EPA 2016a/2016b and Zeilmaker et al. 2016. The table is the quantitative basis for RIVM's claim that rat-human kinetic rank order is preserved. Notable features: the sex difference REVERSES between species for PFOA (male rats slower, female monkeys slower) and for PFNA and PFDA (female rats slower); and the PIG is consistently the slowest-eliminating non-human species (PFHxS 713 d, PFOS 634 d, PFOA 236 d), closer to humans than monkeys are.","Annex II, Table A2 'Kinetic terminal half-lives for PFASs', p. 43-44",https://www.rivm.nl/bibliotheek/rapporten/2018-0070.pdf,national,Netherlands,Relative Potency Factors and Health-Based Guidance Value (used for drinking water and soil risk limits)
RIVM (Netherlands National Institute for Public Health and the Environment),Mixture exposure to PFAS: a Relative Potency Factor approach (RIVM Report 2018-0070),2018,PFBA,rat,M and F where reported,kinetic terminal half-life (Annex II Table A2 compilation adopted by RIVM),6.4-9.2 h (males); 1.0-1.8 h (females),as stated,,,terminal-phase half-life compilation underpinning RIVM's interspecies RPF read-across,Chang et al. 2008,"Compiled by RIVM from FSANZ 2017, NJDWQI 2016, US EPA 2016a/2016b and Zeilmaker et al. 2016. The table is the quantitative basis for RIVM's claim that rat-human kinetic rank order is preserved. Notable features: the sex difference REVERSES between species for PFOA (male rats slower, female monkeys slower) and for PFNA and PFDA (female rats slower); and the PIG is consistently the slowest-eliminating non-human species (PFHxS 713 d, PFOS 634 d, PFOA 236 d), closer to humans than monkeys are.","Annex II, Table A2 'Kinetic terminal half-lives for PFASs', p. 43-44",https://www.rivm.nl/bibliotheek/rapporten/2018-0070.pdf,national,Netherlands,Relative Potency Factors and Health-Based Guidance Value (used for drinking water and soil risk limits)
RIVM (Netherlands National Institute for Public Health and the Environment),Mixture exposure to PFAS: a Relative Potency Factor approach (RIVM Report 2018-0070),2018,PFBA,mouse,M and F where reported,kinetic terminal half-life (Annex II Table A2 compilation adopted by RIVM),5.2-16 h (males); 2.8-3.1 h (females),as stated,,,terminal-phase half-life compilation underpinning RIVM's interspecies RPF read-across,Chang et al. 2008,"Compiled by RIVM from FSANZ 2017, NJDWQI 2016, US EPA 2016a/2016b and Zeilmaker et al. 2016. The table is the quantitative basis for RIVM's claim that rat-human kinetic rank order is preserved. Notable features: the sex difference REVERSES between species for PFOA (male rats slower, female monkeys slower) and for PFNA and PFDA (female rats slower); and the PIG is consistently the slowest-eliminating non-human species (PFHxS 713 d, PFOS 634 d, PFOA 236 d), closer to humans than monkeys are.","Annex II, Table A2 'Kinetic terminal half-lives for PFASs', p. 43-44",https://www.rivm.nl/bibliotheek/rapporten/2018-0070.pdf,national,Netherlands,Relative Potency Factors and Health-Based Guidance Value (used for drinking water and soil risk limits)
RIVM (Netherlands National Institute for Public Health and the Environment),Mixture exposure to PFAS: a Relative Potency Factor approach (RIVM Report 2018-0070),2018,PFBA,monkey,M and F where reported,kinetic terminal half-life (Annex II Table A2 compilation adopted by RIVM),40.3 h (males); 41.0 h (females),as stated,,,terminal-phase half-life compilation underpinning RIVM's interspecies RPF read-across,Chang et al. 2008,"Compiled by RIVM from FSANZ 2017, NJDWQI 2016, US EPA 2016a/2016b and Zeilmaker et al. 2016. The table is the quantitative basis for RIVM's claim that rat-human kinetic rank order is preserved. Notable features: the sex difference REVERSES between species for PFOA (male rats slower, female monkeys slower) and for PFNA and PFDA (female rats slower); and the PIG is consistently the slowest-eliminating non-human species (PFHxS 713 d, PFOS 634 d, PFOA 236 d), closer to humans than monkeys are.","Annex II, Table A2 'Kinetic terminal half-lives for PFASs', p. 43-44",https://www.rivm.nl/bibliotheek/rapporten/2018-0070.pdf,national,Netherlands,Relative Potency Factors and Health-Based Guidance Value (used for drinking water and soil risk limits)
RIVM (Netherlands National Institute for Public Health and the Environment),Mixture exposure to PFAS: a Relative Potency Factor approach (RIVM Report 2018-0070),2018,PFBA,human,M and F where reported,kinetic terminal half-life (Annex II Table A2 compilation adopted by RIVM),occupational workers: AM 64.8 h (males); AM 81.6 h (females),as stated,,,terminal-phase half-life compilation underpinning RIVM's interspecies RPF read-across,Chang et al. 2008,"Compiled by RIVM from FSANZ 2017, NJDWQI 2016, US EPA 2016a/2016b and Zeilmaker et al. 2016. The table is the quantitative basis for RIVM's claim that rat-human kinetic rank order is preserved. Notable features: the sex difference REVERSES between species for PFOA (male rats slower, female monkeys slower) and for PFNA and PFDA (female rats slower); and the PIG is consistently the slowest-eliminating non-human species (PFHxS 713 d, PFOS 634 d, PFOA 236 d), closer to humans than monkeys are.","Annex II, Table A2 'Kinetic terminal half-lives for PFASs', p. 43-44",https://www.rivm.nl/bibliotheek/rapporten/2018-0070.pdf,national,Netherlands,Relative Potency Factors and Health-Based Guidance Value (used for drinking water and soil risk limits)
RIVM (Netherlands National Institute for Public Health and the Environment),Mixture exposure to PFAS: a Relative Potency Factor approach (RIVM Report 2018-0070),2018,PFHxA,rat,M and F where reported,kinetic terminal half-life (Annex II Table A2 compilation adopted by RIVM),1.0-2.8 h (males); 0.4-2.7 h (females),as stated,,,terminal-phase half-life compilation underpinning RIVM's interspecies RPF read-across,Chengelis et al. 2009,"Compiled by RIVM from FSANZ 2017, NJDWQI 2016, US EPA 2016a/2016b and Zeilmaker et al. 2016. The table is the quantitative basis for RIVM's claim that rat-human kinetic rank order is preserved. Notable features: the sex difference REVERSES between species for PFOA (male rats slower, female monkeys slower) and for PFNA and PFDA (female rats slower); and the PIG is consistently the slowest-eliminating non-human species (PFHxS 713 d, PFOS 634 d, PFOA 236 d), closer to humans than monkeys are.","Annex II, Table A2 'Kinetic terminal half-lives for PFASs', p. 43-44",https://www.rivm.nl/bibliotheek/rapporten/2018-0070.pdf,national,Netherlands,Relative Potency Factors and Health-Based Guidance Value (used for drinking water and soil risk limits)
RIVM (Netherlands National Institute for Public Health and the Environment),Mixture exposure to PFAS: a Relative Potency Factor approach (RIVM Report 2018-0070),2018,PFHxA,pig,M and F where reported,kinetic terminal half-life (Annex II Table A2 compilation adopted by RIVM),4.1 d,as stated,,,terminal-phase half-life compilation underpinning RIVM's interspecies RPF read-across,Numata et al. 2014,"Compiled by RIVM from FSANZ 2017, NJDWQI 2016, US EPA 2016a/2016b and Zeilmaker et al. 2016. The table is the quantitative basis for RIVM's claim that rat-human kinetic rank order is preserved. Notable features: the sex difference REVERSES between species for PFOA (male rats slower, female monkeys slower) and for PFNA and PFDA (female rats slower); and the PIG is consistently the slowest-eliminating non-human species (PFHxS 713 d, PFOS 634 d, PFOA 236 d), closer to humans than monkeys are.","Annex II, Table A2 'Kinetic terminal half-lives for PFASs', p. 43-44",https://www.rivm.nl/bibliotheek/rapporten/2018-0070.pdf,national,Netherlands,Relative Potency Factors and Health-Based Guidance Value (used for drinking water and soil risk limits)
RIVM (Netherlands National Institute for Public Health and the Environment),Mixture exposure to PFAS: a Relative Potency Factor approach (RIVM Report 2018-0070),2018,PFHxA,monkey,M and F where reported,kinetic terminal half-life (Annex II Table A2 compilation adopted by RIVM),14-47 h,as stated,,,terminal-phase half-life compilation underpinning RIVM's interspecies RPF read-across,Russell et al. 2013,"Compiled by RIVM from FSANZ 2017, NJDWQI 2016, US EPA 2016a/2016b and Zeilmaker et al. 2016. The table is the quantitative basis for RIVM's claim that rat-human kinetic rank order is preserved. Notable features: the sex difference REVERSES between species for PFOA (male rats slower, female monkeys slower) and for PFNA and PFDA (female rats slower); and the PIG is consistently the slowest-eliminating non-human species (PFHxS 713 d, PFOS 634 d, PFOA 236 d), closer to humans than monkeys are.","Annex II, Table A2 'Kinetic terminal half-lives for PFASs', p. 43-44",https://www.rivm.nl/bibliotheek/rapporten/2018-0070.pdf,national,Netherlands,Relative Potency Factors and Health-Based Guidance Value (used for drinking water and soil risk limits)
RIVM (Netherlands National Institute for Public Health and the Environment),Mixture exposure to PFAS: a Relative Potency Factor approach (RIVM Report 2018-0070),2018,PFHxA,human,M and F where reported,kinetic terminal half-life (Annex II Table A2 compilation adopted by RIVM),GM 32 d,as stated,,,terminal-phase half-life compilation underpinning RIVM's interspecies RPF read-across,Russell et al. 2013,"Compiled by RIVM from FSANZ 2017, NJDWQI 2016, US EPA 2016a/2016b and Zeilmaker et al. 2016. The table is the quantitative basis for RIVM's claim that rat-human kinetic rank order is preserved. Notable features: the sex difference REVERSES between species for PFOA (male rats slower, female monkeys slower) and for PFNA and PFDA (female rats slower); and the PIG is consistently the slowest-eliminating non-human species (PFHxS 713 d, PFOS 634 d, PFOA 236 d), closer to humans than monkeys are.","Annex II, Table A2 'Kinetic terminal half-lives for PFASs', p. 43-44",https://www.rivm.nl/bibliotheek/rapporten/2018-0070.pdf,national,Netherlands,Relative Potency Factors and Health-Based Guidance Value (used for drinking water and soil risk limits)
RIVM (Netherlands National Institute for Public Health and the Environment),Mixture exposure to PFAS: a Relative Potency Factor approach (RIVM Report 2018-0070),2018,PFHpA,mouse,M and F where reported,kinetic terminal half-life (Annex II Table A2 compilation adopted by RIVM),2.4 h (males); 1.2 h (females),as stated,,,terminal-phase half-life compilation underpinning RIVM's interspecies RPF read-across,Ohmori et al. 2003,"Compiled by RIVM from FSANZ 2017, NJDWQI 2016, US EPA 2016a/2016b and Zeilmaker et al. 2016. The table is the quantitative basis for RIVM's claim that rat-human kinetic rank order is preserved. Notable features: the sex difference REVERSES between species for PFOA (male rats slower, female monkeys slower) and for PFNA and PFDA (female rats slower); and the PIG is consistently the slowest-eliminating non-human species (PFHxS 713 d, PFOS 634 d, PFOA 236 d), closer to humans than monkeys are.","Annex II, Table A2 'Kinetic terminal half-lives for PFASs', p. 43-44",https://www.rivm.nl/bibliotheek/rapporten/2018-0070.pdf,national,Netherlands,Relative Potency Factors and Health-Based Guidance Value (used for drinking water and soil risk limits)
RIVM (Netherlands National Institute for Public Health and the Environment),Mixture exposure to PFAS: a Relative Potency Factor approach (RIVM Report 2018-0070),2018,PFHpA,pig,M and F where reported,kinetic terminal half-life (Annex II Table A2 compilation adopted by RIVM),74 d,as stated,,,terminal-phase half-life compilation underpinning RIVM's interspecies RPF read-across,Numata et al. 2014,"Compiled by RIVM from FSANZ 2017, NJDWQI 2016, US EPA 2016a/2016b and Zeilmaker et al. 2016. The table is the quantitative basis for RIVM's claim that rat-human kinetic rank order is preserved. Notable features: the sex difference REVERSES between species for PFOA (male rats slower, female monkeys slower) and for PFNA and PFDA (female rats slower); and the PIG is consistently the slowest-eliminating non-human species (PFHxS 713 d, PFOS 634 d, PFOA 236 d), closer to humans than monkeys are.","Annex II, Table A2 'Kinetic terminal half-lives for PFASs', p. 43-44",https://www.rivm.nl/bibliotheek/rapporten/2018-0070.pdf,national,Netherlands,Relative Potency Factors and Health-Based Guidance Value (used for drinking water and soil risk limits)
RIVM (Netherlands National Institute for Public Health and the Environment),Mixture exposure to PFAS: a Relative Potency Factor approach (RIVM Report 2018-0070),2018,PFHpA,human,M and F where reported,kinetic terminal half-life (Annex II Table A2 compilation adopted by RIVM),GM 0.82 y,as stated,,,terminal-phase half-life compilation underpinning RIVM's interspecies RPF read-across,Zhang et al. 2013,"Compiled by RIVM from FSANZ 2017, NJDWQI 2016, US EPA 2016a/2016b and Zeilmaker et al. 2016. The table is the quantitative basis for RIVM's claim that rat-human kinetic rank order is preserved. Notable features: the sex difference REVERSES between species for PFOA (male rats slower, female monkeys slower) and for PFNA and PFDA (female rats slower); and the PIG is consistently the slowest-eliminating non-human species (PFHxS 713 d, PFOS 634 d, PFOA 236 d), closer to humans than monkeys are.","Annex II, Table A2 'Kinetic terminal half-lives for PFASs', p. 43-44",https://www.rivm.nl/bibliotheek/rapporten/2018-0070.pdf,national,Netherlands,Relative Potency Factors and Health-Based Guidance Value (used for drinking water and soil risk limits)
RIVM (Netherlands National Institute for Public Health and the Environment),Mixture exposure to PFAS: a Relative Potency Factor approach (RIVM Report 2018-0070),2018,PFOA,rat,M and F where reported,kinetic terminal half-life (Annex II Table A2 compilation adopted by RIVM),1.6-1.8 d (males); 0.15-0.19 d (females) - a ~10-fold male:female ratio,as stated,,,terminal-phase half-life compilation underpinning RIVM's interspecies RPF read-across,Kim et al. 2016,"Compiled by RIVM from FSANZ 2017, NJDWQI 2016, US EPA 2016a/2016b and Zeilmaker et al. 2016. The table is the quantitative basis for RIVM's claim that rat-human kinetic rank order is preserved. Notable features: the sex difference REVERSES between species for PFOA (male rats slower, female monkeys slower) and for PFNA and PFDA (female rats slower); and the PIG is consistently the slowest-eliminating non-human species (PFHxS 713 d, PFOS 634 d, PFOA 236 d), closer to humans than monkeys are.","Annex II, Table A2 'Kinetic terminal half-lives for PFASs', p. 43-44",https://www.rivm.nl/bibliotheek/rapporten/2018-0070.pdf,national,Netherlands,Relative Potency Factors and Health-Based Guidance Value (used for drinking water and soil risk limits)
RIVM (Netherlands National Institute for Public Health and the Environment),Mixture exposure to PFAS: a Relative Potency Factor approach (RIVM Report 2018-0070),2018,PFOA,mouse,M and F where reported,kinetic terminal half-life (Annex II Table A2 compilation adopted by RIVM),21.7 d (males); 15.6 d (females),as stated,,,terminal-phase half-life compilation underpinning RIVM's interspecies RPF read-across,Lou et al. 2009,"Compiled by RIVM from FSANZ 2017, NJDWQI 2016, US EPA 2016a/2016b and Zeilmaker et al. 2016. The table is the quantitative basis for RIVM's claim that rat-human kinetic rank order is preserved. Notable features: the sex difference REVERSES between species for PFOA (male rats slower, female monkeys slower) and for PFNA and PFDA (female rats slower); and the PIG is consistently the slowest-eliminating non-human species (PFHxS 713 d, PFOS 634 d, PFOA 236 d), closer to humans than monkeys are.","Annex II, Table A2 'Kinetic terminal half-lives for PFASs', p. 43-44",https://www.rivm.nl/bibliotheek/rapporten/2018-0070.pdf,national,Netherlands,Relative Potency Factors and Health-Based Guidance Value (used for drinking water and soil risk limits)
RIVM (Netherlands National Institute for Public Health and the Environment),Mixture exposure to PFAS: a Relative Potency Factor approach (RIVM Report 2018-0070),2018,PFOA,pig,M and F where reported,kinetic terminal half-life (Annex II Table A2 compilation adopted by RIVM),236 d,as stated,,,terminal-phase half-life compilation underpinning RIVM's interspecies RPF read-across,Numata et al. 2014,"Compiled by RIVM from FSANZ 2017, NJDWQI 2016, US EPA 2016a/2016b and Zeilmaker et al. 2016. The table is the quantitative basis for RIVM's claim that rat-human kinetic rank order is preserved. Notable features: the sex difference REVERSES between species for PFOA (male rats slower, female monkeys slower) and for PFNA and PFDA (female rats slower); and the PIG is consistently the slowest-eliminating non-human species (PFHxS 713 d, PFOS 634 d, PFOA 236 d), closer to humans than monkeys are.","Annex II, Table A2 'Kinetic terminal half-lives for PFASs', p. 43-44",https://www.rivm.nl/bibliotheek/rapporten/2018-0070.pdf,national,Netherlands,Relative Potency Factors and Health-Based Guidance Value (used for drinking water and soil risk limits)
RIVM (Netherlands National Institute for Public Health and the Environment),Mixture exposure to PFAS: a Relative Potency Factor approach (RIVM Report 2018-0070),2018,PFOA,monkey,M and F where reported,kinetic terminal half-life (Annex II Table A2 compilation adopted by RIVM),"21 d (males); 30 d (females) - note females SLOWER, opposite to the rat",as stated,,,terminal-phase half-life compilation underpinning RIVM's interspecies RPF read-across,Butenhoff et al. 2004,"Compiled by RIVM from FSANZ 2017, NJDWQI 2016, US EPA 2016a/2016b and Zeilmaker et al. 2016. The table is the quantitative basis for RIVM's claim that rat-human kinetic rank order is preserved. Notable features: the sex difference REVERSES between species for PFOA (male rats slower, female monkeys slower) and for PFNA and PFDA (female rats slower); and the PIG is consistently the slowest-eliminating non-human species (PFHxS 713 d, PFOS 634 d, PFOA 236 d), closer to humans than monkeys are.","Annex II, Table A2 'Kinetic terminal half-lives for PFASs', p. 43-44",https://www.rivm.nl/bibliotheek/rapporten/2018-0070.pdf,national,Netherlands,Relative Potency Factors and Health-Based Guidance Value (used for drinking water and soil risk limits)
RIVM (Netherlands National Institute for Public Health and the Environment),Mixture exposure to PFAS: a Relative Potency Factor approach (RIVM Report 2018-0070),2018,PFOA,human,M and F where reported,kinetic terminal half-life (Annex II Table A2 compilation adopted by RIVM),"occupational workers AM 3.8 y (Olsen et al. 2007); contaminated drinking water adults 2.3 y (Bartell et al. 2010), 3.3 y (Brede et al. 2010)",as stated,,,terminal-phase half-life compilation underpinning RIVM's interspecies RPF read-across,Olsen et al. 2007; Bartell et al. 2010; Brede et al. 2010,"Compiled by RIVM from FSANZ 2017, NJDWQI 2016, US EPA 2016a/2016b and Zeilmaker et al. 2016. The table is the quantitative basis for RIVM's claim that rat-human kinetic rank order is preserved. Notable features: the sex difference REVERSES between species for PFOA (male rats slower, female monkeys slower) and for PFNA and PFDA (female rats slower); and the PIG is consistently the slowest-eliminating non-human species (PFHxS 713 d, PFOS 634 d, PFOA 236 d), closer to humans than monkeys are.","Annex II, Table A2 'Kinetic terminal half-lives for PFASs', p. 43-44",https://www.rivm.nl/bibliotheek/rapporten/2018-0070.pdf,national,Netherlands,Relative Potency Factors and Health-Based Guidance Value (used for drinking water and soil risk limits)
RIVM (Netherlands National Institute for Public Health and the Environment),Mixture exposure to PFAS: a Relative Potency Factor approach (RIVM Report 2018-0070),2018,PFNA,rat,M and F where reported,kinetic terminal half-life (Annex II Table A2 compilation adopted by RIVM),24 d (males); 32 d (females) - females SLOWER,as stated,,,terminal-phase half-life compilation underpinning RIVM's interspecies RPF read-across,Tatum-Gibbs et al. 2011,"Compiled by RIVM from FSANZ 2017, NJDWQI 2016, US EPA 2016a/2016b and Zeilmaker et al. 2016. The table is the quantitative basis for RIVM's claim that rat-human kinetic rank order is preserved. Notable features: the sex difference REVERSES between species for PFOA (male rats slower, female monkeys slower) and for PFNA and PFDA (female rats slower); and the PIG is consistently the slowest-eliminating non-human species (PFHxS 713 d, PFOS 634 d, PFOA 236 d), closer to humans than monkeys are.","Annex II, Table A2 'Kinetic terminal half-lives for PFASs', p. 43-44",https://www.rivm.nl/bibliotheek/rapporten/2018-0070.pdf,national,Netherlands,Relative Potency Factors and Health-Based Guidance Value (used for drinking water and soil risk limits)
RIVM (Netherlands National Institute for Public Health and the Environment),Mixture exposure to PFAS: a Relative Potency Factor approach (RIVM Report 2018-0070),2018,PFNA,mouse,M and F where reported,kinetic terminal half-life (Annex II Table A2 compilation adopted by RIVM),131.2 d (males); 47.3 d (females),as stated,,,terminal-phase half-life compilation underpinning RIVM's interspecies RPF read-across,Tatum-Gibbs et al. 2011,"Compiled by RIVM from FSANZ 2017, NJDWQI 2016, US EPA 2016a/2016b and Zeilmaker et al. 2016. The table is the quantitative basis for RIVM's claim that rat-human kinetic rank order is preserved. Notable features: the sex difference REVERSES between species for PFOA (male rats slower, female monkeys slower) and for PFNA and PFDA (female rats slower); and the PIG is consistently the slowest-eliminating non-human species (PFHxS 713 d, PFOS 634 d, PFOA 236 d), closer to humans than monkeys are.","Annex II, Table A2 'Kinetic terminal half-lives for PFASs', p. 43-44",https://www.rivm.nl/bibliotheek/rapporten/2018-0070.pdf,national,Netherlands,Relative Potency Factors and Health-Based Guidance Value (used for drinking water and soil risk limits)
RIVM (Netherlands National Institute for Public Health and the Environment),Mixture exposure to PFAS: a Relative Potency Factor approach (RIVM Report 2018-0070),2018,PFNA,human,M and F where reported,kinetic terminal half-life (Annex II Table A2 compilation adopted by RIVM),GM 1.7-3.2 y,as stated,,,terminal-phase half-life compilation underpinning RIVM's interspecies RPF read-across,Zhang et al. 2013,"Compiled by RIVM from FSANZ 2017, NJDWQI 2016, US EPA 2016a/2016b and Zeilmaker et al. 2016. The table is the quantitative basis for RIVM's claim that rat-human kinetic rank order is preserved. Notable features: the sex difference REVERSES between species for PFOA (male rats slower, female monkeys slower) and for PFNA and PFDA (female rats slower); and the PIG is consistently the slowest-eliminating non-human species (PFHxS 713 d, PFOS 634 d, PFOA 236 d), closer to humans than monkeys are.","Annex II, Table A2 'Kinetic terminal half-lives for PFASs', p. 43-44",https://www.rivm.nl/bibliotheek/rapporten/2018-0070.pdf,national,Netherlands,Relative Potency Factors and Health-Based Guidance Value (used for drinking water and soil risk limits)
RIVM (Netherlands National Institute for Public Health and the Environment),Mixture exposure to PFAS: a Relative Potency Factor approach (RIVM Report 2018-0070),2018,PFDA,rat,M and F where reported,kinetic terminal half-life (Annex II Table A2 compilation adopted by RIVM),40 d (males); 59 d (females) - females SLOWER,as stated,,,terminal-phase half-life compilation underpinning RIVM's interspecies RPF read-across,Ohmori et al. 2003,"Compiled by RIVM from FSANZ 2017, NJDWQI 2016, US EPA 2016a/2016b and Zeilmaker et al. 2016. The table is the quantitative basis for RIVM's claim that rat-human kinetic rank order is preserved. Notable features: the sex difference REVERSES between species for PFOA (male rats slower, female monkeys slower) and for PFNA and PFDA (female rats slower); and the PIG is consistently the slowest-eliminating non-human species (PFHxS 713 d, PFOS 634 d, PFOA 236 d), closer to humans than monkeys are.","Annex II, Table A2 'Kinetic terminal half-lives for PFASs', p. 43-44",https://www.rivm.nl/bibliotheek/rapporten/2018-0070.pdf,national,Netherlands,Relative Potency Factors and Health-Based Guidance Value (used for drinking water and soil risk limits)
RIVM (Netherlands National Institute for Public Health and the Environment),Mixture exposure to PFAS: a Relative Potency Factor approach (RIVM Report 2018-0070),2018,PFDA,human,M and F where reported,kinetic terminal half-life (Annex II Table A2 compilation adopted by RIVM),GM 4-7.1 y,as stated,,,terminal-phase half-life compilation underpinning RIVM's interspecies RPF read-across,Zhang et al. 2013,"Compiled by RIVM from FSANZ 2017, NJDWQI 2016, US EPA 2016a/2016b and Zeilmaker et al. 2016. The table is the quantitative basis for RIVM's claim that rat-human kinetic rank order is preserved. Notable features: the sex difference REVERSES between species for PFOA (male rats slower, female monkeys slower) and for PFNA and PFDA (female rats slower); and the PIG is consistently the slowest-eliminating non-human species (PFHxS 713 d, PFOS 634 d, PFOA 236 d), closer to humans than monkeys are.","Annex II, Table A2 'Kinetic terminal half-lives for PFASs', p. 43-44",https://www.rivm.nl/bibliotheek/rapporten/2018-0070.pdf,national,Netherlands,Relative Potency Factors and Health-Based Guidance Value (used for drinking water and soil risk limits)
RIVM (Netherlands National Institute for Public Health and the Environment),Mixture exposure to PFAS: a Relative Potency Factor approach (RIVM Report 2018-0070),2018,PFUnDA,human,M and F where reported,kinetic terminal half-life (Annex II Table A2 compilation adopted by RIVM),GM 4-7.4 y,as stated,,,terminal-phase half-life compilation underpinning RIVM's interspecies RPF read-across,Zhang et al. 2013,"Compiled by RIVM from FSANZ 2017, NJDWQI 2016, US EPA 2016a/2016b and Zeilmaker et al. 2016. The table is the quantitative basis for RIVM's claim that rat-human kinetic rank order is preserved. Notable features: the sex difference REVERSES between species for PFOA (male rats slower, female monkeys slower) and for PFNA and PFDA (female rats slower); and the PIG is consistently the slowest-eliminating non-human species (PFHxS 713 d, PFOS 634 d, PFOA 236 d), closer to humans than monkeys are.","Annex II, Table A2 'Kinetic terminal half-lives for PFASs', p. 43-44",https://www.rivm.nl/bibliotheek/rapporten/2018-0070.pdf,national,Netherlands,Relative Potency Factors and Health-Based Guidance Value (used for drinking water and soil risk limits)
