study,year,pmid,doi,transporter,gene,species_orthologue,chemical,n_perfluorinated_carbons,head_group,expression_system,measurement_type,km,km_units,vmax,vmax_units,ic50,ic50_units,uptake_ratio,substrate_or_inhibitor,direction_reabsorption_or_secretion,sex_or_hormone_effect,source_table
"Weaver YM, Ehresman DJ, Butenhoff JL, Hagenbuch B",2010,19915082,10.1093/toxsci/kfp275,Oat1,Slc22a6,rat,PFHpA,6,carboxylate,"HEK293 transient transfection (LC-MS/MS, 1 min)","Km/Vmax (Michaelis-Menten, direct substrate uptake)",50.5 +/- 13.9,uM,2.2 +/- 0.2,nmol/mg protein/min,,,,substrate,secretion (basolateral uptake from blood into PTC),Oat1/Oat3 mRNA not markedly sex-different in the Kudo 2002 rats per Weaver 2010 Discussion,Table 1 (Vmax/Km = 0.04 +/- 0.01 ml/mg protein/min)
"Weaver YM, Ehresman DJ, Butenhoff JL, Hagenbuch B",2010,19915082,10.1093/toxsci/kfp275,Oat1,Slc22a6,rat,PFOA,7,carboxylate,"HEK293 transient transfection (LC-MS/MS, 1 min)","Km/Vmax (Michaelis-Menten, direct substrate uptake)",43.2 +/- 15.5,uM,2.6 +/- 0.3,nmol/mg protein/min,,,,substrate,secretion (basolateral uptake from blood into PTC),Oat1/Oat3 mRNA not markedly sex-different in the Kudo 2002 rats per Weaver 2010 Discussion,Table 1 (Vmax/Km = 0.06 +/- 0.02 ml/mg protein/min)
"Weaver YM, Ehresman DJ, Butenhoff JL, Hagenbuch B",2010,19915082,10.1093/toxsci/kfp275,Oat3,Slc22a8,rat,PFOA,7,carboxylate,"HEK293 transient transfection (LC-MS/MS, 1 min)","Km/Vmax (Michaelis-Menten, direct substrate uptake)",65.7 +/- 12.1,uM,3.8 +/- 0.5,nmol/mg protein/min,,,,substrate,secretion (basolateral uptake from blood into PTC),Oat1/Oat3 mRNA not markedly sex-different in the Kudo 2002 rats per Weaver 2010 Discussion,Table 1 (Vmax/Km = 0.06 +/- 0.01 ml/mg protein/min)
"Weaver YM, Ehresman DJ, Butenhoff JL, Hagenbuch B",2010,19915082,10.1093/toxsci/kfp275,Oat3,Slc22a8,rat,PFNA,8,carboxylate,"HEK293 transient transfection (LC-MS/MS, 1 min)","Km/Vmax (Michaelis-Menten, direct substrate uptake)",174.5 +/- 32.4,uM,8.7 +/- 0.8,nmol/mg protein/min,,,,substrate,secretion (basolateral uptake from blood into PTC),Oat1/Oat3 mRNA not markedly sex-different in the Kudo 2002 rats per Weaver 2010 Discussion,Table 1 (Vmax/Km = 0.05 +/- 0.01 ml/mg protein/min)
"Weaver YM, Ehresman DJ, Butenhoff JL, Hagenbuch B",2010,19915082,10.1093/toxsci/kfp275,Oatp1a1,Slco1a1,rat,PFOA,7,carboxylate,CHO stably expressing rat Oatp1a1 (1 min),"Km/Vmax (Michaelis-Menten, direct substrate uptake)",126.4 +/- 23.9,uM,9.3 +/- 1.4,nmol/mg protein/min,,,,substrate,REABSORPTION (apical uptake from tubular fluid into PTC),male-predominant renal expression (Oatp1a1); cited as basis for 25-40x faster PFOA elimination in female rats,Table 2 (Vmax/Km = 0.07 +/- 0.02 ml/mg protein/min)
"Weaver YM, Ehresman DJ, Butenhoff JL, Hagenbuch B",2010,19915082,10.1093/toxsci/kfp275,Oatp1a1,Slco1a1,rat,PFNA,8,carboxylate,CHO stably expressing rat Oatp1a1 (1 min),"Km/Vmax (Michaelis-Menten, direct substrate uptake)",20.5 +/- 6.8,uM,3.6 +/- 0.5,nmol/mg protein/min,,,,substrate,REABSORPTION (apical uptake from tubular fluid into PTC),male-predominant renal expression (Oatp1a1); cited as basis for 25-40x faster PFOA elimination in female rats,Table 2 (Vmax/Km = 0.18 +/- 0.06 ml/mg protein/min)
"Weaver YM, Ehresman DJ, Butenhoff JL, Hagenbuch B",2010,19915082,10.1093/toxsci/kfp275,Oatp1a1,Slco1a1,rat,PFDA,9,carboxylate,CHO stably expressing rat Oatp1a1 (1 min),"Km/Vmax (Michaelis-Menten, direct substrate uptake)",28.5 +/- 5.6,uM,3.8 +/- 0.3,nmol/mg protein/min,,,,substrate,REABSORPTION (apical uptake from tubular fluid into PTC),male-predominant renal expression (Oatp1a1); cited as basis for 25-40x faster PFOA elimination in female rats,Table 2 (Vmax/Km = 0.13 +/- 0.03 ml/mg protein/min)
"Weaver YM, Ehresman DJ, Butenhoff JL, Hagenbuch B",2010,19915082,10.1093/toxsci/kfp275,Oat2,Slc22a7,rat,"PFHpA, PFOA, PFNA, PFDA (C7-C10)",6-9,carboxylate,FlpIn-CHO stable and FlpIn-HEK293 transient rat Oat2,direct uptake at 100 uM vs vector control; plus inhibition of [3H]-PAH at 10 and 100 uM,,,,,,,no significant net Oat2-mediated uptake (ratio ~1),inhibitor only (not a substrate); most PFCAs inhibited PAH uptake 40-60% at 10 uM with no chain-length dependence,"apical in rat (female-predominant); would be reabsorptive if it transported PFCAs, but it does not",rat renal Oat2 is female-predominant (Buist 2002); PFOA not transported so cannot explain sex difference,"Figs 8A, 9A and Results/Discussion text"
"Weaver YM, Ehresman DJ, Butenhoff JL, Hagenbuch B",2010,19915082,10.1093/toxsci/kfp275,Urat1,Slc22a12,rat,PFOA,7,carboxylate,HEK293 transient rat Urat1,inhibition of [14C]-uric acid uptake; direct uptake at 100 uM,,,,,~30% inhibition of uric acid uptake at 100 uM (no IC50 fitted),percent inhibition at 100 uM,~1.3 (C8 uptake ~one third higher than empty-vector cells),weak/equivocal substrate; signal-to-noise too low to characterise,REABSORPTION (apical) if operative,not assessed,"Figs 8B, 9B and Results text"
"Weaver YM, Ehresman DJ, Butenhoff JL, Hagenbuch B",2010,19915082,10.1093/toxsci/kfp275,Oat1,Slc22a6,rat,"PFHxA, PFHpA, PFOA (C6, C7, C8)",5-7,carboxylate,HEK293 transient rat Oat1,inhibition screen of [3H]-PAH uptake by C2-C18 PFCAs at 10 uM,,,,,"significant inhibition only by C6, C7, C8 at 10 uM; C7 strongest (no IC50 fitted)",qualitative at 10 uM,,inhibitor and substrate,secretion (basolateral),not assessed in this paper,Fig 2A
"Weaver YM, Ehresman DJ, Butenhoff JL, Hagenbuch B",2010,19915082,10.1093/toxsci/kfp275,Oatp1a1,Slco1a1,rat,"PFNA, PFDA, PFUnDA (C9, C10, C11)",8-10,carboxylate,CHO stably expressing rat Oatp1a1,inhibition of [3H]-estradiol-17beta-glucuronide uptake at 10 uM PFCA,,,,,20-40% inhibition at 10 uM (C10 strongest); no IC50 fitted,percent inhibition at 10 uM,,inhibitor and substrate,REABSORPTION (apical),male-predominant renal expression,Fig 6A
"Yang CH, Glover KP, Han X",2009,19616083,10.1016/j.toxlet.2009.07.011,Oatp1a1,Slco1a1,rat,PFOA,7,carboxylate,CHO cells stably transfected with rat Oatp1a1 cDNA (sodium butyrate-inducible),Km (saturable direct uptake),162.2 +/- 20.2,uM,,,,,,substrate,"REABSORPTION (apical, tubular reabsorption)",sex-dependent (male-predominant) Oatp1a1 expression in rat kidney proposed as the mechanism of sex-dependent renal PFOA elimination,Abstract/Results (PubMed abstract); Km also quoted in Weaver 2010 Discussion
"Yang CH, Glover KP, Han X",2009,19616083,10.1016/j.toxlet.2009.07.011,Oatp1a1,Slco1a1,rat,PFHxA,5,carboxylate,CHO cells stably expressing rat Oatp1a1,"apparent inhibition constant Ki,app for inhibition of estrone-3-sulfate uptake",,,,,1857.8,"uM (Ki,app, not IC50)",,inhibitor; inferred substrate,REABSORPTION (apical),"log Ki,app negatively linear with chain length and positively linear with log total clearance in male rats (in vitro-to-in vivo correlation)","Yang 2009 Ki,app values as quoted verbatim in Weaver 2010 (PMC2807038) Discussion; EPA 2023 IRIS PFHxA review quotes PFHxA Ki=1,858 uM and PFOA Ki=84 uM"
"Yang CH, Glover KP, Han X",2009,19616083,10.1016/j.toxlet.2009.07.011,Oatp1a1,Slco1a1,rat,PFHpA,6,carboxylate,CHO cells stably expressing rat Oatp1a1,"apparent inhibition constant Ki,app for inhibition of estrone-3-sulfate uptake",,,,,398.9,"uM (Ki,app, not IC50)",,inhibitor; inferred substrate,REABSORPTION (apical),"log Ki,app negatively linear with chain length and positively linear with log total clearance in male rats (in vitro-to-in vivo correlation)","Yang 2009 Ki,app values as quoted verbatim in Weaver 2010 (PMC2807038) Discussion; EPA 2023 IRIS PFHxA review quotes PFHxA Ki=1,858 uM and PFOA Ki=84 uM"
"Yang CH, Glover KP, Han X",2009,19616083,10.1016/j.toxlet.2009.07.011,Oatp1a1,Slco1a1,rat,PFOA,7,carboxylate,CHO cells stably expressing rat Oatp1a1,"apparent inhibition constant Ki,app for inhibition of estrone-3-sulfate uptake",,,,,83.8,"uM (Ki,app, not IC50)",,inhibitor; inferred substrate,REABSORPTION (apical),"log Ki,app negatively linear with chain length and positively linear with log total clearance in male rats (in vitro-to-in vivo correlation)","Yang 2009 Ki,app values as quoted verbatim in Weaver 2010 (PMC2807038) Discussion; EPA 2023 IRIS PFHxA review quotes PFHxA Ki=1,858 uM and PFOA Ki=84 uM"
"Yang CH, Glover KP, Han X",2009,19616083,10.1016/j.toxlet.2009.07.011,Oatp1a1,Slco1a1,rat,PFNA,8,carboxylate,CHO cells stably expressing rat Oatp1a1,"apparent inhibition constant Ki,app for inhibition of estrone-3-sulfate uptake",,,,,44.6,"uM (Ki,app, not IC50)",,inhibitor; inferred substrate,REABSORPTION (apical),"log Ki,app negatively linear with chain length and positively linear with log total clearance in male rats (in vitro-to-in vivo correlation)","Yang 2009 Ki,app values as quoted verbatim in Weaver 2010 (PMC2807038) Discussion; EPA 2023 IRIS PFHxA review quotes PFHxA Ki=1,858 uM and PFOA Ki=84 uM"
"Yang CH, Glover KP, Han X",2009,19616083,10.1016/j.toxlet.2009.07.011,Oatp1a1,Slco1a1,rat,PFDA,9,carboxylate,CHO cells stably expressing rat Oatp1a1,"apparent inhibition constant Ki,app for inhibition of estrone-3-sulfate uptake",,,,,26.8,"uM (Ki,app, not IC50)",,inhibitor; inferred substrate,REABSORPTION (apical),"log Ki,app negatively linear with chain length and positively linear with log total clearance in male rats (in vitro-to-in vivo correlation)","Yang 2009 Ki,app values as quoted verbatim in Weaver 2010 (PMC2807038) Discussion; EPA 2023 IRIS PFHxA review quotes PFHxA Ki=1,858 uM and PFOA Ki=84 uM"
"Yang CH, Glover KP, Han X",2009,19616083,10.1016/j.toxlet.2009.07.011,Oatp1a1,Slco1a1,rat,"PFBA, PFPeA (C4, C5)",3-4,carboxylate,CHO cells stably expressing rat Oatp1a1,inhibition of estrone-3-sulfate uptake at 1 mM,,,,,no apparent inhibition at 1 mM,qualitative at 1000 uM,,neither (no interaction),REABSORPTION (apical) - not operative for C4-C5,explains why short-chain PFCAs show little sex difference attributable to Oatp1a1,Abstract (PubMed)
"Yang CH, Glover KP, Han X",2010,20639259,10.1093/toxsci/kfq219,OAT4,SLC22A11,human,PFOA,7,carboxylate,stably transfected cell line (CHO per MeSH indexing); 30 s uptake,Km at pH 6.0,172.3 +/- 45.9,uM,,,,,,substrate,REABSORPTION (apical),none reported,Abstract (PubMed); pH 6 condition
"Yang CH, Glover KP, Han X",2010,20639259,10.1093/toxsci/kfq219,OAT4,SLC22A11,human,PFOA,7,carboxylate,stably transfected cell line (CHO per MeSH indexing),Km at pH 7.4,310.3 +/- 30.2,uM,37 (as quoted by Louisse 2023),nmol/min/mg protein,,,,substrate,REABSORPTION (apical),none reported,Abstract (PubMed); Vmax value secondary from Louisse 2023 Introduction
"Yang CH, Glover KP, Han X",2010,20639259,10.1093/toxsci/kfq219,URAT1,SLC22A12,human,PFOA,7,carboxylate,stably transfected HEK293,Km in absence of extracellular Cl- (outward Cl- gradient),64.1 +/- 30.5,uM,0.32 (as quoted by Louisse 2023),nmol/min/mg protein,,,,substrate,REABSORPTION (apical),none reported,Abstract (PubMed); Vmax value secondary from Louisse 2023 Introduction (URAT1 efficiency 24-fold lower than OAT4)
"Yang CH, Glover KP, Han X",2010,20639259,10.1093/toxsci/kfq219,OATP1A2,SLCO1A2,human,PFOA,7,carboxylate,"OATP1A2-expressing HEK293 vs mock, 30 s, pH 6/7/8",saturable uptake test,,,,,,,no saturable PFOA uptake above mock,NOT a substrate (inhibitor of OATP1A2-mediated estrone-3-sulfate uptake only),"apical/reabsorptive in principle, but not operative for PFOA",none reported,Abstract and Fig 1 (PubMed)
"Yang CH, Glover KP, Han X",2010,20639259,10.1093/toxsci/kfq219,OAT4 and URAT1,SLC22A11; SLC22A12,human,linear PFCAs C4-C12,3-11,carboxylate,transfected cell lines,inhibition of OAT4-mediated estrone-3-sulfate and URAT1-mediated urate uptake,,,,,clear chain-length-dependent inhibition (values not given in abstract),qualitative,,inhibitors; inferred substrates with chain-length-dependent affinity,REABSORPTION,none reported,Abstract (PubMed)
"Nakagawa H, Hirata T, Terada T, Jutabha P, Miura D, Harada KH, Inoue K, Anzai N, Endou H, Inui K, Kanai Y, Koizumi A",2008,18373647,10.1111/j.1742-7843.2007.00155.x,OAT1,SLC22A6,human,PFOA,7,carboxylate,transient expression cell system (HEK293) with [14C]-PFOA,Km (direct uptake),48.0 +/- 6.4,uM,,,,,,substrate,secretion (basolateral uptake from blood into PTC),not assessed,Abstract (PubMed); human-vs-rat orthologues measured in the SAME system - key direct species comparison
"Nakagawa H, Hirata T, Terada T, Jutabha P, Miura D, Harada KH, Inoue K, Anzai N, Endou H, Inui K, Kanai Y, Koizumi A",2008,18373647,10.1111/j.1742-7843.2007.00155.x,OAT1,Slc22a6,rat,PFOA,7,carboxylate,transient expression cell system (HEK293) with [14C]-PFOA,Km (direct uptake),51.0 +/- 12.0,uM,,,,,,substrate,secretion (basolateral uptake from blood into PTC),not assessed,Abstract (PubMed); human-vs-rat orthologues measured in the SAME system - key direct species comparison
"Nakagawa H, Hirata T, Terada T, Jutabha P, Miura D, Harada KH, Inoue K, Anzai N, Endou H, Inui K, Kanai Y, Koizumi A",2008,18373647,10.1111/j.1742-7843.2007.00155.x,OAT3,SLC22A8,human,PFOA,7,carboxylate,transient expression cell system (HEK293) with [14C]-PFOA,Km (direct uptake),49.1 +/- 21.4,uM,,,,,,substrate,secretion (basolateral uptake from blood into PTC),not assessed,Abstract (PubMed); human-vs-rat orthologues measured in the SAME system - key direct species comparison
"Nakagawa H, Hirata T, Terada T, Jutabha P, Miura D, Harada KH, Inoue K, Anzai N, Endou H, Inui K, Kanai Y, Koizumi A",2008,18373647,10.1111/j.1742-7843.2007.00155.x,OAT3,Slc22a8,rat,PFOA,7,carboxylate,transient expression cell system (HEK293) with [14C]-PFOA,Km (direct uptake),80.2 +/- 17.8,uM,,,,,,substrate,secretion (basolateral uptake from blood into PTC),not assessed,Abstract (PubMed); human-vs-rat orthologues measured in the SAME system - key direct species comparison
"Nakagawa H, Hirata T, Terada T, Jutabha P, Miura D, Harada KH, Inoue K, Anzai N, Endou H, Inui K, Kanai Y, Koizumi A",2008,18373647,10.1111/j.1742-7843.2007.00155.x,OAT2,SLC22A7 / Slc22a7,human and rat (same system),PFOA,7,carboxylate,transient expression cell system (HEK293) with [14C]-PFOA,direct uptake,,,,,,,no transport (neither hOAT2 nor rOAT2),NOT a substrate,"basolateral in human, apical in rat; not operative for PFOA either way","rat renal Oat2 strongly female-predominant, but since it does not transport PFOA it cannot cause the sex difference",Abstract (PubMed)
"Nakagawa H, Terada T, Harada KH, Hitomi T, Inoue K, Inui K, Koizumi A",2009,19371258,10.1111/j.1742-7843.2009.00409.x,OAT4,SLC22A11,human,PFOA,7,carboxylate,cultured cells expressing hOAT4 (per MeSH),uptake (qualitative),,,,,,,active uptake reported; no kinetic parameters reported,substrate,REABSORPTION (apical),not assessed,"Short communication; PubMed abstract not available; characterisation 'active, no kinetic characteristics' per OEHHA 2021/2024 PHG Table A6.3"
"Louisse J, Dellafiora L, van den Heuvel JJMW, Rijkers D, Leenders L, Dorne JCM, Punt A, Russel FGM, Koenderink JB",2023,36436016,10.1007/s00204-022-03428-6,OAT4,SLC22A11,human,PFHpA,6,carboxylate,baculovirus-transduced HEK293 cells (OAT4) vs eYFP control; 1 min uptake; LC-MS/MS; control-subtracted,apparent Km/Vmax (Michaelis-Menten),60 (15),uM (best-fit value with SE in brackets),4.5 (0.4),nmol/min/mg protein,,,,substrate,REABSORPTION (apical reuptake of PFAS from pre-urine),not assessed,Table 1 (transporter efficiency Vmax/Km = 75 uL/min/mg protein)
"Louisse J, Dellafiora L, van den Heuvel JJMW, Rijkers D, Leenders L, Dorne JCM, Punt A, Russel FGM, Koenderink JB",2023,36436016,10.1007/s00204-022-03428-6,OAT4,SLC22A11,human,PFOA,7,carboxylate,baculovirus-transduced HEK293 cells (OAT4) vs eYFP control; 1 min uptake; LC-MS/MS; control-subtracted,apparent Km/Vmax (Michaelis-Menten),47 (15),uM (best-fit value with SE in brackets),4.5 (0.5),nmol/min/mg protein,,,,substrate,REABSORPTION (apical reuptake of PFAS from pre-urine),not assessed,Table 1 (transporter efficiency Vmax/Km = 96 uL/min/mg protein)
"Louisse J, Dellafiora L, van den Heuvel JJMW, Rijkers D, Leenders L, Dorne JCM, Punt A, Russel FGM, Koenderink JB",2023,36436016,10.1007/s00204-022-03428-6,OAT4,SLC22A11,human,PFNA,8,carboxylate,baculovirus-transduced HEK293 cells (OAT4) vs eYFP control; 1 min uptake; LC-MS/MS; control-subtracted,apparent Km/Vmax (Michaelis-Menten),58 (15),uM (best-fit value with SE in brackets),8.5 (0.7),nmol/min/mg protein,,,,substrate,REABSORPTION (apical reuptake of PFAS from pre-urine),not assessed,Table 1 (transporter efficiency Vmax/Km = 147 uL/min/mg protein)
"Louisse J, Dellafiora L, van den Heuvel JJMW, Rijkers D, Leenders L, Dorne JCM, Punt A, Russel FGM, Koenderink JB",2023,36436016,10.1007/s00204-022-03428-6,OAT4,SLC22A11,human,PFDA,9,carboxylate,baculovirus-transduced HEK293 cells (OAT4) vs eYFP control; 1 min uptake; LC-MS/MS; control-subtracted,apparent Km/Vmax (Michaelis-Menten),39 (15),uM (best-fit value with SE in brackets),6.0 (0.7),nmol/min/mg protein,,,,substrate,REABSORPTION (apical reuptake of PFAS from pre-urine),not assessed,Table 1 (transporter efficiency Vmax/Km = 154 uL/min/mg protein)
"Louisse J, Dellafiora L, van den Heuvel JJMW, Rijkers D, Leenders L, Dorne JCM, Punt A, Russel FGM, Koenderink JB",2023,36436016,10.1007/s00204-022-03428-6,OAT4,SLC22A11,human,PFHxS,6,sulfonate,baculovirus-transduced HEK293 cells (OAT4) vs eYFP control; 1 min uptake; LC-MS/MS; control-subtracted,apparent Km/Vmax (Michaelis-Menten),92 (33),uM (best-fit value with SE in brackets),7.3 (1.0),nmol/min/mg protein,,,,substrate,REABSORPTION (apical reuptake of PFAS from pre-urine),not assessed,Table 1 (transporter efficiency Vmax/Km = 79 uL/min/mg protein)
"Louisse J, Dellafiora L, van den Heuvel JJMW, Rijkers D, Leenders L, Dorne JCM, Punt A, Russel FGM, Koenderink JB",2023,36436016,10.1007/s00204-022-03428-6,OAT4,SLC22A11,human,PFOS,8,sulfonate,baculovirus-transduced HEK293 cells (OAT4) vs eYFP control; 1 min uptake; LC-MS/MS; control-subtracted,apparent Km/Vmax (Michaelis-Menten),48 (24),uM (best-fit value with SE in brackets),2.2 (0.4),nmol/min/mg protein,,,,substrate,REABSORPTION (apical reuptake of PFAS from pre-urine),not assessed,Table 1 (transporter efficiency Vmax/Km = 46 uL/min/mg protein)
"Louisse J, Dellafiora L, van den Heuvel JJMW, Rijkers D, Leenders L, Dorne JCM, Punt A, Russel FGM, Koenderink JB",2023,36436016,10.1007/s00204-022-03428-6,OAT4,SLC22A11,human,PFBS,4,sulfonate,baculovirus-transduced HEK293 cells (OAT4) vs eYFP control; 1 and 10 uM screen,screening uptake ratio (threshold 2-fold),,,,,,,"<2 (not substantially transported; Km/Vmax not determinable, reported as NA)",NOT a substrate,REABSORPTION - not operative for PFBS,not assessed,Table 1 (NA) and Fig 2
"Louisse J, Dellafiora L, van den Heuvel JJMW, Rijkers D, Leenders L, Dorne JCM, Punt A, Russel FGM, Koenderink JB",2023,36436016,10.1007/s00204-022-03428-6,URAT1,SLC22A12,human,"PFHpA, PFOA, PFNA, PFDA, PFBS, PFHxS, PFOS",4-9,carboxylate and sulfonate,baculovirus-transduced HEK293 cells (URAT1) vs eYFP control; 10 min at 1 uM and 10 uM,screening uptake ratio (threshold 2-fold),,,,,,,<2 for all 7 congeners at both 1 and 10 uM (virtually no transport),NOT substrates in this system,REABSORPTION (apical) - not operative in this system,not assessed,Fig 2 and Supplementary Fig 1; CONTRADICTS Yang 2010 which reported URAT1-mediated PFOA Km=64.1 uM
"Louisse J, Pedroni L, van den Heuvel JJMW, et al.",2024,39343156,10.1016/j.tox.2024.153961,OAT1,SLC22A6,human,"substrates: PFHpA, PFOA | non-substrates: PFNA, PFBS, PFHxS, PFOS",4-8,carboxylate and sulfonate,OAT-transduced HEK293 cells vs control-transduced,clear uptake vs control (qualitative; no Km reported in abstract),,,,,,,clear uptake for the listed substrates only,substrate/non-substrate classification,secretion (OAT1/OAT3 basolateral); OAT2 basolateral in human,not assessed,Abstract (ScienceDirect/PubMed); full Km table not retrieved (paywalled)
"Louisse J, Pedroni L, van den Heuvel JJMW, et al.",2024,39343156,10.1016/j.tox.2024.153961,OAT2,SLC22A7,human,"substrates: none | non-substrates: PFHpA, PFOA, PFNA, PFBS, PFHxS, PFOS",4-8,carboxylate and sulfonate,OAT-transduced HEK293 cells vs control-transduced,clear uptake vs control (qualitative; no Km reported in abstract),,,,,,,clear uptake for the listed substrates only,substrate/non-substrate classification,secretion (OAT1/OAT3 basolateral); OAT2 basolateral in human,not assessed,Abstract (ScienceDirect/PubMed); full Km table not retrieved (paywalled)
"Louisse J, Pedroni L, van den Heuvel JJMW, et al.",2024,39343156,10.1016/j.tox.2024.153961,OAT3,SLC22A8,human,"substrates: PFHpA, PFOA, PFNA, PFHxS | non-substrates: PFBS, PFOS",4-8,carboxylate and sulfonate,OAT-transduced HEK293 cells vs control-transduced,clear uptake vs control (qualitative; no Km reported in abstract),,,,,,,clear uptake for the listed substrates only,substrate/non-substrate classification,secretion (OAT1/OAT3 basolateral); OAT2 basolateral in human,not assessed,Abstract (ScienceDirect/PubMed); full Km table not retrieved (paywalled)
"Zhao W, Zitzow JD, Ehresman DJ, Chang SC, Butenhoff JL, Forster J, Hagenbuch B",2015,26001962,10.1093/toxsci/kfv102,NTCP,SLC10A1,human,PFBS,4,sulfonate,CHO Flp-In stably expressing hNTCP; Na+-dependent net uptake,Km/Vmax (Michaelis-Menten),39.6 +/- 8.2,uM,3.7 +/- 0.3,nmol/mg protein/min,,,,substrate,"hepatic uptake (sinusoidal); supports hepatic retention / enterohepatic recirculation, lengthens half-life",not assessed,Table 2 (Vmax/Km = 0.1 +/- 0.02 ml/mg protein/min). rNTCP-PFOS kinetics not reported
"Zhao W, Zitzow JD, Ehresman DJ, Chang SC, Butenhoff JL, Forster J, Hagenbuch B",2015,26001962,10.1093/toxsci/kfv102,NTCP,SLC10A1,human,PFHxS,6,sulfonate,CHO Flp-In stably expressing hNTCP; Na+-dependent net uptake,Km/Vmax (Michaelis-Menten),112 +/- 32.9,uM,23.2 +/- 3.0,nmol/mg protein/min,,,,substrate,"hepatic uptake (sinusoidal); supports hepatic retention / enterohepatic recirculation, lengthens half-life",not assessed,Table 2 (Vmax/Km = 0.2 +/- 0.07 ml/mg protein/min). rNTCP-PFOS kinetics not reported
"Zhao W, Zitzow JD, Ehresman DJ, Chang SC, Butenhoff JL, Forster J, Hagenbuch B",2015,26001962,10.1093/toxsci/kfv102,NTCP,SLC10A1,human,PFOS,8,sulfonate,CHO Flp-In stably expressing hNTCP; Na+-dependent net uptake,Km/Vmax (Michaelis-Menten),130 +/- 32.9,uM,30.7 +/- 3.2,nmol/mg protein/min,,,,substrate,"hepatic uptake (sinusoidal); supports hepatic retention / enterohepatic recirculation, lengthens half-life",not assessed,Table 2 (Vmax/Km = 0.2 +/- 0.06 ml/mg protein/min). rNTCP-PFOS kinetics not reported
"Zhao W, Zitzow JD, Ehresman DJ, Chang SC, Butenhoff JL, Forster J, Hagenbuch B",2015,26001962,10.1093/toxsci/kfv102,Ntcp,Slc10a1,rat,PFBS,4,sulfonate,HEK293 transiently transfected with rNTCP; Na+-dependent net uptake,Km/Vmax (Michaelis-Menten),76.2 +/- 23.6,uM,2.2 +/- 0.3,nmol/mg protein/min,,,,substrate,"hepatic uptake (sinusoidal); supports hepatic retention / enterohepatic recirculation, lengthens half-life",not assessed,Table 2 (Vmax/Km = 0.03 +/- 0.01 ml/mg protein/min). rNTCP-PFOS kinetics not reported
"Zhao W, Zitzow JD, Ehresman DJ, Chang SC, Butenhoff JL, Forster J, Hagenbuch B",2015,26001962,10.1093/toxsci/kfv102,Ntcp,Slc10a1,rat,PFHxS,6,sulfonate,HEK293 transiently transfected with rNTCP; Na+-dependent net uptake,Km/Vmax (Michaelis-Menten),294 +/- 121,uM,8.1 +/- 1.8,nmol/mg protein/min,,,,substrate,"hepatic uptake (sinusoidal); supports hepatic retention / enterohepatic recirculation, lengthens half-life",not assessed,Table 2 (Vmax/Km = 0.03 +/- 0.01 ml/mg protein/min). rNTCP-PFOS kinetics not reported
"Zhao W, Zitzow JD, Ehresman DJ, Chang SC, Butenhoff JL, Forster J, Hagenbuch B",2015,26001962,10.1093/toxsci/kfv102,ASBT,SLC10A2,human,PFOS,8,sulfonate,"HEK293 transiently expressing hASBT; 10 uM, 2 min, +/- sodium",Na+-dependent uptake (qualitative),,,,,,,Na+-dependent uptake observed for PFOS only (not PFBS or PFHxS),substrate,"REABSORPTION (apical: ileal enterocytes, cholangiocytes and renal proximal tubule) - lengthens half-life",not assessed,Fig 7A
"Zhao W, Zitzow JD, Ehresman DJ, Chang SC, Butenhoff JL, Forster J, Hagenbuch B",2015,26001962,10.1093/toxsci/kfv102,Asbt,Slc10a2,rat,"PFBS, PFHxS, PFOS",4-8,sulfonate,"HEK293 transiently expressing rASBT; 10 uM, 2 min, +/- sodium",Na+-dependent uptake (qualitative),,,,,,,none of the 3 PFAS transported,NOT substrates,REABSORPTION (apical) - not operative in rat,not assessed,Fig 7B; human-vs-rat ASBT direct comparison in the same system - a clear qualitative species difference
"Zhao W, Zitzow JD, Ehresman DJ, Chang SC, Butenhoff JL, Forster J, Hagenbuch B",2015,26001962,10.1093/toxsci/kfv102,OSTalpha/OSTbeta,SLC51A/SLC51B,human,"PFBS, PFHxS, PFOS",4-8,sulfonate,transfected cells co-expressing human OSTalpha and OSTbeta,uptake (qualitative),,,,,,,all 3 PFAS transported,substrates,"basolateral efflux out of enterocyte/hepatocyte into blood - completes enterohepatic recirculation, lengthens half-life",not assessed,Abstract and Results
"Zhao W, Zitzow JD, Ehresman DJ, Chang SC, Butenhoff JL, Forster J, Hagenbuch B",2015,26001962,10.1093/toxsci/kfv102,MRP2,ABCC2,human,PFBS,4,sulfonate,Sf9 insect-cell membrane vesicles expressing human transporter,inhibition of model-substrate transport at 10 and 100 uM (no IC50 fitted),,,,,no inhibition of CDCF transport at 10 or 100 uM,qualitative at 10/100 uM,,inhibitor only (PFAS transport by these efflux pumps not demonstrated here),"apical efflux = secretion (MRP2, BCRP) / biliary efflux (BSEP); inhibition would REDUCE secretion of co-substrates",not assessed,Fig 6A-C
"Zhao W, Zitzow JD, Ehresman DJ, Chang SC, Butenhoff JL, Forster J, Hagenbuch B",2015,26001962,10.1093/toxsci/kfv102,MRP2,ABCC2,human,PFHxS,6,sulfonate,Sf9 insect-cell membrane vesicles expressing human transporter,inhibition of model-substrate transport at 10 and 100 uM (no IC50 fitted),,,,,significant inhibition of CDCF transport at 100 uM,qualitative at 10/100 uM,,inhibitor only (PFAS transport by these efflux pumps not demonstrated here),"apical efflux = secretion (MRP2, BCRP) / biliary efflux (BSEP); inhibition would REDUCE secretion of co-substrates",not assessed,Fig 6A-C
"Zhao W, Zitzow JD, Ehresman DJ, Chang SC, Butenhoff JL, Forster J, Hagenbuch B",2015,26001962,10.1093/toxsci/kfv102,MRP2,ABCC2,human,PFOS,8,sulfonate,Sf9 insect-cell membrane vesicles expressing human transporter,inhibition of model-substrate transport at 10 and 100 uM (no IC50 fitted),,,,,>80% inhibition of CDCF transport at 100 uM; also significant at 10 uM,qualitative at 10/100 uM,,inhibitor only (PFAS transport by these efflux pumps not demonstrated here),"apical efflux = secretion (MRP2, BCRP) / biliary efflux (BSEP); inhibition would REDUCE secretion of co-substrates",not assessed,Fig 6A-C
"Zhao W, Zitzow JD, Ehresman DJ, Chang SC, Butenhoff JL, Forster J, Hagenbuch B",2015,26001962,10.1093/toxsci/kfv102,BCRP,ABCG2,human,"PFBS, PFHxS, PFOS",4-8,sulfonate,Sf9 insect-cell membrane vesicles expressing human transporter,inhibition of model-substrate transport at 10 and 100 uM (no IC50 fitted),,,,,all 3 decreased [3H]-estrone-3-sulfate transport; only 100 uM PFHxS statistically significant,qualitative at 10/100 uM,,inhibitor only (PFAS transport by these efflux pumps not demonstrated here),"apical efflux = secretion (MRP2, BCRP) / biliary efflux (BSEP); inhibition would REDUCE secretion of co-substrates",not assessed,Fig 6A-C
"Zhao W, Zitzow JD, Ehresman DJ, Chang SC, Butenhoff JL, Forster J, Hagenbuch B",2015,26001962,10.1093/toxsci/kfv102,BSEP,ABCB11,human,PFOS,8,sulfonate,Sf9 insect-cell membrane vesicles expressing human transporter,inhibition of model-substrate transport at 10 and 100 uM (no IC50 fitted),,,,,inhibition of [3H]-taurocholate transport only at 100 uM; PFBS and PFHxS no effect,qualitative at 10/100 uM,,inhibitor only (PFAS transport by these efflux pumps not demonstrated here),"apical efflux = secretion (MRP2, BCRP) / biliary efflux (BSEP); inhibition would REDUCE secretion of co-substrates",not assessed,Fig 6A-C
"Zhao W, Zitzow JD, Weaver Y, Ehresman DJ, Chang SC, Butenhoff JL, Hagenbuch B",2017,28013215,10.1093/toxsci/kfw236,OATP1B1,SLCO1B1,human,PFBS,4,sulfonate,"CHO or HEK293 cells expressing the OATP (stable/transient); initial-rate uptake, LC-MS/MS",Km/Vmax (Michaelis-Menten),80 +/- 47,uM,0.25 +/- 0.06,nmol/mg protein/min,,,,substrate,"hepatic sinusoidal uptake - promotes hepatic sequestration and enterohepatic recirculation, lengthens half-life",not assessed,Table 3 (Vmax/Km = 2.5 uL/mg protein/min)
"Zhao W, Zitzow JD, Weaver Y, Ehresman DJ, Chang SC, Butenhoff JL, Hagenbuch B",2017,28013215,10.1093/toxsci/kfw236,OATP1B1,SLCO1B1,human,PFHxS,6,sulfonate,"CHO or HEK293 cells expressing the OATP (stable/transient); initial-rate uptake, LC-MS/MS",Km/Vmax (Michaelis-Menten),101 +/- 32,uM,2.10 +/- 0.31,nmol/mg protein/min,,,,substrate,"hepatic sinusoidal uptake - promotes hepatic sequestration and enterohepatic recirculation, lengthens half-life",not assessed,Table 3 (Vmax/Km = 21 uL/mg protein/min)
"Zhao W, Zitzow JD, Weaver Y, Ehresman DJ, Chang SC, Butenhoff JL, Hagenbuch B",2017,28013215,10.1093/toxsci/kfw236,OATP1B1,SLCO1B1,human,PFOS,8,sulfonate,"CHO or HEK293 cells expressing the OATP (stable/transient); initial-rate uptake, LC-MS/MS",Km/Vmax (Michaelis-Menten),23 +/- 6,uM,0.80 +/- 0.07,nmol/mg protein/min,,,,substrate,"hepatic sinusoidal uptake - promotes hepatic sequestration and enterohepatic recirculation, lengthens half-life",not assessed,Table 3 (Vmax/Km = 35 uL/mg protein/min)
"Zhao W, Zitzow JD, Weaver Y, Ehresman DJ, Chang SC, Butenhoff JL, Hagenbuch B",2017,28013215,10.1093/toxsci/kfw236,OATP1B3,SLCO1B3,human,PFBS,4,sulfonate,"CHO or HEK293 cells expressing the OATP (stable/transient); initial-rate uptake, LC-MS/MS",Km/Vmax (Michaelis-Menten),63 +/- 37,uM,0.24 +/- 0.07,nmol/mg protein/min,,,,substrate,"hepatic sinusoidal uptake - promotes hepatic sequestration and enterohepatic recirculation, lengthens half-life",not assessed,Table 3 (Vmax/Km = 3.2 uL/mg protein/min)
"Zhao W, Zitzow JD, Weaver Y, Ehresman DJ, Chang SC, Butenhoff JL, Hagenbuch B",2017,28013215,10.1093/toxsci/kfw236,OATP1B3,SLCO1B3,human,PFHxS,6,sulfonate,"CHO or HEK293 cells expressing the OATP (stable/transient); initial-rate uptake, LC-MS/MS",Km/Vmax (Michaelis-Menten),86 +/- 24,uM,2.43 +/- 0.27,nmol/mg protein/min,,,,substrate,"hepatic sinusoidal uptake - promotes hepatic sequestration and enterohepatic recirculation, lengthens half-life",not assessed,Table 3 (Vmax/Km = 28 uL/mg protein/min)
"Zhao W, Zitzow JD, Weaver Y, Ehresman DJ, Chang SC, Butenhoff JL, Hagenbuch B",2017,28013215,10.1093/toxsci/kfw236,OATP1B3,SLCO1B3,human,PFOS,8,sulfonate,"CHO or HEK293 cells expressing the OATP (stable/transient); initial-rate uptake, LC-MS/MS",Km/Vmax (Michaelis-Menten),32 +/- 19,uM,1.02 +/- 0.24,nmol/mg protein/min,,,,substrate,"hepatic sinusoidal uptake - promotes hepatic sequestration and enterohepatic recirculation, lengthens half-life",not assessed,Table 3 (Vmax/Km = 31 uL/mg protein/min)
"Zhao W, Zitzow JD, Weaver Y, Ehresman DJ, Chang SC, Butenhoff JL, Hagenbuch B",2017,28013215,10.1093/toxsci/kfw236,OATP2B1,SLCO2B1,human,PFBS,4,sulfonate,"CHO or HEK293 cells expressing the OATP (stable/transient); initial-rate uptake, LC-MS/MS",Km/Vmax (Michaelis-Menten),122 +/- 57,uM,0.56 +/- 0.11,nmol/mg protein/min,,,,substrate,"hepatic sinusoidal uptake - promotes hepatic sequestration and enterohepatic recirculation, lengthens half-life",not assessed,Table 3 (Vmax/Km = 4.9 uL/mg protein/min)
"Zhao W, Zitzow JD, Weaver Y, Ehresman DJ, Chang SC, Butenhoff JL, Hagenbuch B",2017,28013215,10.1093/toxsci/kfw236,OATP2B1,SLCO2B1,human,PFHxS,6,sulfonate,"CHO or HEK293 cells expressing the OATP (stable/transient); initial-rate uptake, LC-MS/MS",Km/Vmax (Michaelis-Menten),53 +/- 19,uM,1.99 +/- 0.22,nmol/mg protein/min,,,,substrate,"hepatic sinusoidal uptake - promotes hepatic sequestration and enterohepatic recirculation, lengthens half-life",not assessed,Table 3 (Vmax/Km = 38 uL/mg protein/min)
"Zhao W, Zitzow JD, Weaver Y, Ehresman DJ, Chang SC, Butenhoff JL, Hagenbuch B",2017,28013215,10.1093/toxsci/kfw236,OATP2B1,SLCO2B1,human,PFOS,8,sulfonate,"CHO or HEK293 cells expressing the OATP (stable/transient); initial-rate uptake, LC-MS/MS",Km/Vmax (Michaelis-Menten),48 +/- 19,uM,4.73 +/- 0.65,nmol/mg protein/min,,,,substrate,"hepatic sinusoidal uptake - promotes hepatic sequestration and enterohepatic recirculation, lengthens half-life",not assessed,Table 3 (Vmax/Km = 99 uL/mg protein/min)
"Zhao W, Zitzow JD, Weaver Y, Ehresman DJ, Chang SC, Butenhoff JL, Hagenbuch B",2017,28013215,10.1093/toxsci/kfw236,Oatp1a1,Slco1a1,rat,PFHxS,6,sulfonate,"CHO or HEK293 cells expressing the OATP (stable/transient); initial-rate uptake, LC-MS/MS",Km/Vmax (Michaelis-Menten),256 +/- 69,uM,1.01 +/- 0.14,nmol/mg protein/min,,,,substrate,rat: apical kidney (REABSORPTION) and sinusoidal liver (hepatic uptake),rat Oatp1a1 male-predominant in kidney,Table 4 (Vmax/Km = 3.9 uL/mg protein/min)
"Zhao W, Zitzow JD, Weaver Y, Ehresman DJ, Chang SC, Butenhoff JL, Hagenbuch B",2017,28013215,10.1093/toxsci/kfw236,Oatp1a1,Slco1a1,rat,PFOS,8,sulfonate,"CHO or HEK293 cells expressing the OATP (stable/transient); initial-rate uptake, LC-MS/MS",Km/Vmax (Michaelis-Menten),37 +/- 19,uM,0.66 +/- 0.14,nmol/mg protein/min,,,,substrate,rat: apical kidney (REABSORPTION) and sinusoidal liver (hepatic uptake),rat Oatp1a1 male-predominant in kidney,Table 4 (Vmax/Km = 19 uL/mg protein/min)
"Zhao W, Zitzow JD, Weaver Y, Ehresman DJ, Chang SC, Butenhoff JL, Hagenbuch B",2017,28013215,10.1093/toxsci/kfw236,Oatp1a5,Slco1a5,rat,PFBS,4,sulfonate,"CHO or HEK293 cells expressing the OATP (stable/transient); initial-rate uptake, LC-MS/MS",Km/Vmax (Michaelis-Menten),117 +/- 41,uM,0.23 +/- 0.04,nmol/mg protein/min,,,,substrate,"rat Oatp1a5: apical/brush border (REABSORPTION in kidney, also intestine)",not assessed,Table 4 (Vmax/Km = 1.7 uL/mg protein/min)
"Zhao W, Zitzow JD, Weaver Y, Ehresman DJ, Chang SC, Butenhoff JL, Hagenbuch B",2017,28013215,10.1093/toxsci/kfw236,Oatp1a5,Slco1a5,rat,PFHxS,6,sulfonate,"CHO or HEK293 cells expressing the OATP (stable/transient); initial-rate uptake, LC-MS/MS",Km/Vmax (Michaelis-Menten),160 +/- 122,uM,1.24 +/- 0.47,nmol/mg protein/min,,,,substrate,"rat Oatp1a5: apical/brush border (REABSORPTION in kidney, also intestine)",not assessed,Table 4 (Vmax/Km = 7.5 uL/mg protein/min)
"Zhao W, Zitzow JD, Weaver Y, Ehresman DJ, Chang SC, Butenhoff JL, Hagenbuch B",2017,28013215,10.1093/toxsci/kfw236,Oatp1a5,Slco1a5,rat,PFOS,8,sulfonate,"CHO or HEK293 cells expressing the OATP (stable/transient); initial-rate uptake, LC-MS/MS",Km/Vmax (Michaelis-Menten),55 +/- 18,uM,1.18 +/- 0.13,nmol/mg protein/min,,,,substrate,"rat Oatp1a5: apical/brush border (REABSORPTION in kidney, also intestine)",not assessed,Table 4 (Vmax/Km = 22 uL/mg protein/min)
"Zhao W, Zitzow JD, Weaver Y, Ehresman DJ, Chang SC, Butenhoff JL, Hagenbuch B",2017,28013215,10.1093/toxsci/kfw236,Oatp1b2 and Oatp2b1,Slco1b2; Slco2b1,rat,"PFBS, PFHxS, PFOS",4-8,sulfonate,"transfected cells; 10 uM, 1 and 5 min",net transporter-mediated uptake (qualitative),,,,,,,all 3 PFAS transported by both; net uptake of PFBS about 10-fold lower than PFHxS and PFOS,substrates,"hepatic sinusoidal uptake, lengthens half-life",not assessed,Fig 6 and Results text
US EPA (2024) PFOA assessment citing Zhao W et al. 2017,2017,28013215,10.1093/toxsci/kfw236,"OATP1B1, OATP1B3, OATP2B1",SLCO1B1; SLCO1B3; SLCO2B1,human,PFOA (C8) and PFNA (C9) transported; PFHpA (C7) not,6-8,carboxylate,CHO and HEK293 cells transfected with transporter cDNA,qualitative substrate determination,,,,,,,PFOA and PFNA transported; PFHpA not,"substrate (C8, C9); non-substrate (C7)","hepatic sinusoidal uptake, lengthens half-life",not assessed,"EPA 2024 PFOA human health toxicity assessment, Section 3.3.1.4.2 (secondary citation of Zhao 2017b)"
"Ryu S, Yamaguchi E, Sadegh Modaresi SM, et al.",2024,38801906,10.1016/j.chemosphere.2024.142390,OAT1,SLC22A6,human,PFBA,3,carboxylate,transporter-transfected HEK293 vs HEK293 wild-type; uptake ratio = (area ratio/mg protein transfected)/(wild-type); 5 uM screen; Caco-2 for Papp,transporter uptake ratio (>=2-fold = substrate per FDA 2020),,,,,,,<2-fold (not classified as substrate),not a substrate at the 2-fold threshold,secretion (basolateral),not assessed,Table 1 (Papp pH 7.4 A-B = 0.93 x10-6 cm/s; ECCS class 3A)
"Ryu S, Yamaguchi E, Sadegh Modaresi SM, et al.",2024,38801906,10.1016/j.chemosphere.2024.142390,OAT2,SLC22A7,human,PFBA,3,carboxylate,transporter-transfected HEK293 vs HEK293 wild-type; uptake ratio = (area ratio/mg protein transfected)/(wild-type); 5 uM screen; Caco-2 for Papp,transporter uptake ratio (>=2-fold = substrate per FDA 2020),,,,,,,<2-fold (not classified as substrate),not a substrate at the 2-fold threshold,secretion (basolateral in human),not assessed,Table 1 (Papp pH 7.4 A-B = 0.93 x10-6 cm/s; ECCS class 3A)
"Ryu S, Yamaguchi E, Sadegh Modaresi SM, et al.",2024,38801906,10.1016/j.chemosphere.2024.142390,OAT3,SLC22A8,human,PFBA,3,carboxylate,transporter-transfected HEK293 vs HEK293 wild-type; uptake ratio = (area ratio/mg protein transfected)/(wild-type); 5 uM screen; Caco-2 for Papp,transporter uptake ratio (>=2-fold = substrate per FDA 2020),,,,,,,<2-fold (not classified as substrate),not a substrate at the 2-fold threshold,secretion (basolateral),not assessed,Table 1 (Papp pH 7.4 A-B = 0.93 x10-6 cm/s; ECCS class 3A)
"Ryu S, Yamaguchi E, Sadegh Modaresi SM, et al.",2024,38801906,10.1016/j.chemosphere.2024.142390,OAT4,SLC22A11,human,PFBA,3,carboxylate,transporter-transfected HEK293 vs HEK293 wild-type; uptake ratio = (area ratio/mg protein transfected)/(wild-type); 5 uM screen; Caco-2 for Papp,transporter uptake ratio (>=2-fold = substrate per FDA 2020),,,,,,,<2-fold (not classified as substrate),not a substrate at the 2-fold threshold,REABSORPTION (apical),not assessed,Table 1 (Papp pH 7.4 A-B = 0.93 x10-6 cm/s; ECCS class 3A)
"Ryu S, Yamaguchi E, Sadegh Modaresi SM, et al.",2024,38801906,10.1016/j.chemosphere.2024.142390,OCT2,SLC22A2,human,PFBA,3,carboxylate,transporter-transfected HEK293 vs HEK293 wild-type; uptake ratio = (area ratio/mg protein transfected)/(wild-type); 5 uM screen; Caco-2 for Papp,transporter uptake ratio (>=2-fold = substrate per FDA 2020),,,,,,,<2-fold (not classified as substrate),not a substrate at the 2-fold threshold,"secretion (basolateral, organic cations)",not assessed,Table 1 (Papp pH 7.4 A-B = 0.93 x10-6 cm/s; ECCS class 3A)
"Ryu S, Yamaguchi E, Sadegh Modaresi SM, et al.",2024,38801906,10.1016/j.chemosphere.2024.142390,OAT1,SLC22A6,human,PFPeA,4,carboxylate,transporter-transfected HEK293 vs HEK293 wild-type; uptake ratio = (area ratio/mg protein transfected)/(wild-type); 5 uM screen; Caco-2 for Papp,transporter uptake ratio (>=2-fold = substrate per FDA 2020),,,,,,,<2-fold (not classified as substrate),not a substrate at the 2-fold threshold,secretion (basolateral),not assessed,Table 1 (Papp pH 7.4 A-B = 0.99 x10-6 cm/s; ECCS class 3A)
"Ryu S, Yamaguchi E, Sadegh Modaresi SM, et al.",2024,38801906,10.1016/j.chemosphere.2024.142390,OAT2,SLC22A7,human,PFPeA,4,carboxylate,transporter-transfected HEK293 vs HEK293 wild-type; uptake ratio = (area ratio/mg protein transfected)/(wild-type); 5 uM screen; Caco-2 for Papp,transporter uptake ratio (>=2-fold = substrate per FDA 2020),,,,,,,<2-fold (not classified as substrate),not a substrate at the 2-fold threshold,secretion (basolateral in human),not assessed,Table 1 (Papp pH 7.4 A-B = 0.99 x10-6 cm/s; ECCS class 3A)
"Ryu S, Yamaguchi E, Sadegh Modaresi SM, et al.",2024,38801906,10.1016/j.chemosphere.2024.142390,OAT3,SLC22A8,human,PFPeA,4,carboxylate,transporter-transfected HEK293 vs HEK293 wild-type; uptake ratio = (area ratio/mg protein transfected)/(wild-type); 5 uM screen; Caco-2 for Papp,transporter uptake ratio (>=2-fold = substrate per FDA 2020),,,,,,,"'+' (>=2-fold, classified substrate)",substrate,secretion (basolateral),not assessed,Table 1 (Papp pH 7.4 A-B = 0.99 x10-6 cm/s; ECCS class 3A)
"Ryu S, Yamaguchi E, Sadegh Modaresi SM, et al.",2024,38801906,10.1016/j.chemosphere.2024.142390,OAT4,SLC22A11,human,PFPeA,4,carboxylate,transporter-transfected HEK293 vs HEK293 wild-type; uptake ratio = (area ratio/mg protein transfected)/(wild-type); 5 uM screen; Caco-2 for Papp,transporter uptake ratio (>=2-fold = substrate per FDA 2020),,,,,,,<2-fold (not classified as substrate),not a substrate at the 2-fold threshold,REABSORPTION (apical),not assessed,Table 1 (Papp pH 7.4 A-B = 0.99 x10-6 cm/s; ECCS class 3A)
"Ryu S, Yamaguchi E, Sadegh Modaresi SM, et al.",2024,38801906,10.1016/j.chemosphere.2024.142390,OCT2,SLC22A2,human,PFPeA,4,carboxylate,transporter-transfected HEK293 vs HEK293 wild-type; uptake ratio = (area ratio/mg protein transfected)/(wild-type); 5 uM screen; Caco-2 for Papp,transporter uptake ratio (>=2-fold = substrate per FDA 2020),,,,,,,<2-fold (not classified as substrate),not a substrate at the 2-fold threshold,"secretion (basolateral, organic cations)",not assessed,Table 1 (Papp pH 7.4 A-B = 0.99 x10-6 cm/s; ECCS class 3A)
"Ryu S, Yamaguchi E, Sadegh Modaresi SM, et al.",2024,38801906,10.1016/j.chemosphere.2024.142390,OAT1,SLC22A6,human,PFHxA,5,carboxylate,transporter-transfected HEK293 vs HEK293 wild-type; uptake ratio = (area ratio/mg protein transfected)/(wild-type); 5 uM screen; Caco-2 for Papp,transporter uptake ratio (>=2-fold = substrate per FDA 2020),,,,,,,"'+' (>=2-fold, classified substrate)",substrate,secretion (basolateral),not assessed,Table 1 (Papp pH 7.4 A-B = 1.16 x10-6 cm/s; ECCS class 3A)
"Ryu S, Yamaguchi E, Sadegh Modaresi SM, et al.",2024,38801906,10.1016/j.chemosphere.2024.142390,OAT2,SLC22A7,human,PFHxA,5,carboxylate,transporter-transfected HEK293 vs HEK293 wild-type; uptake ratio = (area ratio/mg protein transfected)/(wild-type); 5 uM screen; Caco-2 for Papp,transporter uptake ratio (>=2-fold = substrate per FDA 2020),,,,,,,<2-fold (not classified as substrate),not a substrate at the 2-fold threshold,secretion (basolateral in human),not assessed,Table 1 (Papp pH 7.4 A-B = 1.16 x10-6 cm/s; ECCS class 3A)
"Ryu S, Yamaguchi E, Sadegh Modaresi SM, et al.",2024,38801906,10.1016/j.chemosphere.2024.142390,OAT3,SLC22A8,human,PFHxA,5,carboxylate,transporter-transfected HEK293 vs HEK293 wild-type; uptake ratio = (area ratio/mg protein transfected)/(wild-type); 5 uM screen; Caco-2 for Papp,transporter uptake ratio (>=2-fold = substrate per FDA 2020),,,,,,,"'+' (>=2-fold, classified substrate)",substrate,secretion (basolateral),not assessed,Table 1 (Papp pH 7.4 A-B = 1.16 x10-6 cm/s; ECCS class 3A)
"Ryu S, Yamaguchi E, Sadegh Modaresi SM, et al.",2024,38801906,10.1016/j.chemosphere.2024.142390,OAT4,SLC22A11,human,PFHxA,5,carboxylate,transporter-transfected HEK293 vs HEK293 wild-type; uptake ratio = (area ratio/mg protein transfected)/(wild-type); 5 uM screen; Caco-2 for Papp,transporter uptake ratio (>=2-fold = substrate per FDA 2020),,,,,,,"'+' (>=2-fold, classified substrate)",substrate,REABSORPTION (apical),not assessed,Table 1 (Papp pH 7.4 A-B = 1.16 x10-6 cm/s; ECCS class 3A)
"Ryu S, Yamaguchi E, Sadegh Modaresi SM, et al.",2024,38801906,10.1016/j.chemosphere.2024.142390,OCT2,SLC22A2,human,PFHxA,5,carboxylate,transporter-transfected HEK293 vs HEK293 wild-type; uptake ratio = (area ratio/mg protein transfected)/(wild-type); 5 uM screen; Caco-2 for Papp,transporter uptake ratio (>=2-fold = substrate per FDA 2020),,,,,,,<2-fold (not classified as substrate),not a substrate at the 2-fold threshold,"secretion (basolateral, organic cations)",not assessed,Table 1 (Papp pH 7.4 A-B = 1.16 x10-6 cm/s; ECCS class 3A)
"Ryu S, Yamaguchi E, Sadegh Modaresi SM, et al.",2024,38801906,10.1016/j.chemosphere.2024.142390,OAT1,SLC22A6,human,PFHpA,6,carboxylate,transporter-transfected HEK293 vs HEK293 wild-type; uptake ratio = (area ratio/mg protein transfected)/(wild-type); 5 uM screen; Caco-2 for Papp,transporter uptake ratio (>=2-fold = substrate per FDA 2020),,,,,,,<2-fold (not classified as substrate),not a substrate at the 2-fold threshold,secretion (basolateral),not assessed,Table 1 (Papp pH 7.4 A-B = 1.40 x10-6 cm/s; ECCS class 3A)
"Ryu S, Yamaguchi E, Sadegh Modaresi SM, et al.",2024,38801906,10.1016/j.chemosphere.2024.142390,OAT2,SLC22A7,human,PFHpA,6,carboxylate,transporter-transfected HEK293 vs HEK293 wild-type; uptake ratio = (area ratio/mg protein transfected)/(wild-type); 5 uM screen; Caco-2 for Papp,transporter uptake ratio (>=2-fold = substrate per FDA 2020),,,,,,,<2-fold (not classified as substrate),not a substrate at the 2-fold threshold,secretion (basolateral in human),not assessed,Table 1 (Papp pH 7.4 A-B = 1.40 x10-6 cm/s; ECCS class 3A)
"Ryu S, Yamaguchi E, Sadegh Modaresi SM, et al.",2024,38801906,10.1016/j.chemosphere.2024.142390,OAT3,SLC22A8,human,PFHpA,6,carboxylate,transporter-transfected HEK293 vs HEK293 wild-type; uptake ratio = (area ratio/mg protein transfected)/(wild-type); 5 uM screen; Caco-2 for Papp,transporter uptake ratio (>=2-fold = substrate per FDA 2020),,,,,,,"'+' (>=2-fold, classified substrate)",substrate,secretion (basolateral),not assessed,Table 1 (Papp pH 7.4 A-B = 1.40 x10-6 cm/s; ECCS class 3A)
"Ryu S, Yamaguchi E, Sadegh Modaresi SM, et al.",2024,38801906,10.1016/j.chemosphere.2024.142390,OAT4,SLC22A11,human,PFHpA,6,carboxylate,transporter-transfected HEK293 vs HEK293 wild-type; uptake ratio = (area ratio/mg protein transfected)/(wild-type); 5 uM screen; Caco-2 for Papp,transporter uptake ratio (>=2-fold = substrate per FDA 2020),,,,,,,"'+' (>=2-fold, classified substrate)",substrate,REABSORPTION (apical),not assessed,Table 1 (Papp pH 7.4 A-B = 1.40 x10-6 cm/s; ECCS class 3A)
"Ryu S, Yamaguchi E, Sadegh Modaresi SM, et al.",2024,38801906,10.1016/j.chemosphere.2024.142390,OCT2,SLC22A2,human,PFHpA,6,carboxylate,transporter-transfected HEK293 vs HEK293 wild-type; uptake ratio = (area ratio/mg protein transfected)/(wild-type); 5 uM screen; Caco-2 for Papp,transporter uptake ratio (>=2-fold = substrate per FDA 2020),,,,,,,<2-fold (not classified as substrate),not a substrate at the 2-fold threshold,"secretion (basolateral, organic cations)",not assessed,Table 1 (Papp pH 7.4 A-B = 1.40 x10-6 cm/s; ECCS class 3A)
"Ryu S, Yamaguchi E, Sadegh Modaresi SM, et al.",2024,38801906,10.1016/j.chemosphere.2024.142390,OAT1,SLC22A6,human,PFOA,7,carboxylate,transporter-transfected HEK293 vs HEK293 wild-type; uptake ratio = (area ratio/mg protein transfected)/(wild-type); 5 uM screen; Caco-2 for Papp,transporter uptake ratio (>=2-fold = substrate per FDA 2020),,,,,,,<2-fold (not classified as substrate),not a substrate at the 2-fold threshold,secretion (basolateral),not assessed,Table 1 (Papp pH 7.4 A-B = 1.46 x10-6 cm/s; ECCS class 3B)
"Ryu S, Yamaguchi E, Sadegh Modaresi SM, et al.",2024,38801906,10.1016/j.chemosphere.2024.142390,OAT2,SLC22A7,human,PFOA,7,carboxylate,transporter-transfected HEK293 vs HEK293 wild-type; uptake ratio = (area ratio/mg protein transfected)/(wild-type); 5 uM screen; Caco-2 for Papp,transporter uptake ratio (>=2-fold = substrate per FDA 2020),,,,,,,<2-fold (not classified as substrate),not a substrate at the 2-fold threshold,secretion (basolateral in human),not assessed,Table 1 (Papp pH 7.4 A-B = 1.46 x10-6 cm/s; ECCS class 3B)
"Ryu S, Yamaguchi E, Sadegh Modaresi SM, et al.",2024,38801906,10.1016/j.chemosphere.2024.142390,OAT3,SLC22A8,human,PFOA,7,carboxylate,transporter-transfected HEK293 vs HEK293 wild-type; uptake ratio = (area ratio/mg protein transfected)/(wild-type); 5 uM screen; Caco-2 for Papp,transporter uptake ratio (>=2-fold = substrate per FDA 2020),,,,,,,"'+' (>=2-fold, classified substrate)",substrate,secretion (basolateral),not assessed,Table 1 (Papp pH 7.4 A-B = 1.46 x10-6 cm/s; ECCS class 3B)
"Ryu S, Yamaguchi E, Sadegh Modaresi SM, et al.",2024,38801906,10.1016/j.chemosphere.2024.142390,OAT4,SLC22A11,human,PFOA,7,carboxylate,transporter-transfected HEK293 vs HEK293 wild-type; uptake ratio = (area ratio/mg protein transfected)/(wild-type); 5 uM screen; Caco-2 for Papp,transporter uptake ratio (>=2-fold = substrate per FDA 2020),,,,,,,"'+' (>=2-fold, classified substrate)",substrate,REABSORPTION (apical),not assessed,Table 1 (Papp pH 7.4 A-B = 1.46 x10-6 cm/s; ECCS class 3B)
"Ryu S, Yamaguchi E, Sadegh Modaresi SM, et al.",2024,38801906,10.1016/j.chemosphere.2024.142390,OCT2,SLC22A2,human,PFOA,7,carboxylate,transporter-transfected HEK293 vs HEK293 wild-type; uptake ratio = (area ratio/mg protein transfected)/(wild-type); 5 uM screen; Caco-2 for Papp,transporter uptake ratio (>=2-fold = substrate per FDA 2020),,,,,,,<2-fold (not classified as substrate),not a substrate at the 2-fold threshold,"secretion (basolateral, organic cations)",not assessed,Table 1 (Papp pH 7.4 A-B = 1.46 x10-6 cm/s; ECCS class 3B)
"Ryu S, Yamaguchi E, Sadegh Modaresi SM, et al.",2024,38801906,10.1016/j.chemosphere.2024.142390,OAT1,SLC22A6,human,PFNA,8,carboxylate,transporter-transfected HEK293 vs HEK293 wild-type; uptake ratio = (area ratio/mg protein transfected)/(wild-type); 5 uM screen; Caco-2 for Papp,transporter uptake ratio (>=2-fold = substrate per FDA 2020),,,,,,,<2-fold (not classified as substrate),not a substrate at the 2-fold threshold,secretion (basolateral),not assessed,Table 1 (Papp pH 7.4 A-B = 3.77 x10-6 cm/s; ECCS class 3B)
"Ryu S, Yamaguchi E, Sadegh Modaresi SM, et al.",2024,38801906,10.1016/j.chemosphere.2024.142390,OAT2,SLC22A7,human,PFNA,8,carboxylate,transporter-transfected HEK293 vs HEK293 wild-type; uptake ratio = (area ratio/mg protein transfected)/(wild-type); 5 uM screen; Caco-2 for Papp,transporter uptake ratio (>=2-fold = substrate per FDA 2020),,,,,,,<2-fold (not classified as substrate),not a substrate at the 2-fold threshold,secretion (basolateral in human),not assessed,Table 1 (Papp pH 7.4 A-B = 3.77 x10-6 cm/s; ECCS class 3B)
"Ryu S, Yamaguchi E, Sadegh Modaresi SM, et al.",2024,38801906,10.1016/j.chemosphere.2024.142390,OAT3,SLC22A8,human,PFNA,8,carboxylate,transporter-transfected HEK293 vs HEK293 wild-type; uptake ratio = (area ratio/mg protein transfected)/(wild-type); 5 uM screen; Caco-2 for Papp,transporter uptake ratio (>=2-fold = substrate per FDA 2020),,,,,,,"'+' (>=2-fold, classified substrate)",substrate,secretion (basolateral),not assessed,Table 1 (Papp pH 7.4 A-B = 3.77 x10-6 cm/s; ECCS class 3B)
"Ryu S, Yamaguchi E, Sadegh Modaresi SM, et al.",2024,38801906,10.1016/j.chemosphere.2024.142390,OAT4,SLC22A11,human,PFNA,8,carboxylate,transporter-transfected HEK293 vs HEK293 wild-type; uptake ratio = (area ratio/mg protein transfected)/(wild-type); 5 uM screen; Caco-2 for Papp,transporter uptake ratio (>=2-fold = substrate per FDA 2020),,,,,,,"'+' (>=2-fold, classified substrate)",substrate,REABSORPTION (apical),not assessed,Table 1 (Papp pH 7.4 A-B = 3.77 x10-6 cm/s; ECCS class 3B)
"Ryu S, Yamaguchi E, Sadegh Modaresi SM, et al.",2024,38801906,10.1016/j.chemosphere.2024.142390,OCT2,SLC22A2,human,PFNA,8,carboxylate,transporter-transfected HEK293 vs HEK293 wild-type; uptake ratio = (area ratio/mg protein transfected)/(wild-type); 5 uM screen; Caco-2 for Papp,transporter uptake ratio (>=2-fold = substrate per FDA 2020),,,,,,,<2-fold (not classified as substrate),not a substrate at the 2-fold threshold,"secretion (basolateral, organic cations)",not assessed,Table 1 (Papp pH 7.4 A-B = 3.77 x10-6 cm/s; ECCS class 3B)
"Ryu S, Yamaguchi E, Sadegh Modaresi SM, et al.",2024,38801906,10.1016/j.chemosphere.2024.142390,OAT1,SLC22A6,human,PFDA,9,carboxylate,transporter-transfected HEK293 vs HEK293 wild-type; uptake ratio = (area ratio/mg protein transfected)/(wild-type); 5 uM screen; Caco-2 for Papp,transporter uptake ratio (>=2-fold = substrate per FDA 2020),,,,,,,<2-fold (not classified as substrate),not a substrate at the 2-fold threshold,secretion (basolateral),not assessed,Table 1 (Papp pH 7.4 A-B = 8.44 x10-6 cm/s; ECCS class 1B)
"Ryu S, Yamaguchi E, Sadegh Modaresi SM, et al.",2024,38801906,10.1016/j.chemosphere.2024.142390,OAT2,SLC22A7,human,PFDA,9,carboxylate,transporter-transfected HEK293 vs HEK293 wild-type; uptake ratio = (area ratio/mg protein transfected)/(wild-type); 5 uM screen; Caco-2 for Papp,transporter uptake ratio (>=2-fold = substrate per FDA 2020),,,,,,,<2-fold (not classified as substrate),not a substrate at the 2-fold threshold,secretion (basolateral in human),not assessed,Table 1 (Papp pH 7.4 A-B = 8.44 x10-6 cm/s; ECCS class 1B)
"Ryu S, Yamaguchi E, Sadegh Modaresi SM, et al.",2024,38801906,10.1016/j.chemosphere.2024.142390,OAT3,SLC22A8,human,PFDA,9,carboxylate,transporter-transfected HEK293 vs HEK293 wild-type; uptake ratio = (area ratio/mg protein transfected)/(wild-type); 5 uM screen; Caco-2 for Papp,transporter uptake ratio (>=2-fold = substrate per FDA 2020),,,,,,,<2-fold (not classified as substrate),not a substrate at the 2-fold threshold,secretion (basolateral),not assessed,Table 1 (Papp pH 7.4 A-B = 8.44 x10-6 cm/s; ECCS class 1B)
"Ryu S, Yamaguchi E, Sadegh Modaresi SM, et al.",2024,38801906,10.1016/j.chemosphere.2024.142390,OAT4,SLC22A11,human,PFDA,9,carboxylate,transporter-transfected HEK293 vs HEK293 wild-type; uptake ratio = (area ratio/mg protein transfected)/(wild-type); 5 uM screen; Caco-2 for Papp,transporter uptake ratio (>=2-fold = substrate per FDA 2020),,,,,,,<2-fold (not classified as substrate),not a substrate at the 2-fold threshold,REABSORPTION (apical),not assessed,Table 1 (Papp pH 7.4 A-B = 8.44 x10-6 cm/s; ECCS class 1B)
"Ryu S, Yamaguchi E, Sadegh Modaresi SM, et al.",2024,38801906,10.1016/j.chemosphere.2024.142390,OCT2,SLC22A2,human,PFDA,9,carboxylate,transporter-transfected HEK293 vs HEK293 wild-type; uptake ratio = (area ratio/mg protein transfected)/(wild-type); 5 uM screen; Caco-2 for Papp,transporter uptake ratio (>=2-fold = substrate per FDA 2020),,,,,,,<2-fold (not classified as substrate),not a substrate at the 2-fold threshold,"secretion (basolateral, organic cations)",not assessed,Table 1 (Papp pH 7.4 A-B = 8.44 x10-6 cm/s; ECCS class 1B)
"Ryu S, Yamaguchi E, Sadegh Modaresi SM, et al.",2024,38801906,10.1016/j.chemosphere.2024.142390,OAT1,SLC22A6,human,PFUnDA,10,carboxylate,transporter-transfected HEK293 vs HEK293 wild-type; uptake ratio = (area ratio/mg protein transfected)/(wild-type); 5 uM screen; Caco-2 for Papp,transporter uptake ratio (>=2-fold = substrate per FDA 2020),,,,,,,<2-fold (not classified as substrate),not a substrate at the 2-fold threshold,secretion (basolateral),not assessed,Table 1 (Papp pH 7.4 A-B = 11.56 x10-6 cm/s; ECCS class 1B)
"Ryu S, Yamaguchi E, Sadegh Modaresi SM, et al.",2024,38801906,10.1016/j.chemosphere.2024.142390,OAT2,SLC22A7,human,PFUnDA,10,carboxylate,transporter-transfected HEK293 vs HEK293 wild-type; uptake ratio = (area ratio/mg protein transfected)/(wild-type); 5 uM screen; Caco-2 for Papp,transporter uptake ratio (>=2-fold = substrate per FDA 2020),,,,,,,<2-fold (not classified as substrate),not a substrate at the 2-fold threshold,secretion (basolateral in human),not assessed,Table 1 (Papp pH 7.4 A-B = 11.56 x10-6 cm/s; ECCS class 1B)
"Ryu S, Yamaguchi E, Sadegh Modaresi SM, et al.",2024,38801906,10.1016/j.chemosphere.2024.142390,OAT3,SLC22A8,human,PFUnDA,10,carboxylate,transporter-transfected HEK293 vs HEK293 wild-type; uptake ratio = (area ratio/mg protein transfected)/(wild-type); 5 uM screen; Caco-2 for Papp,transporter uptake ratio (>=2-fold = substrate per FDA 2020),,,,,,,<2-fold (not classified as substrate),not a substrate at the 2-fold threshold,secretion (basolateral),not assessed,Table 1 (Papp pH 7.4 A-B = 11.56 x10-6 cm/s; ECCS class 1B)
"Ryu S, Yamaguchi E, Sadegh Modaresi SM, et al.",2024,38801906,10.1016/j.chemosphere.2024.142390,OAT4,SLC22A11,human,PFUnDA,10,carboxylate,transporter-transfected HEK293 vs HEK293 wild-type; uptake ratio = (area ratio/mg protein transfected)/(wild-type); 5 uM screen; Caco-2 for Papp,transporter uptake ratio (>=2-fold = substrate per FDA 2020),,,,,,,<2-fold (not classified as substrate),not a substrate at the 2-fold threshold,REABSORPTION (apical),not assessed,Table 1 (Papp pH 7.4 A-B = 11.56 x10-6 cm/s; ECCS class 1B)
"Ryu S, Yamaguchi E, Sadegh Modaresi SM, et al.",2024,38801906,10.1016/j.chemosphere.2024.142390,OCT2,SLC22A2,human,PFUnDA,10,carboxylate,transporter-transfected HEK293 vs HEK293 wild-type; uptake ratio = (area ratio/mg protein transfected)/(wild-type); 5 uM screen; Caco-2 for Papp,transporter uptake ratio (>=2-fold = substrate per FDA 2020),,,,,,,<2-fold (not classified as substrate),not a substrate at the 2-fold threshold,"secretion (basolateral, organic cations)",not assessed,Table 1 (Papp pH 7.4 A-B = 11.56 x10-6 cm/s; ECCS class 1B)
"Ryu S, Yamaguchi E, Sadegh Modaresi SM, et al.",2024,38801906,10.1016/j.chemosphere.2024.142390,OAT1,SLC22A6,human,PFDoDA,11,carboxylate,transporter-transfected HEK293 vs HEK293 wild-type; uptake ratio = (area ratio/mg protein transfected)/(wild-type); 5 uM screen; Caco-2 for Papp,transporter uptake ratio (>=2-fold = substrate per FDA 2020),,,,,,,<2-fold (not classified as substrate),not a substrate at the 2-fold threshold,secretion (basolateral),not assessed,Table 1 (Papp pH 7.4 A-B = 14.35 x10-6 cm/s; ECCS class 1B)
"Ryu S, Yamaguchi E, Sadegh Modaresi SM, et al.",2024,38801906,10.1016/j.chemosphere.2024.142390,OAT2,SLC22A7,human,PFDoDA,11,carboxylate,transporter-transfected HEK293 vs HEK293 wild-type; uptake ratio = (area ratio/mg protein transfected)/(wild-type); 5 uM screen; Caco-2 for Papp,transporter uptake ratio (>=2-fold = substrate per FDA 2020),,,,,,,<2-fold (not classified as substrate),not a substrate at the 2-fold threshold,secretion (basolateral in human),not assessed,Table 1 (Papp pH 7.4 A-B = 14.35 x10-6 cm/s; ECCS class 1B)
"Ryu S, Yamaguchi E, Sadegh Modaresi SM, et al.",2024,38801906,10.1016/j.chemosphere.2024.142390,OAT3,SLC22A8,human,PFDoDA,11,carboxylate,transporter-transfected HEK293 vs HEK293 wild-type; uptake ratio = (area ratio/mg protein transfected)/(wild-type); 5 uM screen; Caco-2 for Papp,transporter uptake ratio (>=2-fold = substrate per FDA 2020),,,,,,,<2-fold (not classified as substrate),not a substrate at the 2-fold threshold,secretion (basolateral),not assessed,Table 1 (Papp pH 7.4 A-B = 14.35 x10-6 cm/s; ECCS class 1B)
"Ryu S, Yamaguchi E, Sadegh Modaresi SM, et al.",2024,38801906,10.1016/j.chemosphere.2024.142390,OAT4,SLC22A11,human,PFDoDA,11,carboxylate,transporter-transfected HEK293 vs HEK293 wild-type; uptake ratio = (area ratio/mg protein transfected)/(wild-type); 5 uM screen; Caco-2 for Papp,transporter uptake ratio (>=2-fold = substrate per FDA 2020),,,,,,,<2-fold (not classified as substrate),not a substrate at the 2-fold threshold,REABSORPTION (apical),not assessed,Table 1 (Papp pH 7.4 A-B = 14.35 x10-6 cm/s; ECCS class 1B)
"Ryu S, Yamaguchi E, Sadegh Modaresi SM, et al.",2024,38801906,10.1016/j.chemosphere.2024.142390,OCT2,SLC22A2,human,PFDoDA,11,carboxylate,transporter-transfected HEK293 vs HEK293 wild-type; uptake ratio = (area ratio/mg protein transfected)/(wild-type); 5 uM screen; Caco-2 for Papp,transporter uptake ratio (>=2-fold = substrate per FDA 2020),,,,,,,<2-fold (not classified as substrate),not a substrate at the 2-fold threshold,"secretion (basolateral, organic cations)",not assessed,Table 1 (Papp pH 7.4 A-B = 14.35 x10-6 cm/s; ECCS class 1B)
"Ryu S, Yamaguchi E, Sadegh Modaresi SM, et al.",2024,38801906,10.1016/j.chemosphere.2024.142390,OAT1,SLC22A6,human,PFBS,4,sulfonate,transporter-transfected HEK293 vs HEK293 wild-type; uptake ratio = (area ratio/mg protein transfected)/(wild-type); 5 uM screen; Caco-2 for Papp,transporter uptake ratio (>=2-fold = substrate per FDA 2020),,,,,,,<2-fold (not classified as substrate),not a substrate at the 2-fold threshold,secretion (basolateral),not assessed,Table 1 (Papp pH 7.4 A-B = 1.38 x10-6 cm/s; ECCS class 3A)
"Ryu S, Yamaguchi E, Sadegh Modaresi SM, et al.",2024,38801906,10.1016/j.chemosphere.2024.142390,OAT2,SLC22A7,human,PFBS,4,sulfonate,transporter-transfected HEK293 vs HEK293 wild-type; uptake ratio = (area ratio/mg protein transfected)/(wild-type); 5 uM screen; Caco-2 for Papp,transporter uptake ratio (>=2-fold = substrate per FDA 2020),,,,,,,<2-fold (not classified as substrate),not a substrate at the 2-fold threshold,secretion (basolateral in human),not assessed,Table 1 (Papp pH 7.4 A-B = 1.38 x10-6 cm/s; ECCS class 3A)
"Ryu S, Yamaguchi E, Sadegh Modaresi SM, et al.",2024,38801906,10.1016/j.chemosphere.2024.142390,OAT3,SLC22A8,human,PFBS,4,sulfonate,transporter-transfected HEK293 vs HEK293 wild-type; uptake ratio = (area ratio/mg protein transfected)/(wild-type); 5 uM screen; Caco-2 for Papp,transporter uptake ratio (>=2-fold = substrate per FDA 2020),,,,,,,"'+' (>=2-fold, classified substrate)",substrate,secretion (basolateral),not assessed,Table 1 (Papp pH 7.4 A-B = 1.38 x10-6 cm/s; ECCS class 3A)
"Ryu S, Yamaguchi E, Sadegh Modaresi SM, et al.",2024,38801906,10.1016/j.chemosphere.2024.142390,OAT4,SLC22A11,human,PFBS,4,sulfonate,transporter-transfected HEK293 vs HEK293 wild-type; uptake ratio = (area ratio/mg protein transfected)/(wild-type); 5 uM screen; Caco-2 for Papp,transporter uptake ratio (>=2-fold = substrate per FDA 2020),,,,,,,"'+' (>=2-fold, classified substrate)",substrate,REABSORPTION (apical),not assessed,Table 1 (Papp pH 7.4 A-B = 1.38 x10-6 cm/s; ECCS class 3A)
"Ryu S, Yamaguchi E, Sadegh Modaresi SM, et al.",2024,38801906,10.1016/j.chemosphere.2024.142390,OCT2,SLC22A2,human,PFBS,4,sulfonate,transporter-transfected HEK293 vs HEK293 wild-type; uptake ratio = (area ratio/mg protein transfected)/(wild-type); 5 uM screen; Caco-2 for Papp,transporter uptake ratio (>=2-fold = substrate per FDA 2020),,,,,,,<2-fold (not classified as substrate),not a substrate at the 2-fold threshold,"secretion (basolateral, organic cations)",not assessed,Table 1 (Papp pH 7.4 A-B = 1.38 x10-6 cm/s; ECCS class 3A)
"Ryu S, Yamaguchi E, Sadegh Modaresi SM, et al.",2024,38801906,10.1016/j.chemosphere.2024.142390,OAT1,SLC22A6,human,PFHxS,6,sulfonate,transporter-transfected HEK293 vs HEK293 wild-type; uptake ratio = (area ratio/mg protein transfected)/(wild-type); 5 uM screen; Caco-2 for Papp,transporter uptake ratio (>=2-fold = substrate per FDA 2020),,,,,,,<2-fold (not classified as substrate),not a substrate at the 2-fold threshold,secretion (basolateral),not assessed,Table 1 (Papp pH 7.4 A-B = 4.14 x10-6 cm/s; ECCS class 3B)
"Ryu S, Yamaguchi E, Sadegh Modaresi SM, et al.",2024,38801906,10.1016/j.chemosphere.2024.142390,OAT2,SLC22A7,human,PFHxS,6,sulfonate,transporter-transfected HEK293 vs HEK293 wild-type; uptake ratio = (area ratio/mg protein transfected)/(wild-type); 5 uM screen; Caco-2 for Papp,transporter uptake ratio (>=2-fold = substrate per FDA 2020),,,,,,,<2-fold (not classified as substrate),not a substrate at the 2-fold threshold,secretion (basolateral in human),not assessed,Table 1 (Papp pH 7.4 A-B = 4.14 x10-6 cm/s; ECCS class 3B)
"Ryu S, Yamaguchi E, Sadegh Modaresi SM, et al.",2024,38801906,10.1016/j.chemosphere.2024.142390,OAT3,SLC22A8,human,PFHxS,6,sulfonate,transporter-transfected HEK293 vs HEK293 wild-type; uptake ratio = (area ratio/mg protein transfected)/(wild-type); 5 uM screen; Caco-2 for Papp,transporter uptake ratio (>=2-fold = substrate per FDA 2020),,,,,,,"'+' (>=2-fold, classified substrate)",substrate,secretion (basolateral),not assessed,Table 1 (Papp pH 7.4 A-B = 4.14 x10-6 cm/s; ECCS class 3B)
"Ryu S, Yamaguchi E, Sadegh Modaresi SM, et al.",2024,38801906,10.1016/j.chemosphere.2024.142390,OAT4,SLC22A11,human,PFHxS,6,sulfonate,transporter-transfected HEK293 vs HEK293 wild-type; uptake ratio = (area ratio/mg protein transfected)/(wild-type); 5 uM screen; Caco-2 for Papp,transporter uptake ratio (>=2-fold = substrate per FDA 2020),,,,,,,"'+' (>=2-fold, classified substrate)",substrate,REABSORPTION (apical),not assessed,Table 1 (Papp pH 7.4 A-B = 4.14 x10-6 cm/s; ECCS class 3B)
"Ryu S, Yamaguchi E, Sadegh Modaresi SM, et al.",2024,38801906,10.1016/j.chemosphere.2024.142390,OCT2,SLC22A2,human,PFHxS,6,sulfonate,transporter-transfected HEK293 vs HEK293 wild-type; uptake ratio = (area ratio/mg protein transfected)/(wild-type); 5 uM screen; Caco-2 for Papp,transporter uptake ratio (>=2-fold = substrate per FDA 2020),,,,,,,<2-fold (not classified as substrate),not a substrate at the 2-fold threshold,"secretion (basolateral, organic cations)",not assessed,Table 1 (Papp pH 7.4 A-B = 4.14 x10-6 cm/s; ECCS class 3B)
"Ryu S, Yamaguchi E, Sadegh Modaresi SM, et al.",2024,38801906,10.1016/j.chemosphere.2024.142390,OAT1,SLC22A6,human,PFOS,8,sulfonate,transporter-transfected HEK293 vs HEK293 wild-type; uptake ratio = (area ratio/mg protein transfected)/(wild-type); 5 uM screen; Caco-2 for Papp,transporter uptake ratio (>=2-fold = substrate per FDA 2020),,,,,,,<2-fold (not classified as substrate),not a substrate at the 2-fold threshold,secretion (basolateral),not assessed,Table 1 (Papp pH 7.4 A-B = 14.04 x10-6 cm/s; ECCS class 1B)
"Ryu S, Yamaguchi E, Sadegh Modaresi SM, et al.",2024,38801906,10.1016/j.chemosphere.2024.142390,OAT2,SLC22A7,human,PFOS,8,sulfonate,transporter-transfected HEK293 vs HEK293 wild-type; uptake ratio = (area ratio/mg protein transfected)/(wild-type); 5 uM screen; Caco-2 for Papp,transporter uptake ratio (>=2-fold = substrate per FDA 2020),,,,,,,<2-fold (not classified as substrate),not a substrate at the 2-fold threshold,secretion (basolateral in human),not assessed,Table 1 (Papp pH 7.4 A-B = 14.04 x10-6 cm/s; ECCS class 1B)
"Ryu S, Yamaguchi E, Sadegh Modaresi SM, et al.",2024,38801906,10.1016/j.chemosphere.2024.142390,OAT3,SLC22A8,human,PFOS,8,sulfonate,transporter-transfected HEK293 vs HEK293 wild-type; uptake ratio = (area ratio/mg protein transfected)/(wild-type); 5 uM screen; Caco-2 for Papp,transporter uptake ratio (>=2-fold = substrate per FDA 2020),,,,,,,<2-fold (not classified as substrate),not a substrate at the 2-fold threshold,secretion (basolateral),not assessed,Table 1 (Papp pH 7.4 A-B = 14.04 x10-6 cm/s; ECCS class 1B)
"Ryu S, Yamaguchi E, Sadegh Modaresi SM, et al.",2024,38801906,10.1016/j.chemosphere.2024.142390,OAT4,SLC22A11,human,PFOS,8,sulfonate,transporter-transfected HEK293 vs HEK293 wild-type; uptake ratio = (area ratio/mg protein transfected)/(wild-type); 5 uM screen; Caco-2 for Papp,transporter uptake ratio (>=2-fold = substrate per FDA 2020),,,,,,,<2-fold (not classified as substrate),not a substrate at the 2-fold threshold,REABSORPTION (apical),not assessed,Table 1 (Papp pH 7.4 A-B = 14.04 x10-6 cm/s; ECCS class 1B)
"Ryu S, Yamaguchi E, Sadegh Modaresi SM, et al.",2024,38801906,10.1016/j.chemosphere.2024.142390,OCT2,SLC22A2,human,PFOS,8,sulfonate,transporter-transfected HEK293 vs HEK293 wild-type; uptake ratio = (area ratio/mg protein transfected)/(wild-type); 5 uM screen; Caco-2 for Papp,transporter uptake ratio (>=2-fold = substrate per FDA 2020),,,,,,,<2-fold (not classified as substrate),not a substrate at the 2-fold threshold,"secretion (basolateral, organic cations)",not assessed,Table 1 (Papp pH 7.4 A-B = 14.04 x10-6 cm/s; ECCS class 1B)
"Ryu S, Yamaguchi E, Sadegh Modaresi SM, et al.",2024,38801906,10.1016/j.chemosphere.2024.142390,OAT1,SLC22A6,human,6:2 FTS,6,fluorotelomer sulfonate,transporter-transfected HEK293 vs HEK293 wild-type; uptake ratio = (area ratio/mg protein transfected)/(wild-type); 5 uM screen; Caco-2 for Papp,transporter uptake ratio (>=2-fold = substrate per FDA 2020),,,,,,,"'+' (>=2-fold, classified substrate)",substrate,secretion (basolateral),not assessed,Table 1 (Papp pH 7.4 A-B = 0.71 x10-6 cm/s; ECCS class 3B)
"Ryu S, Yamaguchi E, Sadegh Modaresi SM, et al.",2024,38801906,10.1016/j.chemosphere.2024.142390,OAT2,SLC22A7,human,6:2 FTS,6,fluorotelomer sulfonate,transporter-transfected HEK293 vs HEK293 wild-type; uptake ratio = (area ratio/mg protein transfected)/(wild-type); 5 uM screen; Caco-2 for Papp,transporter uptake ratio (>=2-fold = substrate per FDA 2020),,,,,,,<2-fold (not classified as substrate),not a substrate at the 2-fold threshold,secretion (basolateral in human),not assessed,Table 1 (Papp pH 7.4 A-B = 0.71 x10-6 cm/s; ECCS class 3B)
"Ryu S, Yamaguchi E, Sadegh Modaresi SM, et al.",2024,38801906,10.1016/j.chemosphere.2024.142390,OAT3,SLC22A8,human,6:2 FTS,6,fluorotelomer sulfonate,transporter-transfected HEK293 vs HEK293 wild-type; uptake ratio = (area ratio/mg protein transfected)/(wild-type); 5 uM screen; Caco-2 for Papp,transporter uptake ratio (>=2-fold = substrate per FDA 2020),,,,,,,"'+' (>=2-fold, classified substrate)",substrate,secretion (basolateral),not assessed,Table 1 (Papp pH 7.4 A-B = 0.71 x10-6 cm/s; ECCS class 3B)
"Ryu S, Yamaguchi E, Sadegh Modaresi SM, et al.",2024,38801906,10.1016/j.chemosphere.2024.142390,OAT4,SLC22A11,human,6:2 FTS,6,fluorotelomer sulfonate,transporter-transfected HEK293 vs HEK293 wild-type; uptake ratio = (area ratio/mg protein transfected)/(wild-type); 5 uM screen; Caco-2 for Papp,transporter uptake ratio (>=2-fold = substrate per FDA 2020),,,,,,,"'+' (>=2-fold, classified substrate)",substrate,REABSORPTION (apical),not assessed,Table 1 (Papp pH 7.4 A-B = 0.71 x10-6 cm/s; ECCS class 3B)
"Ryu S, Yamaguchi E, Sadegh Modaresi SM, et al.",2024,38801906,10.1016/j.chemosphere.2024.142390,OCT2,SLC22A2,human,6:2 FTS,6,fluorotelomer sulfonate,transporter-transfected HEK293 vs HEK293 wild-type; uptake ratio = (area ratio/mg protein transfected)/(wild-type); 5 uM screen; Caco-2 for Papp,transporter uptake ratio (>=2-fold = substrate per FDA 2020),,,,,,,<2-fold (not classified as substrate),not a substrate at the 2-fold threshold,"secretion (basolateral, organic cations)",not assessed,Table 1 (Papp pH 7.4 A-B = 0.71 x10-6 cm/s; ECCS class 3B)
"Ryu S, Yamaguchi E, Sadegh Modaresi SM, et al.",2024,38801906,10.1016/j.chemosphere.2024.142390,OAT1,SLC22A6,human,PFOSA,8,sulfonamide,transporter-transfected HEK293 vs HEK293 wild-type; uptake ratio = (area ratio/mg protein transfected)/(wild-type); 5 uM screen; Caco-2 for Papp,transporter uptake ratio (>=2-fold = substrate per FDA 2020),,,,,,,<2-fold (not classified as substrate),not a substrate at the 2-fold threshold,secretion (basolateral),not assessed,Table 1 (Papp pH 7.4 A-B = 41.39 x10-6 cm/s; ECCS class 1B)
"Ryu S, Yamaguchi E, Sadegh Modaresi SM, et al.",2024,38801906,10.1016/j.chemosphere.2024.142390,OAT2,SLC22A7,human,PFOSA,8,sulfonamide,transporter-transfected HEK293 vs HEK293 wild-type; uptake ratio = (area ratio/mg protein transfected)/(wild-type); 5 uM screen; Caco-2 for Papp,transporter uptake ratio (>=2-fold = substrate per FDA 2020),,,,,,,<2-fold (not classified as substrate),not a substrate at the 2-fold threshold,secretion (basolateral in human),not assessed,Table 1 (Papp pH 7.4 A-B = 41.39 x10-6 cm/s; ECCS class 1B)
"Ryu S, Yamaguchi E, Sadegh Modaresi SM, et al.",2024,38801906,10.1016/j.chemosphere.2024.142390,OAT3,SLC22A8,human,PFOSA,8,sulfonamide,transporter-transfected HEK293 vs HEK293 wild-type; uptake ratio = (area ratio/mg protein transfected)/(wild-type); 5 uM screen; Caco-2 for Papp,transporter uptake ratio (>=2-fold = substrate per FDA 2020),,,,,,,<2-fold (not classified as substrate),not a substrate at the 2-fold threshold,secretion (basolateral),not assessed,Table 1 (Papp pH 7.4 A-B = 41.39 x10-6 cm/s; ECCS class 1B)
"Ryu S, Yamaguchi E, Sadegh Modaresi SM, et al.",2024,38801906,10.1016/j.chemosphere.2024.142390,OAT4,SLC22A11,human,PFOSA,8,sulfonamide,transporter-transfected HEK293 vs HEK293 wild-type; uptake ratio = (area ratio/mg protein transfected)/(wild-type); 5 uM screen; Caco-2 for Papp,transporter uptake ratio (>=2-fold = substrate per FDA 2020),,,,,,,<2-fold (not classified as substrate),not a substrate at the 2-fold threshold,REABSORPTION (apical),not assessed,Table 1 (Papp pH 7.4 A-B = 41.39 x10-6 cm/s; ECCS class 1B)
"Ryu S, Yamaguchi E, Sadegh Modaresi SM, et al.",2024,38801906,10.1016/j.chemosphere.2024.142390,OCT2,SLC22A2,human,PFOSA,8,sulfonamide,transporter-transfected HEK293 vs HEK293 wild-type; uptake ratio = (area ratio/mg protein transfected)/(wild-type); 5 uM screen; Caco-2 for Papp,transporter uptake ratio (>=2-fold = substrate per FDA 2020),,,,,,,<2-fold (not classified as substrate),not a substrate at the 2-fold threshold,"secretion (basolateral, organic cations)",not assessed,Table 1 (Papp pH 7.4 A-B = 41.39 x10-6 cm/s; ECCS class 1B)
"Ryu S, Yamaguchi E, Sadegh Modaresi SM, et al.",2024,38801906,10.1016/j.chemosphere.2024.142390,OAT1,SLC22A6,human,6:2 FTS,6,fluorotelomer sulfonate,transporter-transfected HEK293 vs wild-type; probenecid co-treatment used to confirm transporter dependence,transporter uptake ratio (fold over control),,,,,,,~15-fold,substrate,secretion (basolateral),not assessed,"Results text, Figs 2 and 3 (and Fig S2)"
"Ryu S, Yamaguchi E, Sadegh Modaresi SM, et al.",2024,38801906,10.1016/j.chemosphere.2024.142390,OAT1,SLC22A6,human,PFHxA,5,carboxylate,transporter-transfected HEK293 vs wild-type; probenecid co-treatment used to confirm transporter dependence,transporter uptake ratio (fold over control),,,,,,,~2-fold,substrate,secretion (basolateral),not assessed,"Results text, Figs 2 and 3 (and Fig S2)"
"Ryu S, Yamaguchi E, Sadegh Modaresi SM, et al.",2024,38801906,10.1016/j.chemosphere.2024.142390,OAT3,SLC22A8,human,"PFPeA, PFHxA, PFHpA, PFOA, PFNA, PFBS, PFHxS, 6:2 FTS",4-8,carboxylate and sulfonate and FTS,transporter-transfected HEK293 vs wild-type; probenecid co-treatment used to confirm transporter dependence,transporter uptake ratio (fold over control),,,,,,,~2.5-12-fold,substrate,secretion (basolateral),not assessed,"Results text, Figs 2 and 3 (and Fig S2)"
"Ryu S, Yamaguchi E, Sadegh Modaresi SM, et al.",2024,38801906,10.1016/j.chemosphere.2024.142390,OAT4,SLC22A11,human,"PFOA, PFNA, PFBS, PFHxS, 6:2 FTS",4-8,carboxylate and sulfonate and FTS,transporter-transfected HEK293 vs wild-type; probenecid co-treatment used to confirm transporter dependence,transporter uptake ratio (fold over control),,,,,,,>2-fold (~2-4-fold in the probenecid follow-up),substrate,REABSORPTION (apical),not assessed,"Results text, Figs 2 and 3 (and Fig S2)"
"Ryu S, Yamaguchi E, Sadegh Modaresi SM, et al.",2024,38801906,10.1016/j.chemosphere.2024.142390,OAT3,SLC22A8,human,PFBA,3,carboxylate,transporter-transfected HEK293 vs wild-type; probenecid co-treatment used to confirm transporter dependence,transporter uptake ratio (fold over control),,,,,,,statistically significant but below the 2-fold cut-off,weak interaction / not classified as substrate,secretion (basolateral),not assessed,"Results text, Figs 2 and 3 (and Fig S2)"
"Ryu S, Yamaguchi E, Sadegh Modaresi SM, et al.",2024,38801906,10.1016/j.chemosphere.2024.142390,OAT3,SLC22A8,human,"PFBA, PFDA, PFOS",3-9,carboxylate and sulfonate,transporter-transfected HEK293 vs wild-type; probenecid co-treatment used to confirm transporter dependence,transporter uptake ratio (fold over control),,,,,,,30-50% above mock (modest interaction),weak interaction / not classified as substrate,secretion (basolateral),not assessed,"Results text, Figs 2 and 3 (and Fig S2)"
"Ryu S, Yamaguchi E, Sadegh Modaresi SM, et al.",2024,38801906,10.1016/j.chemosphere.2024.142390,OAT1,SLC22A6,human,"PFHpA, PFOA, PFBS, PFPeA",3-7,carboxylate and sulfonate,transporter-transfected HEK293 vs wild-type; probenecid co-treatment used to confirm transporter dependence,transporter uptake ratio (fold over control),,,,,,,5-60% above control (weak interaction),weak interaction / not classified as substrate,secretion (basolateral),not assessed,"Results text, Figs 2 and 3 (and Fig S2)"
"Ryu S, Yamaguchi E, Sadegh Modaresi SM, et al.",2024,38801906,10.1016/j.chemosphere.2024.142390,OAT4,SLC22A11,human,"PFHxA, PFHpA, PFOS",5-8,carboxylate and sulfonate,transporter-transfected HEK293 vs wild-type; probenecid co-treatment used to confirm transporter dependence,transporter uptake ratio (fold over control),,,,,,,~20% above control (weak interaction),weak interaction / not classified as substrate,REABSORPTION (apical),not assessed,"Results text, Figs 2 and 3 (and Fig S2)"
"Ryu S, Yamaguchi E, Sadegh Modaresi SM, et al.",2024,38801906,10.1016/j.chemosphere.2024.142390,OCT2,SLC22A2,human,"PFDoDA, PFOSA",8-11,carboxylate and sulfonamide,transporter-transfected HEK293 vs wild-type; probenecid co-treatment used to confirm transporter dependence,transporter uptake ratio (fold over control),,,,,,,~10% above control,weak interaction / not classified as substrate,secretion (basolateral),not assessed,"Results text, Figs 2 and 3 (and Fig S2)"
"Ryu S, Yamaguchi E, Sadegh Modaresi SM, et al.",2024,38801906,10.1016/j.chemosphere.2024.142390,OAT1,SLC22A6,human,"PFNA, PFDA, PFUnDA, PFDoDA, PFHxS, PFOS, PFOSA",6-11,carboxylate and sulfonate and sulfonamide,transporter-transfected HEK293 vs wild-type; probenecid co-treatment used to confirm transporter dependence,transporter uptake ratio (fold over control),,,,,,,similar to control,weak interaction / not classified as substrate,secretion (basolateral),not assessed,"Results text, Figs 2 and 3 (and Fig S2)"
"Ryu S, Yamaguchi E, Sadegh Modaresi SM, et al.",2024,38801906,10.1016/j.chemosphere.2024.142390,OAT3,SLC22A8,human,"PFUnDA, PFDoDA, PFOSA",8-11,carboxylate and sulfonamide,transporter-transfected HEK293 vs wild-type; probenecid co-treatment used to confirm transporter dependence,transporter uptake ratio (fold over control),,,,,,,similar to control,weak interaction / not classified as substrate,secretion (basolateral),not assessed,"Results text, Figs 2 and 3 (and Fig S2)"
"Ryu S, Yamaguchi E, Sadegh Modaresi SM, et al.",2024,38801906,10.1016/j.chemosphere.2024.142390,OAT2,SLC22A7,human,all 14 PFAS,3-11,carboxylate and sulfonate and sulfonamide and FTS,transporter-transfected HEK293 vs wild-type; probenecid co-treatment used to confirm transporter dependence,transporter uptake ratio (fold over control),,,,,,,none above control,weak interaction / not classified as substrate,secretion (basolateral),not assessed,"Results text, Figs 2 and 3 (and Fig S2)"
"Niu S, Ma Y, Tewari A, Ng C",2026,42775203,10.1021/envhealth.6c00088,OAT1,SLC22A6,human,"PFOA, PFOS, HFPO-TA, F53B (6:2 Cl-PFESA)",7-8,"carboxylate, sulfonate, ether carboxylate, chlorinated ether sulfonate","OAT1-transfected HEK293 cells; 1 min, 10 umol/L",net uptake and Km/Vmax (Michaelis-Menten),not extractable from text (reported only in Fig 1f),umol/L,,,,,net PFOA uptake 150 +/- 40 pmol/mg protein at 10 umol/L at 1 min (within the ~100-200 reported range),"substrate (PFOA, PFOS, HFPO-TA, F53B)",secretion (basolateral),not assessed,"Abstract and Fig 1a,f"
"Niu S, Ma Y, Tewari A, Ng C",2026,42775203,10.1021/envhealth.6c00088,OAT1,SLC22A6,human,HFPO-DA (GenX),5,ether carboxylate,OAT1-transfected HEK293; also P-gp and BCRP vesicles,uptake,,,,,,,"not transported by OAT1, P-gp or BCRP",NOT a substrate of any of the three transporters,n/a,not assessed,Abstract
"Niu S, Ma Y, Tewari A, Ng C",2026,42775203,10.1021/envhealth.6c00088,P-gp,ABCB1,human,PFOA,7,carboxylate,"human P-gp membrane vesicles (ThermoFisher, mixed orientation; only inside-out fraction supports ATP-dependent transport)",Km/Vmax (ATP-dependent vesicular transport),within 1.41-2.78 (individual value only in Fig 2b),umol/L,,,,,,substrate,apical EFFLUX = secretion (shortens half-life),not assessed,Abstract and Fig 2b; Vmax/Km = 279 pmol/mg protein/min/(umol/L) - highest of all transporter-PFAS pairs tested
"Niu S, Ma Y, Tewari A, Ng C",2026,42775203,10.1021/envhealth.6c00088,P-gp,ABCB1,human,HFPO-TA,8,ether carboxylate,human P-gp membrane vesicles,Km/Vmax,within 1.41-2.78 (individual value only in Fig 2b),umol/L,,,,,,substrate,apical EFFLUX = secretion,not assessed,Abstract and Fig 2b; Vmax/Km = 234 pmol/mg protein/min/(umol/L)
"Niu S, Ma Y, Tewari A, Ng C",2026,42775203,10.1021/envhealth.6c00088,P-gp,ABCB1,human,PFOS,8,sulfonate,human P-gp membrane vesicles,Km/Vmax,within 1.41-2.78 (individual value only in Fig 2b),umol/L,,,,,,substrate,apical EFFLUX = secretion,not assessed,Abstract and Fig 2b; Vmax/Km = 24 pmol/mg protein/min/(umol/L)
"Niu S, Ma Y, Tewari A, Ng C",2026,42775203,10.1021/envhealth.6c00088,BCRP,ABCG2,human,HFPO-TA,8,ether carboxylate,"human BCRP membrane vesicles (ThermoFisher, mixed orientation)",Km/Vmax (ATP-dependent vesicular transport),within 1.29-7.92 (individual value only in Fig 2d),umol/L,,,,,,substrate,apical EFFLUX = secretion (shortens half-life),not assessed,Abstract and Fig 2d; Vmax/Km = 227 pmol/mg protein/min/(umol/L); Km order PFOA > HFPO-TA > PFOS
"Niu S, Ma Y, Tewari A, Ng C",2026,42775203,10.1021/envhealth.6c00088,BCRP,ABCG2,human,PFOA,7,carboxylate,"human BCRP membrane vesicles (ThermoFisher, mixed orientation)",Km/Vmax (ATP-dependent vesicular transport),within 1.29-7.92 (individual value only in Fig 2d),umol/L,,,,,,substrate,apical EFFLUX = secretion (shortens half-life),not assessed,Abstract and Fig 2d; Vmax/Km = 212 pmol/mg protein/min/(umol/L); Km order PFOA > HFPO-TA > PFOS
"Niu S, Ma Y, Tewari A, Ng C",2026,42775203,10.1021/envhealth.6c00088,BCRP,ABCG2,human,PFOS,8,sulfonate,"human BCRP membrane vesicles (ThermoFisher, mixed orientation)",Km/Vmax (ATP-dependent vesicular transport),within 1.29-7.92 (individual value only in Fig 2d),umol/L,,,,,,substrate,apical EFFLUX = secretion (shortens half-life),not assessed,Abstract and Fig 2d; Vmax/Km = 139 pmol/mg protein/min/(umol/L); Km order PFOA > HFPO-TA > PFOS
"Kimura O, Fujii Y, Haraguchi K, Kato Y, Ohta C, Koga N, Endo T",2017,28552774,10.1016/j.toxlet.2017.05.012,OATPs (isoform not identified; OATP2B1 proposed),SLCO (SLCO2B1 proposed),human,PFOA,7,carboxylate,"Caco-2 intestinal epithelial monolayers, apical uptake, pH 6.0, Na+-independent",Km and saturable uptake clearance (Vmax/Km); non-saturable component Kd,8.3,uM,uptake clearance Vmax/Km = 55.0 uL/mg protein/min (3-fold the non-saturable clearance Kd = 18.1 uL/mg protein/min),"uL/mg protein/min (clearance, not Vmax)",,,,substrate,intestinal absorption / enterohepatic REABSORPTION - lengthens half-life,not assessed,"Abstract (PubMed); BSP competitively inhibited PFOA uptake with Ki = 23.1 uM; inhibited by BSP, glibenclamide, estrone-3-sulfate, cyclosporin A, rifamycin SV but NOT by probenecid or p-aminohippurate"
"Kimura O, Fujii Y, Haraguchi K, Kato Y, Ohta C, Koga N, Endo T",2020,32964147,10.1016/j.bbrep.2020.100807,OATPs (OATP2B1 proposed as predominant isoform in Caco-2),SLCO2B1 (proposed),human,PFOA,7,carboxylate,"Caco-2 cells, 5 min apical uptake of 2/5/10 uM sulfobromophthalein (BSP) at pH 6.0, Dixon plot",competitive inhibition constant Ki for BSP uptake,,,,,62.2 +/- 1.3,"uM (Ki, competitive)",,"inhibitor (and, by inference, substrate)",intestinal absorption / enterohepatic REABSORPTION - lengthens half-life,not assessed,Abstract and Fig 4 (Dixon plots)
"Kimura O, Fujii Y, Haraguchi K, Kato Y, Ohta C, Koga N, Endo T",2020,32964147,10.1016/j.bbrep.2020.100807,OATPs (OATP2B1 proposed as predominant isoform in Caco-2),SLCO2B1 (proposed),human,PFNA,8,carboxylate,"Caco-2 cells, 5 min apical uptake of 2/5/10 uM sulfobromophthalein (BSP) at pH 6.0, Dixon plot",competitive inhibition constant Ki for BSP uptake,,,,,35.3 +/- 0.1,"uM (Ki, competitive)",,"inhibitor (and, by inference, substrate)",intestinal absorption / enterohepatic REABSORPTION - lengthens half-life,not assessed,Abstract and Fig 4 (Dixon plots)
"Kimura O, Fujii Y, Haraguchi K, Kato Y, Ohta C, Koga N, Endo T",2020,32964147,10.1016/j.bbrep.2020.100807,OATPs (OATP2B1 proposed as predominant isoform in Caco-2),SLCO2B1 (proposed),human,PFDA,9,carboxylate,"Caco-2 cells, 5 min apical uptake of 2/5/10 uM sulfobromophthalein (BSP) at pH 6.0, Dixon plot",competitive inhibition constant Ki for BSP uptake,,,,,43.2 +/- 0.3,"uM (Ki, competitive)",,"inhibitor (and, by inference, substrate)",intestinal absorption / enterohepatic REABSORPTION - lengthens half-life,not assessed,Abstract and Fig 4 (Dixon plots)
"Kimura O, Fujii Y, Haraguchi K, Kato Y, Ohta C, Koga N, Endo T",2020,32964147,10.1016/j.bbrep.2020.100807,OATPs (Caco-2),SLCO2B1 (proposed),human,"PFHpA, PFOA, PFNA, PFDA, PFUnDA (C7-C11)",6-10,carboxylate,"Caco-2 cells, 5 min BSP uptake, pH 6.0",percent inhibition of BSP uptake,,,,,BSP uptake significantly decreased by 27-55%; short- (C3-C6) and long-chain (C12-C14) PFCAs only slight,percent inhibition,,inhibitor,intestinal absorption / enterohepatic REABSORPTION,not assessed,Abstract and Fig 3; medium-chain selectivity (C8-C10 strongest)
"Kimura O, Fujii Y, Haraguchi K, Kato Y, Ohta C, Koga N, Endo T",2020,32964147,10.1016/j.bbrep.2020.100807,OATPs (Caco-2),SLCO2B1 (proposed),human,PFOS,8,sulfonate,"Caco-2 cells, 5 min 5 uM BSP uptake at 37 C, pH 6.0, co-incubation",percent of control BSP uptake,,,,,46.1 +/- 4.5 % of control at 100 uM PFOS (i.e. ~54% inhibition),percent of control at 100 uM,,inhibitor,intestinal absorption / enterohepatic REABSORPTION,not assessed,Table 1
"Han X, Yang CH, Snajdr SI, Nabb DL, Mingoia RT",2008,18662756,10.1016/j.toxlet.2008.07.002,"hepatic uptake transporter(s), OATP-like (not identified)",unidentified (Slco family inferred from BSP sensitivity),rat,PFOA,7,carboxylate,freshly isolated rat hepatocytes (male); on-ice incubation used to subtract the non-saturable partition,Km/Vmax of the saturable active uptake component,88.0 +/- 9.1,uM,5.61 +/- 0.88,nmol/min/10^6 cells,85.9 +/- 25.1,uM (apparent Ki for sulfobromophthalein inhibition),,substrate,hepatic uptake (lengthens half-life by hepatic sequestration and enterohepatic recirculation),only a modest male/female difference: Km 88.0 vs 76.1 uM and active-uptake clearance 64.8 vs 47.6 uL/min/10^6 cells - far smaller than the 20-40x renal sex difference,Abstract (PubMed); uptake clearance 64.8 +/- 15.7 uL/min/10^6 cells
"Han X, Yang CH, Snajdr SI, Nabb DL, Mingoia RT",2008,18662756,10.1016/j.toxlet.2008.07.002,"hepatic uptake transporter(s), OATP-like (not identified)",unidentified (Slco family inferred from BSP sensitivity),rat,PFOA,7,carboxylate,freshly isolated rat hepatocytes (female); on-ice incubation used to subtract the non-saturable partition,Km/Vmax of the saturable active uptake component,76.1 +/- 12.0,uM,3.59 +/- 0.29,nmol/min/10^6 cells,29.3 +/- 19.2,uM (apparent Ki for sulfobromophthalein inhibition),,substrate,hepatic uptake (lengthens half-life by hepatic sequestration and enterohepatic recirculation),only a modest male/female difference: Km 88.0 vs 76.1 uM and active-uptake clearance 64.8 vs 47.6 uL/min/10^6 cells - far smaller than the 20-40x renal sex difference,Abstract (PubMed); uptake clearance 47.6 +/- 4.7 uL/min/10^6 cells
"Kudo N, Katakura M, Sato Y, Kawashima Y",2002,11879818,10.1016/s0009-2797(02)00006-6,oatp1 (Oatp1a1) and OAT-K renal mRNA,Slco1a1; Slc22a-related OAT-K,rat,PFOA,7,carboxylate,in vivo rat kidney mRNA (Northern/RT) plus renal clearance measurement,mRNA level and renal clearance; multiple regression,,,,,,,oatp1 and OAT-K mRNA significantly higher in male than female rat kidney (fold value not stated in the abstract); castration or estradiol reduced both,n/a (expression study),REABSORPTION (Oatp1a1 apical) - higher male expression lengthens male half-life,male rat PFOA t1/2 70x longer than female; castration raised renal clearance 14-fold to the female level; testosterone reversed it; estradiol raised male clearance; ovariectomy raised female clearance and estradiol lowered it; testosterone lowered female clearance,Abstract (PubMed). Secondary fold-estimates conflict: EPA 2023 IRIS PFHxA says Oatp1a1 mRNA 2.5-fold greater in males; EPA 2024 PFOA assessment says 5-20-fold higher - neither number is in the Kudo 2002 abstract
"Kudo N, Katakura M, Sato Y, Kawashima Y",2002,11879818,10.1016/s0009-2797(02)00006-6,OAT2 renal mRNA,Slc22a7,rat,PFOA,7,carboxylate,in vivo rat kidney mRNA,mRNA level,,,,,,,male OAT2 mRNA only 13% of female level; castration or estradiol increased it; testosterone in castrated males reduced it,n/a (expression study); note PFOA is NOT an OAT2 substrate (Nakagawa 2008; Weaver 2010),apical in rat; direction moot because PFOA is not transported,"strongly female-predominant; multiple regression in this paper attributed the renal clearance change partly to OAT2 and OAT3, but later direct transport assays showed OAT2 does not transport PFOA",Abstract (PubMed)
"Kudo N, Katakura M, Sato Y, Kawashima Y",2002,11879818,10.1016/s0009-2797(02)00006-6,OAT3 renal mRNA,Slc22a8,rat,PFOA,7,carboxylate,in vivo rat kidney mRNA,mRNA level,,,,,,,ovariectomy significantly increased renal OAT3 mRNA,n/a (expression study),secretion (basolateral),hormone-responsive; multiple regression attributed part of the change in renal clearance to OAT2 and OAT3,Abstract (PubMed)
"Katakura M, Kudo N, Tsuda T, Hibino Y, Mitsumoto A, Kawashima Y",2007,not indexed in PubMed,J Health Sci 53(1):77-83 (no DOI located),Oat3 and Oatp1 (Oatp1a1),Slc22a8; Slco1a1,rat,PFOA,7,carboxylate,Xenopus laevis oocytes expressing rat Oat3 or Oatp1a1,"uptake (qualitative, 'both active')",,,,,,,both Oat3 and Oatp1a1 transported PFOA,substrate,Oat3 secretion (basolateral); Oatp1a1 REABSORPTION (apical),not assessed,Not retrieved in full text. Km/transport status as tabulated in OEHHA 2021/2024 PHG Appendix 6 Table A6.3 and described in Weaver 2010 Discussion. OEHHA Table A6.3 also records: Mrp2-deficient rats had renal PFOA clearance similar to wild-type (no Mrp2 role) and no transport by rat Npt2 (NaPi-IIa)
"OEHHA (2021, 2024) PHG Appendix 6 Table A6.3 citing Katakura 2007",2007,not indexed in PubMed,n/a,Mrp2,Abcc2,rat,PFOA,7,carboxylate,"Mrp2-deficient (EHBR) rats vs wild-type rats, in vivo renal clearance",in vivo renal clearance comparison,,,,,,,Mrp2-deficient rats had renal PFOA clearance similar to wild-type - no evidence of an Mrp2 role,not a substrate (in vivo),"apical EFFLUX = secretion, but not operative for PFOA",not assessed,"OEHHA 2021 PHG first public review draft, Table A6.3 (also in OEHHA 2024 PHG)"
"OEHHA (2021, 2024) PHG Appendix 6 Table A6.3 citing Katakura 2007",2007,not indexed in PubMed,n/a,Npt2 (NaPi-IIa),Slc34a1,rat,PFOA,7,carboxylate,rat Npt2 expression system,uptake,,,,,,,no transport by rat Npt2,NOT a substrate,REABSORPTION (apical sodium-phosphate cotransporter) - not operative for PFOA,not assessed,"OEHHA 2021 PHG first public review draft, Table A6.3"
"Kummu M, Sieppi E, Koponen J, Laatio L, Vahakangas K, Kiviranta H, Rautio A, Myllynen P",2015,26303760,10.1016/j.placenta.2015.07.119,OAT4,SLC22A11,human,PFOA and PFOS,7-8,carboxylate and sulfonate,ex vivo dual recirculating human placental perfusion (8 term placentas); OAT4 and ABCG2 protein by immunoblot,correlation of transporter protein expression with transfer index (TI%),,,,,,,"OAT4 expression negatively correlated with TI% of PFOA (R2=0.92, p=0.043) and PFOS (R2=0.99, p=0.007) at 120 min; ABCG2 showed no correlation",substrate (inferred); transporter-expression correlation only,placental: OAT4 (apical/basal syncytiotrophoblast) appears to LIMIT fetal transfer - not a renal reabsorption/secretion role,not assessed,Abstract (PubMed); n=4 for the correlation analysis
"Worley RR, Fisher J",2015,26522833,10.1016/j.taap.2015.10.017,"Oat1 + Oat3 (basolateral, lumped)",Slc22a6 + Slc22a8,rat,PFOA,7,carboxylate,PBPK model parameter taken from in vitro transfected-cell studies,Km used in PBPK model (Km_baso),27.20 ug/mL = 65.7 uM (27.20/414.07 g/mol),ug/mL in the paper; uM conversion by this reviewer,Vmax_basoC = 0.04,mg/h/kg BW^0.75,,,,substrate,SECRETION (basolateral uptake from blood into proximal tubule cells),"relative activity factor RAFbaso FITTED to 4.07 (male) vs 0.01356 (female) - a 300-fold male/female ratio, fitted not measured","Table 3 (attributed in the paper to 'Nakagawa et al., 2007'; the numeric value 27.20 ug/mL equals 65.7 uM, i.e. Weaver 2010 Table 1 rat Oat3-PFOA Km, not an average of Oat1 and Oat3 - attribution discrepancy flagged)"
"Worley RR, Fisher J",2015,26522833,10.1016/j.taap.2015.10.017,Oatp1a1 (apical),Slco1a1,rat,PFOA,7,carboxylate,PBPK model parameter taken from Weaver et al. 2010 CHO-Oatp1a1 data,Km used in PBPK model (Km_apical),52.3 ug/mL = 126.3 uM (52.3/414.07 g/mol),ug/mL in the paper; uM conversion by this reviewer,Vmax_apicalC = 0.947,mg/h/kg BW^0.75,,,,substrate,REABSORPTION (apical uptake from filtrate into proximal tubule cells),"relative activity factor RAFapi FITTED to 35.0 (male) vs 0.001356 (female) - a ~25,800-fold male/female ratio; initial value for both sexes was 0.01356 from Yamada 2007","Tables 3 and 4 (Km from Weaver et al. 2010, i.e. the Oatp1a1-C8 Km of 126.4 uM)"
"Lin HC, Sakolish C, Moyer HL, Carmichael PL, Baltazar MT, Ferguson SS, Stanko JP, Hewitt P, Rusyn I, Chiu WA",2024,38917890,10.1016/j.taap.2024.117015,composite proximal tubule transport (OAT/efflux not individually resolved),n/a,human,"PFOS, PFHxA, PFBS",5-8,carboxylate and sulfonate,"human RPTEC (renal proximal tubule epithelial cells) in 96-well 2D, Transwell, and Transwell with flow/shear stress",in vitro-in silico IVIVE of renal clearance; comparison with in vivo human renal clearance,,,,,,,"Transwell-based models (with or without flow) gave the best human in vivo concordance, predicting absolute renal clearance within about 10-fold; 96-well 2D culture systematically UNDER-predicted clearance (health-protective direction); a prior published approach severely OVER-predicted renal clearance (not health-protective)",n/a (clearance prediction),net renal handling (secretion minus reabsorption),not assessed,Results/Discussion text (PMC11585971)
"Sakolish C, Lin HC, Moyer HL, et al.",2026,41224188,10.1016/j.tox.2025.154336,composite RPTEC proximal-tubule transport (OAT1-overexpressing and parental cells),n/a,human,PFPeA,see chemical name,carboxylate / sulfonate / fluorotelomer / ether,human RPTEC Transwell and OAT1-overexpressing RPTEC; 5 uM (model development) or 10 uM (validation),"IVIVE-predicted relative renal clearance (CLrenal/CLrenal,PFOA) and predicted human half-life category",,,,,,,relative renal clearance factor: model-development study = 500; validation study = -,n/a (clearance prediction),net renal handling,not assessed,Table 2 (CAS 2706-90-3); predicted human half-life category = Days; index chemical PFOA half-life 3.14 y from Chiu et al. 2022
"Sakolish C, Lin HC, Moyer HL, et al.",2026,41224188,10.1016/j.tox.2025.154336,composite RPTEC proximal-tubule transport (OAT1-overexpressing and parental cells),n/a,human,PFBA,see chemical name,carboxylate / sulfonate / fluorotelomer / ether,human RPTEC Transwell and OAT1-overexpressing RPTEC; 5 uM (model development) or 10 uM (validation),"IVIVE-predicted relative renal clearance (CLrenal/CLrenal,PFOA) and predicted human half-life category",,,,,,,relative renal clearance factor: model-development study = 500; validation study = 300,n/a (clearance prediction),net renal handling,not assessed,Table 2 (CAS 375-22-4); predicted human half-life category = Days; index chemical PFOA half-life 3.14 y from Chiu et al. 2022
"Sakolish C, Lin HC, Moyer HL, et al.",2026,41224188,10.1016/j.tox.2025.154336,composite RPTEC proximal-tubule transport (OAT1-overexpressing and parental cells),n/a,human,4H-PFBA,see chemical name,carboxylate / sulfonate / fluorotelomer / ether,human RPTEC Transwell and OAT1-overexpressing RPTEC; 5 uM (model development) or 10 uM (validation),"IVIVE-predicted relative renal clearance (CLrenal/CLrenal,PFOA) and predicted human half-life category",,,,,,,relative renal clearance factor: model-development study = -; validation study = 200,n/a (clearance prediction),net renal handling,not assessed,Table 2 (CAS 679-12-9); predicted human half-life category = Days; index chemical PFOA half-life 3.14 y from Chiu et al. 2022
"Sakolish C, Lin HC, Moyer HL, et al.",2026,41224188,10.1016/j.tox.2025.154336,composite RPTEC proximal-tubule transport (OAT1-overexpressing and parental cells),n/a,human,3:3 FTCA,see chemical name,carboxylate / sulfonate / fluorotelomer / ether,human RPTEC Transwell and OAT1-overexpressing RPTEC; 5 uM (model development) or 10 uM (validation),"IVIVE-predicted relative renal clearance (CLrenal/CLrenal,PFOA) and predicted human half-life category",,,,,,,relative renal clearance factor: model-development study = -; validation study = 60,n/a (clearance prediction),net renal handling,not assessed,Table 2 (CAS 356-02-5); predicted human half-life category = Days; index chemical PFOA half-life 3.14 y from Chiu et al. 2022
"Sakolish C, Lin HC, Moyer HL, et al.",2026,41224188,10.1016/j.tox.2025.154336,composite RPTEC proximal-tubule transport (OAT1-overexpressing and parental cells),n/a,human,PFBS,see chemical name,carboxylate / sulfonate / fluorotelomer / ether,human RPTEC Transwell and OAT1-overexpressing RPTEC; 5 uM (model development) or 10 uM (validation),"IVIVE-predicted relative renal clearance (CLrenal/CLrenal,PFOA) and predicted human half-life category",,,,,,,relative renal clearance factor: model-development study = 2000; validation study = 20,n/a (clearance prediction),net renal handling,not assessed,Table 2 (CAS 375-73-5); predicted human half-life category = Days/Months; index chemical PFOA half-life 3.14 y from Chiu et al. 2022
"Sakolish C, Lin HC, Moyer HL, et al.",2026,41224188,10.1016/j.tox.2025.154336,composite RPTEC proximal-tubule transport (OAT1-overexpressing and parental cells),n/a,human,PFMBA,see chemical name,carboxylate / sulfonate / fluorotelomer / ether,human RPTEC Transwell and OAT1-overexpressing RPTEC; 5 uM (model development) or 10 uM (validation),"IVIVE-predicted relative renal clearance (CLrenal/CLrenal,PFOA) and predicted human half-life category",,,,,,,relative renal clearance factor: model-development study = -; validation study = 10,n/a (clearance prediction),net renal handling,not assessed,Table 2 (CAS 863090-89-5); predicted human half-life category = Months; index chemical PFOA half-life 3.14 y from Chiu et al. 2022
"Sakolish C, Lin HC, Moyer HL, et al.",2026,41224188,10.1016/j.tox.2025.154336,composite RPTEC proximal-tubule transport (OAT1-overexpressing and parental cells),n/a,human,PFHxA,see chemical name,carboxylate / sulfonate / fluorotelomer / ether,human RPTEC Transwell and OAT1-overexpressing RPTEC; 5 uM (model development) or 10 uM (validation),"IVIVE-predicted relative renal clearance (CLrenal/CLrenal,PFOA) and predicted human half-life category",,,,,,,relative renal clearance factor: model-development study = 200; validation study = 6,n/a (clearance prediction),net renal handling,not assessed,Table 2 (CAS 307-24-4); predicted human half-life category = Days/Months; index chemical PFOA half-life 3.14 y from Chiu et al. 2022
"Sakolish C, Lin HC, Moyer HL, et al.",2026,41224188,10.1016/j.tox.2025.154336,composite RPTEC proximal-tubule transport (OAT1-overexpressing and parental cells),n/a,human,4:2 FTS,see chemical name,carboxylate / sulfonate / fluorotelomer / ether,human RPTEC Transwell and OAT1-overexpressing RPTEC; 5 uM (model development) or 10 uM (validation),"IVIVE-predicted relative renal clearance (CLrenal/CLrenal,PFOA) and predicted human half-life category",,,,,,,relative renal clearance factor: model-development study = 10; validation study = -,n/a (clearance prediction),net renal handling,not assessed,Table 2 (CAS 757124-72-4); predicted human half-life category = Months; index chemical PFOA half-life 3.14 y from Chiu et al. 2022
"Sakolish C, Lin HC, Moyer HL, et al.",2026,41224188,10.1016/j.tox.2025.154336,composite RPTEC proximal-tubule transport (OAT1-overexpressing and parental cells),n/a,human,6:2 FTS,see chemical name,carboxylate / sulfonate / fluorotelomer / ether,human RPTEC Transwell and OAT1-overexpressing RPTEC; 5 uM (model development) or 10 uM (validation),"IVIVE-predicted relative renal clearance (CLrenal/CLrenal,PFOA) and predicted human half-life category",,,,,,,relative renal clearance factor: model-development study = 5; validation study = -,n/a (clearance prediction),net renal handling,not assessed,Table 2 (CAS 27619-97-2); predicted human half-life category = Months; index chemical PFOA half-life 3.14 y from Chiu et al. 2022
"Sakolish C, Lin HC, Moyer HL, et al.",2026,41224188,10.1016/j.tox.2025.154336,composite RPTEC proximal-tubule transport (OAT1-overexpressing and parental cells),n/a,human,5:3 FTCA,see chemical name,carboxylate / sulfonate / fluorotelomer / ether,human RPTEC Transwell and OAT1-overexpressing RPTEC; 5 uM (model development) or 10 uM (validation),"IVIVE-predicted relative renal clearance (CLrenal/CLrenal,PFOA) and predicted human half-life category",,,,,,,relative renal clearance factor: model-development study = -; validation study = 3,n/a (clearance prediction),net renal handling,not assessed,Table 2 (CAS 914637-49-3); predicted human half-life category = Months; index chemical PFOA half-life 3.14 y from Chiu et al. 2022
"Sakolish C, Lin HC, Moyer HL, et al.",2026,41224188,10.1016/j.tox.2025.154336,composite RPTEC proximal-tubule transport (OAT1-overexpressing and parental cells),n/a,human,NFDHA,see chemical name,carboxylate / sulfonate / fluorotelomer / ether,human RPTEC Transwell and OAT1-overexpressing RPTEC; 5 uM (model development) or 10 uM (validation),"IVIVE-predicted relative renal clearance (CLrenal/CLrenal,PFOA) and predicted human half-life category",,,,,,,relative renal clearance factor: model-development study = -; validation study = 3,n/a (clearance prediction),net renal handling,not assessed,Table 2 (CAS 151772-58-6); predicted human half-life category = Years; index chemical PFOA half-life 3.14 y from Chiu et al. 2022
"Sakolish C, Lin HC, Moyer HL, et al.",2026,41224188,10.1016/j.tox.2025.154336,composite RPTEC proximal-tubule transport (OAT1-overexpressing and parental cells),n/a,human,PFOA,see chemical name,carboxylate / sulfonate / fluorotelomer / ether,human RPTEC Transwell and OAT1-overexpressing RPTEC; 5 uM (model development) or 10 uM (validation),"IVIVE-predicted relative renal clearance (CLrenal/CLrenal,PFOA) and predicted human half-life category",,,,,,,relative renal clearance factor: model-development study = 1 (index); validation study = -,n/a (clearance prediction),net renal handling,not assessed,Table 2 (CAS 335-67-1); predicted human half-life category = Years; index chemical PFOA half-life 3.14 y from Chiu et al. 2022
"Sakolish C, Lin HC, Moyer HL, et al.",2026,41224188,10.1016/j.tox.2025.154336,composite RPTEC proximal-tubule transport (OAT1-overexpressing and parental cells),n/a,human,PFOA-K,see chemical name,carboxylate / sulfonate / fluorotelomer / ether,human RPTEC Transwell and OAT1-overexpressing RPTEC; 5 uM (model development) or 10 uM (validation),"IVIVE-predicted relative renal clearance (CLrenal/CLrenal,PFOA) and predicted human half-life category",,,,,,,relative renal clearance factor: model-development study = -; validation study = 1 (index),n/a (clearance prediction),net renal handling,not assessed,Table 2 (CAS 2395-00-8); predicted human half-life category = Years; index chemical PFOA half-life 3.14 y from Chiu et al. 2022
"Sakolish C, Lin HC, Moyer HL, et al.",2026,41224188,10.1016/j.tox.2025.154336,composite RPTEC proximal-tubule transport (OAT1-overexpressing and parental cells),n/a,human,9H-PFNA,see chemical name,carboxylate / sulfonate / fluorotelomer / ether,human RPTEC Transwell and OAT1-overexpressing RPTEC; 5 uM (model development) or 10 uM (validation),"IVIVE-predicted relative renal clearance (CLrenal/CLrenal,PFOA) and predicted human half-life category",,,,,,,relative renal clearance factor: model-development study = -; validation study = 0.9,n/a (clearance prediction),net renal handling,not assessed,Table 2 (CAS 76-21-1); predicted human half-life category = Years; index chemical PFOA half-life 3.14 y from Chiu et al. 2022
"Sakolish C, Lin HC, Moyer HL, et al.",2026,41224188,10.1016/j.tox.2025.154336,composite RPTEC proximal-tubule transport (OAT1-overexpressing and parental cells),n/a,human,PFPE-1,see chemical name,carboxylate / sulfonate / fluorotelomer / ether,human RPTEC Transwell and OAT1-overexpressing RPTEC; 5 uM (model development) or 10 uM (validation),"IVIVE-predicted relative renal clearance (CLrenal/CLrenal,PFOA) and predicted human half-life category",,,,,,,relative renal clearance factor: model-development study = -; validation study = 0.8,n/a (clearance prediction),net renal handling,not assessed,Table 2 (CAS 801212-59-9); predicted human half-life category = Years; index chemical PFOA half-life 3.14 y from Chiu et al. 2022
"Sakolish C, Lin HC, Moyer HL, et al.",2026,41224188,10.1016/j.tox.2025.154336,composite RPTEC proximal-tubule transport (OAT1-overexpressing and parental cells),n/a,human,PFEESA,see chemical name,carboxylate / sulfonate / fluorotelomer / ether,human RPTEC Transwell and OAT1-overexpressing RPTEC; 5 uM (model development) or 10 uM (validation),"IVIVE-predicted relative renal clearance (CLrenal/CLrenal,PFOA) and predicted human half-life category",,,,,,,relative renal clearance factor: model-development study = -; validation study = 0.8,n/a (clearance prediction),net renal handling,not assessed,Table 2 (CAS 113507-82-7); predicted human half-life category = Years; index chemical PFOA half-life 3.14 y from Chiu et al. 2022
"Sakolish C, Lin HC, Moyer HL, et al.",2026,41224188,10.1016/j.tox.2025.154336,composite RPTEC proximal-tubule transport (OAT1-overexpressing and parental cells),n/a,human,PFHpA,see chemical name,carboxylate / sulfonate / fluorotelomer / ether,human RPTEC Transwell and OAT1-overexpressing RPTEC; 5 uM (model development) or 10 uM (validation),"IVIVE-predicted relative renal clearance (CLrenal/CLrenal,PFOA) and predicted human half-life category",,,,,,,relative renal clearance factor: model-development study = 1; validation study = 0.4,n/a (clearance prediction),net renal handling,not assessed,Table 2 (CAS 375-85-9); predicted human half-life category = Years; index chemical PFOA half-life 3.14 y from Chiu et al. 2022
"Sakolish C, Lin HC, Moyer HL, et al.",2026,41224188,10.1016/j.tox.2025.154336,composite RPTEC proximal-tubule transport (OAT1-overexpressing and parental cells),n/a,human,PFHxS-K,see chemical name,carboxylate / sulfonate / fluorotelomer / ether,human RPTEC Transwell and OAT1-overexpressing RPTEC; 5 uM (model development) or 10 uM (validation),"IVIVE-predicted relative renal clearance (CLrenal/CLrenal,PFOA) and predicted human half-life category",,,,,,,relative renal clearance factor: model-development study = -; validation study = 0.4,n/a (clearance prediction),net renal handling,not assessed,Table 2 (CAS 3871-99-6); predicted human half-life category = Years; index chemical PFOA half-life 3.14 y from Chiu et al. 2022
"Sakolish C, Lin HC, Moyer HL, et al.",2026,41224188,10.1016/j.tox.2025.154336,composite RPTEC proximal-tubule transport (OAT1-overexpressing and parental cells),n/a,human,PFHxS,see chemical name,carboxylate / sulfonate / fluorotelomer / ether,human RPTEC Transwell and OAT1-overexpressing RPTEC; 5 uM (model development) or 10 uM (validation),"IVIVE-predicted relative renal clearance (CLrenal/CLrenal,PFOA) and predicted human half-life category",,,,,,,relative renal clearance factor: model-development study = 3; validation study = 0.2,n/a (clearance prediction),net renal handling,not assessed,Table 2 (CAS 355-46-4); predicted human half-life category = Years; index chemical PFOA half-life 3.14 y from Chiu et al. 2022
"Sakolish C, Lin HC, Moyer HL, et al.",2026,41224188,10.1016/j.tox.2025.154336,composite RPTEC proximal-tubule transport (OAT1-overexpressing and parental cells),n/a,human,PFNA,see chemical name,carboxylate / sulfonate / fluorotelomer / ether,human RPTEC Transwell and OAT1-overexpressing RPTEC; 5 uM (model development) or 10 uM (validation),"IVIVE-predicted relative renal clearance (CLrenal/CLrenal,PFOA) and predicted human half-life category",,,,,,,relative renal clearance factor: model-development study = 0.9; validation study = 0.3,n/a (clearance prediction),net renal handling,not assessed,Table 2 (CAS 375-95-1); predicted human half-life category = Years; index chemical PFOA half-life 3.14 y from Chiu et al. 2022
"Sakolish C, Lin HC, Moyer HL, et al.",2026,41224188,10.1016/j.tox.2025.154336,composite RPTEC proximal-tubule transport (OAT1-overexpressing and parental cells),n/a,human,NH4PFOA,see chemical name,carboxylate / sulfonate / fluorotelomer / ether,human RPTEC Transwell and OAT1-overexpressing RPTEC; 5 uM (model development) or 10 uM (validation),"IVIVE-predicted relative renal clearance (CLrenal/CLrenal,PFOA) and predicted human half-life category",,,,,,,relative renal clearance factor: model-development study = -; validation study = 0.4,n/a (clearance prediction),net renal handling,not assessed,Table 2 (CAS 3825-26-1); predicted human half-life category = Years; index chemical PFOA half-life 3.14 y from Chiu et al. 2022
"Sakolish C, Lin HC, Moyer HL, et al.",2026,41224188,10.1016/j.tox.2025.154336,composite RPTEC proximal-tubule transport (OAT1-overexpressing and parental cells),n/a,human,8:2 FTS,see chemical name,carboxylate / sulfonate / fluorotelomer / ether,human RPTEC Transwell and OAT1-overexpressing RPTEC; 5 uM (model development) or 10 uM (validation),"IVIVE-predicted relative renal clearance (CLrenal/CLrenal,PFOA) and predicted human half-life category",,,,,,,relative renal clearance factor: model-development study = 0.2; validation study = -,n/a (clearance prediction),net renal handling,not assessed,Table 2 (CAS 39108-34-4); predicted human half-life category = Years; index chemical PFOA half-life 3.14 y from Chiu et al. 2022
"Sakolish C, Lin HC, Moyer HL, et al.",2026,41224188,10.1016/j.tox.2025.154336,composite RPTEC proximal-tubule transport (OAT1-overexpressing and parental cells),n/a,human,PFPE-5,see chemical name,carboxylate / sulfonate / fluorotelomer / ether,human RPTEC Transwell and OAT1-overexpressing RPTEC; 5 uM (model development) or 10 uM (validation),"IVIVE-predicted relative renal clearance (CLrenal/CLrenal,PFOA) and predicted human half-life category",,,,,,,relative renal clearance factor: model-development study = -; validation study = 0.1,n/a (clearance prediction),net renal handling,not assessed,Table 2 (CAS 137780-69-9); predicted human half-life category = Years; index chemical PFOA half-life 3.14 y from Chiu et al. 2022
"Sakolish C, Lin HC, Moyer HL, et al.",2026,41224188,10.1016/j.tox.2025.154336,composite RPTEC proximal-tubule transport (OAT1-overexpressing and parental cells),n/a,human,PFOS,see chemical name,carboxylate / sulfonate / fluorotelomer / ether,human RPTEC Transwell and OAT1-overexpressing RPTEC; 5 uM (model development) or 10 uM (validation),"IVIVE-predicted relative renal clearance (CLrenal/CLrenal,PFOA) and predicted human half-life category",,,,,,,relative renal clearance factor: model-development study = 0.1; validation study = 0.06,n/a (clearance prediction),net renal handling,not assessed,Table 2 (CAS 1763-23-1); predicted human half-life category = Years; index chemical PFOA half-life 3.14 y from Chiu et al. 2022
"Sakolish C, Lin HC, Moyer HL, et al.",2026,41224188,10.1016/j.tox.2025.154336,composite RPTEC proximal-tubule transport (OAT1-overexpressing and parental cells),n/a,human,PFOS-K,see chemical name,carboxylate / sulfonate / fluorotelomer / ether,human RPTEC Transwell and OAT1-overexpressing RPTEC; 5 uM (model development) or 10 uM (validation),"IVIVE-predicted relative renal clearance (CLrenal/CLrenal,PFOA) and predicted human half-life category",,,,,,,relative renal clearance factor: model-development study = -; validation study = 0.07,n/a (clearance prediction),net renal handling,not assessed,Table 2 (CAS 2795-39-3); predicted human half-life category = Years; index chemical PFOA half-life 3.14 y from Chiu et al. 2022
"Sakolish C, Lin HC, Moyer HL, et al.",2026,41224188,10.1016/j.tox.2025.154336,composite RPTEC proximal-tubule transport (OAT1-overexpressing and parental cells),n/a,human,PFHpS,see chemical name,carboxylate / sulfonate / fluorotelomer / ether,human RPTEC Transwell and OAT1-overexpressing RPTEC; 5 uM (model development) or 10 uM (validation),"IVIVE-predicted relative renal clearance (CLrenal/CLrenal,PFOA) and predicted human half-life category",,,,,,,relative renal clearance factor: model-development study = -; validation study = 0.04,n/a (clearance prediction),net renal handling,not assessed,Table 2 (CAS 375-92-8); predicted human half-life category = Years; index chemical PFOA half-life 3.14 y from Chiu et al. 2022
"Sakolish C, Lin HC, Moyer HL, et al.",2026,41224188,10.1016/j.tox.2025.154336,composite RPTEC proximal-tubule transport (OAT1-overexpressing and parental cells),n/a,human,PFDA,see chemical name,carboxylate / sulfonate / fluorotelomer / ether,human RPTEC Transwell and OAT1-overexpressing RPTEC; 5 uM (model development) or 10 uM (validation),"IVIVE-predicted relative renal clearance (CLrenal/CLrenal,PFOA) and predicted human half-life category",,,,,,,relative renal clearance factor: model-development study = 0.04; validation study = 0.07,n/a (clearance prediction),net renal handling,not assessed,Table 2 (CAS 335-76-2); predicted human half-life category = Years; index chemical PFOA half-life 3.14 y from Chiu et al. 2022
"Sakolish C, Lin HC, Moyer HL, et al.",2026,41224188,10.1016/j.tox.2025.154336,composite RPTEC proximal-tubule transport (OAT1-overexpressing and parental cells),n/a,human,PFUnDA,see chemical name,carboxylate / sulfonate / fluorotelomer / ether,human RPTEC Transwell and OAT1-overexpressing RPTEC; 5 uM (model development) or 10 uM (validation),"IVIVE-predicted relative renal clearance (CLrenal/CLrenal,PFOA) and predicted human half-life category",,,,,,,relative renal clearance factor: model-development study = 0.002; validation study = 0.01,n/a (clearance prediction),net renal handling,not assessed,Table 2 (CAS 2058-94-8); predicted human half-life category = Years; index chemical PFOA half-life 3.14 y from Chiu et al. 2022
"Ebert A, Allendorf F, Berger U, Goss KU, Ulrich N",2020,32212724,10.1021/acs.est.0c00175,none (passive membrane permeation),n/a,in vitro planar lipid bilayers (species-independent),"6 PFCAs, 3 PFSAs and 4 fluorinated alternatives",varied,"carboxylate, sulfonate, alternatives",dialysis experiments for membrane/water partition coefficients; planar lipid bilayers for anionic membrane permeability; COSMO-RS prediction,membrane/water partition coefficient and passive anionic membrane permeability,,,,,,,measured permeabilities were high enough to explain observed cellular uptake by passive diffusion 'with no need to postulate the existence of active uptake processes',n/a - control/alternative explanation for apparent transporter-mediated uptake,bidirectional passive flux; a major confounder for transfected-cell uptake-ratio assays,n/a,Abstract (PubMed); log RMSE 0.61 and 0.46 for COSMO-RS predictions
"Liu YZ, Pan LH, Bai Y, Yang K, Dong PP, Fang ZZ",2020,32283456,10.1016/j.envpol.2020.114463,"carboxylesterase CES1 (enzyme, NOT a transporter)",CES1,human,PFDoA,11,carboxylate,in vitro recombinant human CES; probe substrates BMBT (CES1) and fluorescein diacetate (CES2),IC50 and noncompetitive inhibition constant Ki,,,,,10.6,uM (IC50); Ki = 27.7 uM (noncompetitive),,inhibitor only,"n/a (metabolic enzyme, not a membrane transporter)",not assessed,"Abstract (PubMed). IVIVE in the paper predicted in vivo CES interference above plasma concentrations of 2.77 uM (PFDoA-CES1), 2.69 uM (PFTA-CES1), 1.19 uM (PFOcDA-CES1), 0.40 uM (PFDoA-CES2), 2.91 uM (PFTA-CES2), 2.74 uM (PFOcDA-CES2) - all far above general-population serum levels"
"Liu YZ, Pan LH, Bai Y, Yang K, Dong PP, Fang ZZ",2020,32283456,10.1016/j.envpol.2020.114463,"carboxylesterase CES1 (enzyme, NOT a transporter)",CES1,human,PFTA,13,carboxylate,in vitro recombinant human CES; probe substrates BMBT (CES1) and fluorescein diacetate (CES2),IC50 and noncompetitive inhibition constant Ki,,,,,13.4,uM (IC50); Ki = 26.9 uM (noncompetitive),,inhibitor only,"n/a (metabolic enzyme, not a membrane transporter)",not assessed,"Abstract (PubMed). IVIVE in the paper predicted in vivo CES interference above plasma concentrations of 2.77 uM (PFDoA-CES1), 2.69 uM (PFTA-CES1), 1.19 uM (PFOcDA-CES1), 0.40 uM (PFDoA-CES2), 2.91 uM (PFTA-CES2), 2.74 uM (PFOcDA-CES2) - all far above general-population serum levels"
"Liu YZ, Pan LH, Bai Y, Yang K, Dong PP, Fang ZZ",2020,32283456,10.1016/j.envpol.2020.114463,"carboxylesterase CES1 (enzyme, NOT a transporter)",CES1,human,PFOcDA,17,carboxylate,in vitro recombinant human CES; probe substrates BMBT (CES1) and fluorescein diacetate (CES2),IC50 and noncompetitive inhibition constant Ki,,,,,12.6,uM (IC50); Ki = 11.9 uM (noncompetitive),,inhibitor only,"n/a (metabolic enzyme, not a membrane transporter)",not assessed,"Abstract (PubMed). IVIVE in the paper predicted in vivo CES interference above plasma concentrations of 2.77 uM (PFDoA-CES1), 2.69 uM (PFTA-CES1), 1.19 uM (PFOcDA-CES1), 0.40 uM (PFDoA-CES2), 2.91 uM (PFTA-CES2), 2.74 uM (PFOcDA-CES2) - all far above general-population serum levels"
"Liu YZ, Pan LH, Bai Y, Yang K, Dong PP, Fang ZZ",2020,32283456,10.1016/j.envpol.2020.114463,"carboxylesterase CES2 (enzyme, NOT a transporter)",CES2,human,PFDoA,11,carboxylate,in vitro recombinant human CES; probe substrates BMBT (CES1) and fluorescein diacetate (CES2),IC50 and noncompetitive inhibition constant Ki,,,,,9.56,uM (IC50); Ki = 4.04 uM (noncompetitive),,inhibitor only,"n/a (metabolic enzyme, not a membrane transporter)",not assessed,"Abstract (PubMed). IVIVE in the paper predicted in vivo CES interference above plasma concentrations of 2.77 uM (PFDoA-CES1), 2.69 uM (PFTA-CES1), 1.19 uM (PFOcDA-CES1), 0.40 uM (PFDoA-CES2), 2.91 uM (PFTA-CES2), 2.74 uM (PFOcDA-CES2) - all far above general-population serum levels"
"Liu YZ, Pan LH, Bai Y, Yang K, Dong PP, Fang ZZ",2020,32283456,10.1016/j.envpol.2020.114463,"carboxylesterase CES2 (enzyme, NOT a transporter)",CES2,human,PFTA,13,carboxylate,in vitro recombinant human CES; probe substrates BMBT (CES1) and fluorescein diacetate (CES2),IC50 and noncompetitive inhibition constant Ki,,,,,17.2,uM (IC50); Ki = 29.1 uM (noncompetitive),,inhibitor only,"n/a (metabolic enzyme, not a membrane transporter)",not assessed,"Abstract (PubMed). IVIVE in the paper predicted in vivo CES interference above plasma concentrations of 2.77 uM (PFDoA-CES1), 2.69 uM (PFTA-CES1), 1.19 uM (PFOcDA-CES1), 0.40 uM (PFDoA-CES2), 2.91 uM (PFTA-CES2), 2.74 uM (PFOcDA-CES2) - all far above general-population serum levels"
"Liu YZ, Pan LH, Bai Y, Yang K, Dong PP, Fang ZZ",2020,32283456,10.1016/j.envpol.2020.114463,"carboxylesterase CES2 (enzyme, NOT a transporter)",CES2,human,PFOcDA,17,carboxylate,in vitro recombinant human CES; probe substrates BMBT (CES1) and fluorescein diacetate (CES2),IC50 and noncompetitive inhibition constant Ki,,,,,8.73,uM (IC50); Ki = 27.4 uM (noncompetitive),,inhibitor only,"n/a (metabolic enzyme, not a membrane transporter)",not assessed,"Abstract (PubMed). IVIVE in the paper predicted in vivo CES interference above plasma concentrations of 2.77 uM (PFDoA-CES1), 2.69 uM (PFTA-CES1), 1.19 uM (PFOcDA-CES1), 0.40 uM (PFDoA-CES2), 2.91 uM (PFTA-CES2), 2.74 uM (PFOcDA-CES2) - all far above general-population serum levels"
"Cheng X, Maher J, Chen C, Klaassen CD",2005,15843488,10.1124/dmd.105.003640,"Oatp1a1, Oatp3a1, Oatp4c1 (kidney); Oatp1a1, 1a4, 1a6, 1b2, 2b1 (liver)","Slco1a1, Slco3a1, Slco4c1, Slco1a4, Slco1a6, Slco1b2, Slco2b1",mouse,n/a (constitutive mRNA expression),n/a,n/a,"C57BL/6 mouse tissues, 15 Oatp genes in 12 tissues, branched-DNA assay",mRNA expression and sex difference,,,,,,,"MOUSE KIDNEY: Oatp1a1, Oatp3a1 and Oatp4c1 all HIGHER IN MALES than females. Oatp1a1, 1a6, 3a1, 4c1 are the highly expressed renal Oatps. Liver: Oatp1a1 male-predominant; Oatp1a4 and 1a6 female-predominant; Oatp1b2 liver-exclusive",n/a,renal Oatp1a1 is apical = REABSORPTION; Oatp4c1 is basolateral = uptake from blood (secretion limb),"male-predominant renal Oatp1a1 in MOUSE, same direction as rat - so the Oatp1a1 argument is not rat-unique","Abstract (PubMed). NOTE: the abstract of Cheng X, Maher J, Lu H, Klaassen CD 2006 (PMID 16807376) states that renal Oatp1a1 and Oatp3a1 are 'female-predominant', which contradicts this 2005 paper and contradicts its own conclusion that renal Oatp expression is androgen-stimulated - treat the 2006 abstract wording as probably erroneous"
"Cheng X, Maher J, Lu H, Klaassen CD",2006,16807376,10.1124/mol.106.025122,"Oatp1a1, Oatp1a4, Oatp3a1","Slco1a1, Slco1a4, Slco3a1",mouse,n/a (hormone manipulation),n/a,n/a,"gonadectomised mice, GHRH-receptor-deficient little (lit/lit) mice, hypophysectomised mice, with sex-hormone or GH replacement",mRNA regulation,,,,,,,"Androgens INCREASED Oatp1a1 mRNA in both liver and kidney; male-pattern GH increased hepatic but NOT renal Oatp1a1; renal Oatp3a1 induced only by androgen. Conclusion: 'In kidney, gender-divergent Oatp expression is exclusively caused by stimulation by androgens'",n/a,renal Oatp1a1 apical = REABSORPTION,"ANDROGEN-REGULATED in MOUSE kidney, i.e. the same hormonal control as reported for rat Oatp1a1 (Kudo 2002; Lu 1996; Gotoh 2002)",Abstract (PubMed); see the contradiction note on PMID 15843488
"Buist SCN, Klaassen CD",2004,15155553,10.1124/dmd.32.6.620,"Oat1, Oat2, Oat3","Slc22a6, Slc22a7, Slc22a8",rat vs mouse (direct comparison),n/a (constitutive mRNA expression),n/a,n/a,adult male and female 129J and C57BL/6 mice and Sprague-Dawley rats; branched-DNA signal amplification,"mRNA expression, sex predominance and postnatal ontogeny",,,,,,,"MOUSE: Oat1 kidney male-predominant; Oat2 kidney NO sex predominance; Oat3 highest in kidney, with higher female-kidney Oat3 only in 129J mice; Oat3 liver male-predominant. The most notable RAT-vs-MOUSE differences were (i) lack of Oat2 female predominance in mouse kidney (rat renal Oat2 is strongly female-predominant) and (ii) a less dramatic Oat3 male predominance in mouse liver",n/a,"Oat1/Oat3 basolateral = secretion; rat Oat2 apical, human OAT2 basolateral","the one clear rat/mouse species difference (renal Oat2) involves a transporter that does NOT transport PFOA, so it cannot explain rat-vs-mouse PFOA kinetics",Abstract (PubMed)
"Buist SCN, Cherrington NJ, Choudhuri S, Hartley DP, Klaassen CD",2002,11907168,10.1124/jpet.301.1.145,"Oat1, Oat2, Oat3","Slc22a6, Slc22a7, Slc22a8",rat,n/a,n/a,n/a,"Sprague-Dawley rat tissues, branched-DNA signal amplification, days 0-45 plus adults","mRNA expression, sex and age",,,,,,,Rat renal Oat1 male > female at days 40 and 45; renal Oat2 considerably higher in females; hepatic Oat3 male-predominant; renal Oat2 rose dramatically at day 35 in females only,n/a,Oat1/Oat3 basolateral = secretion; rat Oat2 apical,"male-predominant renal Oat1 would INCREASE secretion in males, i.e. the WRONG direction to explain the longer male PFOA half-life - which is why Oatp1a1 and not Oat1 is invoked",Abstract (PubMed)
"Buist SCN, Cherrington NJ, Klaassen CD",2003,12695343,10.1124/dmd.31.5.559,"Oat1, Oat2, Oat3","Slc22a6, Slc22a7, Slc22a8",rat,n/a,n/a,n/a,gonadectomised and hypophysectomised rats with GH given by twice-daily injection (male pattern) or continuous infusion (female pattern),mRNA regulation,,,,,,,Androgens (not GH) cause the renal Oat1 sex difference; the female GH secretion pattern causes the renal Oat2 sex difference; both androgens and the female GH pattern cause the hepatic Oat3 sex difference,n/a,Oat1/Oat3 basolateral = secretion; rat Oat2 apical,mechanistic hormone attribution for the rat renal Oat sex differences,Abstract (PubMed)
